epoch,step,step_in_epoch,phase,loss,acc_top1,acc_top5,batch_size,seq_len,tokens,step_time_ms,pre_fwd_ms,post_fwd_ms,expert_comm_ms,bwd_total_ms,pre_bwd_ms,post_bwd_ms,bwd_inv_total_ms,bwd_inv_queue_ms,bwd_inv_cold_ms,bwd_inv_net_ms,bwd_inv_compute_ms,bwd_inv_retry_cnt,samples_per_s,tokens_per_s,grad_bytes,grad_total,grad_mode_hot_frac,grad_mode_cold_frac,grad_mode_http_frac,grad_mode_local_frac,grad_mode_fallback_frac,grad_inv_total_ms,grad_inv_queue_ms,grad_inv_cold_ms,grad_inv_net_ms,grad_inv_compute_ms,grad_inv_retry_cnt,grad_nsga2_feasible,grad_fallback_cnt,grad_lat_hot_ms,grad_lat_cold_ms,grad_lat_http_ms,grad_bytes_hot,grad_bytes_cold,grad_bytes_http,dispatch_count,expert_inst_cnt,hot_ratio,active_expert_cnt,active_hot_ratio,hot_flip_cnt,hot_set_size,hot_set_jaccard,expert_load_entropy,cold_total_cnt,cold_skipped_cnt,cold_updated_cnt,cold_skip_ratio,cold_apply_steps_avg,cold_grad_scale_avg,cold_pending_steps_avg,cold_update_hit_cnt,fwd_mode_hot_frac,fwd_mode_cold_frac,fwd_mode_local_frac,fwd_mode_hot_frac_tok,fwd_mode_cold_frac_tok,fwd_mode_local_frac_tok,capacity,overflow_total_assignments,overflow_dropped_assignments,overflow_drop_ratio,inv_total_ms,inv_queue_ms,inv_cold_ms,inv_net_ms,inv_compute_ms,inv_retry_cnt,deadline_ms,deadline_miss,deadline_slack_ms,cost_usd_pre_fwd,cost_usd_post_fwd,cost_usd_expert_fwd,cost_usd_pre_bwd,cost_usd_post_bwd,cost_usd_grad_apply,cost_usd_step,ablation_mode,grad_selector
0,0,0,train,7.679393887519836,0.0,0.0234375,8,64,512,1974.748799999361,461.2964372428096,90.63343380661719,145.97626605368689,45.0427000032505,7.935330969073506,16.36250293015955,24.297833899233055,0.006999995093792677,0.0,11.866723206781455,12.424110697357811,0,4.051146124943316,259.27335199637224,2097152.0,2,0.5,0.5,0.0,0.0,0.0,78.08947236174271,0.006300018867477775,0.0,59.8912572241635,18.19191511871172,0,1,0,19.298413679333045,58.79105868240966,0.0,1048576,1048576,0,8,4,0.25,2,0.5,1,1,1.0,0.241032865595602,3,3,0,1.0,0.0,0.0,1.0,0,0.5,0.5,0.0,0.953125,0.046875,0.0,256,1024,0,0.0,2791.6245484124547,1705.6741999840597,820.0,224.09405718072705,41.85629124766807,0,200.0,1,-1774.748799999361,9.225928744856192e-06,2.1752024113588124e-06,6.440805899116198e-06,3.9676654845367536e-08,9.817501758095729e-08,8.984768409822463e-07,1.8878265568739774e-05,heuristic_only,nsga2
0,1,1,train,6.583373069763184,0.09375,0.2734375,8,64,512,392.16570000280626,63.4445597891838,12.079959329091775,46.190072390837656,44.59570000472013,6.387765840382505,15.505041812906294,21.8928076532888,0.007700000423938036,0.0,11.441455983294674,10.443651669570187,0,20.39948827869055,1305.5672498361953,2097152.0,2,0.5,0.5,0.0,0.0,0.0,82.31810868249468,0.006799993570894003,0.0,64.03228897604124,18.27901971288255,0,1,0,17.437972590185915,64.88013609230876,0.0,1048576,1048576,0,8,4,0.25,2,0.5,0,1,1.0,0.25097720212391433,3,0,3,0.0,2.0,0.5,2.0,3,0.5,0.5,0.0,0.9423828125,0.0576171875,0.0,256,1024,0,0.0,486.85836603645294,225.0357000011718,0.0,229.75719541688613,32.06547061839497,0,200.0,1,-192.16570000280626,1.2688911957836763e-06,2.8991902389820257e-07,2.158021568440771e-06,3.1938829201912525e-08,9.303025087743775e-08,9.529413590095643e-07,4.794742227211565e-06,heuristic_only,nsga2
0,2,2,train,5.701330065727234,0.1953125,0.48046875,8,64,512,430.62040000222623,71.9634959001653,15.381883463662328,44.86105322849113,40.14080000342801,6.263043506394045,23.054349187906517,29.317392694300562,0.006100002792663872,0.0,11.237723170432481,18.073569521075417,0,18.577804075595505,1188.9794608381123,2097152.0,2,0.5,0.5,0.0,0.0,0.0,78.74550259186354,0.00650000583846122,0.0,60.159172277667395,18.579830308357685,0,1,0,19.448952674477255,59.29654991738629,0.0,1048576,1048576,0,8,4,0.25,2,0.5,0,1,1.0,0.2307606283979408,3,3,0,1.0,0.0,0.0,1.0,0,0.5,0.5,0.0,0.943359375,0.056640625,0.0,256,1024,0,0.0,528.825730369275,261.77860001916997,0.0,222.97146392904443,44.075666421060625,0,200.0,1,-230.62040000222623,1.4392699180033063e-06,3.6916520312789587e-07,2.0957479490362038e-06,3.131521753197023e-08,1.383260951274391e-07,9.060481257534079e-07,4.979872508580223e-06,heuristic_only,nsga2
0,3,3,train,5.076687216758728,0.22265625,0.548828125,8,64,512,462.3373000067659,75.30770528483805,12.224741076100587,45.73634333575876,41.36770000332035,6.164187686096787,16.05350631784514,22.21769400394193,0.007099995855242014,0.0,11.348197950014695,10.862396058071992,0,17.30334692125426,1107.4142029602726,2097152.0,2,0.5,0.5,0.0,0.0,0.0,80.64113474448993,0.006800008122809231,0.0,63.51903785363886,17.115296882728266,0,1,0,18.374794170869748,62.266340573620184,0.0,1048576,1048576,0,8,4,0.25,2,0.5,0,1,1.0,0.14759070521249812,3,0,3,0.0,2.0,0.5,2.0,3,0.5,0.5,0.0,0.9541015625,0.0458984375,0.0,256,1024,0,0.0,533.0751587867896,273.3202999952482,0.0,227.14239262258315,32.61246616895821,0,200.0,1,-262.3373000067659,1.506154105696761e-06,2.933937858264141e-07,2.1350564788940166e-06,3.082093843048394e-08,9.632103790707084e-08,9.309440285921397e-07,4.992690375346886e-06,heuristic_only,nsga2
0,4,4,train,4.9121010303497314,0.193359375,0.498046875,8,64,512,468.6111000046367,76.71332525023654,12.076469798831214,45.326989116144155,38.86059999058489,5.463130424933383,14.415797497030706,19.878927921964088,0.007699985872022808,0.0,10.493850281710174,9.377377654381892,0,17.071688929758416,1092.5880915045386,2097152.0,2,0.5,0.5,0.0,0.0,0.0,82.95255146661168,0.00650000583846122,0.0,65.454923191941,17.49112826883222,0,1,0,17.44137202346107,65.51117944315061,0.0,1048576,1048576,0,8,4,0.25,2,0.5,0,1,1.0,0.13364216641330787,3,3,0,1.0,0.0,0.0,1.0,0,0.5,0.5,0.0,0.962890625,0.037109375,0.0,256,1024,0,0.0,536.4671366608477,278.6234999803128,0.0,228.06286823883013,29.780768441704716,0,200.0,1,-268.6111000046367,1.534266505004731e-06,2.898352751719491e-07,2.1172555550337677e-06,2.7315652124666917e-08,8.649478498218422e-08,9.60547873552418e-07,5.015715645869717e-06,heuristic_only,nsga2
0,5,5,train,4.444886684417725,0.21875,0.529296875,8,64,512,415.9988000028534,72.04293245316748,11.543343220217704,45.91544362323754,43.985299998894334,5.898862313160314,14.709996030063808,20.60885834322412,0.007399998139590025,0.0,10.861780263470934,9.739678081613599,0,19.230778476203902,1230.7698224770497,2097152.0,2,0.5,0.0,0.5,0.0,0.0,43.7602063170073,0.007800001185387373,0.0,26.126413260568995,17.62599305525292,0,1,0,17.20388509009583,0.0,26.55632122691147,1048576,0,1048576,8,4,0.25,2,0.5,0,1,1.0,0.16091838189257093,3,0,3,0.0,2.0,0.5,2.0,3,0.5,0.5,0.0,0.947265625,0.052734375,0.0,256,1024,0,0.0,518.006877186491,262.52520001435187,0.0,224.8171178941949,30.664559277944182,0,200.0,1,-215.9988000028534,1.4408586490633499e-06,2.7704023728522486e-07,2.1413782166640854e-06,2.9494311565801573e-08,8.825997618038284e-08,4.90714705623896e-07,4.46774609638274e-06,heuristic_only,nsga2
0,6,6,train,4.135109186172485,0.2109375,0.572265625,8,64,512,399.2951000109315,66.62468768847631,11.857910931703355,44.60109671044446,39.96429999824613,5.696785980019322,14.823081611314473,20.519867591333796,0.008200004231184721,0.0,11.20143461981768,9.310232967284929,0,20.03525704303394,1282.2564507541722,2097152.0,2,0.5,0.5,0.0,0.0,0.0,85.3260653380849,0.00589998671784997,0.0,68.0466150615667,17.273550289800347,0,1,0,19.032629987504606,66.2934353505803,0.0,1048576,1048576,0,8,4,0.25,2,0.5,0,1,1.0,0.2201412464909665,3,3,0,1.0,0.0,0.0,1.0,0,0.5,0.5,0.0,0.9482421875,0.0517578125,0.0,256,1024,0,0.0,492.33478132249655,239.81949999870267,0.0,221.1632404120761,31.35204091171775,0,200.0,1,-199.2951000109315,1.3324937537695265e-06,2.8458986236088046e-07,2.08150723592473e-06,2.8483929900096613e-08,8.893848966788683e-08,9.858475240820095e-07,4.80186079570513e-06,heuristic_only,nsga2
0,7,7,train,3.8710674047470093,0.263671875,0.552734375,8,64,512,3969.838000004529,99.92255566845904,408.65745428336515,50.43013540744994,67.01969999994617,6.231541370411457,745.0146904496452,751.2462318200567,0.007299997378140688,0.0,11.408043647316806,739.8308881753617,0,2.015195074659419,128.9724847782028,2097152.0,2,0.5,0.5,0.0,0.0,0.0,80.27876551185348,0.006500020390376449,0.0,62.477465851811566,17.79479963965154,0,1,0,17.335528066342007,62.94323744551147,0.0,1048576,1048576,0,8,4,0.25,2,0.5,0,1,1.0,0.19776865982085054,3,0,3,0.0,2.0,0.5,2.0,3,0.5,0.5,0.0,0.953125,0.046875,0.0,256,1024,0,0.0,2236.0405814370965,372.5166999938665,0.0,225.96940142863616,1637.5544800145938,0,200.0,1,-3769.838000004529,1.9984511133691806e-06,9.807778902800762e-06,2.321299093578701e-06,3.115770685205729e-08,4.470088142697871e-06,9.286741300095577e-07,1.955744908930813e-05,heuristic_only,nsga2
0,8,8,train,3.664597511291504,0.2421875,0.5390625,8,64,512,389.23369999974966,66.08964251310347,11.870618258880592,46.02742035817508,37.970599994878285,5.60767992355172,16.021052546012232,21.62873246956395,0.006599992047995329,0.0,11.963912299115742,9.658220178400214,0,20.55315212134259,1315.4017357659257,2097152.0,2,0.0,0.5,0.5,0.0,0.0,92.20285962899109,0.006600021151825786,0.0,73.28349499886664,18.912764608972616,0,1,0,0.0,65.97324185696988,26.22961777202122,0,1048576,1048576,8,4,0.25,2,0.5,0,1,1.0,0.241032865595602,3,3,0,1.0,0.0,0.0,1.0,0,0.5,0.5,0.0,0.9453125,0.0546875,0.0,256,1024,0,0.0,495.9507245206366,236.77429996314459,0.0,229.2231489851635,29.953275572328515,0,200.0,1,-189.23369999974966,1.3217928502620693e-06,2.8489483821313417e-07,2.1496757649240635e-06,2.80383996177586e-08,9.612631527607338e-08,1.0539750800038506e-06,4.934503248296949e-06,heuristic_only,nsga2
0,9,9,train,3.437752604484558,0.25,0.55859375,8,64,512,483.198200003244,76.6935117502079,11.513360134544117,45.77102371257101,40.31710000708699,5.670634674873302,15.449122506612133,21.119757181485433,0.008699993486516178,0.0,12.023984035949779,9.08707315204914,0,16.55631880174117,1059.604403311435,2097152.0,2,0.5,0.5,0.0,0.0,0.0,84.26381390876642,0.006599992047995329,0.0,66.71527599030756,17.541937926410867,0,1,0,17.166116013095646,67.09769789567078,0.0,1048576,1048576,0,8,4,0.25,2,0.5,0,1,1.0,0.26994862967019156,3,0,3,0.0,2.0,0.5,2.0,3,0.5,0.5,0.0,0.951171875,0.048828125,0.0,256,1024,0,0.0,535.9115823892921,278.7283999932697,0.0,227.5593362222556,29.623846173766765,0,200.0,1,-283.198200003244,1.533870235004158e-06,2.763206432290588e-07,2.139719889000315e-06,2.835317337436651e-08,9.269473503967279e-08,9.768335348790057e-07,5.047792210526576e-06,heuristic_only,nsga2
0,10,10,train,3.396415948867798,0.283203125,0.56640625,8,64,512,431.83780000254046,70.47606975936337,12.145718622140041,45.159398698479876,38.21149999566842,6.381915299941186,16.073327230862898,22.455242530804085,0.007299997378140688,0.0,11.80597081408791,10.641971719338033,0,18.525431248773703,1185.627599921517,2097152.0,2,0.5,0.5,0.0,0.0,0.0,82.37983374854133,0.006699992809444666,0.0,63.4671898042327,18.905943951499196,0,1,0,18.79784456810563,63.581989180435706,0.0,1048576,1048576,0,8,4,0.25,2,0.5,0,1,1.0,0.2091524583687337,3,3,0,1.0,0.0,0.0,1.0,0,0.5,0.5,0.0,0.9482421875,0.0517578125,0.0,256,1024,0,0.0,511.12474831993313,254.87290002638474,0.0,225.04517681006962,31.206671483478793,0,200.0,1,-231.83780000254046,1.4095213951872676e-06,2.9149724693136095e-07,2.1061446329312426e-06,3.190957649970593e-08,9.643996338517737e-08,9.509623158462847e-07,4.886475130781039e-06,heuristic_only,nsga2
0,11,11,train,3.0616485476493835,0.279296875,0.625,8,64,512,461.7827999900328,77.18710005611786,11.81096286162043,45.55573429111471,38.28719999000896,5.44347455018423,15.088030415258718,20.53150496544295,0.008099988917820156,0.0,10.843184846401495,9.680220130123633,0,17.3241244066437,1108.7439620251969,2097152.0,2,0.5,0.5,0.0,0.0,0.0,77.22652151237766,0.006200003554113209,0.0,59.38100185610751,17.839319652716032,0,1,0,16.940514785188313,60.286006727189346,0.0,1048576,1048576,0,8,4,0.25,2,0.5,0,1,1.0,0.19776865982085054,3,0,3,0.0,2.0,0.5,2.0,3,0.5,0.5,0.0,0.951171875,0.048828125,0.0,256,1024,0,0.0,538.215188835412,281.2887000036426,0.0,225.52564774555344,31.400841086215976,0,200.0,1,-261.7827999900328,1.5437420011223572e-06,2.8346310867889037e-07,2.1245031048959406e-06,2.7217372750921152e-08,9.05281824915523e-08,8.928372285781551e-07,4.962290998517817e-06,heuristic_only,nsga2
0,12,12,train,3.080412805080414,0.271484375,0.59375,8,64,512,414.0295999968657,68.41814580117489,12.194270453896607,44.799036491034244,39.198700003908016,5.6419446392049135,14.698361169836488,20.340305809041404,0.007099995855242014,0.0,11.090751053467756,9.242454759718404,0,19.322243331919335,1236.6235732428374,2097152.0,2,0.5,0.5,0.0,0.0,0.0,84.795417686381,0.006399990525096655,0.0,66.8703720812554,17.918645614600518,0,1,0,18.08055766160991,66.7148600247711,0.0,1048576,1048576,0,8,4,0.25,2,0.5,0,1,1.0,0.2790043706260659,3,3,0,1.0,0.0,0.0,1.0,0,0.5,0.5,0.0,0.9384765625,0.0615234375,0.0,256,1024,0,0.0,501.64581098442295,245.5533000465948,0.0,223.45761829695,32.63489264087817,0,200.0,1,-214.02959999686573,1.368362916023498e-06,2.926624908935185e-07,2.0892038385960236e-06,2.820972319602457e-08,8.819016701901893e-08,9.813838969133523e-07,4.848013032641435e-06,heuristic_only,nsga2
0,13,13,train,2.9541616439819336,0.2578125,0.611328125,8,64,512,419.5963000092888,70.52952758030358,13.084139586240628,45.245186730727326,38.673600007314235,6.011513942011768,17.554475393956228,23.565989335967995,0.008799979696050286,0.0,11.903884263143311,11.653305093128633,0,19.065899613326636,1220.2175752529047,2097152.0,2,0.5,0.5,0.0,0.0,0.0,80.6778932867221,0.006600006599910557,0.0,63.38860207404553,17.28269120607666,0,1,0,16.789968425142106,63.88792486157999,0.0,1048576,1048576,0,8,4,0.25,2,0.5,0,1,1.0,0.26994862967019156,3,0,3,0.0,2.0,0.5,2.0,3,0.5,0.5,0.0,0.943359375,0.056640625,0.0,256,1024,0,0.0,515.4354155890862,254.50670000282116,0.0,225.51230418818733,35.416411398077635,0,200.0,1,-219.59630000928883,1.4105905516060718e-06,3.1401935006977505e-07,2.1120646969272964e-06,3.005756971005884e-08,1.0532685236373735e-07,9.345547825903809e-07,4.90661380326732e-06,heuristic_only,nsga2
0,14,14,train,2.937558948993683,0.244140625,0.607421875,8,64,512,402.23300000070594,68.26709424255628,12.06270915186565,46.47800492118289,38.237900007516146,6.655490606555788,15.673174878410649,22.328665484966436,0.007700000423938036,0.0,12.869036320986952,9.451929163555548,0,19.888920379644585,1272.8909042972534,2097152.0,2,0.5,0.5,0.0,0.0,0.0,79.5427261692279,0.006700007361359894,0.0,62.254906534869775,17.281119626996777,0,1,0,17.717081791702185,61.82564437752573,0.0,1048576,1048576,0,8,4,0.25,2,0.5,0,1,1.0,0.19776869931901056,3,3,0,1.0,0.0,0.0,1.0,0,0.5,0.5,0.0,0.943359375,0.056640625,0.0,256,1024,0,0.0,507.2312332624193,244.43919997429475,0.0,229.91314179742892,32.87889149069562,0,200.0,1,-202.23300000070594,1.365341884851126e-06,2.8950501964477555e-07,2.1702396663468114e-06,3.327745303277895e-08,9.403904927046387e-08,9.190785504473305e-07,4.871481623593286e-06,heuristic_only,nsga2
0,15,15,train,2.8643197417259216,0.2265625,0.654296875,8,64,512,491.73310000333004,76.85358200078018,12.375292647511943,46.200822387466225,40.005399991059676,6.595074323183041,15.281966481175688,21.877040804358728,0.009100011084228754,0.0,11.604784982949687,10.263155810324813,0,16.268955112012414,1041.2131271687945,2097152.0,2,0.5,0.5,0.0,0.0,0.0,84.81645044879966,0.007299997378140688,0.0,67.06898563869565,17.740164812725887,0,1,0,18.882026262875975,65.93442418592369,0.0,1048576,1048576,0,8,4,0.25,2,0.5,0,1,1.0,0.25097720212391433,3,0,3,0.0,2.0,0.5,2.0,3,0.5,0.5,0.0,0.935546875,0.064453125,0.0,256,1024,0,0.0,541.7187881430334,279.1284999984782,0.0,228.548086036921,34.04220210763417,0,200.0,1,-291.73310000333004,1.5370716400156037e-06,2.9700702354028657e-07,2.1546092915382547e-06,3.297537161591521e-08,9.169179888705412e-08,9.80033352859844e-07,5.093388478456958e-06,heuristic_only,nsga2
0,16,16,train,2.801226854324341,0.27734375,0.654296875,8,64,512,2279.3489000032423,466.8051455309267,25.04066224580489,177.04694341758983,48.47709999012295,6.688851110237904,42.64565237683199,49.334503487069895,0.007900016498751938,0.0,12.361322249403592,36.965281221167544,0,3.509772676844665,224.62545131805857,2097152.0,2,0.5,0.5,0.0,0.0,0.0,78.82068342848633,0.006999995093792677,0.0,61.43874580890038,17.374937624492166,0,1,0,17.722449144596954,61.09823428388938,0.0,1048576,1048576,0,8,4,0.25,2,0.5,0,1,1.0,0.08706732569954011,3,3,0,1.0,0.0,0.0,1.0,0,0.5,0.5,0.0,0.9609375,0.0390625,0.0,256,1024,0,0.0,2675.5710047772855,1838.593899999978,0.0,225.29535325014857,611.6817515271591,0,200.0,1,-2079.3489000032423,9.336102910618534e-06,6.009758938993173e-07,7.904395158362152e-06,3.344425555118952e-08,2.558739142609919e-07,9.104033028526421e-07,1.904119543554483e-05,heuristic_only,nsga2
0,17,17,train,2.888055384159088,0.240234375,0.59375,8,64,512,483.5254000063287,75.81739310851125,11.906309298551033,44.694614871478464,38.89039999921806,6.268038333479406,15.233266494530309,21.501304828009715,0.008000002708286047,0.0,11.521737858217445,9.971566967083982,0,16.54511521996584,1058.8873740778138,2097152.0,2,0.5,0.5,0.0,0.0,0.0,82.27908184835555,0.007000009645707905,0.0,65.28173155830437,16.990350280405472,0,1,0,16.721899887647353,65.55718196070819,0.0,1048576,1048576,0,8,4,0.25,2,0.5,0,1,1.0,0.19776865982085054,3,0,3,0.0,2.0,0.5,2.0,3,0.5,0.5,0.0,0.96484375,0.03515625,0.0,256,1024,0,0.0,529.673269114163,276.6188000096008,0.0,221.90451254945253,31.149956555109583,0,200.0,1,-283.5254000063287,1.516347862170225e-06,2.8575142316522474e-07,2.08527226186822e-06,3.134019166739703e-08,9.139959896718184e-08,9.539051824049718e-07,4.9640165202432205e-06,heuristic_only,nsga2
0,18,18,train,2.71962308883667,0.26953125,0.623046875,8,64,512,482.0515000028536,76.74287955689076,12.26866084155536,46.04836887214716,38.77090000605676,5.906838340619652,15.828003406797656,21.734841747417306,0.008000002708286047,0.0,12.136525260813023,9.590316483895998,0,16.595702750120875,1062.124976007736,2097152.0,2,0.5,0.0,0.5,0.0,0.0,43.900076518087445,0.006799993570894003,0.0,26.056920730661414,17.836355793855134,0,1,0,17.018351753810848,0.0,26.881724764276598,1048576,0,1048576,8,4,0.25,2,0.5,0,1,1.0,0.2307606527190679,3,3,0,1.0,0.0,0.0,1.0,0,0.5,0.5,0.0,0.94921875,0.05078125,0.0,256,1024,0,0.0,540.2396370823731,280.6080000154907,0.0,227.9729640560547,31.658673010827677,0,200.0,1,-282.0515000028536,1.5348575911378153e-06,2.9444786019732857e-07,2.150369820864691e-06,2.9534191703098266e-08,9.496802044078591e-08,4.927642147094275e-07,4.596941699053148e-06,heuristic_only,nsga2
0,19,19,train,3.0435307025909424,0.25390625,0.5859375,8,64,512,401.0758999938844,69.24282506999364,12.596817640268814,45.02912540517518,56.37320000096224,6.440452704097572,15.943976507490895,22.38442921158847,0.011399999493733048,0.0,11.575279936424465,10.79774927567027,0,19.946299575273432,1276.5631728174997,2097152.0,2,0.5,0.5,0.0,0.0,0.0,86.15840828889617,0.006600021151825786,0.0,68.08672697544186,18.065081292302494,0,1,0,18.944716425973432,67.21369186292274,0.0,1048576,1048576,0,8,4,0.25,2,0.5,0,1,1.0,0.2201412464909665,3,0,3,0.0,2.0,0.5,2.0,3,0.5,0.5,0.0,0.9501953125,0.0498046875,0.0,256,1024,0,0.0,507.4750724617506,249.68160000571515,0.0,223.6358401443112,34.157632311724214,0,200.0,1,-201.07589999388438,1.384856501399873e-06,3.0232362336645153e-07,2.0985465067272564e-06,3.220226352048786e-08,9.566385904494536e-08,9.960114666148072e-07,4.9096042206738215e-06,heuristic_only,nsga2
0,20,20,train,2.834127128124237,0.265625,0.6171875,8,64,512,399.49340000748634,65.05343755160234,11.914126364369123,45.29832826332321,39.189899995108135,6.426016765239284,16.09123361319353,22.517250378432813,0.008300004992634058,0.0,12.439956921738025,10.068993451702157,0,20.025311993985607,1281.6199676150788,2097152.0,2,0.5,0.5,0.0,0.0,0.0,82.43563573784073,0.006200018106028438,0.0,64.22874005118123,18.20069566855345,0,1,0,18.173576519118704,64.26205921872202,0.0,1048576,1048576,0,8,4,0.25,2,0.5,0,1,1.0,0.14759070521249812,3,3,0,1.0,0.0,0.0,1.0,0,0.5,0.5,0.0,0.9482421875,0.0517578125,0.0,256,1024,0,0.0,489.06356871717867,232.6065999804996,0.0,224.481439556177,31.975529180502058,0,200.0,1,-199.49340000748634,1.3010687510320468e-06,2.859390327448589e-07,2.1158799543122217e-06,3.213008382619642e-08,9.654740167916118e-08,9.52880475815851e-07,4.784445699410336e-06,heuristic_only,nsga2
0,21,21,train,2.895665168762207,0.2421875,0.61328125,8,64,512,465.3346999984933,78.21589414609703,12.900824983635376,44.81077189274081,45.57510001177434,6.695722054151075,16.048262481178842,22.743984535329915,0.008400005754083395,0.0,12.48154586546946,10.254038664106371,0,17.1918896401585,1100.280936970144,2097152.0,2,0.5,0.5,0.0,0.0,0.0,79.05027102432993,0.006200003554113209,0.0,61.93837185999769,17.105699160778133,0,1,0,16.907313040438588,62.14295798389135,0.0,1048576,1048576,0,8,4,0.25,2,0.5,0,1,1.0,0.17369072493825644,3,0,3,0.0,2.0,0.5,2.0,3,0.5,0.5,0.0,0.947265625,0.052734375,0.0,256,1024,0,0.0,543.7099640898928,284.6544000203721,0.0,224.7561065208164,34.29945754870431,0,200.0,1,-265.3346999984933,1.5643178829219406e-06,3.0961979960724893e-07,2.092028461417656e-06,3.347861027075538e-08,9.628957488707303e-08,9.147886262110819e-07,5.010522955315755e-06,heuristic_only,nsga2
0,22,22,train,3.0294753313064575,0.2421875,0.552734375,8,64,512,399.0979999944102,68.14227428627156,12.283367495580894,46.63441660312999,40.285499999299645,6.447068158694324,14.932497278017923,21.379565436712248,0.007800001185387373,0.0,12.037614747119218,9.334150688407641,0,20.045151704494497,1282.8897090876478,2097152.0,2,0.5,0.5,0.0,0.0,0.0,77.06750470142595,0.006400005077011883,0.0,59.473357684645165,17.58774701170377,0,1,0,17.58127741670469,59.48622728472125,0.0,1048576,1048576,0,8,4,0.25,2,0.5,0,1,1.0,0.19776865982085054,3,3,0,1.0,0.0,0.0,1.0,0,0.5,0.5,0.0,0.947265625,0.052734375,0.0,256,1024,0,0.0,508.24023353992976,245.85510001634248,0.0,229.3064994049739,33.07863411861335,0,200.0,1,-199.0979999944102,1.3628454857254312e-06,2.9480081989394145e-07,2.177137544387306e-06,3.2235340793471626e-08,8.959498366810753e-08,8.896475015837018e-07,4.8462616760519595e-06,heuristic_only,nsga2
0,23,23,train,2.7974421977996826,0.234375,0.607421875,8,64,512,339.1165000066394,57.27482795325091,12.313512496859001,45.95564090870705,37.52410000015516,5.434098044698578,15.624201746071597,21.058299790770175,0.009200011845678091,0.0,11.796962938977025,9.252136839947472,0,23.590643360615047,1509.801175079363,2097152.0,2,0.5,0.5,0.0,0.0,0.0,79.26471614996188,0.006300004315562546,0.0,62.017482468278516,17.240933677367813,0,1,0,16.59700492692202,62.66771122303987,0.0,1048576,1048576,0,8,4,0.25,2,0.5,0,1,1.0,0.2201412464909665,3,0,3,0.0,2.0,0.5,2.0,3,0.5,0.5,0.0,0.9482421875,0.0517578125,0.0,256,1024,0,0.0,462.1759254352678,201.27300001331605,0.0,230.9327360415155,29.970189380436288,0,200.0,1,-139.1165000066394,1.1454965590650182e-06,2.95524299924616e-07,2.1466463725430413e-06,2.7170490223492894e-08,9.374521047642957e-08,9.179825839456986e-07,4.626565516178297e-06,heuristic_only,nsga2
0,24,24,train,2.7735635638237,0.23828125,0.64453125,8,64,512,416.1429999949178,69.08984305703737,12.219246826237647,45.52577626391944,38.376399999833666,6.192380769279295,15.114564250376173,21.30694501965547,0.008600007276982069,0.0,11.259766281088668,10.03857873128982,0,19.224114729751484,1230.343342704095,2097152.0,2,0.5,0.0,0.5,0.0,0.0,42.84699422225252,0.006200003554113209,0.0,25.024375444794263,17.816418773904147,0,1,0,18.693612034954846,0.0,24.153382187297673,1048576,0,1048576,8,4,0.25,2,0.5,0,1,1.0,0.241032865595602,3,3,0,1.0,0.0,0.0,1.0,0,0.5,0.5,0.0,0.94140625,0.05859375,0.0,256,1024,0,0.0,507.3394645887779,248.5072999552358,0.0,227.37701753549598,31.455147098046062,0,200.0,1,-216.14299999491777,1.3817968611407474e-06,2.9326192382970356e-07,2.1256358267033353e-06,3.096190384639648e-08,9.068738550225703e-08,4.767767065971205e-07,4.3991206076195595e-06,heuristic_only,nsga2
0,25,25,train,2.654332935810089,0.2578125,0.642578125,8,64,512,2811.1257999989903,77.01077756925685,379.224363686202,45.10333927617015,77.9198000091128,6.153961524177922,656.4047264636873,662.5586879878653,0.008100003469735384,0.0,11.76423784369931,650.7863501406962,0,2.8458339196947193,182.13337086046204,2097152.0,2,0.0,0.5,0.5,0.0,0.0,90.40282531988726,0.007999988156370819,0.0,71.48549108683227,18.90933424489863,0,1,0,0.0,62.751433822777145,27.65139149711011,0,1048576,1048576,8,4,0.25,2,0.5,0,1,1.0,0.13364220740348268,3,0,3,0.0,2.0,0.5,2.0,3,0.5,0.5,0.0,0.953125,0.046875,0.0,256,1024,0,0.0,2005.353922126516,280.31399998872075,0.0,223.34060187037136,1501.699320267424,0,200.0,1,-2611.1257999989903,1.540215551385137e-06,9.101384728468848e-06,2.103257596675392e-06,3.0769807620889614e-08,3.938428358782123e-06,1.029531120844427e-06,1.7743587163776817e-05,heuristic_only,nsga2
0,26,26,train,2.695533335208893,0.2421875,0.64453125,8,64,512,404.2809000093257,68.57036853715397,11.898873807787648,45.91846918659505,37.59020000870805,6.289359382518895,14.325220290551176,20.61457967307007,0.007899987394921482,0.0,11.905384892477175,8.701294793197974,0,19.78817255933412,1266.4430437973838,2097152.0,2,0.5,0.5,0.0,0.0,0.0,80.3690103464822,0.007700000423938036,0.0,60.915811609726084,19.445498736332183,0,1,0,19.433609464218264,60.935400882263934,0.0,1048576,1048576,0,8,4,0.25,2,0.5,0,1,1.0,0.19776865982085054,3,3,0,1.0,0.0,0.0,1.0,0,0.5,0.5,0.0,0.9404296875,0.0595703125,0.0,256,1024,0,0.0,505.55084612614667,247.11949998163618,0.0,229.27322134087063,29.158124803639858,0,200.0,1,-204.2809000093257,1.3714073707430795e-06,2.855729713869036e-07,2.1433796402665303e-06,3.1446796912594473e-08,8.595132174330705e-08,9.255609052293498e-07,4.843319006281765e-06,heuristic_only,nsga2
0,27,27,train,2.7053813338279724,0.2578125,0.638671875,8,64,512,213.17760000238195,11.444368913532456,17.286660326145427,66.09915235716576,38.49939999054186,6.689343330968813,13.540134120953017,20.22947745192183,0.006999995093792677,0.0,12.212853260329155,8.009624196498882,0,37.52721896058334,2401.742013477334,2097152.0,2,0.5,0.5,0.0,0.0,0.0,78.83296507059299,0.007600014214403927,0.0,60.653633650648786,18.171731405729805,0,1,0,19.122293290199927,59.710671780393064,0.0,1048576,1048576,0,8,4,0.25,2,0.5,0,1,1.0,0.241032865595602,3,0,3,0.0,2.0,0.5,2.0,3,0.5,0.5,0.0,0.9375,0.0625,0.0,256,1024,0,0.0,379.32072638737463,127.19709995144513,0.0,224.9547295404819,27.16889689544754,0,200.0,1,-13.17760000238195,2.2888737827064913e-07,4.148798478274902e-07,3.113823433870219e-06,3.344671665484407e-08,8.124080472571809e-08,9.07750994266716e-07,4.780029175615637e-06,heuristic_only,nsga2
0,28,28,train,2.6936497688293457,0.2734375,0.638671875,8,64,512,467.9270000051474,75.84134549464798,12.566231513449534,44.990375346336606,39.07850000541657,6.571229112897973,14.783128641685195,21.35435775458317,0.007499984349124134,0.0,11.589438515301314,9.757419254932731,0,17.096647347267094,1094.185430225094,2097152.0,2,0.5,0.0,0.5,0.0,0.0,46.248360711246036,0.006000002031214535,0.0,27.575370075507635,18.666990633707183,0,1,0,18.891044792987806,0.0,27.35731591825823,1048576,0,1048576,8,4,0.25,2,0.5,0,1,1.0,0.2091524583687337,3,3,0,1.0,0.0,0.0,1.0,0,0.5,0.5,0.0,0.9521484375,0.0478515625,0.0,256,1024,0,0.0,533.5918094177365,276.9885000161594,0.0,222.83056875665466,33.7727406449224,0,200.0,1,-267.9270000051474,1.5168269098929596e-06,3.015895563227888e-07,2.099259308541058e-06,3.285614556448987e-08,8.869877185011117e-08,5.171982389489768e-07,4.556428931120384e-06,heuristic_only,nsga2
0,29,29,train,2.7112672924995422,0.19921875,0.63671875,8,64,512,388.0972000042675,68.2938279022963,11.773678129718757,45.73942096967578,37.6197999867145,5.97993136598242,13.98312767513048,19.9630590411129,0.008799994247965515,0.0,11.154266619458248,8.799992427406686,0,20.61333961330414,1319.253735251465,2097152.0,2,0.5,0.5,0.0,0.0,0.0,80.13846026083849,0.007899987394921482,0.0,61.963683665718904,18.16687660772466,0,1,0,19.001527586258938,61.13693267457955,0.0,1048576,1048576,0,8,4,0.25,2,0.5,0,1,1.0,0.17369072493825644,3,0,3,0.0,2.0,0.5,2.0,3,0.5,0.5,0.0,0.951171875,0.048828125,0.0,256,1024,0,0.0,503.22770800676335,246.23500001325738,0.0,228.04669958581553,28.946008407690442,0,2829.0088145009927,0,2440.911614496725,1.3658765580459261e-06,2.8256827511325006e-07,2.1361292417971243e-06,2.98996568299121e-08,8.389876605078287e-08,9.236584679575439e-07,4.82203096579454e-06,heuristic_only,nsga2
0,30,30,train,2.7690616846084595,0.26171875,0.625,8,64,512,390.3247999987798,65.63389335464007,11.528728287211617,45.296817197845456,37.50580000632908,5.6058359638528605,14.651396296000353,20.257232259853215,0.00750001345295459,0.0,10.96631243386275,9.28341981253751,0,20.49569872149115,1311.7247181754335,2097152.0,2,0.0,0.5,0.5,0.0,0.0,86.52047850949639,0.007600014214403927,0.0,68.91758954017033,17.595288955111663,0,1,0,0.0,60.90985338046585,25.61062512903054,0,1048576,1048576,8,4,0.25,2,0.5,0,1,1.0,0.2091524583687337,3,3,0,1.0,0.0,0.0,1.0,0,0.5,0.5,0.0,0.9482421875,0.0517578125,0.0,256,1024,0,0.0,489.8377553587885,234.44709996692836,0.0,226.89866706174075,28.49198833011942,0,2829.0088145009927,0,2438.684014502213,1.3126778670928014e-06,2.7668947889307875e-07,2.1134391329417787e-06,2.8029179819264305e-08,8.790837777600211e-08,9.870244918558955e-07,4.805768528378821e-06,heuristic_only,nsga2
0,31,31,train,2.799608051776886,0.23046875,0.62890625,8,64,512,133.4833000000799,11.57189203249919,11.799570460001224,54.0368049083319,62.28549999650568,5.991604310465876,13.82065953089162,19.812263841357495,0.007299997378140688,0.0,11.354948871579463,8.450014972399892,0,59.93214183237438,3835.65707727196,2097152.0,2,0.5,0.0,0.5,0.0,0.0,45.50539637570002,0.007399998139590025,0.0,27.48526074054577,18.012735637014664,0,1,0,18.328584739020922,0.0,27.1768116366791,1048576,0,1048576,8,4,0.25,2,0.5,0,1,1.0,0.16091838189257093,3,0,3,0.0,2.0,0.5,2.0,3,0.5,0.5,0.0,0.9345703125,0.0654296875,0.0,256,1024,0,0.0,309.6330696033292,53.26190000050701,0.0,227.93957716248178,28.431592440340474,0,2829.0088145009927,0,2695.525514500913,2.3143784064998382e-07,2.831896910400293e-07,2.534113327739309e-06,2.995802155232938e-08,8.29239571853497e-08,5.094075870303584e-07,3.6710304251973593e-06,heuristic_only,nsga2
0,32,32,train,3.1062963008880615,0.236328125,0.515625,8,64,512,416.765599991777,69.09640836947179,11.505161863171683,45.37755648743138,38.26420000405051,6.028369610531916,13.718959968263931,19.74732957879585,0.008600007276982069,0.0,11.422652053662068,8.3160775178568,0,19.19539617655984,1228.5053552998297,2097152.0,2,0.5,0.5,0.0,0.0,0.0,84.67825588589432,0.007299997378140688,0.0,65.91538083949108,18.7555750490251,0,1,0,18.910481718944915,65.76777416694941,0.0,1048576,1048576,0,8,4,0.25,2,0.5,0,1,1.0,0.10351650354811201,3,3,0,1.0,0.0,0.0,1.0,0,0.5,0.5,0.0,0.951171875,0.048828125,0.0,256,1024,0,0.0,503.9165068802994,246.75699998624623,0.0,229.2126810720977,27.9468258219555,0,2829.0088145009927,0,2412.2432145092157,1.3819281673894357e-06,2.761238847161203e-07,2.120489506603039e-06,3.0141848052659586e-08,8.231375980958359e-08,9.78318107192842e-07,4.86931527376368e-06,heuristic_only,nsga2
0,33,33,train,2.971770703792572,0.220703125,0.564453125,8,64,512,448.9361000014469,76.34094099340903,12.379122118732191,45.6698593109373,39.36519999115262,6.691178212316839,15.217121857887363,21.908300070204202,0.007400012691505253,0.0,12.174599685957297,9.7263003715554,0,17.819868306660815,1140.4715716262922,2097152.0,2,0.5,0.5,0.0,0.0,0.0,85.55179046787389,0.006699992809444666,0.0,67.6878544722439,17.857236002820546,0,1,0,18.685205917748377,66.86658455012551,0.0,1048576,1048576,0,8,4,0.25,2,0.5,0,1,1.0,0.2509772150348662,3,0,3,0.0,2.0,0.5,2.0,3,0.5,0.5,0.0,0.9521484375,0.0478515625,0.0,256,1024,0,0.0,537.5596896923141,277.5211000116542,0.0,228.09205237947546,31.94653730118447,0,2829.0088145009927,0,2380.072714499546,1.526818819868181e-06,2.970989308495726e-07,2.132175849877662e-06,3.345589106158419e-08,9.130273114732417e-08,9.892510737789898e-07,5.070103296583314e-06,heuristic_only,nsga2
0,34,34,train,2.9237576127052307,0.2265625,0.58984375,8,64,512,402.5958999991417,67.97689178895142,11.779610699300381,45.33772312192558,41.918899994925596,5.653239447687417,13.866898135429448,19.520137583116863,0.00790000194683671,0.0,11.29281611524576,8.219421465924269,0,19.870992548668546,1271.743523114787,2097152.0,2,0.5,0.5,0.0,0.0,0.0,84.08122638008214,0.007800001185387373,0.0,65.02583455324589,19.047591825650855,0,1,0,19.487404303348995,64.59382207673315,0.0,1048576,1048576,0,8,4,0.25,2,0.5,0,1,1.0,0.2307606527190679,3,3,0,1.0,0.0,0.0,1.0,0,0.5,0.5,0.0,0.947265625,0.052734375,0.0,256,1024,0,0.0,500.3769024407096,243.45769998035394,0.0,228.53388822621275,28.385314234142857,0,2829.0088145009927,0,2426.412914501851,1.3595378357790285e-06,2.827106567832091e-07,2.1164659875334922e-06,2.8266197238437084e-08,8.320138881257668e-08,9.699999079542877e-07,4.840181974101031e-06,heuristic_only,nsga2
0,35,35,train,2.906558036804199,0.2265625,0.576171875,8,64,512,6922.633900001529,1348.5774634573525,20.111935116916744,330.4375397654703,65.39279999560677,6.78785363021037,29.692483759200265,36.480337389410636,0.008300004992634058,0.0,12.387359816913033,24.08467756750497,0,1.155629339920589,73.9602777549177,2097152.0,2,0.5,0.5,0.0,0.0,0.0,83.16930993139596,0.007399998139590025,0.0,64.13307820882785,19.028831724428514,0,1,0,18.811711885447032,64.35759804594892,0.0,1048576,1048576,0,8,4,0.25,2,0.5,0,1,1.0,0.18595995617580352,3,0,3,0.0,2.0,0.5,2.0,3,0.5,0.5,0.0,0.953125,0.046875,0.0,256,1024,0,0.0,6796.507753358957,5365.489300049376,0.0,223.84954125059548,1207.168912058987,0,3793.259261002237,1,-3129.3746389992916,2.6971549269147048e-05,4.826864428060018e-07,1.3516957974653154e-05,3.393926815105185e-08,1.7815490255520157e-07,9.604082954058572e-07,4.214369615271832e-05,heuristic_only,nsga2
0,36,36,train,2.8689268827438354,0.224609375,0.5703125,8,64,512,422.8971999982605,72.1077900527432,12.867666657446444,45.546042264093074,45.81579999648966,5.954274099695365,15.512502607491937,21.4667767071873,0.007800001185387373,0.0,11.166616394930635,10.292360311071281,0,18.917082172572282,1210.693259044626,2097152.0,2,0.5,0.5,0.0,0.0,0.0,84.13402338161656,0.007199996616691351,0.0,66.64766813014754,17.479155254852326,0,1,0,18.19642198618365,65.9376013954329,0.0,1048576,1048576,0,8,4,0.25,2,0.5,0,1,1.0,0.26994866698852693,3,3,0,1.0,0.0,0.0,1.0,0,0.5,0.5,0.0,0.94921875,0.05078125,0.0,256,1024,0,0.0,522.0859958971308,261.98270003078505,0.0,225.30786205436377,34.795433811982065,0,3793.259261002237,0,3370.3620610039766,1.4421558010548642e-06,3.0882399977871464e-07,2.124957087051605e-06,2.9771370498476826e-08,9.307501564495162e-08,9.732154366070314e-07,4.971998710635643e-06,heuristic_only,nsga2
0,37,37,train,2.7106335163116455,0.248046875,0.623046875,8,64,512,449.5618000073591,73.80259479340967,14.980475024941201,44.715361949894714,41.23809999146033,5.866603759751049,19.856505744662435,25.723109504413486,0.010799994925037026,0.0,11.013996525385977,14.698312984102468,0,17.795066673374762,1138.8842670959848,2097152.0,2,0.5,0.5,0.0,0.0,0.0,82.3195345898213,0.006600006599910557,0.0,64.19853720866378,18.114397374557612,0,1,0,17.60740620065693,64.71212838916438,0.0,1048576,1048576,0,8,4,0.25,2,0.5,0,1,1.0,0.18595995617580352,3,0,3,0.0,2.0,0.5,2.0,3,0.5,0.5,0.0,0.94921875,0.05078125,0.0,256,1024,0,0.0,533.9937270729822,267.9351999977371,0.0,221.62533665463747,44.433190420607794,0,2829.0088145009927,0,2379.4470144936336,1.4760518958681933e-06,3.595314005985888e-07,2.086546172752811e-06,2.9333018798755247e-08,1.191390344679746e-07,9.526196026765417e-07,5.023221125162866e-06,heuristic_only,nsga2
0,38,38,train,2.718075394630432,0.234375,0.625,8,64,512,451.1316000134684,76.6316529395721,12.448110949164523,44.95974879891847,40.52229999797419,6.667869616839946,15.078129101347844,21.745998718187792,0.008799994247965515,0.0,12.128252905351136,9.608945818588689,0,17.73314542057294,1134.921306916668,2097152.0,2,0.5,0.5,0.0,0.0,0.0,80.65340584327282,0.009100011084228754,0.0,63.39614773888602,17.24815809330257,0,1,0,16.894325063023075,63.75908078024975,0.0,1048576,1048576,0,8,4,0.25,2,0.5,0,1,1.0,0.26994862967019156,3,3,0,1.0,0.0,0.0,1.0,0,0.5,0.5,0.0,0.9384765625,0.0615234375,0.0,256,1024,0,0.0,536.1580507506203,279.2304999893531,0.0,225.3942058422258,31.5333449190415,0,2829.0088145009927,0,2377.8772144875243,1.5326330587914424e-06,2.9875466277994854e-07,2.1011895369312675e-06,3.333934808419973e-08,9.046877460808706e-08,9.340522199932277e-07,4.9904376011881735e-06,heuristic_only,nsga2
0,39,39,train,2.5385573506355286,0.27734375,0.650390625,8,64,512,426.02449998958036,71.75176146443616,12.087264441784644,45.56798340235383,37.54559998924378,6.559801139619257,15.18467056403545,21.744471703654707,0.007700000423938036,0.0,12.067643203048505,9.669128500182264,0,18.778218675163018,1201.8059952104331,2097152.0,2,0.5,0.5,0.0,0.0,0.0,80.70447032007667,0.006700007361359894,0.0,63.229393726161234,17.46837658655407,0,1,0,17.51031967182329,63.19415064825338,0.0,1048576,1048576,0,8,4,0.25,2,0.5,0,1,1.0,0.16091842229213763,3,0,3,0.0,2.0,0.5,2.0,3,0.5,0.5,0.0,0.953125,0.046875,0.0,256,1024,0,0.0,517.6280372342985,259.9435000010999,0.0,225.26893796176222,32.415599271436406,0,2829.0088145009927,0,2402.9843145114123,1.435035229288723e-06,2.900943466028314e-07,2.1235683011202693e-06,3.2799005698096285e-08,9.110802338421269e-08,9.334330044972732e-07,4.906037910591406e-06,heuristic_only,nsga2
0,40,40,train,2.5769293308258057,0.267578125,0.65625,8,64,512,474.2784000118263,75.8715303793895,11.408519241170035,45.69996018794657,38.7953000026755,6.277641039792138,13.55780213735052,19.835443177142658,0.007499998901039362,0.0,11.536064178552643,8.291878999688977,0,16.86769444298133,1079.532444350805,2097152.0,2,0.5,0.5,0.0,0.0,0.0,80.87051056710261,0.00960000033956021,0.0,62.2478374802486,18.613073086514454,0,1,0,18.736693231465782,62.133817335636834,0.0,1048576,1048576,0,8,4,0.25,2,0.5,0,1,1.0,0.25097720212391433,3,3,0,1.0,0.0,0.0,1.0,0,0.5,0.5,0.0,0.943359375,0.056640625,0.0,256,1024,0,0.0,531.9200392340244,274.70950002316386,0.0,227.59078870045724,29.6197505104033,0,2829.0088145009927,0,2354.7304144891664,1.5174306075877899e-06,2.738044617880808e-07,2.132064817293985e-06,3.138820519896069e-08,8.134681282410312e-08,9.329727403422997e-07,4.9690076450352195e-06,heuristic_only,nsga2
0,41,41,train,2.616069972515106,0.251953125,0.662109375,8,64,512,332.01339999504853,46.400558345563,14.312989751263672,46.60321507864999,46.940900007029995,6.3581916916652546,20.98095443432095,27.339146125986204,0.008099988917820156,0.0,12.305302129097456,15.025744007970927,0,24.095340443424465,1542.1017883791658,2097152.0,2,0.5,0.0,0.5,0.0,0.0,43.87275313501404,0.009200011845678091,0.0,26.564418813031867,17.299134310136488,0,1,0,17.776239080234795,0.0,26.096514054779238,1048576,0,1048576,8,4,0.25,2,0.5,0,1,1.0,0.26994862967019156,3,0,3,0.0,2.0,0.5,2.0,3,0.5,0.5,0.0,0.9541015625,0.0458984375,0.0,256,1024,0,0.0,429.26705270190666,158.08360002120025,0.0,229.309936989928,41.87351569077842,0,2829.0088145009927,0,2496.995414505944,9.280111669112601e-07,3.4351175403032806e-07,2.1754006937176976e-06,3.1790958458326275e-08,1.2588572660592569e-07,4.909205594596987e-07,4.0955208591832365e-06,heuristic_only,nsga2
0,42,42,train,2.5316635966300964,0.28515625,0.654296875,8,64,512,481.4196999941487,81.03812694765067,14.655144203395603,48.33221931282342,54.13560000306461,7.463326864334273,21.400455745112687,28.86378260944696,0.008199989679269493,0.0,11.318728944537217,17.536853675230475,0,16.617482380996982,1063.5188723838069,2097152.0,2,0.5,0.5,0.0,0.0,0.0,78.36488520692953,0.006700007361359894,0.0,59.61642656677091,18.741758632797254,0,1,0,18.781123664224225,59.5837615427053,0.0,1048576,1048576,0,8,4,0.25,2,0.5,0,1,1.0,0.17369072493825644,3,3,0,1.0,0.0,0.0,1.0,0,0.5,0.5,0.0,0.9482421875,0.0517578125,0.0,256,1024,0,0.0,576.1019618554787,293.0206999590155,0.0,225.55988099953348,57.52138089692983,0,2829.0088145009927,0,2347.589114506844,1.6207625389530133e-06,3.517234608814944e-07,2.2369561699464116e-06,3.731663432167137e-08,1.284027344706761e-07,9.028163751547058e-07,5.277977913727972e-06,heuristic_only,nsga2
0,43,43,train,2.604769706726074,0.255859375,0.6484375,8,64,512,212.67900000384543,11.394670652071484,18.557992127324315,66.4011756422241,53.170399987720884,6.2390878057695245,14.665776214767451,20.904864020536976,0.007100010407157242,0.0,11.868233012828075,9.029530997301746,0,37.615196538721804,2407.3725784781955,2097152.0,2,0.5,0.0,0.5,0.0,0.0,44.74678586083587,0.010799994925037026,0.0,26.175064601007975,18.560921264902852,0,1,0,17.610640159440088,0.0,27.136145701395783,1048576,0,1048576,8,4,0.25,2,0.5,0,1,1.0,0.2201412464909665,3,0,3,0.0,2.0,0.5,2.0,3,0.5,0.5,0.0,0.958984375,0.041015625,0.0,256,1024,0,0.0,385.41535368647965,127.77520000236109,0.0,228.5112531097114,29.12890057440712,0,2829.0088145009927,0,2616.3298144971473,2.278934130414297e-07,4.4539181105578347e-07,3.128645120902501e-06,3.1195439028847626e-08,8.79946572886047e-08,5.017401500111502e-07,4.422860591328317e-06,heuristic_only,nsga2
0,44,44,train,2.6385377645492554,0.244140625,0.630859375,8,64,512,459.17019998887554,75.93373291695758,12.383051740321893,43.94255224052716,40.813100000377744,6.547761323859589,15.895334451059716,22.443095774919307,0.007399998139590025,0.0,12.009708589462466,10.425987187317249,0,17.422695500488313,1115.052512031252,2097152.0,2,0.5,0.0,0.5,0.0,0.0,43.191275507186965,0.007200011168606579,0.0,25.042984538293485,18.14109095772487,0,1,0,17.88895140526119,0.0,25.302324101925777,1048576,0,1048576,8,4,0.25,2,0.5,0,1,1.0,0.25097720212391433,3,3,0,1.0,0.0,0.0,1.0,0,0.5,0.5,0.0,0.943359375,0.056640625,0.0,256,1024,0,0.0,529.0373475912265,276.22499999415595,0.0,222.31047375946753,30.501873837603057,0,2829.0088145009927,0,2369.838614512117,1.5186746583391517e-06,2.971932417677254e-07,2.0537966508642303e-06,3.273880661929795e-08,9.537200670635828e-08,4.825174032757213e-07,4.480292767572485e-06,heuristic_only,nsga2
0,45,45,train,2.5533377528190613,0.283203125,0.662109375,8,64,512,416.75950000353623,69.75149362622346,12.186696734693053,46.52843258293681,38.393599999835715,6.888107522145795,15.533772762069699,22.421880284215494,0.007700000423938036,0.0,11.485645453293712,10.928534830497842,0,19.19567713334666,1228.5233365341862,2097152.0,2,0.0,0.5,0.5,0.0,0.0,89.77385247001023,0.00689999433234334,0.0,72.68377229485489,17.083180180822986,0,1,0,0.0,62.78022940903102,26.9936230609792,0,1048576,1048576,8,4,0.25,2,0.5,0,1,1.0,0.14759070521249812,3,0,3,0.0,2.0,0.5,2.0,3,0.5,0.5,0.0,0.962890625,0.037109375,0.0,256,1024,0,0.0,513.8664917754132,250.85590001253877,0.0,223.15176498020642,39.85882678266808,0,2829.0088145009927,0,2412.2493144974565,1.3950298725244694e-06,2.9248072163263324e-07,2.158389232974787e-06,3.444053761072898e-08,9.320263657241818e-08,1.0232989835181642e-06,4.996841984833201e-06,heuristic_only,nsga2
0,46,46,train,2.6510273218154907,0.24609375,0.6484375,8,64,512,403.3089999866206,70.001475055648,11.612079249374814,44.866916003002366,40.51110000000335,5.63008557516272,15.74878123920592,21.378866814368642,0.006400005077011883,0.0,11.53764412061608,9.83482268867555,0,19.835858273450675,1269.4949295008432,2097152.0,2,0.5,0.5,0.0,0.0,0.0,81.83662235246834,0.007299997378140688,0.0,63.14196806660072,18.687354288489487,0,1,0,18.124314917968505,63.712307434499834,0.0,1048576,1048576,0,8,4,0.25,2,0.5,0,1,1.0,0.26061071707684524,3,3,0,1.0,0.0,0.0,1.0,0,0.5,0.5,0.0,0.9404296875,0.0595703125,0.0,256,1024,0,0.0,505.92188123210065,251.32729996403214,0.0,225.28919210970693,29.30538915836163,0,1940.0761820025148,0,1536.7671820158942,1.40002950111296e-06,2.786899019849955e-07,2.0953187999436538e-06,2.8150427875813603e-08,9.44926874352355e-08,9.45790838393683e-07,4.842472156746342e-06,heuristic_only,nsga2
0,47,47,train,2.538960337638855,0.2890625,0.666015625,8,64,512,214.18260000064038,11.62045460100399,18.100818993950142,66.35781353374654,51.225099989096634,6.064344169328002,15.050488127029489,21.11483229635749,0.008100003469735384,0.0,12.048970721736431,9.057761571151325,0,37.35113239284465,2390.4724731420574,2097152.0,2,0.5,0.5,0.0,0.0,0.0,86.11517653985936,0.006799993570894003,0.0,67.07640457951787,19.031971966770605,0,1,0,18.819616571357777,67.29555996850159,0.0,1048576,1048576,0,8,4,0.25,2,0.5,0,1,1.0,0.2091524583687337,3,0,3,0.0,2.0,0.5,2.0,3,0.5,0.5,0.0,0.9482421875,0.0517578125,0.0,256,1024,0,0.0,384.3163485148027,133.2615999999689,0.0,223.1491729215423,27.905575593291456,0,1939.3466015007946,0,1725.1640015001542,2.324090920200798e-07,4.344196558548034e-07,3.129404269722886e-06,3.032172084664001e-08,9.030292876217692e-08,9.957428853355969e-07,4.912600552542183e-06,heuristic_only,nsga2
0,48,48,train,2.650156021118164,0.2578125,0.642578125,8,64,512,479.50260000652634,76.94127900241145,11.317728213761665,46.624741773899316,37.704699992900714,6.645604402298353,13.25484848982152,19.900452892119873,0.007299997378140688,0.0,11.925668095711426,7.9674847990303075,0,16.683920621015393,1067.7709197449851,2097152.0,2,0.5,0.5,0.0,0.0,0.0,80.13176117646577,0.00790000194683671,0.0,62.29762304353878,17.82623813098015,0,1,0,18.73936542130852,61.39239575515725,0.0,1048576,1048576,0,8,4,0.25,2,0.5,0,1,1.0,0.2091524583687337,3,3,0,1.0,0.0,0.0,1.0,0,0.5,0.5,0.0,0.951171875,0.048828125,0.0,256,1024,0,0.0,539.5349959602897,280.59310001845006,0.0,231.00471211781797,27.937183824021698,0,1939.0338604964857,0,1459.5312604899593,1.5388255800482292e-06,2.7162547713028e-07,2.1772741578332954e-06,3.3228022011491774e-08,7.95290909389291e-08,9.241024032749722e-07,5.024584731237198e-06,heuristic_only,nsga2
0,49,49,train,2.5497267842292786,0.29296875,0.66015625,8,64,512,464.0359000040917,76.05989278327814,11.65862288752098,45.87644398571144,38.36369999044109,6.24445710709333,16.12417299802389,22.36863010511722,0.008099988917820156,0.0,12.663191578461536,9.697338537737865,0,17.240008283671965,1103.3605301550058,2097152.0,2,0.5,0.5,0.0,0.0,0.0,78.41581255903935,0.006600006599910557,0.0,60.770528047558045,17.638684504881397,0,1,0,18.1540420525128,60.26177050652655,0.0,1048576,1048576,0,8,4,0.25,2,0.5,0,1,1.0,0.19776869931901056,3,0,3,0.0,2.0,0.5,2.0,3,0.5,0.5,0.0,0.9599609375,0.0400390625,0.0,256,1024,0,0.0,534.3798386260422,278.24829997553024,0.0,226.34963061905307,29.781908031458922,0,1939.0338604964857,0,1474.997960492394,1.521197855665563e-06,2.7980694930050353e-07,2.1422886659709794e-06,3.1222285535466656e-08,9.674503798814334e-08,9.046816666034465e-07,4.9759424610641024e-06,heuristic_only,nsga2
0,50,50,train,2.5908342003822327,0.263671875,0.65625,8,64,512,396.745700010797,66.17874865042165,15.945469594482793,44.41924135754651,39.48359999048989,6.6123028382337745,20.687868236772033,27.300171075005807,0.008899995009414852,0.0,12.312503312798281,14.97876776719811,0,20.163998843045928,1290.4959259549394,2097152.0,2,0.5,0.0,0.5,0.0,0.0,44.83572693924028,0.006300018867477775,0.0,26.035369315380414,18.79405760499239,0,1,0,19.692620997038595,0.0,25.143105942201686,1048576,0,1048576,8,4,0.25,2,0.5,0,1,1.0,0.25097720212391433,3,3,0,1.0,0.0,0.0,1.0,0,0.5,0.5,0.0,0.939453125,0.060546875,0.0,256,1024,0,0.0,506.1738384098038,237.13769996538758,0.0,225.63862485241805,43.39751359199823,0,1939.0338604964857,0,1542.2881604856886,1.3235749730084331e-06,3.8269127026758697e-07,2.0781203501423904e-06,3.3061514191168877e-08,1.241272094206322e-07,4.986434812768062e-07,4.440218798307018e-06,heuristic_only,nsga2
0,51,51,train,2.5185675024986267,0.298828125,0.689453125,8,64,512,397.5533000048017,67.28433593266702,13.861611010176986,44.68029838982171,37.57839999161661,5.7295011941975424,18.544102300362177,24.27360349455972,0.008799994247965515,0.0,12.004863050361898,12.259940449949855,0,20.123037280450433,1287.8743859488277,2097152.0,2,0.5,0.5,0.0,0.0,0.0,79.5055268563454,0.008300004992634058,0.0,61.45604297472684,18.04118387662592,0,1,0,18.183075887294635,61.32245096905076,0.0,1048576,1048576,0,8,4,0.25,2,0.5,0,1,1.0,0.13364216641330787,3,0,3,0.0,2.0,0.5,2.0,3,0.5,0.5,0.0,0.953125,0.046875,0.0,256,1024,0,0.0,503.3049813306629,240.367399979732,0.0,226.75219895462345,36.18538239630743,0,1939.0338604964857,0,1541.480560491684,1.3456867186533406e-06,3.326786642442476e-07,2.0844971610050867e-06,2.8647505970987713e-08,1.1126461380217305e-07,9.177001705015554e-07,4.8204748341773905e-06,heuristic_only,nsga2
0,52,52,train,2.45061457157135,0.296875,0.673828125,8,64,512,390.19890000054147,62.002720319456586,12.150236502344708,44.2795127200561,48.851399988052435,6.525015282927166,14.77407322476703,21.299088507694194,0.008400005754083395,0.0,11.563040770778988,9.727647731161124,0,20.502311763762368,1312.1479528807915,2097152.0,2,0.5,0.5,0.0,0.0,0.0,78.50349089602258,0.01030000566970557,0.0,60.882388324931206,17.610802565421682,0,1,0,19.23432764615557,59.26916324986702,0.0,1048576,1048576,0,8,4,0.25,2,0.5,0,1,1.0,0.2201412464909665,3,3,0,1.0,0.0,0.0,1.0,0,0.5,0.5,0.0,0.9365234375,0.0634765625,0.0,256,1024,0,0.0,473.72987816742955,220.0105999945663,0.0,220.24300585938823,33.47627231347501,0,1939.0338604964857,0,1548.8349604959442,1.2400544063891318e-06,2.9160567605627294e-07,2.067655724198079e-06,3.262507641463583e-08,8.864443934860217e-08,9.035732354599599e-07,4.624158557866682e-06,heuristic_only,nsga2
0,53,53,train,2.5129100680351257,0.2890625,0.677734375,8,64,512,3961.7959999886807,428.6500806789634,845.1876731050937,51.6567962527181,51.52379999344703,17.759346100819055,377.6671390641169,395.42648516493597,0.007599999662488699,0.0,11.659520313006166,383.75936485226725,0,2.019285692836573,129.23428434154067,2097152.0,2,0.5,0.0,0.5,0.0,0.0,43.89538301786205,0.006999995093792677,0.0,25.733867230011874,18.154515792756392,0,1,0,18.878071502777978,0.0,25.017311515084074,1048576,0,1048576,8,4,0.25,2,0.5,0,1,1.0,0.17369072493825644,3,0,3,0.0,2.0,0.5,2.0,3,0.5,0.5,0.0,0.94921875,0.05078125,0.0,256,1024,0,0.0,5301.978200147101,4192.6261999615235,0.0,231.53807263917477,877.8139275464027,0,3788.393850992649,1,-173.40214899603188,8.573001613579268e-06,2.028450415452225e-05,2.377035802459108e-06,8.879673050409528e-08,2.266002834384701e-06,4.889884532087886e-07,3.407832958865821e-05,heuristic_only,nsga2
0,54,54,train,2.5967772006988525,0.228515625,0.640625,8,64,512,354.07410000334494,11.80058078797802,77.53561365213424,55.09631488687942,52.40839999169111,6.647261875397042,16.153583913671955,22.800845789068998,0.007399998139590025,0.0,12.096013944889556,10.69743184603985,0,22.594076793099614,1446.0209147583753,2097152.0,2,0.5,0.5,0.0,0.0,0.0,80.79656413839483,0.006799993570894003,0.0,62.5412563254021,18.24850781942183,0,1,0,18.456343991713382,62.340220146681446,0.0,1048576,1048576,0,8,4,0.25,2,0.5,0,1,1.0,0.241032865595602,3,3,0,1.0,0.0,0.0,1.0,0,0.5,0.5,0.0,0.9443359375,0.0556640625,0.0,256,1024,0,0.0,577.7300373079668,61.13609999010805,300.0,199.1485113544454,17.445425963413314,0,3788.393850992649,0,3434.319750989304,2.3601161575956043e-07,3.101424546085371e-05,2.5856997112222445e-06,3.323630937698521e-08,9.692150348203173e-08,9.326460816773111e-07,3.4898760682371846e-05,heuristic_only,nsga2
0,55,55,train,2.4937671422958374,0.287109375,0.66796875,8,64,512,287.6645000069402,49.36310791946581,2.5611701080535925,45.68835611528904,55.876999991596676,8.665232972303377,17.523895041607503,26.18912801391088,0.010200004908256233,0.0,12.954981897288679,13.223946111713945,0,27.810078023979216,1779.8449935346698,2097152.0,2,0.0,0.5,0.5,0.0,0.0,86.57799514033134,0.007499998901039362,0.0,68.60264154776868,17.96785359366161,0,1,0,0.0,59.815759133858855,26.762236006472484,0,1048576,1048576,8,4,0.25,2,0.5,0,1,1.0,0.16091838189257093,3,0,3,0.0,2.0,0.5,2.0,3,0.5,0.5,0.0,0.9580078125,0.0419921875,0.0,256,1024,0,0.0,390.4505365712337,164.79729999264237,0.0,203.91448340063326,21.73875317795813,0,2635.1893314902445,0,2347.5248314833043,9.872621583893163e-07,1.0244680432214372e-06,2.1307150301810007e-06,4.3326164861516886e-08,1.0514337024964501e-07,9.85411469671031e-07,5.2763262365739475e-06,heuristic_only,nsga2
0,56,56,train,2.555546760559082,0.26171875,0.666015625,8,64,512,415.9516000072472,71.5043058247961,2.472737443186051,44.71600272523999,40.08059999614488,5.675427676894354,16.52137331208862,22.196800988982975,0.007299997378140688,0.0,10.904153283288451,11.285347708316383,0,19.23296067835762,1230.9094834148877,2097152.0,2,0.5,0.5,0.0,0.0,0.0,81.00111293913744,0.007099995855242014,0.0,64.48914486160321,16.504868081678993,0,1,0,17.588385592282222,63.41272734685523,0.0,1048576,1048576,0,8,4,0.25,2,0.5,0,1,1.0,0.17369072493825644,3,3,0,1.0,0.0,0.0,1.0,0,0.5,0.5,0.0,0.953125,0.046875,0.0,256,1024,0,0.0,474.7721839728886,257.39570004225243,0.0,199.7468949526387,17.629588977997443,0,2635.1893314902445,0,2219.2377314829973,1.4300861164959222e-06,9.890949772744203e-07,2.0866867202719666e-06,2.8377138384471773e-08,9.912823987253172e-08,9.368365840850849e-07,5.570209776384398e-06,heuristic_only,nsga2
0,57,57,train,2.4715468883514404,0.279296875,0.685546875,8,64,512,160.49180000845809,10.344730326358462,2.469064481816317,67.14658206375978,51.219000000855885,6.779654051777074,15.528997771751545,22.30865182352862,0.012400007108226418,0.0,11.507263534850479,10.788988281569912,0,49.84647286095323,3190.1742631010065,2097152.0,2,0.5,0.5,0.0,0.0,0.0,83.46597166721136,0.007499984349124134,0.0,65.86051795042347,17.597953732438768,0,1,0,18.383592939455106,65.08237872775625,0.0,1048576,1048576,0,8,4,0.25,2,0.5,0,1,1.0,0.2307606527190679,3,0,3,0.0,2.0,0.5,2.0,3,0.5,0.5,0.0,0.9482421875,0.0517578125,0.0,256,1024,0,0.0,319.8415074877382,106.5966000314802,0.0,197.90265373530866,15.34225372094936,0,2635.1893314902445,0,2474.6975314817864,2.0689460652716927e-07,9.876257927265269e-07,3.1681441849583335e-06,3.3898270258885373e-08,9.317398663050926e-08,9.64824474127626e-07,5.45456131522905e-06,heuristic_only,nsga2
0,58,58,train,2.4753284454345703,0.275390625,0.6796875,8,64,512,463.7751999980537,75.05374053248197,2.39586176958009,46.35350177146918,37.77039999840781,6.126706656796859,13.376193220352025,19.502899877148884,0.12010001228190958,0.0,11.624425641322,7.758374223544974,0,17.249699316251185,1103.9807562400758,2097152.0,2,0.0,0.5,0.5,0.0,0.0,86.39800575437474,0.006999995093792677,0.0,69.1739887648139,17.21701699446703,0,1,0,0.0,59.54381760279387,26.85418815158086,0,1048576,1048576,8,4,0.25,2,0.5,0,1,1.0,0.2091524583687337,3,3,0,1.0,0.0,0.0,1.0,0,0.5,0.5,0.0,0.9462890625,0.0537109375,0.0,256,1024,0,0.0,495.212416294125,272.582399964449,0.0,205.30844342928174,17.32157290039423,0,2635.1893314902445,0,2171.414131492191,1.5010748106496393e-06,9.58344707832036e-07,2.164910845329668e-06,3.06335332839843e-08,8.025715932211213e-08,9.83067692749335e-07,5.718288749166775e-06,heuristic_only,nsga2
0,59,59,train,2.434153139591217,0.30078125,0.697265625,8,64,512,377.6868999993894,65.80932628465283,2.49160835267921,46.55093111522804,37.746700007119216,6.357449901833253,17.320647988385062,23.678097890218314,0.00869997893460095,0.0,12.473400839918597,11.19599707136512,0,21.181509918673417,1355.6166347950987,2097152.0,2,0.5,0.5,0.0,0.0,0.0,83.25637504597836,0.006499991286545992,0.0,65.51786886179386,17.732006192897973,0,1,0,17.916489564554176,65.33988548142419,0.0,1048576,1048576,0,8,4,0.25,2,0.5,0,1,1.0,0.2201412853775118,3,0,3,0.0,2.0,0.5,2.0,3,0.5,0.5,0.0,0.9453125,0.0546875,0.0,256,1024,0,0.0,459.4074630102403,237.9469000006793,0.0,202.2299516784074,19.230611331153593,0,2635.1893314902445,0,2257.502431490855,1.3161865256930567e-06,9.96643341071684e-07,2.17227657811212e-06,3.178724950916627e-08,1.0392388793031037e-07,9.632435214226321e-07,5.58406110373897e-06,heuristic_only,nsga2
0,60,60,train,2.3937928676605225,0.298828125,0.693359375,8,64,512,306.4612999878591,50.43732678323175,2.4512926997832207,47.11795240838934,44.4168000103673,6.048186184735469,15.60978630426104,21.657972488996506,0.00790000194683671,0.0,11.744677854727644,9.905394632322029,0,26.104352803972727,1670.6785794542545,2097152.0,2,0.5,0.5,0.0,0.0,0.0,84.84301188098937,0.013299984857439995,0.0,66.28973946680044,18.539972429331467,0,1,0,19.64792361776349,65.19508826322587,0.0,1048576,1048576,0,8,4,0.25,2,0.5,0,1,1.0,0.2201412464909665,3,3,0,1.0,0.0,0.0,1.0,0,0.5,0.5,0.0,0.94921875,0.05078125,0.0,256,1024,0,0.0,400.0262875656173,173.45680003927555,0.0,200.77213225984815,25.797355266493557,0,2635.1893314902445,0,2328.7280315023854,1.008746535664635e-06,9.805170799132883e-07,2.18670728233757e-06,3.024093092367735e-08,9.365871782556622e-08,9.788202953363452e-07,5.278690842001083e-06,heuristic_only,nsga2
0,61,61,train,2.6143657565116882,0.216796875,0.61328125,8,64,512,4113.86389999825,764.9105879606052,3.2407825017760405,124.59246471691327,60.838999997940846,16.465604211628566,21.937744749070745,38.40334896069931,0.007400012691505253,0.0,11.341259562265574,27.05468938574223,0,1.9446433449974019,124.45717407983372,2097152.0,2,0.5,0.5,0.0,0.0,0.0,77.19505384820926,0.006799993570894003,0.0,60.705101044116645,16.483152810521712,0,1,0,17.043447411686465,60.15160643652278,0.0,1048576,1048576,0,8,4,0.25,2,0.5,0,1,1.0,0.14759070521249812,3,0,3,0.0,2.0,0.5,2.0,3,0.5,0.5,0.0,0.9482421875,0.0517578125,0.0,256,1024,0,0.0,3570.975340717178,3005.7185999612557,0.0,201.80797973160543,363.44876102431664,0,4449.976679493338,0,336.11277949508803,1.5298211759212102e-05,1.2963130007104166e-06,5.293682885076125e-06,8.232802105814285e-08,1.3162646849442445e-07,8.92253751355138e-07,2.2994415885906348e-05,heuristic_only,nsga2
0,62,62,train,2.447440803050995,0.283203125,0.673828125,8,64,512,419.37760000291746,72.82633593270614,2.4802257221196,45.53528775932141,38.2742999936454,6.124527779481284,15.96456832205076,22.089096101532043,0.008499991963617504,0.0,12.052671978413837,10.027924131154586,0,19.075842210223286,1220.8539014542903,2097152.0,2,0.5,0.5,0.0,0.0,0.0,78.46050750530952,0.009700015652924776,0.0,59.526444730066764,18.924362759589833,0,1,0,18.730836923476684,59.729670581832835,0.0,1048576,1048576,0,8,4,0.25,2,0.5,0,1,1.0,0.18595995617580352,3,3,0,1.0,0.0,0.0,1.0,0,0.5,0.5,0.0,0.953125,0.046875,0.0,256,1024,0,0.0,483.36739765658865,263.5604999959469,0.0,203.47062609225563,16.336271568386113,0,4449.976679493338,0,4030.599079490421,1.456526718654123e-06,9.9209028884784e-07,2.1266650870496005e-06,3.062263889740642e-08,9.578740993230455e-08,9.040644162167609e-07,5.605756559598034e-06,heuristic_only,nsga2
0,63,63,train,2.597098648548126,0.251953125,0.66015625,8,64,512,416.7390999937197,71.73800153322418,3.3142296858695333,45.85530373147826,38.78930000064429,5.775453111254163,21.479619860453152,27.255072971707314,0.010599993402138352,0.0,11.564448849162236,15.680024129142938,0,19.19661678854653,1228.583474466978,2097152.0,2,0.5,0.5,0.0,0.0,0.0,80.20932964926361,0.007100010407157242,0.0,62.7968171783981,17.40541246045835,0,1,0,18.77342224124533,61.43590740801828,0.0,1048576,1048576,0,8,4,0.25,2,0.5,0,1,1.0,0.18595995617580352,3,0,3,0.0,2.0,0.5,2.0,3,0.5,0.5,0.0,0.94921875,0.05078125,0.0,256,1024,0,0.0,483.6301398022879,259.5407000335399,0.0,201.92752671381712,22.161913054930846,0,4449.976679493338,0,4033.2375794996187,1.4347600306644837e-06,1.3256918743478134e-06,2.137438031559103e-06,2.8877265556270815e-08,1.288777191627189e-07,9.249651113086727e-07,5.980610032599063e-06,heuristic_only,nsga2
0,64,64,train,2.6204848885536194,0.2421875,0.62890625,8,64,512,432.6510000100825,73.07639671841704,2.4796894546018584,45.3836679264954,40.26280000107363,5.738324505199019,15.705862796223304,21.444187301422325,0.008499991963617504,0.0,11.962250422567465,9.473436886891243,0,18.490611391634776,1183.3991290646256,2097152.0,2,0.5,0.5,0.0,0.0,0.0,78.83258662989786,0.008099988917820156,0.0,61.02395421842657,17.800532422553474,0,1,0,17.357016496727724,61.47557013317014,0.0,1048576,1048576,0,8,4,0.25,2,0.5,0,1,1.0,0.19776869931901056,3,3,0,1.0,0.0,0.0,1.0,0,0.5,0.5,0.0,0.9501953125,0.0498046875,0.0,256,1024,0,0.0,483.75901639805727,264.1824999736855,0.0,202.30708161453836,17.269434809833403,0,4449.976679493338,0,4017.325679483256,1.461527934368341e-06,9.918757818407434e-07,2.1185769687148736e-06,2.8691622525995097e-08,9.42351767773398e-08,9.112770065653188e-07,5.606184490792612e-06,heuristic_only,nsga2
0,65,65,train,2.565889298915863,0.279296875,0.640625,8,64,512,404.94829999806825,70.09387780663963,2.48315637243794,45.20530261125634,40.000299995881505,5.900208249367771,16.20109496376485,22.10130321313262,0.16820000018924475,0.0,11.090596375403535,10.84250683753984,0,19.75555952322467,1264.3558094863788,2097152.0,2,0.5,0.5,0.0,0.0,0.0,83.53414934930979,0.012200005585327744,0.0,66.2411255714839,17.280823772240574,0,1,0,17.57787260955127,65.95627673975852,0.0,1048576,1048576,0,8,4,0.25,2,0.5,0,1,1.0,0.17369072493825644,3,0,3,0.0,2.0,0.5,2.0,3,0.5,0.5,0.0,0.9453125,0.0546875,0.0,256,1024,0,0.0,471.1293471613356,252.298499995959,0.0,200.43391263825103,18.39693452712561,0,2635.1893314902445,0,2230.2410314921763,1.4018775561327927e-06,9.93262548975176e-07,2.1089932545508945e-06,2.9501041246838858e-08,9.720656978258908e-08,9.672540469726149e-07,5.598095017660906e-06,heuristic_only,nsga2
0,66,66,train,2.5185688734054565,0.248046875,0.654296875,8,64,512,354.01000001002103,63.40915829920396,2.4780334422744508,43.62369140749089,40.754300003754906,5.787889310619422,16.823357526914528,22.611246837533947,0.008099988917820156,0.0,11.30109459541876,11.30205225319737,0,22.598167852901586,1446.2827425857015,2097152.0,2,0.5,0.5,0.0,0.0,0.0,80.10692195108138,0.007600014214403927,0.0,61.15674133496573,18.94258060190124,0,1,0,17.7788191172262,62.32810283385518,0.0,1048576,1048576,0,8,4,0.25,2,0.5,0,1,1.0,0.18595995617580352,3,3,0,1.0,0.0,0.0,1.0,0,0.5,0.5,0.0,0.943359375,0.056640625,0.0,256,1024,0,0.0,438.0435325958772,226.0322000074666,0.0,195.43757854509002,16.573754043320605,0,2635.1893314902445,0,2281.1793314802235,1.2681831659840793e-06,9.912133769097803e-07,2.0374690287390628e-06,2.893944655309711e-08,1.0094014516148715e-07,9.257254251785242e-07,5.352470588526032e-06,heuristic_only,nsga2
0,67,67,train,2.686117470264435,0.193359375,0.62109375,8,64,512,431.46759999217466,73.070699964281,2.5268657608317002,46.152721573916295,37.97570000460837,5.964061325777244,15.061459735258538,21.025521061035782,0.008300004992634058,0.0,11.35209709959118,9.665123956451966,0,18.54132606670588,1186.6448682691764,2097152.0,2,0.5,0.5,0.0,0.0,0.0,78.05288677241202,0.006900008884258568,0.0,59.21832648363079,18.827660279896975,0,1,0,17.95244739632664,60.10043937608539,0.0,1048576,1048576,0,8,4,0.25,2,0.5,0,1,1.0,0.19776865982085054,3,0,3,0.0,2.0,0.5,2.0,3,0.5,0.5,0.0,0.9580078125,0.0419921875,0.0,256,1024,0,0.0,487.001149196116,263.7295999302296,0.0,205.15385380223904,18.117695463647383,0,2635.1893314902445,0,2203.72173149807,1.46141399928562e-06,1.0107463043326802e-06,2.154085058687188e-06,2.9820306628886226e-08,9.036875841155121e-08,9.00729746476291e-07,5.647164173822216e-06,heuristic_only,nsga2
0,68,68,train,2.510646402835846,0.3046875,0.658203125,8,64,512,420.84210000757594,73.40851361114306,2.26623398023325,45.43486922515527,38.99420000379905,6.60818418658922,15.723013287903694,22.331197474492914,0.007599999662488699,0.0,12.757144706963178,9.566452767867245,0,19.009459819719,1216.605428462016,2097152.0,2,0.5,0.5,0.0,0.0,0.0,85.03909847846961,0.007199996616691351,0.0,67.12088792461233,17.911010557240594,0,1,0,18.417556730769526,66.62154174770009,0.0,1048576,1048576,0,8,4,0.25,2,0.5,0,1,1.0,0.2091524583687337,3,3,0,1.0,0.0,0.0,1.0,0,0.5,0.5,0.0,0.9482421875,0.0517578125,0.0,256,1024,0,0.0,484.4384672661263,265.3655000467552,0.0,200.57240558332683,18.500561636044274,0,2635.1893314902445,0,2214.3472314826686,1.4681702722228613e-06,9.064935920932999e-07,2.117976691988423e-06,3.30409209329461e-08,9.433807972742216e-08,9.836340682800963e-07,5.60365362524505e-06,heuristic_only,nsga2
0,69,69,train,2.5431028008461,0.3203125,0.615234375,8,64,512,152.95509999850765,13.522535231423094,2.711052539242847,54.190544339293425,299.94780001288746,6.55379858486258,16.44004229849662,22.9938408833592,0.007400012691505253,0.0,11.606397353431229,11.380043517236468,0,52.3025887825203,3347.3656820812994,2097152.0,2,0.5,0.5,0.0,0.0,0.0,82.51767457233568,0.010799994925037026,0.0,63.39785823972953,19.109016337681112,0,1,0,19.09579751708516,63.42187705525052,0.0,1048576,1048576,0,8,4,0.25,2,0.5,0,1,1.0,0.2091524583687337,3,0,3,0.0,2.0,0.5,2.0,3,0.5,0.5,0.0,0.9501953125,0.0498046875,0.0,256,1024,0,0.0,281.6965284398375,58.909500017762184,0.0,200.76328880257248,22.0237396195028,0,2635.1893314902445,0,2482.234231491737,2.7045070462846187e-07,1.0844210156971389e-06,2.5364482439009446e-06,3.27689929243129e-08,9.864025379097971e-08,9.520204998338576e-07,4.974749710775696e-06,heuristic_only,nsga2
0,70,70,train,2.5384581685066223,0.259765625,0.638671875,8,64,512,1574.3709000089439,201.8135021817537,13.006155969301494,90.99992577675366,190.3630000015255,10.992635958616011,95.16251911631419,106.15515507493019,0.008600007276982069,0.0,12.266630206103969,93.87992486154924,0,5.081391506006017,325.20905638438506,2097152.0,2,0.5,0.5,0.0,0.0,0.0,81.29577496615798,0.007399998139590025,0.0,63.70851214421276,17.57986282380562,0,1,0,18.19023759937773,63.10553736678025,0.0,1048576,1048576,0,8,4,0.25,2,0.5,0,1,1.0,0.18595995617580352,3,3,0,1.0,0.0,0.0,1.0,0,0.5,0.5,0.0,0.9501953125,0.0498046875,0.0,256,1024,0,0.0,1223.2783357112355,769.8349999409402,0.0,199.842163229013,253.60117254128227,0,3176.2001754975718,0,1601.829275488628,4.0362700436350745e-06,5.202462387720598e-06,4.177702386951471e-06,5.496317979308007e-08,5.70975114697885e-07,9.391688243951402e-07,1.498154193719325e-05,heuristic_only,nsga2
0,71,71,train,2.5581430196762085,0.267578125,0.646484375,8,64,512,450.21900000574533,77.39663471473771,2.5982178867750223,45.83291232133253,39.243399995029904,5.938945858937214,16.394032882628395,22.332978741565608,0.009399998816661537,0.0,12.283483602179817,10.04009514056913,0,17.769090666558373,1137.2218026597359,2097152.0,2,0.5,0.5,0.0,0.0,0.0,82.92245692303555,0.006999995093792677,0.0,64.08682469389709,18.82863223404468,0,1,0,18.33531419376174,64.58714272927381,0.0,1048576,1048576,0,8,4,0.25,2,0.5,0,1,1.0,0.18595995617580352,3,0,3,0.0,2.0,0.5,2.0,3,0.5,0.5,0.0,0.943359375,0.056640625,0.0,256,1024,0,0.0,503.31105969138105,281.8575000273995,0.0,203.777540900106,17.676018763875575,0,3176.2001754975718,0,2725.9811754918264,1.5479326942947546e-06,1.039287154710009e-06,2.1416694523559964e-06,2.9694729294686073e-08,9.836419729577035e-08,9.58398854688903e-07,5.815347082640119e-06,heuristic_only,nsga2
0,72,72,train,2.5392053723335266,0.26953125,0.66015625,8,64,512,449.78729999274947,75.63319004828456,2.7570519328457137,44.565239152690445,40.34890000184532,6.005780792044148,17.463759218322807,23.469540010366956,0.008200004231184721,0.0,11.13887982061912,12.322460185516649,0,17.78614517124825,1138.313290959888,2097152.0,2,0.5,0.5,0.0,0.0,0.0,78.73767907609411,0.007099995855242014,0.0,59.91944082537996,18.811138254858903,0,1,0,18.611491998040115,60.12618707805399,0.0,1048576,1048576,0,8,4,0.25,2,0.5,0,1,1.0,0.2091524583687337,3,3,0,1.0,0.0,0.0,1.0,0,0.5,0.5,0.0,0.9404296875,0.0595703125,0.0,256,1024,0,0.0,491.82192453528285,275.2881000051275,0.0,197.73177602729598,18.802048502859407,0,3176.2001754975718,0,2726.4128755048223,1.5126638009656912e-06,1.1028207731382855e-06,2.078434906143899e-06,3.002890396022074e-08,1.0478255530993683e-07,9.07629164917049e-07,5.736360104435082e-06,heuristic_only,nsga2
0,73,73,train,2.5707924365997314,0.283203125,0.658203125,8,64,512,168.16499999549706,11.403068864412036,2.3470623110761704,66.46607374188825,51.60279999836348,6.675908176410354,15.074828103291058,21.75073627970141,0.007599999662488699,0.0,12.436927525731756,9.306208754307168,0,47.57204191224275,3044.610682383536,2097152.0,2,0.5,0.5,0.0,0.0,0.0,76.72726495952182,0.007100010407157242,0.0,58.80630817708892,17.91385677202574,0,1,0,17.842858025171108,58.88440693435071,0.0,1048576,1048576,0,8,4,0.25,2,0.5,0,1,1.0,0.2201412464909665,3,0,3,0.0,2.0,0.5,2.0,3,0.5,0.5,0.0,0.9462890625,0.0537109375,0.0,256,1024,0,0.0,320.86481966950583,104.27229999913834,0.0,199.93366051623445,16.658859154133047,0,3176.2001754975718,0,3008.0351755020747,2.2806137728824077e-07,9.388249244304681e-07,3.1305731376592144e-06,3.337954088205177e-08,9.044896861974634e-08,8.850414634639195e-07,5.306329412343641e-06,heuristic_only,nsga2
0,74,74,train,2.570488750934601,0.26171875,0.658203125,8,64,512,417.74140000052284,71.1540840610925,2.502029934130113,46.0706524117317,64.67320000228938,5.751594056110542,15.142639923200267,20.89423397931081,0.008499991963617504,0.0,11.546002805810694,9.339731181536497,0,19.15055785572637,1225.6357027664876,2097152.0,2,0.5,0.5,0.0,0.0,0.0,78.38695013119325,0.006699992809444666,0.0,60.94470326842021,17.435546869963588,0,1,0,17.91912714804535,60.4678229831479,0.0,1048576,1048576,0,8,4,0.25,2,0.5,0,1,1.0,0.19776865982085054,3,3,0,1.0,0.0,0.0,1.0,0,0.5,0.5,0.0,0.95703125,0.04296875,0.0,256,1024,0,0.0,478.9070656278173,257.00359999609645,0.0,204.19700204443177,17.70646358728905,0,3176.2001754975718,0,2758.458775497049,1.4230816812218503e-06,1.0008119736520453e-06,2.151838629216204e-06,2.8757970280552713e-08,9.085583953920159e-08,9.048051472782281e-07,5.600151241188082e-06,heuristic_only,nsga2
0,75,75,train,2.524046838283539,0.2734375,0.64453125,8,64,512,358.37220000394154,57.96159345062203,2.6123248637709233,45.65503282557919,38.778899994213134,6.55392540692216,15.241474419137724,21.795399826059885,0.009199997293762863,0.0,11.554480797980094,10.231719030786028,0,22.323097820685287,1428.6782605238584,2097152.0,2,0.5,0.0,0.5,0.0,0.0,43.3316794319187,0.007399998139590025,0.0,26.9128111150729,16.41146831870622,0,1,0,17.667794614367523,0.0,25.663884817551182,1048576,0,1048576,8,4,0.25,2,0.5,0,1,1.0,0.18595995617580352,3,0,3,0.0,2.0,0.5,2.0,3,0.5,0.5,0.0,0.955078125,0.044921875,0.0,256,1024,0,0.0,424.91580455988867,202.26609997916967,0.0,204.63039932047676,18.019305260242174,0,3176.2001754975718,0,2817.82797549363,1.159231869012441e-06,1.0449299455083693e-06,2.133988217355022e-06,3.2769627034610804e-08,9.144884651482633e-08,4.846445639542893e-07,4.947013069379558e-06,heuristic_only,nsga2
0,76,76,train,2.637159764766693,0.244140625,0.642578125,8,64,512,414.0643999999156,71.02952833988219,2.575055382967189,45.38874097068876,40.09780001069885,6.601481356207913,15.8786357069372,22.480117063145112,0.008300004992634058,0.0,12.549712345172313,9.922104712980163,0,19.320619399741275,1236.5196415834416,2097152.0,2,0.5,0.5,0.0,0.0,0.0,77.97343443558195,0.006399990525096655,0.0,60.292076082339506,17.674958362717348,0,1,0,18.875162623721724,59.09827181186023,0.0,1048576,1048576,0,8,4,0.25,2,0.5,0,1,1.0,0.17369072493825644,3,3,0,1.0,0.0,0.0,1.0,0,0.5,0.5,0.0,0.9462890625,0.0537109375,0.0,256,1024,0,0.0,475.97329877415257,257.0601999905193,0.0,201.20686544844807,17.706233335185182,0,3176.2001754975718,0,2762.135775497656,1.420590566797644e-06,1.0300221531868755e-06,2.1190814931108167e-06,3.300740678103957e-08,9.527181424162318e-08,8.9793088797954e-07,5.595904322097538e-06,heuristic_only,nsga2
0,77,77,train,2.656545341014862,0.25390625,0.62109375,8,64,512,340.8709000068484,55.84180680134065,2.92480158549356,44.77786531422594,36.64549998939037,5.815586739586812,18.29799984406328,24.113586583650093,0.007600014214403927,0.0,12.143554652936253,11.962431916499437,0,23.469227002399652,1502.0305281535777,2097152.0,2,0.5,0.5,0.0,0.0,0.0,82.20591212764029,0.008200004231184721,0.0,65.94016882124879,16.257543302160315,0,1,0,16.51740880164818,65.68850332599212,0.0,1048576,1048576,0,8,4,0.25,2,0.5,0,1,1.0,0.18595995617580352,3,0,3,0.0,2.0,0.5,2.0,3,0.5,0.5,0.0,0.9599609375,0.0400390625,0.0,256,1024,0,0.0,414.1778948042406,197.01759998861235,0.0,199.53196121384758,17.628333601780675,0,3176.2001754975718,0,2835.3292754907234,1.116836136026813e-06,1.169920634197424e-06,2.091523282643394e-06,2.9077933697934065e-08,1.0978799906437967e-07,9.534361279283871e-07,5.470582113558332e-06,heuristic_only,nsga2
0,78,78,train,2.560965359210968,0.26171875,0.654296875,8,64,512,414.242099999683,71.3229574455151,2.475711458239455,45.03940374876197,39.14539999095723,6.002084257532492,13.95905361155852,19.96113786909101,0.007399983587674797,0.0,11.114166023768487,8.839571861734852,0,19.312331333958547,1235.989205373347,2097152.0,2,0.5,0.5,0.0,0.0,0.0,79.28396720400836,0.007100010407157242,0.0,60.53795606298986,18.738911130611342,0,1,0,19.041056094859194,60.24291110914917,0.0,1048576,1048576,0,8,4,0.25,2,0.5,0,1,1.0,0.2201412464909665,3,3,0,1.0,0.0,0.0,1.0,0,0.5,0.5,0.0,0.9619140625,0.0380859375,0.0,256,1024,0,0.0,475.3522906100661,255.61480000033043,0.0,203.4926497928929,16.244840816842803,0,3176.2001754975718,0,2761.958075497889,1.4264591489103021e-06,9.90284583295782e-07,2.1044768258213653e-06,3.001042128766246e-08,8.375432166935111e-08,9.13325494258382e-07,5.548310795242845e-06,heuristic_only,nsga2
0,79,79,train,2.5596405267715454,0.283203125,0.630859375,8,64,512,117.1942999935709,13.306804450580739,2.466628272174804,52.78466078703158,37.95679999166168,6.248167969379053,14.322953272065659,20.57112124144471,0.007899987394921482,0.0,11.46340401470109,9.099817239348699,0,68.26212314349522,4368.775881183694,2097152.0,2,0.5,0.0,0.5,0.0,0.0,45.85683926967896,0.009700015652924776,0.0,27.563777291167202,18.283361962858827,0,1,0,18.010345924158216,0.0,27.846493345520738,1048576,0,1048576,8,4,0.25,2,0.5,0,1,1.0,0.20915249756217386,3,0,3,0.0,2.0,0.5,2.0,3,0.5,0.5,0.0,0.9541015625,0.0458984375,0.0,256,1024,0,0.0,274.23237403914845,57.605700014391914,0.0,197.78305901665283,18.843615008103715,0,3176.2001754975718,0,3059.005875504001,2.661360890116148e-07,9.866513088699217e-07,2.471379552404474e-06,3.124083984689527e-08,8.593771963239395e-08,5.14261379387831e-07,4.35560688915313e-06,heuristic_only,nsga2
0,80,80,train,2.534415543079376,0.287109375,0.650390625,8,64,512,2977.068499996676,647.1485396439036,2.4842194275020653,49.89946806249303,40.35549999389332,126.4246377508143,16.25488930653893,142.67952705735323,0.007499984349124134,0.0,11.013215539766566,131.65881153323753,0,2.687206328239543,171.98120500733074,2097152.0,2,0.5,0.5,0.0,0.0,0.0,81.17391929048031,0.006900008884258568,0.0,63.152727541912085,18.01429173968397,0,1,0,17.909221187182695,63.26469810329762,0.0,1048576,1048576,0,8,4,0.25,2,0.5,0,1,1.0,0.16091842229213763,3,3,0,1.0,0.0,0.0,1.0,0,0.5,0.5,0.0,0.953125,0.046875,0.0,256,1024,0,0.0,2798.1289085355947,2298.663099994883,0.0,202.05267418856155,297.4131343521507,0,3870.5354874915038,0,893.4669874948277,1.2942970792878075e-05,9.93687771000826e-07,2.3040397220148483e-06,6.321231887540716e-07,9.752933583923357e-08,9.382685891113982e-07,1.790861939959845e-05,heuristic_only,nsga2
0,81,81,train,2.486958920955658,0.328125,0.67578125,8,64,512,166.57499999564607,11.681253880653147,3.225211897696764,67.01982807211263,39.28270000324119,6.632978489407915,21.482317140038298,28.115295629446212,0.007399998139590025,0.0,12.733665330645438,15.374230300661182,0,48.026126213914985,3073.672077690559,2097152.0,2,0.5,0.5,0.0,0.0,0.0,83.32362085739905,0.013900003978051245,0.0,65.79471025266844,17.515010600752557,0,1,0,17.505404590881405,65.81821626651764,0.0,1048576,1048576,0,8,4,0.25,2,0.5,0,1,1.0,0.18595995617580352,3,0,3,0.0,2.0,0.5,2.0,3,0.5,0.5,0.0,0.9443359375,0.0556640625,0.0,256,1024,0,0.0,327.70517540185017,107.16260001936462,0.0,201.52298988893807,19.019585493547453,0,3870.5354874915038,0,3703.9604874958577,2.3362507761306296e-07,1.2900847590787055e-06,3.1581025226774853e-06,3.3164892447039576e-08,1.2889390284022977e-07,9.648726411070256e-07,5.808743795763547e-06,heuristic_only,nsga2
0,82,82,train,2.579716742038727,0.275390625,0.6484375,8,64,512,418.87989999668207,71.39811439233566,2.52787726429678,45.022528005472026,36.992800000007264,6.753674838485864,15.466712843154767,22.22038768164063,0.009099996532313526,0.0,12.507053428637604,9.704234256470713,0,19.0985074756652,1222.3044784425729,2097152.0,2,0.5,0.5,0.0,0.0,0.0,78.43945728488644,0.006999995093792677,0.0,59.807368190791806,18.625089099000846,0,1,0,17.83166623404757,60.60779105083888,0.0,1048576,1048576,0,8,4,0.25,2,0.5,0,1,1.0,0.17369070345169255,3,3,0,1.0,0.0,0.0,1.0,0,0.5,0.5,0.0,0.9423828125,0.0576171875,0.0,256,1024,0,0.0,475.79407864841784,257.95160001143813,0.0,199.92124382264006,17.921234814339627,0,3870.5354874915038,0,3451.6555874948217,1.4279622878467132e-06,1.0111509057187122e-06,2.100472424836522e-06,3.3768374192429324e-08,9.28002770589286e-08,9.056101549505421e-07,5.571764424603847e-06,heuristic_only,nsga2
0,83,83,train,2.64243084192276,0.22265625,0.625,8,64,512,431.6871000046376,71.89644959435873,2.551378564654171,45.66568255120923,39.56289999769069,5.923263150302649,17.45185197641693,23.375115126719578,0.007300011930055916,0.0,12.010044080209825,11.357771034579697,0,18.531898377356374,1186.041496150808,2097152.0,2,0.5,0.5,0.0,0.0,0.0,83.97742672303258,0.006799993570894003,0.0,64.98677011811051,18.98385661135116,0,1,0,19.292596186609472,64.6848305364231,0.0,1048576,1048576,0,8,4,0.25,2,0.5,0,1,1.0,0.2091524583687337,3,0,3,0.0,2.0,0.5,2.0,3,0.5,0.5,0.0,0.9404296875,0.0595703125,0.0,256,1024,0,0.0,480.4540428408885,258.7286000198219,0.0,203.4383114809367,18.287131340129918,0,2580.440038002412,0,2148.7529379977746,1.4379289918871745e-06,1.0205514258616685e-06,2.1301543830583574e-06,2.9616315751513247e-08,1.0471111185850157e-07,9.69143928303172e-07,5.692106156720388e-06,heuristic_only,nsga2
0,84,84,train,2.532370626926422,0.28515625,0.634765625,8,64,512,467.4500999972224,75.3361944285172,2.3838299618885355,46.35083462893252,38.54249999858439,6.045102834389308,14.04678772135783,20.09189055574714,0.007600014214403927,0.0,11.798765627851337,8.285524913681398,0,17.11408958080864,1095.3017331717529,2097152.0,2,0.5,0.5,0.0,0.0,0.0,84.62033177044898,0.006699992809444666,0.0,66.14814396874534,18.465487808894185,0,1,0,18.760851370270103,65.85948040017888,0.0,1048576,1048576,0,8,4,0.25,2,0.5,0,1,1.0,0.2307606527190679,3,3,0,1.0,0.0,0.0,1.0,0,0.5,0.5,0.0,0.9541015625,0.0458984375,0.0,256,1024,0,0.0,496.283436077353,274.1074999794364,0.0,204.81857672739127,17.357359370525327,0,2580.440038002412,0,2112.9899380051897,1.5067238885703443e-06,9.535319847554143e-07,2.163779952456503e-06,3.022551417194654e-08,8.428072632814698e-08,9.779222785048476e-07,5.716464344787203e-06,heuristic_only,nsga2
0,85,85,train,2.514802098274231,0.271484375,0.65234375,8,64,512,422.93359999894165,72.56663405994783,2.510961722908299,45.96501031835209,42.478099989239126,5.93398734491683,16.179321325918536,22.113308670835366,0.008199989679269493,0.0,11.95850431426361,10.146604366892484,0,18.915454067886667,1210.5890603447467,2097152.0,2,0.5,0.5,0.0,0.0,0.0,83.72101152856962,0.009900002623908222,0.0,66.4024641589958,17.30864736694991,0,1,0,18.354923240814138,65.36608828775547,0.0,1048576,1048576,0,8,4,0.25,2,0.5,0,1,1.0,0.2307606527190679,3,0,3,0.0,2.0,0.5,2.0,3,0.5,0.5,0.0,0.94140625,0.05859375,0.0,256,1024,0,0.0,484.17042440483294,263.581899998826,0.0,202.38455311098582,18.203971295021134,0,2580.440038002412,0,2157.5064380034705,1.4513326811989569e-06,1.0043846891633197e-06,2.144036319432005e-06,2.9669936724584154e-08,9.70759279555112e-08,9.67942291861207e-07,5.694441846335585e-06,heuristic_only,nsga2
0,86,86,train,2.6668025255203247,0.236328125,0.640625,8,64,512,351.9434999907389,63.625111792280144,2.4640081496171344,43.8391487051569,37.05959999933839,5.7064078133424,16.851025849288582,22.557433662630984,0.007499998901039362,0.0,11.764930134646303,10.785003529083642,0,22.730856712380824,1454.7748295923727,2097152.0,2,0.5,0.5,0.0,0.0,0.0,78.32495608426956,0.00689999433234334,0.0,59.20315852459154,19.114897565345686,0,1,0,18.331969074092513,59.99298701017705,0.0,1048576,1048576,0,8,4,0.25,2,0.5,0,1,1.0,0.16091838189257093,3,3,0,1.0,0.0,0.0,1.0,0,0.5,0.5,0.0,0.943359375,0.056640625,0.0,256,1024,0,0.0,439.7130745882167,226.5837999730138,0.0,196.37161663680948,16.757657978393446,0,2580.440038002412,0,2228.4965380116732,1.272502235845603e-06,9.856032598468538e-07,2.0448766095714362e-06,2.8532039066712003e-08,1.0110615509573148e-07,9.032355348630497e-07,5.335855834289387e-06,heuristic_only,nsga2
0,87,87,train,2.638481080532074,0.2265625,0.640625,8,64,512,284.4238999969093,36.531223771479425,2.4450828247841447,47.17307385228223,39.9016000010306,5.829582930935567,14.468769798833666,20.298352729769235,0.009499999578110874,0.0,10.998566275214518,9.290286454976604,0,28.126932628215506,1800.1236882057924,2097152.0,2,0.5,0.5,0.0,0.0,0.0,85.38281340443443,0.006700007361359894,0.0,67.0666528872487,18.309460509824373,0,1,0,18.77208320654105,66.61073019789337,0.0,1048576,1048576,0,8,4,0.25,2,0.5,0,1,1.0,0.18595995617580352,3,0,3,0.0,2.0,0.5,2.0,3,0.5,0.5,0.0,0.955078125,0.044921875,0.0,256,1024,0,0.0,344.5975217941832,119.90920001699124,0.0,196.89942083107405,27.78890094611795,0,2580.440038002412,0,2296.016138005503,7.306244754295886e-07,9.78033129913658e-07,2.183293750377527e-06,2.914791465467784e-08,8.681261879300199e-08,9.87049594440131e-07,4.9949614836085845e-06,heuristic_only,nsga2
0,88,88,train,2.4443941712379456,0.29296875,0.705078125,8,64,512,315.8913999941433,48.98727742355641,2.421935668037346,45.480294246626094,39.0112000022782,5.845157833727706,16.549299938044843,22.39445777177255,0.008300004992634058,0.0,12.064226604458641,10.321931162321274,0,25.325079046372508,1620.8050589678405,2097152.0,2,0.5,0.5,0.0,0.0,0.0,81.59121617082394,0.008399991202168167,0.0,64.1054618839728,17.477354295648993,0,1,0,18.315873044470372,63.275343126353576,0.0,1048576,1048576,0,8,4,0.25,2,0.5,0,1,1.0,0.17369072493825644,3,3,0,1.0,0.0,0.0,1.0,0,0.5,0.5,0.0,0.955078125,0.044921875,0.0,256,1024,0,0.0,387.5580293528793,167.71239999798127,0.0,201.5488270593305,18.296802295567588,0,2580.440038002412,0,2264.548638008269,9.797455484711282e-07,9.687742672149383e-07,2.1213001775451377e-06,2.922578916863853e-08,9.929579962826905e-08,9.424628479609466e-07,5.140804429989058e-06,heuristic_only,nsga2
0,89,89,train,2.4276386499404907,0.28125,0.6953125,8,64,512,3756.28789998882,701.059346830896,4.853993091014207,271.3471121833066,40.26039999735076,5.95688821532526,35.25853649748563,41.215424712810886,0.008500006515532732,0.0,11.327974307235648,29.878950399059704,0,2.1297616378824884,136.30474482447926,2097152.0,2,0.5,0.5,0.0,0.0,0.0,81.59881292977433,0.007800001185387373,0.0,63.12880471132648,18.462208217262464,0,1,0,18.73425723148294,62.86455569829139,0.0,1048576,1048576,0,8,4,0.25,2,0.5,0,1,1.0,0.2201412853775118,3,0,3,0.0,2.0,0.5,2.0,3,0.5,0.5,0.0,0.955078125,0.044921875,0.0,256,1024,0,0.0,3909.041808420867,2776.0837000241736,0.0,203.13098702944978,929.8271213672438,0,3746.2030869915884,1,-10.084812997231438,1.4021186936617922e-05,1.9415972364056825e-06,1.291202754790375e-05,2.9784441076626302e-08,2.1155121898491375e-07,9.417172406943259e-07,3.005786462168322e-05,heuristic_only,nsga2
0,90,90,train,2.4756646752357483,0.267578125,0.6953125,8,64,512,120.3553999948781,12.221676505748999,3.5137444902159327,53.20455879599925,50.98020000150427,5.794476069849957,24.662746423827944,30.4572224936779,0.007700014975853264,0.0,11.583829360681111,18.865693118020936,0,66.469252988129,4254.032191240256,2097152.0,2,0.5,0.5,0.0,0.0,0.0,85.33940866284166,0.007499984349124134,0.0,66.55413760720502,18.777771071287514,0,1,0,18.83773422876809,66.50167443407358,0.0,1048576,1048576,0,8,4,0.25,2,0.5,0,1,1.0,0.17369070345169255,3,3,0,1.0,0.0,0.0,1.0,0,0.5,0.5,0.0,0.9609375,0.0390625,0.0,256,1024,0,0.0,275.75991916785665,52.72540001897141,0.0,201.6543454645542,21.380173684331098,0,3746.2030869915884,0,3625.8476869967103,2.4443353011498003e-07,1.4054977960863732e-06,2.4943798819477845e-06,2.8972380349249788e-08,1.4797647854296764e-07,9.863974354965639e-07,5.3076575025379195e-06,heuristic_only,nsga2
0,91,91,train,2.49523788690567,0.263671875,0.67578125,8,64,512,481.94169999624137,77.61482511190641,2.485383870546098,44.322357138972606,42.113199990126304,5.887591271483716,15.821288915127983,21.7088801866117,0.007999988156370819,0.0,12.119481160038358,9.581399038416972,0,16.599483714687228,1062.3669577399826,2097152.0,2,0.5,0.5,0.0,0.0,0.0,85.46256688016678,0.006799993570894003,0.0,66.0586506770674,19.39711620952847,0,1,0,19.10317918191459,66.35938769825218,0.0,1048576,1048576,0,8,4,0.25,2,0.5,0,1,1.0,0.18595995617580352,3,0,3,0.0,2.0,0.5,2.0,3,0.5,0.5,0.0,0.9521484375,0.0478515625,0.0,256,1024,0,0.0,497.6902644857005,281.79090000048745,0.0,199.73138310233236,16.167981382880626,0,2580.440038002412,0,2098.498338006171,1.5522965022381282e-06,9.941535482184392e-07,2.0692792616361966e-06,2.9437956357418583e-08,9.492773349076788e-08,9.87344444198172e-07,5.7274394461391215e-06,heuristic_only,nsga2
0,92,92,train,2.4780919551849365,0.302734375,0.662109375,8,64,512,464.6987000014633,76.67110428120257,2.6296971229402026,45.68355295378856,41.45279999647755,5.964491051350482,17.357424066238018,23.3219151175885,0.008100003469735384,0.0,12.132183226543162,11.181631887575604,0,17.215418903809944,1101.7868098438364,2097152.0,2,0.5,0.5,0.0,0.0,0.0,81.36361961249885,0.006599992047995329,0.0,63.02851702715631,18.32850259329454,0,1,0,18.428175069280844,62.935444543218004,0.0,1048576,1048576,0,8,4,0.25,2,0.5,0,1,1.0,0.26061071707684524,3,3,0,1.0,0.0,0.0,1.0,0,0.5,0.5,0.0,0.94921875,0.05078125,0.0,256,1024,0,0.0,499.9374174317253,278.6597000376787,0.0,202.63220000511924,18.645517388927406,0,2580.440038002412,0,2115.741338000949,1.5334220856240515e-06,1.051878849176081e-06,2.1308739858578387e-06,2.982245525675241e-08,1.041445443974281e-07,9.395070852114244e-07,5.789649005523577e-06,heuristic_only,nsga2
0,93,93,train,2.5161335468292236,0.271484375,0.66015625,8,64,512,351.65630000119563,63.17750956765312,2.5495691081698144,45.22792061004082,41.87889999593608,6.700263684886641,14.381370452512083,21.081634137398723,0.007099995855242014,0.0,12.139953270713264,8.934580870830217,0,22.74942109824764,1455.962950287849,2097152.0,2,0.5,0.0,0.5,0.0,0.0,43.01702957212285,0.007000009645707905,0.0,26.250187399559984,16.759842162917156,0,1,0,18.13376885342263,0.0,24.883260718700217,1048576,0,1048576,8,4,0.25,2,0.5,0,1,1.0,0.2201412703795926,3,0,3,0.0,2.0,0.5,2.0,3,0.5,0.5,0.0,0.9453125,0.0546875,0.0,256,1024,0,0.0,443.81999714345505,224.1642999870237,0.0,201.48715231234422,18.16854484408715,0,2580.440038002412,0,2228.7837380012165,1.2635501913530625e-06,1.0198276432679258e-06,2.110033124633287e-06,3.350131842443321e-08,8.628822271507249e-08,4.799368171586288e-07,4.993137317552411e-06,heuristic_only,nsga2
0,94,94,train,2.473260819911957,0.2890625,0.685546875,8,64,512,419.8222999984864,72.34264252212125,2.5338847806472264,44.80459086004506,35.96559999277815,5.959706830594163,15.599616577830819,21.55932340842498,0.00790000194683671,0.0,11.432959714000297,10.118463692477846,0,19.055636025987226,1219.5607056631825,2097152.0,2,0.0,0.5,0.5,0.0,0.0,93.1446887266609,0.007700000423938036,0.0,74.27960010081128,18.857388625425685,0,1,0,0.0,67.2440435418644,25.900645184796506,0,1048576,1048576,8,4,0.25,2,0.5,0,1,1.0,0.18595995617580352,3,3,0,1.0,0.0,0.0,1.0,0,0.5,0.5,0.0,0.947265625,0.052734375,0.0,256,1024,0,0.0,478.72447265125413,263.76379998691846,0.0,197.41044712319984,17.550225541135823,0,2580.440038002412,0,2160.6177380039258,1.4468528504424251e-06,1.0135539122588908e-06,2.0895137628521916e-06,2.979853415297082e-08,9.35976994669849e-08,1.0659349743503378e-06,5.739251733523802e-06,heuristic_only,nsga2
0,95,95,train,2.516273260116577,0.271484375,0.666015625,8,64,512,433.58929999521933,73.44786150173704,2.4073674904490048,44.50584840137835,40.84189998684451,6.516414290205973,15.447860694069753,21.964274984275725,0.007999988156370819,0.0,12.26981236346057,9.686462632658785,0,18.450597257568276,1180.8382244843697,2097152.0,2,0.5,0.5,0.0,0.0,0.0,84.37933477594208,0.008500006515532732,0.0,66.83372401527407,17.537110754152465,0,1,0,19.19006260420347,65.18927217173861,0.0,1048576,1048576,0,8,4,0.25,2,0.5,0,1,1.0,0.2091524583687337,3,0,3,0.0,2.0,0.5,2.0,3,0.5,0.5,0.0,0.951171875,0.048828125,0.0,256,1024,0,0.0,481.4443095742576,267.12489999772515,0.0,196.5487835000929,17.7706260764396,0,2580.440038002412,0,2146.850738007193,1.4689572300347412e-06,9.629469961796018e-07,2.0759807826301045e-06,3.2582071451029864e-08,9.26871641644185e-08,9.741718921028978e-07,5.607326136562794e-06,heuristic_only,nsga2
0,96,96,train,2.545810341835022,0.25390625,0.681640625,8,64,512,335.3447999979835,62.044792080261985,2.875032834529823,44.916487421643815,47.02180001186207,6.433344542763362,18.851263383750833,25.284607926514195,0.007599999662488699,0.0,12.683543946916735,12.59346397993497,0,23.855971955062824,1526.7822051240207,2097152.0,2,0.5,0.5,0.0,0.0,0.0,81.71839181502173,0.006699992809444666,0.0,63.90948556307494,17.802206259137357,0,1,0,18.8395595936093,62.87883222141244,0.0,1048576,1048576,0,8,4,0.25,2,0.5,0,1,1.0,0.2877900422484528,3,3,0,1.0,0.0,0.0,1.0,0,0.5,0.5,0.0,0.947265625,0.052734375,0.0,256,1024,0,0.0,439.3452493457425,219.59120004612487,0.0,199.3565312217945,20.397518077823094,0,2580.440038002412,0,2245.0952380044287,1.2408958416052397e-06,1.1500131338119293e-06,2.095094217445789e-06,3.216672271381682e-08,1.1310758030250499e-07,9.429415825930422e-07,5.574219078472322e-06,heuristic_only,nsga2
0,97,97,train,2.3783733248710632,0.306640625,0.697265625,8,64,512,420.46410001057666,72.66343598243074,2.557093023728596,44.98926353478069,46.869999991031364,6.323539560832861,15.476569242350298,21.800108803183157,0.007499998901039362,0.0,11.635057857691887,10.157550946590234,0,19.026549408735143,1217.6991621590491,2097152.0,2,0.5,0.5,0.0,0.0,0.0,80.94641410937547,0.00969998654909432,0.0,62.064146394585336,18.87256772824103,0,1,0,18.825278006389887,62.121136102985574,0.0,1048576,1048576,0,8,4,0.25,2,0.5,0,1,1.0,0.2307606527190679,3,0,3,0.0,2.0,0.5,2.0,3,0.5,0.5,0.0,0.9462890625,0.0537109375,0.0,256,1024,0,0.0,480.8391701637602,264.4914999982575,0.0,199.09215117545705,17.255518990045605,0,2580.440038002412,0,2159.9759379918355,1.453268719648615e-06,1.0228372094914383e-06,2.0999541233711287e-06,3.161769780416431e-08,9.285941545410177e-08,9.337064132997257e-07,5.634243579069173e-06,heuristic_only,nsga2
0,98,98,train,2.472449779510498,0.27734375,0.658203125,8,64,512,3596.781700005522,657.8745559792894,20.709733230785307,223.78940962560716,36.86369999195449,9.281489651149402,191.21768103465837,200.49917068580777,0.008800008799880743,0.0,11.789184875534009,188.70118580147386,0,2.2242099863268687,142.3494391249196,2097152.0,2,0.5,0.5,0.0,0.0,0.0,81.29464475942588,0.007099995855242014,0.0,63.033905223474434,18.253639540096206,0,1,0,18.48190998654701,62.81273477287887,0.0,1048576,1048576,0,8,4,0.25,2,0.5,0,1,1.0,0.17369072493825644,3,3,0,1.0,0.0,0.0,1.0,0,0.5,0.5,0.0,0.951171875,0.048828125,0.0,256,1024,0,0.0,3609.4947953427277,2597.5150000012945,0.0,202.96150132639832,809.0182940150348,0,3649.7018360016937,0,52.920135996171666,1.3157491119585788e-05,8.283893292314122e-06,9.257677767689785e-06,4.640744825574702e-08,1.14730608620795e-06,9.385719171400163e-07,3.28313476311934e-05,heuristic_only,nsga2
0,99,99,train,2.4502397775650024,0.2734375,0.68359375,8,64,512,418.55230000510346,71.71942428936919,2.5096905240476053,45.346245832493324,39.02209999796469,6.6146368586693,15.334658975337902,21.949295834007202,0.007800001185387373,0.0,12.287486665923948,9.654009166897866,0,19.11345580097554,1223.2611712624346,2097152.0,2,0.5,0.5,0.0,0.0,0.0,83.04475474627425,0.006999995093792677,0.0,65.31664494579971,17.721109805380735,0,1,0,18.094030417859145,64.9507243284151,0.0,1048576,1048576,0,8,4,0.25,2,0.5,0,1,1.0,0.2091524583687337,3,0,3,0.0,2.0,0.5,2.0,3,0.5,0.5,0.0,0.9326171875,0.0673828125,0.0,256,1024,0,0.0,478.30144258364044,258.67849998758174,0.0,200.74103407373389,18.88190852232482,0,3649.7018360016937,0,3231.14953599659,1.4343884857873836e-06,1.0038762096190424e-06,2.115318020927961e-06,3.30731842933465e-08,9.20079538520274e-08,9.603489961195727e-07,5.639012850599334e-06,heuristic_only,nsga2
0,100,100,val,2.8810775876045227,0.185546875,0.59375,8,64,512,255.70650000008754,13.122827348927252,2.386339899302649,117.28526773510103,0.0,0.0,0.0,0.0,0.0,0.0,0.0,0.0,0,31.28574640946105,2002.2877702055073,0.0,0,0.0,0.0,0.0,0.0,0.0,0.0,0.0,0.0,0.0,0.0,0,0,0,0.0,0.0,0.0,0,0,0,8,4,0.25,2,0.5,2,1,1.0,0.17369072493825644,0,0,0,0.0,0.0,0.0,0.0,0,0.5,0.5,0.0,0.9560546875,0.0439453125,0.0,256,1024,0,0.0,531.1777399333238,126.4443999825744,200.0,187.81700406179152,16.916335888957803,0,3649.7018360016937,0,3393.995336001606,2.624565469785451e-07,9.545359597210595e-07,4.7509310425418235e-06,0.0,0.0,0.0,5.967923549241428e-06,heuristic_only,nsga2
0,100,100,train,2.7872008681297302,0.203125,0.6015625,8,64,512,286.640799997258,46.42069277379201,2.516386220912086,40.79792431155734,38.314900011755526,6.418867693418127,14.669526759947725,21.08839445336585,0.009299983503296971,0.0,11.417516948031706,9.66157752183085,0,27.909397722441486,1786.2014542362551,2097152.0,2,0.0,0.0,1.0,0.0,0.0,54.0503683165429,0.007100010407157242,0.0,35.01037548129118,19.03289282484456,0,1,0,0.0,0.0,27.02518415827145,0,0,2097152,8,4,0.25,2,0.5,0,1,1.0,0.19776865982085054,3,3,0,1.0,0.0,0.0,1.0,0,0.5,0.5,0.0,0.9462890625,0.0537109375,0.0,256,1024,0,0.0,358.94001322504573,159.8398000060115,0.0,184.78981376199175,14.310399457042521,0,3649.7018360016937,0,3363.0610360044357,9.284138554758403e-07,1.0065544883648346e-06,1.6898156093127092e-06,3.209433846709064e-08,8.801716055968634e-08,5.926419470991624e-07,4.337537399279324e-06,heuristic_only,nsga2
0,101,101,train,2.7056402564048767,0.240234375,0.611328125,8,64,512,117.06730000150856,11.401489336743282,2.324566000300586,50.297847202803545,54.18700000154786,5.897275749930619,13.241345789336346,19.138621539266964,0.007099995855242014,0.0,11.025998764183136,8.10552277922859,0,68.33617640212518,4373.515289736011,2097152.0,2,0.5,0.5,0.0,0.0,0.0,75.9632578698009,0.007299997378140688,0.0,58.53690333490024,17.41905453752252,0,1,0,17.753862384888976,58.20939548491192,0.0,1048576,1048576,0,8,4,0.25,2,0.5,0,1,1.0,0.2201412464909665,3,0,3,0.0,2.0,0.5,2.0,3,0.5,0.5,0.0,0.9462890625,0.0537109375,0.0,256,1024,0,0.0,256.09561015938965,57.598100014729425,0.0,184.3766351946317,14.120874950028549,0,3649.7018360016937,0,3532.634536000185,2.280297867348657e-07,9.298264001202346e-07,2.0701486985733347e-06,2.94863787496531e-08,7.944807473601807e-08,7.95140303467787e-07,4.132079642381893e-06,heuristic_only,nsga2
0,102,102,train,2.6604438424110413,0.244140625,0.61328125,8,64,512,418.17360000277404,72.18372459270745,2.462940685578892,40.520674006542436,37.34470000199508,6.421264045059455,15.577570455798257,21.99883450085771,0.00859999272506684,0.0,12.575493754621156,9.414740753511488,0,19.130764996121073,1224.3689597517487,2097152.0,2,0.5,0.5,0.0,0.0,0.0,80.93785528635675,0.007800001185387373,0.0,62.11212060832845,18.81793467684291,0,1,0,16.7855662774773,64.15228900887945,0.0,1048576,1048576,0,8,4,0.25,2,0.5,0,1,1.0,0.24103284089209526,3,3,0,1.0,0.0,0.0,1.0,0,0.5,0.5,0.0,0.9501953125,0.0498046875,0.0,256,1024,0,0.0,460.6693571393151,260.8712999790441,0.0,183.7887960782754,16.009261081995547,0,3649.7018360016937,0,3231.5282359989196,1.443674491854149e-06,9.851762742315568e-07,1.6778960023113464e-06,3.210632022529728e-08,9.346542273478953e-08,8.429496854185222e-07,5.075268196775661e-06,heuristic_only,nsga2
0,103,103,train,2.5850602984428406,0.2421875,0.646484375,8,64,512,418.79519999201875,73.62598720173835,2.6878089266583802,40.66379365230193,38.48000000289176,6.078866117757123,15.209594689893407,21.28846080765053,0.007399998139590025,0.0,11.290818432020199,9.990242377490741,0,19.10237007917565,1222.5516850672416,2097152.0,2,0.5,0.5,0.0,0.0,0.0,78.45786357254413,0.007000009645707905,0.0,60.88640246449,17.564461098408426,0,1,0,16.850811786370574,61.60705178617356,0.0,1048576,1048576,0,8,4,0.25,2,0.5,0,1,1.0,0.16091838189257093,3,0,3,0.0,2.0,0.5,2.0,3,0.5,0.5,0.0,0.9560546875,0.0439453125,0.0,256,1024,0,0.0,467.9103591227947,266.4975000079721,0.0,185.1900630266845,16.222796088138065,0,3649.7018360016937,0,3230.906636009675,1.4725197440347672e-06,1.075123570663352e-06,1.6866969967399752e-06,3.039433058878562e-08,9.125756813936044e-08,8.182802592981825e-07,5.174272469464423e-06,heuristic_only,nsga2
0,104,104,train,2.663693845272064,0.265625,0.609375,8,64,512,447.7251000062097,76.00001514593971,2.593680893128699,40.57786776047439,37.29849999945145,5.866032323641335,14.900011753271077,20.76604407691241,0.008100003469735384,0.0,11.443024454692763,9.314919618749913,0,17.86806710595841,1143.5562947813382,2097152.0,2,0.5,0.5,0.0,0.0,0.0,80.32259339527712,0.009100011084228754,0.0,63.618394983434015,16.69509840075888,0,1,0,17.120876688109135,63.20171670716799,0.0,1048576,1048576,0,8,4,0.25,2,0.5,0,1,1.0,0.2307606527190679,3,3,0,1.0,0.0,0.0,1.0,0,0.5,0.5,0.0,0.9443359375,0.0556640625,0.0,256,1024,0,0.0,476.68625519817124,275.57259997411165,0.0,185.54038176878643,15.573273455273169,0,3649.7018360016937,0,3201.976735995484,1.5200003029187943e-06,1.0374723572514796e-06,1.6823860908921552e-06,2.9330161618206676e-08,8.940007051962645e-08,8.374676873289896e-07,5.1960566705292514e-06,heuristic_only,nsga2
0,105,105,train,2.684090733528137,0.228515625,0.62109375,8,64,512,450.3667000099085,75.61542474142581,2.5796493912503684,41.292885105046,39.44690000207629,6.084215975362586,15.973251737362357,22.057467712724943,0.007799986633472145,0.0,11.553498117924345,10.496169608167126,0,17.763263217641924,1136.8488459290832,2097152.0,2,0.5,0.5,0.0,0.0,0.0,75.55887507036752,0.01030000566970557,0.0,56.55174463242976,18.996830432268048,0,1,0,17.762057031398385,57.79681803896913,0.0,1048576,1048576,0,8,4,0.25,2,0.5,0,1,1.0,0.3045938747931645,3,0,3,0.0,2.0,0.5,2.0,3,0.5,0.5,0.0,0.939453125,0.060546875,0.0,256,1024,0,0.0,477.9518369508887,274.9721000000136,0.0,185.73665689005716,17.2430800608179,0,3649.7018360016937,0,3199.335135991785,1.5123084948285164e-06,1.0318597565001475e-06,1.71322563476179e-06,3.042107987681293e-08,9.583951042417413e-08,7.911128647664719e-07,5.174767341157912e-06,heuristic_only,nsga2
0,106,106,train,2.65171080827713,0.28515625,0.63671875,8,64,512,7506.137000003946,1424.402609678522,5.596546895927446,308.67527564080825,52.83299999427982,5.674943315668774,40.65049270342415,46.32543601909292,0.007399998139590025,0.0,10.933301794696815,35.38473422625652,0,1.0657944205123586,68.21084291279095,2097152.0,2,0.5,0.5,0.0,0.0,0.0,78.008071497969,0.007299997378140688,0.0,59.9736645806334,18.027106919957472,0,1,0,17.711090902237306,60.296980595731696,0.0,1048576,1048576,0,8,4,0.25,2,0.5,0,1,1.0,0.26994862967019156,3,3,0,1.0,0.0,0.0,1.0,0,0.5,0.5,0.0,0.935546875,0.064453125,0.0,256,1024,0,0.0,6954.697728861031,5669.207099985215,0.0,189.31979786610998,1096.1708310097047,0,4052.9611209959694,1,-3453.1758790079766,2.848805219357044e-05,2.238618758370979e-06,1.4542630777950225e-05,2.837471657834387e-08,2.4390295622054486e-07,8.155028967841647e-07,4.63570822994747e-05,heuristic_only,nsga2
0,107,107,train,2.590968430042267,0.2421875,0.666015625,8,64,512,158.12979999464005,11.423862429286572,2.4183540990725088,63.10532192481327,61.77660000685137,6.348335047618093,15.133153871059505,21.4814889186776,0.007700000423938036,0.0,12.048507404771257,9.425281513482405,0,50.591029706237904,3237.825901199226,2097152.0,2,0.5,0.5,0.0,0.0,0.0,78.87438331595999,0.008799994247965515,0.0,59.56990958194545,19.29567373976657,0,1,0,16.858384035377505,62.01599928058248,0.0,1048576,1048576,0,8,4,0.25,2,0.5,0,1,1.0,0.2790043706260659,3,0,3,0.0,2.0,0.5,2.0,3,0.5,0.5,0.0,0.9326171875,0.0673828125,0.0,256,1024,0,0.0,307.79015381268937,106.30030001630075,0.0,188.3175981406341,13.172255655754554,0,4052.9611209959694,0,3894.8313210013293,2.2847724858573145e-07,9.673416396290037e-07,2.579636342620118e-06,3.1741675238090466e-08,9.079892322635702e-08,8.224606012303548e-07,4.720456430529655e-06,heuristic_only,nsga2
0,108,108,train,2.564350426197052,0.25390625,0.658203125,8,64,512,417.2080999996979,73.59840571427762,2.50769708028594,41.5692771687753,45.54429999552667,5.716326469410513,15.965168646819262,21.681495116229776,0.008699993486516178,0.0,12.007407784560112,9.665387338183146,0,19.175037169625,1227.202378856,2097152.0,2,0.5,0.5,0.0,0.0,0.0,79.87410529532717,0.008000002708286047,0.0,61.960690828596974,17.90541446402191,0,1,0,15.5176734557412,64.35643183958597,0.0,1048576,1048576,0,8,4,0.25,2,0.5,0,1,1.0,0.17369072493825644,3,3,0,1.0,0.0,0.0,1.0,0,0.5,0.5,0.0,0.958984375,0.041015625,0.0,256,1024,0,0.0,470.7015198533554,266.5081000304781,0.0,186.0149329748566,18.17848684802071,0,4052.9611209959694,0,3635.7530209962715,1.4719681142855524e-06,1.0030788321143758e-06,1.7247927870752752e-06,2.8581632347052565e-08,9.579101188091556e-08,8.297763998647541e-07,5.153988777567926e-06,heuristic_only,nsga2
0,109,109,train,2.7104512453079224,0.205078125,0.642578125,8,64,512,452.6246000023093,78.4263415195918,2.630902162502773,41.538774131579174,38.699099997757,6.104224862626182,17.016777119855725,23.121001982481907,0.00790000194683671,0.0,11.304558328555522,11.80854365197955,0,17.67465207438374,1131.1777327605594,2097152.0,2,0.5,0.5,0.0,0.0,0.0,80.1722421784023,0.007499984349124134,0.0,61.09946711557724,19.065275078475928,0,1,0,17.03780168064972,63.13444049775258,0.0,1048576,1048576,0,8,4,0.25,2,0.5,0,1,1.0,0.19776865982085054,3,0,3,0.0,2.0,0.5,2.0,3,0.5,0.5,0.0,0.951171875,0.048828125,0.0,256,1024,0,0.0,490.3840712546951,285.0328000349691,0.0,190.26799948182284,15.083271737903118,0,4052.9611209959694,0,3600.33652099366,1.5685268303918362e-06,1.0523608650011093e-06,1.7212625298946284e-06,3.0521124313130914e-08,1.0210066271913435e-07,8.357980251453225e-07,5.310570037465163e-06,heuristic_only,nsga2
0,110,110,train,2.588009238243103,0.259765625,0.6484375,8,64,512,453.60199999413453,77.12306576982273,2.527950884611037,40.05795569703278,35.7328999962192,7.21020255385098,16.08375149750688,23.29395405135786,0.008500006515532732,0.0,11.884988726079648,11.400465318762679,0,17.636567659613025,1128.7403302152336,2097152.0,2,0.5,0.5,0.0,0.0,0.0,76.36004187576464,0.008200004231184721,0.0,58.93163902661841,17.420202844915032,0,1,0,16.015438031575535,60.3446038441891,0.0,1048576,1048576,0,8,4,0.25,2,0.5,0,1,1.0,0.16091838189257093,3,3,0,1.0,0.0,0.0,1.0,0,0.5,0.5,0.0,0.9560546875,0.0439453125,0.0,256,1024,0,0.0,478.83588940586617,280.75629999511875,0.0,181.0656293163156,17.013960094431877,0,4052.9611209959694,0,3599.359121001835,1.5424613153964546e-06,1.0111803538444147e-06,1.661621889784258e-06,3.60510127692549e-08,9.650250898504127e-08,7.956312948207974e-07,5.143448375600221e-06,heuristic_only,nsga2
0,111,111,train,2.6801907420158386,0.228515625,0.626953125,8,64,512,418.83209999650717,71.9861299309955,2.527629347984246,41.40021609856677,40.7610999973258,6.300120207437612,15.093923348866987,21.3940435563046,0.007299997378140688,0.0,11.704061950520927,9.682681608405531,0,19.100687123502695,1222.4439759041725,2097152.0,2,0.0,0.5,0.5,0.0,0.0,83.5192422124601,0.00890000956133008,0.0,66.0926936830241,17.417648519874668,0,1,0,0.0,57.893275814475174,25.625966397984925,0,1048576,1048576,8,4,0.25,2,0.5,0,1,1.0,0.2091524583687337,3,0,3,0.0,2.0,0.5,2.0,3,0.5,0.5,0.0,0.953125,0.046875,0.0,256,1024,0,0.0,463.6559015101861,261.71349998912774,0.0,186.78825922695341,15.1541422941049,0,4052.9611209959694,0,3634.129020999462,1.43972259861991e-06,1.0110517391936985e-06,1.7153362148650677e-06,3.150060103718806e-08,9.056354009320192e-08,8.864443549205709e-07,5.174619048729637e-06,heuristic_only,nsga2
0,112,112,train,2.534150242805481,0.267578125,0.65625,8,64,512,6884.324700004072,1282.6233272632867,51.347810897314396,41.32711308667194,47.13019999326207,5.972116474325257,383.6987001707107,389.670816645036,0.009199982741847634,0.0,11.193873620803235,378.46774304149085,0,1.1620600692955692,74.37184443491643,2097152.0,2,0.5,0.5,0.0,0.0,0.0,78.91118675267964,0.007199996616691351,0.0,61.04379388263324,17.860192873429703,0,1,0,15.711358632692782,63.199828119986854,0.0,1048576,1048576,0,8,4,0.25,2,0.5,0,1,1.0,0.2307606527190679,3,3,0,1.0,0.0,0.0,1.0,0,0.5,0.5,0.0,0.9453125,0.0546875,0.0,256,1024,0,0.0,5501.1930049890925,5103.209699984291,0.0,184.04800670251328,213.9352983022885,0,6024.37895399692,1,-859.9457460071517,2.565246654526574e-05,2.053912435892576e-05,1.7200205372016967e-06,2.9860582371626287e-08,2.3021922010242643e-06,8.20534584792182e-07,5.106419880958127e-05,heuristic_only,nsga2
0,113,113,train,2.5162740349769592,0.2890625,0.671875,8,64,512,115.43050000909716,11.736708016745753,2.377853770228203,50.876905148810444,50.99349998636171,6.815475577736369,13.747432918364666,20.562908496101034,0.008500006515532732,0.0,11.93075988165484,8.623648607930662,0,69.30517232618064,4435.531028875561,2097152.0,2,0.5,0.5,0.0,0.0,0.0,76.71526364565716,0.007199996616691351,0.0,58.68562556172295,18.022438087317518,0,1,0,17.19305739936773,59.522206246289436,0.0,1048576,1048576,0,8,4,0.25,2,0.5,0,1,1.0,0.26061071707684524,3,0,3,0.0,2.0,0.5,2.0,3,0.5,0.5,0.0,0.953125,0.046875,0.0,256,1024,0,0.0,259.9658677431376,57.26239999057725,0.0,189.0609664802169,13.642501272343443,0,6024.37895399692,0,5908.948453987823,2.3473416033491507e-07,9.511415080912812e-07,2.0947242463649235e-06,3.407737788868185e-08,8.248459751018799e-08,8.015387512553072e-07,4.1987006414452965e-06,heuristic_only,nsga2
0,114,114,train,2.4539687037467957,0.3203125,0.685546875,8,64,512,418.1875000067521,71.41866331578993,2.5326489897005198,41.78920550423378,36.8536000023596,6.420782583742348,16.129761534430685,22.550544118173033,0.007600014214403927,0.0,12.183617999492807,10.359326104465822,0,19.130129116106332,1224.3282634308052,2097152.0,2,0.5,0.0,0.5,0.0,0.0,40.52234889363869,0.00790000194683671,0.0,22.85702285284877,17.65742603884309,0,1,0,16.248540352976896,0.0,24.273808540661797,1048576,0,1048576,8,4,0.25,2,0.5,0,1,1.0,0.17369072493825644,3,3,0,1.0,0.0,0.0,1.0,0,0.5,0.5,0.0,0.9638671875,0.0361328125,0.0,256,1024,0,0.0,462.9620712388969,259.28850000491366,0.0,188.01648548550625,15.657085748476966,0,6024.37895399692,0,5606.191453990168,1.4283732663157984e-06,1.013059595880208e-06,1.7326983747910754e-06,3.210391291871174e-08,9.677856920658409e-08,4.3772056964234074e-07,4.740734288754719e-06,heuristic_only,nsga2
0,115,115,train,2.5385820865631104,0.24609375,0.64453125,8,64,512,430.885900001158,73.0238307971482,2.4518821218707334,41.20794155585734,36.79879999253899,5.93975520935256,14.486050144291415,20.425805353643973,0.00790000194683671,0.0,11.383709857046021,9.034195494651119,0,18.566356972046496,1188.2468462109757,2097152.0,2,0.0,0.0,1.0,0.0,0.0,49.724164442547405,0.007099995855242014,0.0,31.01559783314879,18.701466613543374,0,1,0,0.0,0.0,24.862082221273702,0,0,2097152,8,4,0.25,2,0.5,0,1,1.0,0.14759070521249812,3,0,3,0.0,2.0,0.5,2.0,3,0.5,0.5,0.0,0.962890625,0.037109375,0.0,256,1024,0,0.0,466.734617899505,264.8631000047317,0.0,186.65667034973376,15.2148475450396,0,6024.37895399692,0,5593.493053995762,1.4604766159429639e-06,9.807528487482933e-07,1.708977103728985e-06,2.9698776046762805e-08,8.691630086574847e-08,5.471686436986421e-07,4.813990289031396e-06,heuristic_only,nsga2
0,116,116,train,2.3810444474220276,0.3046875,0.693359375,8,64,512,420.83189998811577,73.162412065447,2.3944027914324626,41.5079459783955,37.12949999317061,6.325837562158302,16.699582904448963,23.025420466607265,0.008400005754083395,0.0,12.209714442022323,10.807306018830857,0,19.00992056520752,1216.6349161732812,2097152.0,2,0.5,0.5,0.0,0.0,0.0,76.03495685143915,0.007700000423938036,0.0,58.44081668975427,17.586440161260935,0,1,0,15.882747242252211,60.15220960918693,0.0,1048576,1048576,0,8,4,0.25,2,0.5,0,1,1.0,0.2201412464909665,3,3,0,1.0,0.0,0.0,1.0,0,0.5,0.5,0.0,0.9423828125,0.0576171875,0.0,256,1024,0,0.0,468.2590433410998,265.25900000706315,0.0,185.80850867013538,17.191534663901283,0,6024.37895399692,0,5603.5470540088045,1.46324824130894e-06,9.577611165729851e-07,1.721936707034422e-06,3.162918781079151e-08,1.0019749742669377e-07,7.921150629988959e-07,5.066887813152729e-06,heuristic_only,nsga2
0,117,117,train,2.6362045407295227,0.271484375,0.638671875,8,64,512,284.02799999457784,46.59909683005277,2.5072080098289646,41.85152268361717,50.367000003461726,6.743566392701148,15.397779814977213,22.14134620767836,0.007400012691505253,0.0,12.11141282614323,10.022533368843625,0,28.166137965322985,1802.632829780671,2097152.0,2,0.5,0.5,0.0,0.0,0.0,78.12736619916679,0.00689999433234334,0.0,59.960926093186586,18.159540111647857,0,1,0,17.31222473158282,60.81514146758397,0.0,1048576,1048576,0,8,4,0.25,2,0.5,0,1,1.0,0.18595995617580352,3,0,3,0.0,2.0,0.5,2.0,3,0.5,0.5,0.0,0.9462890625,0.0537109375,0.0,256,1024,0,0.0,363.8313100939956,158.37289996852633,0.0,189.08207252406206,16.376337601407208,0,6024.37895399692,0,5740.350954002342,9.319819366010555e-07,1.0028832039315858e-06,1.7356750832250815e-06,3.371783196350575e-08,9.238667888986326e-08,8.158981114548335e-07,4.6125428460659255e-06,heuristic_only,nsga2
0,118,118,train,2.479289412498474,0.296875,0.662109375,8,64,512,353.89880000730045,63.12171309152387,2.452188359712089,41.37002971109722,39.431500001228414,5.959208993013599,16.11104644072545,22.07025543373905,0.007599999662488699,0.0,11.86048140825977,10.20217402581679,0,22.60526849643592,1446.7371837718988,2097152.0,2,0.5,0.5,0.0,0.0,0.0,78.18334797089523,0.00960000033956021,0.0,58.81516987073922,19.358578099816448,0,1,0,16.496472366090167,61.68687560480505,0.0,1048576,1048576,0,8,4,0.25,2,0.5,0,1,1.0,0.17369072493825644,3,3,0,1.0,0.0,0.0,1.0,0,0.5,0.5,0.0,0.955078125,0.044921875,0.0,256,1024,0,0.0,427.7757246493327,224.89809998660348,0.0,186.2892748101594,16.588349852569827,0,5945.423385005188,0,5591.524584997887,1.2624342618304777e-06,9.808753438848356e-07,1.7162909969414256e-06,2.9796044965067996e-08,9.666627864435268e-08,8.148264244411326e-07,4.900889350707292e-06,heuristic_only,nsga2
0,119,119,train,2.3901512026786804,0.34375,0.69921875,8,64,512,2629.173199995421,92.0675108640894,43.57069751061597,186.29369291417623,55.63109999638982,9.570641044826619,316.7213380316126,326.29197907643925,0.00790000194683671,0.0,12.497943285904572,313.78613578858784,0,3.042780505001887,194.73795232012077,2097152.0,2,0.5,0.0,0.5,0.0,0.0,41.24838122162697,0.007499998901039362,0.0,23.93509766397994,17.30578355874599,0,1,0,17.020645189405244,0.0,24.227736032221728,1048576,0,1048576,8,4,0.25,2,0.5,0,1,1.0,0.26061071707684524,3,0,3,0.0,2.0,0.5,2.0,3,0.5,0.5,0.0,0.951171875,0.048828125,0.0,256,1024,0,0.0,1287.7276051555264,334.21940002881456,0.0,187.64795165436277,765.8602534723491,0,5945.423385005188,0,3316.250185009767,1.841350217281788e-06,1.742827900424639e-05,8.668911908657634e-06,4.78532052241331e-08,1.9003280281896755e-06,4.465251025950802e-07,3.0333247466194704e-05,heuristic_only,nsga2
0,120,120,train,2.5027775168418884,0.296875,0.673828125,8,64,512,101.81130000273697,12.221426512697517,2.4507105587970828,48.655348230510704,49.0466000046581,6.254721822226781,16.27331018200607,22.528032004232852,0.007700000423938036,0.0,12.263429515593327,10.256902488215587,0,78.57596773459532,5028.861935014101,2097152.0,2,0.5,0.5,0.0,0.0,0.0,75.72872589696354,0.006999995093792677,0.0,56.999747811683335,18.721978090186397,0,1,0,16.57936463167666,59.14936126528687,0.0,1048576,1048576,0,8,4,0.25,2,0.5,0,1,1.0,0.16091838189257093,3,3,0,1.0,0.0,0.0,1.0,0,0.5,0.5,0.0,0.9560546875,0.0439453125,0.0,256,1024,0,0.0,253.3099412080212,51.84400004509371,0.0,186.06900075347386,15.396940409453624,0,5945.423385005188,0,5843.612085002451,2.4442853025395036e-07,9.80284223518833e-07,2.0044320023933342e-06,3.127360911113391e-08,9.763986109203642e-08,7.904459882329886e-07,4.1485042146022764e-06,heuristic_only,nsga2
0,121,121,train,2.547074854373932,0.265625,0.669921875,8,64,512,105.4528999957256,12.37708959995155,2.234200889745722,49.723510586943235,48.441599996294826,6.080413335292698,14.03491766602134,20.115331001314036,0.007900016498751938,0.0,11.67419878705671,8.433232197758578,0,75.86253329961497,4855.202131175358,2097152.0,2,0.5,0.0,0.5,0.0,0.0,43.305691049605095,0.007299997378140688,0.0,24.54160209903516,18.756788953191794,0,1,0,17.66323390935615,0.0,25.642457140248943,1048576,0,1048576,8,4,0.25,2,0.5,0,1,1.0,0.14759070521249812,3,0,3,0.0,2.0,0.5,2.0,3,0.5,0.5,0.0,0.958984375,0.041015625,0.0,256,1024,0,0.0,257.339204306562,55.1038000266999,0.0,188.36674318930162,13.868661090560492,0,5945.423385005188,0,5839.970485009462,2.47541791999031e-07,8.936803558982889e-07,2.048817532012163e-06,3.040206667646349e-08,8.420950599612803e-08,4.6838337831476325e-07,3.7730346308968374e-06,heuristic_only,nsga2
0,122,122,train,2.544847309589386,0.240234375,0.666015625,8,64,512,432.6816999964649,70.01424523145539,2.5100722112108294,40.932468148443256,37.307000005966984,6.230275363256175,16.20827220272782,22.438547565983995,0.007700000423938036,0.0,12.138599796457989,10.292247769102065,0,18.48929943366204,1183.3151637543706,2097152.0,2,0.0,0.5,0.5,0.0,0.0,87.6458037354518,0.00790000194683671,0.0,71.11869921523956,16.519204518265397,0,1,0,0.0,63.71298218330804,23.932821552143757,0,1048576,1048576,8,4,0.25,2,0.5,0,1,1.0,0.14759070521249812,3,3,0,1.0,0.0,0.0,1.0,0,0.5,0.5,0.0,0.9580078125,0.0419921875,0.0,256,1024,0,0.0,453.82714236443786,253.19120002677664,0.0,184.09269550966863,16.543246827992608,0,5945.423385005188,0,5512.741685008723,1.4002849046291077e-06,1.004028884484332e-06,1.6988085425203031e-06,3.115137681628088e-08,9.724963321636691e-08,9.243236804588055e-07,5.155847022125196e-06,heuristic_only,nsga2
0,123,123,train,2.527387261390686,0.248046875,0.640625,8,64,512,345.1495000044815,47.97258511464354,2.5386509304225178,43.86328946970909,57.66639999637846,5.988044004046659,14.20119324913888,20.18923725318554,0.007899987394921482,0.0,10.765383131400943,9.415954134389676,0,23.1782946856404,1483.4108598809855,2097152.0,2,0.5,0.5,0.0,0.0,0.0,78.97189058131727,0.007300011930055916,0.0,60.81310812274341,18.151482446643797,0,1,0,15.698493412794356,63.273397168522905,0.0,1048576,1048576,0,8,4,0.25,2,0.5,0,1,1.0,0.19776865982085054,3,0,3,0.0,2.0,0.5,2.0,3,0.5,0.5,0.0,0.951171875,0.048828125,0.0,256,1024,0,0.0,377.4981020591006,163.73210001620464,0.0,190.47135048537095,23.294651557524993,0,5945.423385005188,0,5600.273885000706,9.59451702292871e-07,1.0154603721690073e-06,1.8317778490688968e-06,2.99402200202333e-08,8.520715949483327e-08,8.211158926387613e-07,4.742953195684603e-06,heuristic_only,nsga2
0,124,124,train,2.63449627161026,0.21875,0.646484375,8,64,512,415.02860000764485,70.07798466462572,2.5598530333667666,40.97966160371172,37.34880000411067,6.339774000593237,15.617902830441345,21.957676831034583,0.007499998901039362,0.0,11.687006425686679,10.263170406446864,0,19.2757335858759,1233.6469494960577,2097152.0,2,0.0,0.5,0.5,0.0,0.0,88.464091984916,0.007999988156370819,0.0,69.92046519365292,18.5356268031067,0,1,0,0.0,62.93207865660598,25.532013328310008,0,1048576,1048576,8,4,0.25,2,0.5,0,1,1.0,0.19776865982085054,3,3,0,1.0,0.0,0.0,1.0,0,0.5,0.5,0.0,0.951171875,0.048828125,0.0,256,1024,0,0.0,454.46999720681674,252.56790001003537,0.0,184.48858343454137,17.413513762240058,0,5945.423385005188,0,5530.394784997543,1.4015596932925144e-06,1.0239412133467066e-06,1.6999065220600972e-06,3.169887000296619e-08,9.370741698264806e-08,9.357049465057798e-07,5.1865186621907115e-06,heuristic_only,nsga2
0,125,125,train,2.5723422169685364,0.240234375,0.654296875,8,64,512,467.06080000149086,78.22204788001493,2.622314053181115,40.81331525749512,40.551600002800114,6.315234850617018,15.991984182371407,22.307219032988424,0.009000010322779417,0.0,11.835462075917986,10.46275694674766,0,17.128354320508475,1096.2146765125424,2097152.0,2,0.5,0.5,0.0,0.0,0.0,78.08829139572792,0.007300011930055916,0.0,59.60087718639632,18.48011419740154,0,1,0,16.445160891283493,61.64313050444443,0.0,1048576,1048576,0,8,4,0.25,2,0.5,0,1,1.0,0.08706732569954011,3,0,3,0.0,2.0,0.5,2.0,3,0.5,0.5,0.0,0.95703125,0.04296875,0.0,256,1024,0,0.0,486.63070876276464,284.90359996794723,0.0,186.31404040472597,15.413068390091404,0,5945.423385005188,0,5478.362585003697,1.5644409576002986e-06,1.048925621272446e-06,1.688585846284612e-06,3.1576174253085094e-08,9.595190509422843e-08,8.137732357398462e-07,5.243253740244516e-06,heuristic_only,nsga2
0,126,126,train,2.5680969953536987,0.236328125,0.654296875,8,64,512,448.74970000819303,76.04617656846534,2.6327020326524364,40.70120362373149,43.095199987874366,6.079326809980181,15.92118370244481,22.00051051242499,0.007600014214403927,0.0,11.661211037844133,10.331699460366455,0,17.827270241258546,1140.945295440547,2097152.0,2,0.0,0.5,0.5,0.0,0.0,85.10992179522029,0.007399998139590025,0.0,66.51737311762865,18.585148679452043,0,1,0,0.0,59.441740777457426,25.668181017762855,0,1048576,1048576,8,4,0.25,2,0.5,0,1,1.0,0.2790043706260659,3,3,0,1.0,0.0,0.0,1.0,0,0.5,0.5,0.0,0.939453125,0.060546875,0.0,256,1024,0,0.0,477.52032889939704,276.19390000472777,0.0,186.6768397010033,14.649589193665946,0,5945.423385005188,0,5496.673684996995,1.5209235313693068e-06,1.0530808130609746e-06,1.6871715355347415e-06,3.039663404990091e-08,9.552710221466885e-08,9.024355799877285e-07,5.289535196217322e-06,heuristic_only,nsga2
0,127,127,train,2.540947198867798,0.251953125,0.646484375,8,64,512,532.1492999937618,90.81584595704368,2.39185525519894,43.41713481554847,38.34999998798594,6.96691283727011,14.196286726147505,21.163199563417614,0.008100003469735384,0.0,11.950845040440296,9.204254519507582,0,15.033346782091037,962.1341940538264,2097152.0,2,0.5,0.5,0.0,0.0,0.0,74.46129620610508,0.007099995855242014,0.0,57.0414195521855,17.412776658064328,0,1,0,16.490746314432403,57.97054989167267,0.0,1048576,1048576,0,8,4,0.25,2,0.5,0,1,1.0,0.2307606527190679,3,0,3,0.0,2.0,0.5,2.0,3,0.5,0.5,0.0,0.9453125,0.0546875,0.0,256,1024,0,0.0,546.4993441111644,336.6645999922184,0.0,184.47738225716793,25.357361861778013,0,5466.457177500184,0,4934.307877506422,1.8163169191408738e-06,9.56742102079576e-07,1.8151438079591125e-06,3.483456418635055e-08,8.517772035688502e-08,7.775944546899156e-07,5.485809568412713e-06,heuristic_only,nsga2
0,128,128,train,2.592893123626709,0.2578125,0.6640625,8,64,512,433.37980000069365,73.89690452549789,2.57343561763863,40.710808755235995,35.38460000709165,5.8910750258139535,14.922180107375276,20.81325513318923,0.00960000033956021,0.0,11.232176262119793,9.571478870729875,0,18.459516434477937,1181.409051806588,2097152.0,2,0.0,0.5,0.5,0.0,0.0,86.90641606244225,0.008799994247965515,0.0,67.41991938725528,19.477696680939015,0,1,0,0.0,61.58893663680319,25.317479425639064,0,1048576,1048576,8,4,0.25,2,0.5,0,1,1.0,0.2091524583687337,3,3,0,1.0,0.0,0.0,1.0,0,0.5,0.5,0.0,0.955078125,0.044921875,0.0,256,1024,0,0.0,468.72459559349,267.290099960519,0.0,183.18299121790258,18.25150441506846,0,5466.457177500184,0,5033.0773774994905,1.4779380905099578e-06,1.029374247055452e-06,1.692873298380854e-06,2.945537512906977e-08,8.953308064425164e-08,9.196991194757006e-07,5.238873211195286e-06,heuristic_only,nsga2
0,129,129,train,2.549355924129486,0.251953125,0.6640625,8,64,512,1639.2680999997538,323.58968728420615,30.667970519783402,44.416211996033304,36.84480000811163,99.85696723655128,232.51394511350216,332.37091235005346,0.007399998139590025,0.0,11.309998148286082,321.05351420362774,0,4.880223753379602,312.33432021629454,2097152.0,2,0.5,0.5,0.0,0.0,0.0,78.07270366531773,0.00689999433234334,0.0,59.35811596798997,18.707687702995422,0,1,0,18.329030532235745,59.743673133081984,0.0,1048576,1048576,0,8,4,0.25,2,0.5,0,1,1.0,0.19776865982085054,3,0,3,0.0,2.0,0.5,2.0,3,0.5,0.5,0.0,0.9501953125,0.0498046875,0.0,256,1024,0,0.0,1594.6954792000915,1064.8381000064546,0.0,188.04049433406095,341.8168848595758,0,5466.457177500184,0,3827.1890775004304,6.471793745684124e-06,1.2267188207913362e-05,1.8577450331378082e-06,4.992848361827564e-07,1.3950836706810128e-06,8.173850977176488e-07,2.3308480591316713e-05,heuristic_only,nsga2
0,130,130,train,2.5190122723579407,0.240234375,0.666015625,8,64,512,417.04490000847727,71.57902265787128,2.4766109924067274,40.456592192329666,36.2604999972973,6.312144097303805,15.434186508113253,21.746330605417057,0.007300011930055916,0.0,12.361652896373782,9.377377697113221,0,19.182540818258577,1227.682612368549,2097152.0,2,0.5,0.5,0.0,0.0,0.0,78.49977775853222,0.007099995855242014,0.0,61.134028845819586,17.358648916857383,0,1,0,16.620166524168933,61.87961123436328,0.0,1048576,1048576,0,8,4,0.25,2,0.5,0,1,1.0,0.18595995617580352,3,3,0,1.0,0.0,0.0,1.0,0,0.5,0.5,0.0,0.94921875,0.05078125,0.0,256,1024,0,0.0,458.0489033704307,259.12650002283044,0.0,182.01878060950176,16.90362273809847,0,5466.457177500184,0,5049.412277491707,1.4315804531574254e-06,9.90644396962691e-07,1.6791237876443987e-06,3.1560720486519026e-08,9.260511904867951e-08,8.182381106336601e-07,5.0437525879333735e-06,heuristic_only,nsga2
0,131,131,train,2.5011552572250366,0.26953125,0.64453125,8,64,512,166.44120001001284,11.893315084563165,2.370016892472107,62.70569928437263,41.3908999908017,6.2223502294428386,13.708664823323765,19.931015052766604,0.008300004992634058,0.0,11.169228485463588,8.753486562310382,0,48.06473358029836,3076.142949139095,2097152.0,2,0.5,0.5,0.0,0.0,0.0,74.13941992162688,0.00829999044071883,0.0,56.06627535240743,18.06484457877873,0,1,0,15.38428978620977,58.75513013541711,0.0,1048576,1048576,0,8,4,0.25,2,0.5,0,1,1.0,0.1859599163750709,3,0,3,0.0,2.0,0.5,2.0,3,0.5,0.5,0.0,0.953125,0.046875,0.0,256,1024,0,0.0,307.87612504563157,107.36060002818704,0.0,185.14993697942094,15.365588038023626,0,5466.457177500184,0,5300.015977490171,2.3786630169126335e-07,9.480067569888428e-07,2.5680792383101063e-06,3.11117511472142e-08,8.225198893994259e-08,7.721627787886884e-07,4.639478815866058e-06,heuristic_only,nsga2
0,132,132,train,2.375393033027649,0.279296875,0.705078125,8,64,512,416.8404000083683,72.70625041856977,2.4847057414502274,40.90603861481339,41.115200001513585,6.5492423614858675,14.322816097965703,20.87205845945157,0.008399991202168167,0.0,12.016498389899358,8.847160078350043,0,19.191951662765256,1228.2849064169764,2097152.0,2,0.5,0.0,0.5,0.0,0.0,43.33708364235546,0.006900008884258568,0.0,25.049854163235754,18.280329470235444,0,1,0,17.35433200398053,0.0,25.98275163837493,1048576,0,1048576,8,4,0.25,2,0.5,0,1,1.0,0.2201412464909665,3,3,0,1.0,0.0,0.0,1.0,0,0.5,0.5,0.0,0.955078125,0.044921875,0.0,256,1024,0,0.0,464.3879790993335,263.50270000693854,0.0,185.44012725969986,15.445151832695093,0,5466.457177500184,0,5049.616777491816,1.4541250083713954e-06,9.93882296580091e-07,1.6968508756925896e-06,3.274621180742934e-08,8.59368965877942e-08,4.680795004315156e-07,4.731620789470815e-06,heuristic_only,nsga2
0,133,133,train,2.357460379600525,0.310546875,0.68359375,8,64,512,428.7592000036966,72.45816354142363,2.3887861598470206,39.815185942919896,38.34290000668261,6.4375998225712205,14.363531111254694,20.801130933825917,0.007800015737302601,0.0,12.73947005306541,8.053860865023202,0,18.658448242003402,1194.1406874882177,2097152.0,2,0.5,0.5,0.0,0.0,0.0,77.75362988208121,0.007200011168606579,0.0,59.74381305014901,18.002616820763595,0,1,0,16.932345095612504,60.82128478646871,0.0,1048576,1048576,0,8,4,0.25,2,0.5,0,1,1.0,0.10351650354811201,3,0,3,0.0,2.0,0.5,2.0,3,0.5,0.5,0.0,0.9462890625,0.0537109375,0.0,256,1024,0,0.0,458.6485425767622,263.3878999768058,0.0,180.74293418036189,14.517708419594515,0,5466.457177500184,0,5037.6979774964875,1.4491632708284728e-06,9.555144639388082e-07,1.6491199253707368e-06,3.218799911285611e-08,8.618118666752816e-08,8.114009890120371e-07,4.983567834930439e-06,heuristic_only,nsga2
0,134,134,train,2.41065376996994,0.310546875,0.63671875,8,64,512,436.1609000043245,72.74383545061328,2.3133504563400944,41.281403304417765,39.09219999331981,6.710925055464391,14.603034465332357,21.313959520796747,0.007199996616691351,0.0,12.893304631413686,8.413454892766369,0,18.341812982566065,1173.8760308842282,2097152.0,2,0.5,0.5,0.0,0.0,0.0,79.56640252248646,0.007599999662488699,0.0,60.92367216514199,18.635130357681987,0,1,0,15.98760581950484,63.57879670298162,0.0,1048576,1048576,0,8,4,0.25,2,0.5,0,1,1.0,0.2201412464909665,3,3,0,1.0,0.0,0.0,1.0,0,0.5,0.5,0.0,0.9443359375,0.0556640625,0.0,256,1024,0,0.0,465.3543568454845,263.7775000039255,0.0,186.41810382113852,15.158753020420445,0,5466.457177500184,0,5030.29627749586,1.4548767090122656e-06,9.253401825360377e-07,1.7121215109388017e-06,3.3554625277321956e-08,8.761820679199413e-08,8.276392368638743e-07,5.041150471420296e-06,heuristic_only,nsga2
0,135,135,train,2.3978829979896545,0.296875,0.677734375,8,64,512,347.5754999963101,62.44839785413969,2.4622270686718686,41.07571329397158,37.47980001207907,6.062265820501281,14.68279710695052,20.7450629274518,0.008300004992634058,0.0,11.906669634620135,8.83009328783903,0,23.01651578885491,1473.0570104867143,2097152.0,2,0.5,0.5,0.0,0.0,0.0,77.59484319460279,0.007199996616691351,0.0,58.449452289488924,19.13819090849716,0,1,0,17.41293037988786,60.18191281471492,0.0,1048576,1048576,0,8,4,0.25,2,0.5,0,1,1.0,0.16091838189257093,3,0,3,0.0,2.0,0.5,2.0,3,0.5,0.5,0.0,0.9658203125,0.0341796875,0.0,256,1024,0,0.0,423.94535286713256,221.10219996829983,0.0,186.3753374801239,16.467815418708874,0,5466.457177500184,0,5118.881677503874,1.248967957082794e-06,9.848908274687474e-07,1.705754913928294e-06,3.031132910250641e-08,8.809678264170311e-08,8.107742927058036e-07,4.8687961029298485e-06,heuristic_only,nsga2
0,136,136,train,2.5649999380111694,0.244140625,0.638671875,8,64,512,333.99570001347456,54.80039386100443,2.522515246154044,40.111477176074956,37.83169999951497,5.999191993880914,14.803495117998558,20.80268711187947,0.008000002708286047,0.0,11.630856765192796,9.16383034397839,0,23.95233246219874,1532.9492775807194,2097152.0,2,0.5,0.5,0.0,0.0,0.0,78.56585701633679,0.007000009645707905,0.0,61.32644169843601,17.232415308255078,0,1,0,17.098190845924904,61.46766617041189,0.0,1048576,1048576,0,8,4,0.25,2,0.5,0,1,1.0,0.19776865982085054,3,3,0,1.0,0.0,0.0,1.0,0,0.5,0.5,0.0,0.9501953125,0.0498046875,0.0,256,1024,0,0.0,389.73754513293375,191.05639999906998,0.0,183.3825958758746,15.29854925798912,0,2402.087495497105,0,2068.0917954836304,1.0960078772200887e-06,1.0090060984616176e-06,1.6636064925736093e-06,2.9995959969404574e-08,8.882097070799135e-08,8.198549518552178e-07,4.70729235078793e-06,heuristic_only,nsga2
0,137,137,train,2.479466140270233,0.2421875,0.64453125,8,64,512,434.2004000063753,73.83182383901126,2.6828663394786028,40.743276814036335,37.95670000545215,6.026691742755219,17.418742720390117,23.445434463145336,0.007200011168606579,0.0,11.950808656175285,11.487425795801444,0,18.424629676188374,1179.176299276056,2097152.0,2,0.5,0.5,0.0,0.0,0.0,74.78390552692072,0.00689999433234334,0.0,57.18653956375747,17.590465968830898,0,1,0,16.98856077785352,57.7953447490672,0.0,1048576,1048576,0,8,4,0.25,2,0.5,0,1,1.0,0.18595995617580352,3,0,3,0.0,2.0,0.5,2.0,3,0.5,0.5,0.0,0.9580078125,0.0419921875,0.0,256,1024,0,0.0,469.0318679701048,265.6435999961104,0.0,185.64982203482174,17.738445939172664,0,2402.087495497105,0,1967.8870954907297,1.4766364767802255e-06,1.0731465357914412e-06,1.689912101248509e-06,3.013345871377609e-08,1.045124563223407e-07,7.818161768249143e-07,5.156157205681207e-06,heuristic_only,nsga2
0,138,138,train,2.4158000349998474,0.294921875,0.669921875,8,64,512,307.92599999404047,51.92661540357098,2.4943312660638592,41.60159239806409,39.061100003891625,6.117556196982927,15.443277751570864,21.560833948553793,0.007199982064776123,0.0,11.679801847126804,9.873832119362211,0,25.980183615450514,1662.731751388833,2097152.0,2,0.5,0.5,0.0,0.0,0.0,78.8098210875742,0.007199996616691351,0.0,61.449301425672346,17.353319665285163,0,1,0,18.107839391655446,60.70198169591876,0.0,1048576,1048576,0,8,4,0.25,2,0.5,0,1,1.0,0.19776869099157482,3,3,0,1.0,0.0,0.0,1.0,0,0.5,0.5,0.0,0.958984375,0.041015625,0.0,256,1024,0,0.0,384.0901562707957,180.38790000719018,0.0,189.67623931378722,14.026016949818327,0,2402.087495497105,0,2094.1614955030645,1.0385323080714195e-06,9.977325064255438e-07,1.7215259948031901e-06,3.0587780984914636e-08,9.265966650942518e-08,8.24313889659053e-07,4.705352146453547e-06,heuristic_only,nsga2
0,139,139,train,2.5945886969566345,0.22265625,0.634765625,8,64,512,2318.085599996266,199.23758640701945,20.900421832306122,115.7981249353387,82.75279999361373,6.6251473348305785,169.61018598911096,176.23533332394155,0.008799994247965515,0.0,11.549397906410793,164.67713542328278,0,3.4511221453128136,220.87181730002007,2097152.0,2,0.5,0.5,0.0,0.0,0.0,81.86188918754686,0.007899987394921482,0.0,63.86446695875045,17.989522241401495,0,1,0,16.800545646464798,65.06134354108207,0.0,1048576,1048576,0,8,4,0.25,2,0.5,0,1,1.0,0.19776865982085054,3,0,3,0.0,2.0,0.5,2.0,3,0.5,0.5,0.0,0.95703125,0.04296875,0.0,256,1024,0,0.0,1343.7445326986572,770.0380000460427,0.0,183.96411910058657,389.7424135520279,0,2738.1021579953804,0,420.0165579991144,3.9847517281403895e-06,8.36016873292245e-06,5.289505679876275e-06,3.31257366741529e-08,1.0176611159346656e-06,8.522199831683982e-07,1.953743297671633e-05,heuristic_only,nsga2
0,140,140,train,2.581600606441498,0.220703125,0.6328125,8,64,512,417.54380000929814,70.82963671967684,2.49601340584562,42.125662826225536,39.71050000109244,6.70185836103351,17.2515249120967,23.953383273130207,0.009300012607127428,0.0,12.864223030865364,11.079860229657719,0,19.159620715721648,1226.2157258061854,2097152.0,2,0.5,0.5,0.0,0.0,0.0,78.77564290102727,0.007299997378140688,0.0,61.009594949701984,17.758747953947143,0,1,0,15.931646534440471,62.843996366586794,0.0,1048576,1048576,0,8,4,0.25,2,0.5,0,1,1.0,0.19776865982085054,3,3,0,1.0,0.0,0.0,1.0,0,0.5,0.5,0.0,0.9541015625,0.0458984375,0.0,256,1024,0,0.0,461.80525180699203,254.5613999973284,0.0,189.5536364204747,17.690215389188893,0,2738.1021579953804,0,2320.5583579860822,1.416592734393537e-06,9.98405362338248e-07,1.7497869344165035e-06,3.350929180516755e-08,1.0350914947258017e-07,8.196197220791536e-07,5.121423194505189e-06,heuristic_only,nsga2
0,141,141,train,2.2612850069999695,0.359375,0.708984375,8,64,512,463.64509999693837,75.14187074428784,2.7638442122672267,41.287740478687006,36.89590000431053,6.726635590368334,17.90057507709025,24.627210667458584,0.007700000423938036,0.0,12.149597022712168,12.469913644322476,0,17.25453961556633,1104.290535396245,2097152.0,2,0.5,0.5,0.0,0.0,0.0,81.09293187332284,0.007399998139590025,0.0,62.51757186110778,18.56796001407546,0,1,0,16.20322500621242,64.88970686711042,0.0,1048576,1048576,0,8,4,0.25,2,0.5,0,1,1.0,0.16091838189257093,3,0,3,0.0,2.0,0.5,2.0,3,0.5,0.5,0.0,0.9521484375,0.0478515625,0.0,256,1024,0,0.0,476.77382174096834,273.18400001968257,0.0,185.54982535336705,18.039996367918704,0,2738.1021579953804,0,2274.457057998442,1.502837414885757e-06,1.1055376849068908e-06,1.7135279112275388e-06,3.3633177951841675e-08,1.0740345046254148e-07,8.433357687456532e-07,5.306275408180223e-06,heuristic_only,nsga2
0,142,142,train,2.4829922318458557,0.267578125,0.677734375,8,64,512,420.8197999978438,74.39895949816702,2.578381408050923,40.42335102709349,42.752400011522695,6.484927785373055,14.985881287792076,21.47080907316513,0.008199989679269493,0.0,11.733925772887794,9.72868331059807,0,19.010467163317475,1216.6698984523184,2097152.0,2,0.5,0.5,0.0,0.0,0.0,79.5476892874724,0.006800008122809231,0.0,60.98644737636644,18.55444190298315,0,1,0,18.01229329131077,61.535395996161625,0.0,1048576,1048576,0,8,4,0.25,2,0.5,0,1,1.0,0.14759070521249812,3,3,0,1.0,0.0,0.0,1.0,0,0.5,0.5,0.0,0.958984375,0.041015625,0.0,256,1024,0,0.0,469.6027677332456,269.101900034002,0.0,185.4075095186995,15.093358180544143,0,2213.879497497617,0,1793.0596974997734,1.48797918996334e-06,1.0313525632203691e-06,1.6732667587149331e-06,3.242463892686528e-08,8.991528772675245e-08,8.315014794573455e-07,5.146439918009606e-06,heuristic_only,nsga2
0,143,143,train,2.4825279116630554,0.302734375,0.65234375,8,64,512,425.84170000918675,72.01662364035907,2.5918890111899815,41.20347699798249,37.27010000147857,6.19603505208508,17.052808346705284,23.248843398790363,0.008200004231184721,0.0,11.938381992420055,11.302261402139123,0,18.786279534267972,1202.3218901931502,2097152.0,2,0.5,0.5,0.0,0.0,0.0,77.80625045954648,0.006799993570894003,0.0,58.01386233630802,19.785588129667556,0,1,0,17.534401348713303,60.27184911083317,0.0,1048576,1048576,0,8,4,0.25,2,0.5,0,1,1.0,0.20915249756217386,3,0,3,0.0,2.0,0.5,2.0,3,0.5,0.5,0.0,0.9541015625,0.0458984375,0.0,256,1024,0,0.0,463.24795859812616,261.1320000141859,0.0,185.31193248950177,16.804026094438544,0,2213.879497497617,0,1788.0377974884304,1.4403324728071818e-06,1.0367556044759926e-06,1.7103631771685552e-06,3.0980175260425405e-08,1.023168500802317e-07,8.131313072928913e-07,5.1338795870852774e-06,heuristic_only,nsga2
0,144,144,train,2.5820637941360474,0.21875,0.638671875,8,64,512,441.86229999468196,75.6897213603134,2.4489231077489926,40.97176657621172,40.05019999749493,6.673201117554538,14.877147696051829,21.550348813606366,0.007499998901039362,0.0,12.002803855782869,9.54004495892246,0,18.105146999301105,1158.7294079552707,2097152.0,2,0.5,0.5,0.0,0.0,0.0,78.25913557242016,0.007099995855242014,0.0,61.96723530048149,16.284800276083427,0,1,0,15.142877368561212,63.11625820385895,0.0,1048576,1048576,0,8,4,0.25,2,0.5,0,1,1.0,0.241032865595602,3,3,0,1.0,0.0,0.0,1.0,0,0.5,0.5,0.0,0.947265625,0.052734375,0.0,256,1024,0,0.0,476.44164417709646,272.71849996759556,0.0,187.60703853483042,16.116105674670514,0,2213.879497497617,0,1772.0171975029352,1.5137944272062682e-06,9.79569243099597e-07,1.6971815396855538e-06,3.336600558777269e-08,8.926288617631096e-08,8.128771104613241e-07,5.126051212216827e-06,heuristic_only,nsga2
0,145,145,train,2.4144718647003174,0.265625,0.703125,8,64,512,445.6689000071492,76.2134154114173,2.4652455363448516,40.70404107811423,38.37249999924097,6.615594997740421,16.639184892441982,23.2547798901824,0.009100011084228754,0.0,12.688527215796991,10.557152663301181,0,17.950505519604686,1148.8323532547,2097152.0,2,0.5,0.5,0.0,0.0,0.0,83.24929923552925,0.007399998139590025,0.0,63.99491223146633,19.246987005923337,0,1,0,17.89454642014299,65.35475281538626,0.0,1048576,1048576,0,8,4,0.25,2,0.5,0,1,1.0,0.2091524583687337,3,0,3,0.0,2.0,0.5,2.0,3,0.5,0.5,0.0,0.9560546875,0.0439453125,0.0,256,1024,0,0.0,477.5308081035055,278.17619999404997,0.0,183.82606057948178,15.528547529973807,0,2213.879497497617,0,1768.210597490468,1.524268308228346e-06,9.860982145379405e-07,1.6880654320859962e-06,3.3077974988702105e-08,9.983510935465188e-08,8.682820851955786e-07,5.199627124391216e-06,heuristic_only,nsga2
0,146,146,train,2.5009056329727173,0.251953125,0.662109375,8,64,512,457.71509999758564,75.60416556423422,2.516193139785805,40.46265284962633,37.22870000638068,6.121084140256088,16.028749383463463,22.14983352371955,0.00790000194683671,0.0,12.38390735843262,9.758026163340094,0,17.47808303016258,1118.597313930405,2097152.0,2,0.5,0.0,0.5,0.0,0.0,43.32207285469854,0.006700007361359894,0.0,25.12224145485506,18.19313139248212,0,1,0,18.29066972910904,0.0,25.0314031255895,1048576,0,1048576,8,4,0.25,2,0.5,0,1,1.0,0.19776865982085054,3,3,0,1.0,0.0,0.0,1.0,0,0.5,0.5,0.0,0.9462890625,0.0537109375,0.0,256,1024,0,0.0,474.3320462145854,276.9210999831557,0.0,181.46999914745277,15.940947083976926,0,2213.879497497617,0,1756.1643975000316,1.5120833112846844e-06,1.006477255914322e-06,1.6763381924212917e-06,3.0605420701280444e-08,9.617249630078077e-08,4.6980206800520345e-07,4.791478744627563e-06,heuristic_only,nsga2
0,147,147,train,2.704912781715393,0.263671875,0.65625,8,64,512,434.05949999578297,73.28999228878861,2.5345253996207164,41.47683329926647,37.07829999621026,5.948766732448352,14.898035574474193,20.846802306922545,0.011299984180368483,0.0,11.501161217477666,9.334341105264508,0,18.430610479593796,1179.559070694003,2097152.0,2,0.0,0.5,0.5,0.0,0.0,86.81575766218623,0.00689999433234334,0.0,69.35065940220005,17.45819826565382,0,1,0,0.0,60.64430187917209,26.171455783014135,0,1048576,1048576,8,4,0.25,2,0.5,0,1,1.0,0.18595995617580352,3,0,3,0.0,2.0,0.5,2.0,3,0.5,0.5,0.0,0.943359375,0.056640625,0.0,256,1024,0,0.0,469.20540395070316,264.9628999788547,0.0,188.6529773057553,15.589526666093189,0,2213.879497497617,0,1779.8199975018342,1.4657998457757723e-06,1.0138101598482866e-06,1.7181817991009753e-06,2.974383366224176e-08,8.938821344684515e-08,9.205004881878905e-07,5.237424340022012e-06,heuristic_only,nsga2
0,148,148,train,2.6689815521240234,0.2578125,0.61328125,8,64,512,440.04250000580214,75.24905275039723,2.5552703459806603,41.18115836957588,37.305499994545244,6.759686969780626,13.966368886361742,20.726055856142366,0.007599999662488699,0.0,11.614703262970291,9.10375259350959,0,18.180020838609178,1163.5213336709874,2097152.0,2,0.5,0.5,0.0,0.0,0.0,75.07857847371857,0.010399991879239678,0.0,56.63437391977145,18.43380456206787,0,1,0,15.536046280136308,59.542532193582254,0.0,1048576,1048576,0,8,4,0.25,2,0.5,0,1,1.0,0.2307606527190679,3,3,0,1.0,0.0,0.0,1.0,0,0.5,0.5,0.0,0.9501953125,0.0498046875,0.0,256,1024,0,0.0,475.9419258638151,273.8820999802556,0.0,186.18981399717998,15.870011886379505,0,2213.879497497617,0,1773.836997491815,1.5049810550079445e-06,1.022108138392264e-06,1.7054226715434328e-06,3.379843484890313e-08,8.379821331817044e-08,7.818578772974583e-07,5.131966390408173e-06,heuristic_only,nsga2
0,149,149,train,2.328713059425354,0.328125,0.736328125,8,64,512,8185.862900005304,1764.1729205255929,4.534933022843846,134.74317214770903,48.72450001130346,142.08520416124162,32.83200969459578,174.91721385583742,0.008500006515532732,0.0,11.183584724607702,163.72512912471416,0,0.9772945284363715,62.54684981992778,2097152.0,2,0.0,0.5,0.5,0.0,0.0,87.42057835429797,0.007300011930055916,0.0,69.20506924947831,18.208209092889593,0,1,0,0.0,62.756872489616185,24.663705864681788,0,1048576,1048576,8,4,0.25,2,0.5,0,1,1.0,0.16091838189257093,3,0,3,0.0,2.0,0.5,2.0,3,0.5,0.5,0.0,0.95703125,0.04296875,0.0,256,1024,0,0.0,7613.804102784583,6749.611399980495,0.0,182.85439152205026,681.338311282039,0,2213.879497497617,1,-5971.983402507687,3.528345841051187e-05,1.8139732091375383e-06,6.195000126214948e-06,7.104260208062081e-07,1.969920581675747e-07,9.235331952723433e-07,4.5123383020110476e-05,heuristic_only,nsga2
0,150,150,train,2.520953059196472,0.271484375,0.66015625,8,64,512,354.1111000085948,62.86222454403314,2.449695424261437,41.27408709390641,39.837400006945245,6.139615973819847,15.535666729701525,21.675282703521372,0.007800001185387373,0.0,11.696497950023959,9.970984752312026,0,22.591716012544698,1445.8698248028606,2097152.0,2,0.5,0.5,0.0,0.0,0.0,79.92454478932763,0.007200011168606579,0.0,62.528620337639076,17.38872444051995,0,1,0,16.669433626775835,63.2551111625518,0.0,1048576,1048576,0,8,4,0.25,2,0.5,0,1,1.0,0.2307606527190679,3,3,0,1.0,0.0,0.0,1.0,0,0.5,0.5,0.0,0.9482421875,0.0517578125,0.0,256,1024,0,0.0,426.34402824880397,223.99520002363715,0.0,184.86196525678267,17.486862968384116,0,2213.879497497617,0,1859.7683974890224,1.257244490880663e-06,9.79878169704575e-07,1.7111954378526717e-06,3.069807986909924e-08,9.321400037820913e-08,8.32584315146828e-07,4.9048144938320455e-06,heuristic_only,nsga2
0,151,151,train,2.440320670604706,0.296875,0.66796875,8,64,512,447.43149999703746,75.16045824585063,2.4766539875168267,40.644844404466234,36.46770000341348,5.679963714381056,16.169099018287334,21.84906273266839,0.007499998901039362,0.0,11.551512420040456,10.290050313726894,0,17.87979192403987,1144.3066831385518,2097152.0,2,0.5,0.5,0.0,0.0,0.0,80.94934030320631,0.007299997378140688,0.0,63.64259939045451,17.299440915373665,0,1,0,16.980350565856707,63.96898973734961,0.0,1048576,1048576,0,8,4,0.25,2,0.5,0,1,1.0,0.19776865982085054,3,0,3,0.0,2.0,0.5,2.0,3,0.5,0.5,0.0,0.9560546875,0.0439453125,0.0,256,1024,0,0.0,473.1278265513348,274.0264999883948,0.0,182.9661940132528,16.13513254968722,0,2213.879497497617,0,1766.4479975005797,1.5032091649170128e-06,9.906615950067308e-07,1.6855627083556067e-06,2.8399818571905285e-08,9.701459410972398e-08,8.434541041637767e-07,5.148301985124756e-06,heuristic_only,nsga2
0,152,152,train,2.3538573384284973,0.322265625,0.689453125,8,64,512,430.04960000689607,72.15784919896936,2.497687981434142,41.81662269464696,37.142300003324635,6.150639578306257,15.763304670345088,21.913944248651344,0.007100010407157242,0.0,12.342656412687582,9.564187825556607,0,18.602462128576768,1190.5575762289131,2097152.0,2,0.5,0.5,0.0,0.0,0.0,73.96433785922852,0.007800001185387373,0.0,57.59881376656075,16.357724091482392,0,1,0,16.92571908329385,57.03861877593468,0.0,1048576,1048576,0,8,4,0.25,2,0.5,0,1,1.0,0.2963165802149685,3,3,0,1.0,0.0,0.0,1.0,0,0.5,0.5,0.0,0.9404296875,0.0595703125,0.0,256,1024,0,0.0,465.88863950020186,262.0191000023624,0.0,187.21824427818746,16.65129521965202,0,2213.879497497617,0,1783.8298974907211,1.4431569839793873e-06,9.990751925736568e-07,1.7346446526699197e-06,3.075319789153129e-08,9.457982802207052e-08,7.734948167588729e-07,5.0757046718954376e-06,heuristic_only,nsga2
0,153,153,train,2.4801189303398132,0.279296875,0.66796875,8,64,512,107.46450000442564,12.246000971300859,2.2642714534502084,49.077413825026795,47.6801000040723,6.440070274249649,14.040391560432191,20.48046183468184,0.00829999044071883,0.0,12.303521102446158,8.168640741794963,0,74.44249549548965,4764.319711711338,2097152.0,2,0.0,0.5,0.5,0.0,0.0,87.96423306203687,0.007499998901039362,0.0,69.49412000367552,18.462613059460313,0,1,0,0.0,61.67020989540371,26.294023166633167,0,1048576,1048576,8,4,0.25,2,0.5,0,1,1.0,0.26061071707684524,3,0,3,0.0,2.0,0.5,2.0,3,0.5,0.5,0.0,0.9482421875,0.0517578125,0.0,256,1024,0,0.0,254.35074499911147,55.20099999557715,0.0,184.08278841615916,15.066956587375156,0,2213.879497497617,0,2106.4149974931915,2.4492001942601725e-07,9.057085813800833e-07,2.025297007487342e-06,3.220035137124825e-08,8.424234936259314e-08,9.32230376953635e-07,4.224598685980919e-06,heuristic_only,nsga2
0,154,154,train,2.3920533657073975,0.296875,0.689453125,8,64,512,430.3207999910228,72.08443569936105,3.224990002750127,40.2045687621351,36.46879999723751,6.638812422840433,20.737044588227214,27.375857011067644,0.008199989679269493,0.0,11.530462866382866,15.83719415500551,0,18.590738373391478,1189.8072558970546,2097152.0,2,0.5,0.5,0.0,0.0,0.0,78.49714471954258,0.01130001328419894,0.0,60.13589499181336,18.349949714445014,0,1,0,17.080873413889147,61.416271305653424,0.0,1048576,1048576,0,8,4,0.25,2,0.5,0,1,1.0,0.2307606283979408,3,3,0,1.0,0.0,0.0,1.0,0,0.5,0.5,0.0,0.951171875,0.048828125,0.0,256,1024,0,0.0,462.055977856985,261.8151999777183,0.0,181.83052058269078,18.410257296575963,0,2213.879497497617,0,1783.5586975065944,1.4416887139872208e-06,1.2899960011000506e-06,1.6664626910090301e-06,3.319406211420217e-08,1.2442226752936326e-07,8.191331940232041e-07,5.374896929763071e-06,heuristic_only,nsga2
0,155,155,train,2.3962786197662354,0.294921875,0.697265625,8,64,512,3940.1266999921063,837.9673734493108,2.5849299945830038,149.0305938505819,49.300600003334694,7.645193110452356,15.95306367728063,23.598256787732986,0.007199996616691351,0.0,11.197907124543708,12.393149666572587,0,2.0303910454516556,129.94502690890596,2097152.0,2,0.5,0.5,0.0,0.0,0.0,75.4513263209773,0.011900003300979733,0.0,57.21235321957932,18.22707309809701,0,1,0,15.505654647013987,59.94567167396332,0.0,1048576,1048576,0,8,4,0.25,2,0.5,0,1,1.0,0.25097720212391433,3,0,3,0.0,2.0,0.5,2.0,3,0.5,0.5,0.0,0.939453125,0.060546875,0.0,256,1024,0,0.0,3958.331589177903,3321.090799974627,0.0,185.71833257460517,451.5224566286705,0,3531.2290254933714,1,-408.8976744987349,1.6759347468986214e-05,1.0339719978332015e-06,6.882801685038106e-06,3.822596555226178e-08,9.571838206368377e-08,7.85524572503801e-07,2.559559007197727e-05,heuristic_only,nsga2
0,156,156,train,2.2433167099952698,0.333984375,0.7109375,8,64,512,445.12220000615343,75.04589153868265,2.4913414602721837,41.25810122237441,38.92359999008477,6.930627523804121,14.34857967078441,21.27920719458853,0.007599999662488699,0.0,11.729860401680373,9.541746793245668,0,17.972552317851346,1150.2433483424861,2097152.0,2,0.5,0.0,0.5,0.0,0.0,40.09224891132299,0.007099995855242014,0.0,21.997260451509298,18.08788846395845,0,1,0,15.795975906088085,0.0,24.296273005234905,1048576,0,1048576,8,4,0.25,2,0.5,0,1,1.0,0.25097720212391433,3,3,0,1.0,0.0,0.0,1.0,0,0.5,0.5,0.0,0.9482421875,0.0517578125,0.0,256,1024,0,0.0,475.181336885317,272.6299000350991,0.0,185.50891962948526,17.04251722073264,0,3531.2290254933714,0,3086.106825487218,1.5009178307736532e-06,9.965365841088736e-07,1.7123163767309871e-06,3.465313761902061e-08,8.609147802470646e-08,4.3251444092540606e-07,4.763029848182647e-06,heuristic_only,nsga2
0,157,157,train,2.5366528630256653,0.255859375,0.65234375,8,64,512,114.51719999604393,11.734624124231761,2.3348057426874225,51.02953240544059,48.07230000733398,6.4387319438516935,13.799605110896415,20.238337054748108,0.005900001269765198,0.0,11.750634924731152,8.481802128747193,0,69.85789158645842,4470.905061533339,2097152.0,2,0.5,0.5,0.0,0.0,0.0,76.10253597563305,0.008700008038431406,0.0,57.76544650477532,18.328389462819295,0,1,0,17.24944649739325,58.853089478239795,0.0,1048576,1048576,0,8,4,0.25,2,0.5,0,1,1.0,0.2091524583687337,3,0,3,0.0,2.0,0.5,2.0,3,0.5,0.5,0.0,0.955078125,0.044921875,0.0,256,1024,0,0.0,260.3958490894391,58.10970002494287,0.0,188.33276179222878,13.953387272267445,0,3531.2290254933714,0,3416.7118254973275,2.3469248248463524e-07,9.339222970749689e-07,2.096987907896303e-06,3.219365971925847e-08,8.279763066537848e-08,7.95524252751117e-07,4.176118230591661e-06,heuristic_only,nsga2
0,158,158,train,2.3583253026008606,0.283203125,0.71875,8,64,512,119.12319999828469,13.118049475124247,2.4984150790776662,50.424360259968154,48.05399999895599,6.333337350003066,16.62240306565289,22.955740415655956,0.007099995855242014,0.0,12.520969949090624,10.427670470710089,0,67.15679937506565,4298.035160004201,2097152.0,2,0.5,0.5,0.0,0.0,0.0,78.06080975889772,0.006400005077011883,0.0,59.69675695791857,18.357652795902137,0,1,0,17.11079674563257,60.95001301326515,0.0,1048576,1048576,0,8,4,0.25,2,0.5,0,1,1.0,0.14759074590838162,3,3,0,1.0,0.0,0.0,1.0,0,0.5,0.5,0.0,0.9560546875,0.0439453125,0.0,256,1024,0,0.0,264.16329925668026,59.48130004981067,0.0,187.06664035897788,17.61535884789175,0,3531.2290254933714,0,3412.1058254950867,2.6236098950248495e-07,9.993660316310665e-07,2.0790089573184184e-06,3.1666686750015336e-08,9.973441839391732e-08,8.148296910802424e-07,4.286966774676145e-06,heuristic_only,nsga2
0,159,159,train,2.4080453515052795,0.2734375,0.67578125,8,64,512,386.87319999735337,68.31037750399526,3.2959170014652397,40.79254409405212,36.61629999987781,6.0057601360349455,21.932471513457443,27.938231649492387,0.007599985110573471,0.0,11.200464802363493,16.730166862018322,0,20.678556492148427,1323.4276154974993,2097152.0,2,0.5,0.5,0.0,0.0,0.0,75.76177815558484,0.007099995855242014,0.0,58.461438467936716,17.293239691792877,0,1,0,15.698803444567293,60.062974711017546,0.0,1048576,1048576,0,8,4,0.25,2,0.5,0,1,1.0,0.16091838189257093,3,0,3,0.0,2.0,0.5,2.0,3,0.5,0.5,0.0,0.953125,0.046875,0.0,256,1024,0,0.0,449.5953543980504,247.492800001055,0.0,183.5561282986219,18.54642609837352,0,3531.2290254933714,0,3144.355825496018,1.366207550079905e-06,1.3183668005860958e-06,1.690627945280512e-06,3.002880068017473e-08,1.3159482908074463e-07,7.89015388444983e-07,5.325841314152415e-06,heuristic_only,nsga2
0,160,160,train,2.4868140816688538,0.25,0.685546875,8,64,512,415.12890000012703,69.93879056986398,2.6794286384576167,40.46790538977003,36.27389999746811,6.885075082511454,16.190100839498164,23.07517592200962,0.009200011845678091,0.0,12.763796754147535,10.302179156016406,0,19.271076354648393,1233.3488866974972,2097152.0,2,0.5,0.5,0.0,0.0,0.0,73.94669209207902,0.008999995770864189,0.0,56.806033017316615,17.131659078991536,0,1,0,15.588347818749673,58.358344273329344,0.0,1048576,1048576,0,8,4,0.25,2,0.5,0,1,1.0,0.14759070521249812,3,3,0,1.0,0.0,0.0,1.0,0,0.5,0.5,0.0,0.958984375,0.041015625,0.0,256,1024,0,0.0,452.3444983923665,253.823899969575,0.0,181.52616235855848,16.994436064233057,0,3531.2290254933714,0,3116.1001254932444,1.39877581139728e-06,1.0717714553830469e-06,1.6789199305115569e-06,3.442537541255727e-08,9.714060503698897e-08,7.706436165582895e-07,5.05167679429972e-06,heuristic_only,nsga2
0,161,161,train,2.416806221008301,0.24609375,0.69140625,8,64,512,481.89340000681113,77.83078235926266,2.6076591977881223,40.36695318507591,40.157299998099916,5.475317148928828,16.432281348920135,21.907598497848962,0.008500006515532732,0.0,10.527937700986257,11.371160790347174,0,16.601147471078576,1062.4734381490289,2097152.0,2,0.5,0.5,0.0,0.0,0.0,76.21170342658574,0.00750001345295459,0.0,57.94688943337349,18.257313979759296,0,1,0,16.802186343212668,59.409517083373075,0.0,1048576,1048576,0,8,4,0.25,2,0.5,0,1,1.0,0.18595995617580352,3,0,3,0.0,2.0,0.5,2.0,3,0.5,0.5,0.0,0.9560546875,0.0439453125,0.0,256,1024,0,0.0,483.2215789685068,283.7160999770276,0.0,183.9287009887095,15.576778002769643,0,3531.2290254933714,0,3049.3356254865603,1.5566156471852535e-06,1.0430636791152489e-06,1.674702503384666e-06,2.737658574464414e-08,9.85936880935208e-08,7.957214069522828e-07,5.1960735104756166e-06,heuristic_only,nsga2
0,162,162,train,2.4984644651412964,0.244140625,0.65625,8,64,512,434.0081999980612,71.99995383608119,2.5013320589566685,41.23676177003374,38.24120000354014,6.003424697312744,15.704095620686847,21.70752031799959,0.007199996616691351,0.0,12.4942079652352,9.206112356147699,0,18.432788982435714,1179.6984948758857,2097152.0,2,0.5,0.5,0.0,0.0,0.0,81.0947853033466,0.007300011930055916,0.0,62.31102752774316,18.776457763673385,0,1,0,17.38711825497576,63.70766704837084,0.0,1048576,1048576,0,8,4,0.25,2,0.5,0,1,1.0,0.2877900422484528,3,3,0,1.0,0.0,0.0,1.0,0,0.5,0.5,0.0,0.9287109375,0.0712890625,0.0,256,1024,0,0.0,462.9521906602864,258.8026999728754,0.0,187.4155927538621,16.7338979335489,0,3531.2290254933714,0,3097.2208254953102,1.439999076721624e-06,1.0005328235826673e-06,1.7103102599965508e-06,3.001712348656372e-08,9.422457372412107e-08,8.457220895434175e-07,5.120805947054944e-06,heuristic_only,nsga2
0,163,163,train,2.492948591709137,0.259765625,0.646484375,8,64,512,432.69250000594184,74.55823624784996,2.678976945566085,42.27158621425271,36.28729999763891,6.58507228492623,16.803584758614395,23.388657043540626,0.008700008038431406,0.0,11.672641731639473,11.70731530386272,0,18.48883794161489,1183.285628263353,2097152.0,2,0.5,0.5,0.0,0.0,0.0,80.65904857546396,0.009900002623908222,0.0,61.36639526717728,19.282753305662762,0,1,0,18.126284844846793,62.53276373061716,0.0,1048576,1048576,0,8,4,0.25,2,0.5,0,1,1.0,0.11898847320993522,3,0,3,0.0,2.0,0.5,2.0,3,0.5,0.5,0.0,0.9599609375,0.0400390625,0.0,256,1024,0,0.0,478.03519763067493,269.9892000091495,0.0,188.84307851237955,19.202919109145924,0,3531.2290254933714,0,3098.5365254874296,1.4911647249569994e-06,1.071590778226434e-06,1.7570712989601467e-06,3.2925361424631154e-08,1.0082150855168637e-07,8.428430554443333e-07,5.296416727564231e-06,heuristic_only,nsga2
0,164,164,train,2.489078104496002,0.267578125,0.6484375,8,64,512,4297.908000007737,924.5943273745163,2.568489069837314,115.58374352389227,38.08430000208318,14.717208836024398,16.703009321595516,31.420218157619914,0.007599999662488699,0.0,12.531288628004468,18.881329529952957,0,1.8613702616750605,119.12769674720387,2097152.0,2,0.5,0.5,0.0,0.0,0.0,78.5045143379537,0.009000010322779417,0.0,60.319035703530496,18.176478624100422,0,1,0,17.871479714802767,60.63303462315093,0.0,1048576,1048576,0,8,4,0.25,2,0.5,0,1,1.0,0.14759074590838162,3,3,0,1.0,0.0,0.0,1.0,0,0.5,0.5,0.0,0.953125,0.046875,0.0,256,1024,0,0.0,4170.986239872984,3651.7997000191826,0.0,184.8105817674441,334.3759580863566,0,4550.597056500773,0,252.68905649303542,1.8491886547490327e-05,1.0273956279349258e-06,5.2810307320414665e-06,7.3586044180122e-08,1.0021805592957308e-07,8.207881028091425e-07,2.5794905110385557e-05,heuristic_only,nsga2
0,165,165,train,2.351925492286682,0.3046875,0.69921875,8,64,512,415.8358999993652,71.72357303188923,2.4036495926225707,41.359430644922895,37.23739999986719,6.343083125776285,14.610591414141858,20.953674539918143,0.007200011168606579,0.0,11.911954817096857,9.03451971165268,0,19.238311943967005,1231.2519644138883,2097152.0,2,0.5,0.5,0.0,0.0,0.0,75.51135644717252,0.008000002708286047,0.0,56.72786465460031,18.775491789863928,0,1,0,16.98635875986821,58.52499768730431,0.0,1048576,1048576,0,8,4,0.25,2,0.5,0,1,1.0,0.2201412464909665,3,0,3,0.0,2.0,0.5,2.0,3,0.5,0.5,0.0,0.953125,0.046875,0.0,256,1024,0,0.0,461.9466130777388,258.33119999151677,0.0,188.31264448102493,15.302768605197107,0,4550.597056500773,0,4134.761156501408,1.4344714606377847e-06,9.614598370490283e-07,1.7156889627471063e-06,3.171541562888143e-08,8.766354848485115e-08,7.890862819914617e-07,5.020085506539114e-06,heuristic_only,nsga2
0,166,166,train,2.4399396181106567,0.25390625,0.671875,8,64,512,433.0440999910934,72.24012837292324,2.4247133257659135,40.71435948415757,36.03580000344664,6.120388957716698,15.113582713757335,21.233971671474034,0.008199989679269493,0.0,12.063397583007797,9.162374098786968,0,18.473826398600377,1182.324889510424,2097152.0,2,0.5,0.0,0.5,0.0,0.0,44.31313206005119,0.007800001185387373,0.0,25.063392497641935,19.241939561223873,0,1,0,17.335321321368873,0.0,26.97781073868232,1048576,0,1048576,8,4,0.25,2,0.5,0,1,1.0,0.17369072493825644,3,3,0,1.0,0.0,0.0,1.0,0,0.5,0.5,0.0,0.951171875,0.048828125,0.0,256,1024,0,0.0,461.51680473138686,260.02400000288617,0.0,186.13886528077845,15.353939447722295,0,4550.597056500773,0,4117.5529565096795,1.4448025674584649e-06,9.698853303063654e-07,1.6890645140823624e-06,3.060194478858349e-08,9.0681496282544e-08,4.778019632432497e-07,4.702837816161571e-06,heuristic_only,nsga2
0,167,167,train,2.3974429965019226,0.23046875,0.693359375,8,64,512,416.5101000107825,72.03695361624523,2.549445023756703,41.57673843842849,35.2734999905806,5.9335163778475195,15.522588070927023,21.456104448774543,0.00750001345295459,0.0,12.256827544379107,9.191776890942482,0,19.207171188938062,1229.258956092036,2097152.0,2,0.5,0.5,0.0,0.0,0.0,80.81852081379681,0.007499998901039362,0.0,63.05834090230107,17.752679912594694,0,1,0,16.9662355825027,63.852285231294104,0.0,1048576,1048576,0,8,4,0.25,2,0.5,0,1,1.0,0.18595995617580352,3,0,3,0.0,2.0,0.5,2.0,3,0.5,0.5,0.0,0.955078125,0.044921875,0.0,256,1024,0,0.0,464.6525483137217,261.4400000165915,0.0,187.7146127585012,15.497935538629005,0,4550.597056500773,0,4134.08695648999,1.4407390723249046e-06,1.0197780095026811e-06,1.723901350694319e-06,2.96675818892376e-08,9.313552842556213e-08,8.421176793029735e-07,5.149339222139679e-06,heuristic_only,nsga2
0,168,168,train,2.487388849258423,0.255859375,0.654296875,8,64,512,445.4828999878373,75.28641479697632,2.463589970493843,40.154232821458194,36.3906999991741,5.9092690973017445,15.400003550891238,21.309272648192984,0.008000002708286047,0.0,11.666088784413281,9.635183861071416,0,17.958000278390347,1149.3120178169822,2097152.0,2,0.5,0.5,0.0,0.0,0.0,74.23992085243054,0.007299997378140688,0.0,56.65409125732681,17.578529597725606,0,1,0,16.999210211338657,57.240710641091894,0.0,1048576,1048576,0,8,4,0.25,2,0.5,0,1,1.0,0.2201412464909665,3,3,0,1.0,0.0,0.0,1.0,0,0.5,0.5,0.0,0.9541015625,0.0458984375,0.0,256,1024,0,0.0,471.6169503557134,273.9053000113927,0.0,183.09292216075025,14.618728183570465,0,4550.597056500773,0,4105.114156512936,1.5057282959395265e-06,9.854359881975372e-07,1.662030083039132e-06,2.9546345486508725e-08,9.240002130534741e-08,7.763976289469829e-07,5.051538362915034e-06,heuristic_only,nsga2
0,169,169,train,2.4219664335250854,0.265625,0.69140625,8,64,512,435.36600000516046,71.27775784189691,2.5643883382003394,42.85588495136096,35.83599999547005,6.500276001588775,16.412702810680077,22.912978812268854,0.009099981980398297,0.0,12.274848251488557,10.629030578799899,0,18.375301756690735,1176.019312428207,2097152.0,2,0.5,0.5,0.0,0.0,0.0,75.00262649412957,0.007700000423938036,0.0,56.48801999673679,18.50690649696884,0,1,0,16.70913384222281,58.29349265190676,0.0,1048576,1048576,0,8,4,0.25,2,0.5,0,1,1.0,0.26061071707684524,3,0,3,0.0,2.0,0.5,2.0,3,0.5,0.5,0.0,0.9365234375,0.0634765625,0.0,256,1024,0,0.0,466.79212452583283,258.49280004331376,0.0,185.36949338141142,22.929831101107702,0,4550.597056500773,0,4115.231056495612,1.4255551568379385e-06,1.0257553352801357e-06,1.7849860023755997e-06,3.250138000794388e-08,9.847621686408044e-08,7.834445326257413e-07,5.150718623991439e-06,heuristic_only,nsga2
0,170,170,train,2.5004671216011047,0.27734375,0.65625,8,64,512,435.46569999307394,72.30024285696874,2.7550354055262707,40.90728958116905,38.47850000602193,6.07721677992253,16.977650169138,23.05486694906053,0.007199996616691351,0.0,11.3527715756039,11.694895376839938,0,18.371094736123887,1175.7500631119287,2097152.0,2,0.5,0.5,0.0,0.0,0.0,80.94406608382678,0.006999995093792677,0.0,63.42383094395109,17.513235144781895,0,1,0,17.573133393245584,63.3709326905812,0.0,1048576,1048576,0,8,4,0.25,2,0.5,0,1,1.0,0.16091838189257093,3,3,0,1.0,0.0,0.0,1.0,0,0.5,0.5,0.0,0.953125,0.046875,0.0,256,1024,0,0.0,463.85027137465624,261.32479998341296,0.0,186.74263233533568,15.782839055907624,0,4550.597056500773,0,4115.131356507699,1.4460048571393748e-06,1.1020141622105081e-06,1.6936190353818985e-06,3.038608389961265e-08,1.0186590101482798e-07,8.445869276247589e-07,5.21847696727098e-06,heuristic_only,nsga2
0,171,171,train,2.456989586353302,0.240234375,0.666015625,8,64,512,415.06919999665115,72.06018456193164,2.6172943510268887,40.918111572049284,45.33629999787081,5.511482905670602,17.106182474292744,22.617665379963345,0.007199996616691351,0.0,11.016949462518625,11.59351592082803,0,19.273848134760208,1233.5262806246533,2097152.0,2,0.5,0.5,0.0,0.0,0.0,82.67891417711758,0.01030000566970557,0.0,62.97240810432029,19.69620606712757,0,1,0,17.464937703409042,65.21397647370853,0.0,1048576,1048576,0,8,4,0.25,2,0.5,0,1,1.0,0.2091524583687337,3,0,3,0.0,2.0,0.5,2.0,3,0.5,0.5,0.0,0.951171875,0.048828125,0.0,256,1024,0,0.0,462.3823619400313,261.8480999954045,0.0,183.14189452195984,17.39236742266693,0,4550.597056500773,0,4135.527856504122,1.4412036912386331e-06,1.0469177404107556e-06,1.697321186563145e-06,2.755741452835301e-08,1.0263709484575646e-07,8.617190171779938e-07,5.177356144764636e-06,heuristic_only,nsga2
0,172,172,train,2.6694802045822144,0.216796875,0.609375,8,64,512,269.315400000778,44.72965451751734,2.8555488301538223,42.94322276810535,98.87840000737924,12.4701284827086,17.96768668232525,30.43781516503385,0.009599985787644982,0.0,11.15126353467779,19.276951644568413,0,29.70483787833526,1901.1096242134565,2097152.0,2,0.5,0.5,0.0,0.0,0.0,79.28092461657532,0.008200004231184721,0.0,59.8703291240884,19.40239548825574,0,1,0,18.191989398895828,61.08893521767949,0.0,1048576,1048576,0,8,4,0.25,2,0.5,0,1,1.0,0.18595995617580352,3,3,0,1.0,0.0,0.0,1.0,0,0.5,0.5,0.0,0.951171875,0.048828125,0.0,256,1024,0,0.0,362.1137044631061,139.64870003110263,0.0,185.3992583790997,37.06574605290373,0,4550.597056500773,0,4281.281656499995,8.945930903503469e-07,1.142219532061529e-06,1.789317642689136e-06,6.2350642413543e-08,1.078061200939515e-07,8.291932249635448e-07,4.82548025257205e-06,heuristic_only,nsga2
0,173,173,train,2.4702282547950745,0.263671875,0.66796875,8,64,512,354.7394999914104,62.50214509211751,2.4870619225437904,41.617832650535206,36.41829999105539,5.878331306580425,13.979028064513303,19.85735937109373,0.00859999272506684,0.0,11.080454352062837,8.768305026305823,0,22.551696240473557,1443.3085593903077,2097152.0,2,0.5,0.5,0.0,0.0,0.0,79.86933983804471,0.007200011168606579,0.0,60.653194017498684,19.208945809377404,0,1,0,18.07832761573662,61.79101222230808,0.0,1048576,1048576,0,8,4,0.25,2,0.5,0,1,1.0,0.30459390115263907,3,0,3,0.0,2.0,0.5,2.0,3,0.5,0.5,0.0,0.943359375,0.056640625,0.0,256,1024,0,0.0,426.42815866078604,224.37630000058562,0.0,185.58692735631655,16.464931303883816,0,4550.597056500773,0,4195.857556509362,1.2500429018423503e-06,9.948247690175164e-07,1.727770485736891e-06,2.9391656532902132e-08,8.38741683870798e-08,8.348500536119203e-07,4.92075403512866e-06,heuristic_only,nsga2
0,174,174,train,2.525476813316345,0.2890625,0.66015625,8,64,512,169.0882000111742,11.609998627754635,2.605608652466498,62.402096367525985,66.04679999873042,6.82130342929462,18.34709073339307,25.16839416268769,0.007599999662488699,0.0,12.911578768222286,12.249215394802913,0,47.31230616426905,3027.9875945132194,2097152.0,2,0.0,0.5,0.5,0.0,0.0,84.0083387274274,0.008600007276982069,0.0,66.09806183652401,17.901676883626415,0,1,0,0.0,58.595624267433806,25.412714459993595,0,1048576,1048576,8,4,0.25,2,0.5,0,1,1.0,0.26061071707684524,3,3,0,1.0,0.0,0.0,1.0,0,0.5,0.5,0.0,0.9423828125,0.0576171875,0.0,256,1024,0,0.0,306.4708145909884,105.21609998249914,0.0,185.21174362918345,16.04297097930587,0,4550.597056500773,0,4381.508856489599,2.321999725550927e-07,1.0422434609865993e-06,2.5533000907224097e-06,3.4106517146473103e-08,1.1008254440035841e-07,8.909088161942611e-07,4.862841402005195e-06,heuristic_only,nsga2
0,175,175,train,2.4908589124679565,0.28125,0.654296875,8,64,512,178.7721999862697,25.717940363869157,3.215963989061213,43.56362013662741,49.88460001186468,6.049262827376497,21.907011000588053,27.95627382796455,0.008300004992634058,0.0,11.254140329945027,16.693833493026887,0,44.74943671990222,2863.963950073742,2097152.0,2,0.5,0.5,0.0,0.0,0.0,77.24871299359341,0.008100003469735384,0.0,59.241620634595286,17.998992355528394,0,1,0,16.935192577857443,60.313520415735965,0.0,1048576,1048576,0,8,4,0.25,2,0.5,0,1,1.0,0.16091842229213763,3,0,3,0.0,2.0,0.5,2.0,3,0.5,0.5,0.0,0.94921875,0.05078125,0.0,256,1024,0,0.0,289.9900979582311,74.09840004402213,0.0,186.00214756648904,29.889550347719947,0,4550.597056500773,0,4371.824856514503,5.143588072773832e-07,1.2863855956244852e-06,1.8237749767241982e-06,3.024631413688249e-08,1.314420660035283e-07,8.063575150916489e-07,4.5925652748581264e-06,heuristic_only,nsga2
0,176,176,train,2.488429546356201,0.314453125,0.673828125,8,64,512,463.30509999825153,75.22599056551957,2.574478935220196,41.905135488092796,48.887899989495054,6.316237218323899,17.734322838831943,24.05056005715584,0.008099988917820156,0.0,12.213402334506856,11.829057733731167,0,17.26720196438206,1105.1009257204519,2097152.0,2,0.5,0.5,0.0,0.0,0.0,79.18068714571477,0.007399983587674797,0.0,60.13885603184598,19.03443113028111,0,1,0,16.5438675184389,62.63681962727587,0.0,1048576,1048576,0,8,4,0.25,2,0.5,0,1,1.0,0.16091838189257093,3,3,0,1.0,0.0,0.0,1.0,0,0.5,0.5,0.0,0.9501953125,0.0498046875,0.0,256,1024,0,0.0,478.82241995533025,272.46299995749723,0.0,188.61216687327266,17.747253124560274,0,4550.597056500773,0,4087.2919565025213,1.5045198113103911e-06,1.0297915740880783e-06,1.7380538100442165e-06,3.1581186091619494e-08,1.0640593703299163e-07,8.248946064940255e-07,5.235246925061322e-06,heuristic_only,nsga2
0,177,177,train,2.444448411464691,0.29296875,0.669921875,8,64,512,463.65140000125393,76.50250007528169,2.6555085384046127,41.15420481274474,36.25229999306612,6.324139592707182,15.454531047536769,21.778670640243952,0.007599985110573471,0.0,11.514895749668,10.256174905465375,0,17.254305164770773,1104.2755305453295,2097152.0,2,0.5,0.5,0.0,0.0,0.0,76.77038197867212,0.007499998901039362,0.0,58.56344689266865,18.199435087102426,0,1,0,16.98086227511827,59.78951970355385,0.0,1048576,1048576,0,8,4,0.25,2,0.5,0,1,1.0,0.2091524583687337,3,0,3,0.0,2.0,0.5,2.0,3,0.5,0.5,0.0,0.9521484375,0.0478515625,0.0,256,1024,0,0.0,481.2488537057242,276.8010000436334,0.0,187.95933534219046,16.488518319900276,0,4550.597056500773,0,4086.945656499519,1.530050001505634e-06,1.0622034153618452e-06,1.705876430485948e-06,3.162069796353591e-08,9.27271862852206e-08,8.016655443369578e-07,5.224143275939142e-06,heuristic_only,nsga2
0,178,178,train,2.425267994403839,0.322265625,0.671875,8,64,512,416.3325999979861,70.48305587390269,2.476347663563686,41.594830883707054,40.12710000097286,6.3565246969348035,15.100186761459643,21.456711458394444,0.008000002708286047,0.0,12.608501823779935,8.840209631906225,0,19.215359990254687,1229.7830393763,2097152.0,2,0.5,0.0,0.5,0.0,0.0,41.93013842485192,0.007100010407157242,0.0,23.129180672820134,18.793857741624624,0,1,0,17.139070409143006,0.0,24.79106801570891,1048576,0,1048576,8,4,0.25,2,0.5,0,1,1.0,0.19776865982085054,3,3,0,1.0,0.0,0.0,1.0,0,0.5,0.5,0.0,0.9501953125,0.0498046875,0.0,256,1024,0,0.0,458.2169376846937,253.78379998437595,0.0,189.26333841054515,15.169799289772612,0,4550.597056500773,0,4134.264456502787,1.4096611174780539e-06,9.905390654254744e-07,1.7244535013283247e-06,3.178262348467402e-08,9.060112056875785e-08,4.535795250668052e-07,4.70061695335209e-06,heuristic_only,nsga2
0,179,179,train,2.414976119995117,0.2734375,0.677734375,8,64,512,117.07400000886992,12.887897109148888,2.5212202177863468,50.085228654063684,36.833499994827434,6.680550733527268,15.542111869891816,22.22266260341908,0.008100003469735384,0.0,12.872648430343546,9.341914169605802,0,68.33226563650564,4373.265000736361,2097152.0,2,0.5,0.5,0.0,0.0,0.0,76.87795247802197,0.007399983587674797,0.0,59.04958499184508,17.82096750258921,0,1,0,17.58492438206199,59.293028095959976,0.0,1048576,1048576,0,8,4,0.25,2,0.5,0,1,1.0,0.2091524583687337,3,0,3,0.0,2.0,0.5,2.0,3,0.5,0.5,0.0,0.9404296875,0.0595703125,0.0,256,1024,0,0.0,261.97738392399566,58.491600037086755,0.0,185.9353359396996,17.550447947209296,0,2622.313886498585,0,2505.239886489715,2.577579421829778e-07,1.0084880871145386e-06,2.0630645434312245e-06,3.340275366763634e-08,9.325267121935089e-08,8.039493735443437e-07,4.259915371160072e-06,heuristic_only,nsga2
0,180,180,train,2.348051130771637,0.2734375,0.701171875,8,64,512,436.9353000074625,70.91451032610775,2.666786732927088,40.55212407413918,45.65500000899192,6.6440429452838385,16.795179415116934,23.439222360400773,0.009499985026195645,0.0,12.193717524645168,11.236004850729412,0,18.309305040261858,1171.795522576759,2097152.0,2,0.5,0.5,0.0,0.0,0.0,76.793396419087,0.007300011930055916,0.0,58.4117459611777,18.37435044597924,0,1,0,18.108383128381284,58.68501329070571,0.0,1048576,1048576,0,8,4,0.25,2,0.5,0,1,1.0,0.241032865595602,3,3,0,1.0,0.0,0.0,1.0,0,0.5,0.5,0.0,0.9541015625,0.0458984375,0.0,256,1024,0,0.0,456.53368453269604,255.62340000760742,0.0,184.53885093658292,16.371433588505734,0,2622.313886498585,0,2185.3785864911224,1.418290206522155e-06,1.0667146931708352e-06,1.6787522353427932e-06,3.322021472641919e-08,1.007710764907016e-07,8.041507304476326e-07,5.101899156700538e-06,heuristic_only,nsga2
0,181,181,train,2.3936729431152344,0.3125,0.697265625,8,64,512,415.4837999958545,71.09240016559,2.5281718135310607,40.815568035011864,41.166299997712485,5.961780100900781,15.952326156064256,21.914106256965038,0.00890000956133008,0.0,11.69925580985198,10.205950437551728,0,19.254615331487027,1232.2953812151698,2097152.0,2,0.5,0.5,0.0,0.0,0.0,77.16011903884555,0.00680002267472446,0.0,58.81957479159642,18.333744224574392,0,1,0,16.414744815454227,60.745374223391316,0.0,1048576,1048576,0,8,4,0.25,2,0.5,0,1,1.0,0.26994862967019156,3,0,3,0.0,2.0,0.5,2.0,3,0.5,0.5,0.0,0.9580078125,0.0419921875,0.0,256,1024,0,0.0,457.7445600565317,257.5589000189211,0.0,183.90897180861782,16.276688228992782,0,2622.313886498585,0,2206.8300865027304,1.4218480033118003e-06,1.0112687254124243e-06,1.6921182159975282e-06,2.980890050450391e-08,9.571395693638552e-08,8.04430680019364e-07,5.055188482182005e-06,heuristic_only,nsga2
0,182,182,train,2.4520398378372192,0.240234375,0.689453125,8,64,512,416.82460000447463,71.52083099311457,2.4888626481636167,41.57006957803236,35.67260000272654,6.033512933100818,14.922195408865793,20.955708341966613,0.007700000423938036,0.0,12.128491896607997,8.819516444934676,0,19.192679144261103,1228.3314652327106,2097152.0,2,0.5,0.5,0.0,0.0,0.0,75.00983055111917,0.009499999578110874,0.0,56.811364090330564,18.188966461210487,0,1,0,17.053972198233712,57.95585835288545,0.0,1048576,1048576,0,8,4,0.25,2,0.5,0,1,1.0,0.16091842229213763,3,3,0,1.0,0.0,0.0,1.0,0,0.5,0.5,0.0,0.9541015625,0.0458984375,0.0,256,1024,0,0.0,462.31905287724214,260.64639998367056,0.0,185.53977268058776,16.13288021298388,0,2622.313886498585,0,2205.4892864941103,1.4304166198622915e-06,9.955450592654467e-07,1.7247814902959984e-06,3.016756466550409e-08,8.953317245319475e-08,7.842062499076591e-07,5.054650156450095e-06,heuristic_only,nsga2
0,183,183,train,2.318860709667206,0.3203125,0.6875,8,64,512,7624.949200006085,1590.4070710415272,4.577464582370337,285.252370757923,58.322500000940636,11.17922394254299,33.802460179156014,44.981684121699004,0.01300001167692244,0.0,11.475281367277233,33.493402742744856,0,1.0491871802642876,67.1479795369144,2097152.0,2,0.5,0.5,0.0,0.0,0.0,75.6696162094762,0.008000002708286047,0.0,58.244762249319436,17.41685395744848,0,1,0,16.532238195262046,59.137378014214164,0.0,1048576,1048576,0,8,4,0.25,2,0.5,0,1,1.0,0.241032865595602,3,0,3,0.0,2.0,0.5,2.0,3,0.5,0.5,0.0,0.9462890625,0.0537109375,0.0,256,1024,0,0.0,7520.947625527283,6324.551700017764,0.0,186.34834430289905,1010.0475812066194,0,4550.597056500773,1,-3074.3521435053126,3.180814142083055e-05,1.8309858329481348e-06,1.342272952284386e-05,5.589611971271496e-08,2.0281476107493607e-07,7.897606384852862e-07,4.811032829589548e-05,heuristic_only,nsga2
0,184,184,train,2.4990416169166565,0.25390625,0.66015625,8,64,512,449.7810000029858,75.26068283196375,2.5270418376118986,41.33345550732019,36.289099996793084,5.778021163785916,15.796692120799074,21.57471328458499,0.007700014975853264,0.0,10.988739159586018,10.57827411002312,0,17.786394297563916,1138.3292350440906,2097152.0,2,0.5,0.5,0.0,0.0,0.0,79.702216220771,0.008700008038431406,0.0,62.1021642546881,17.59135195804447,0,1,0,17.392220973491828,62.309995247279176,0.0,1048576,1048576,0,8,4,0.25,2,0.5,0,1,1.0,0.16091838189257093,3,3,0,1.0,0.0,0.0,1.0,0,0.5,0.5,0.0,0.951171875,0.048828125,0.0,256,1024,0,0.0,476.48472070758334,274.5678999926895,0.0,185.97106768465662,15.945753030237208,0,4550.597056500773,0,4100.816056497787,1.5052136566392748e-06,1.0108167350447595e-06,1.7112684625147269e-06,2.8890105818929585e-08,9.478015272479443e-08,8.318066041546937e-07,5.182775716897179e-06,heuristic_only,nsga2
0,185,185,train,2.4107848405838013,0.265625,0.66796875,8,64,512,420.4911999986507,73.02270857680644,2.521656401393418,41.37427598367559,35.173399999621324,6.199436036740597,16.240373327280665,22.43980936402126,0.007599999662488699,0.0,12.496680601302895,9.93552876305588,0,19.025323180847757,1217.6206835742564,2097152.0,2,0.5,0.5,0.0,0.0,0.0,78.40037927961177,0.008000002708286047,0.0,60.46057010454794,17.93180917235554,0,1,0,17.259939484991975,61.140439794619795,0.0,1048576,1048576,0,8,4,0.25,2,0.5,0,1,1.0,0.2606107547134336,3,0,3,0.0,2.0,0.5,2.0,3,0.5,0.5,0.0,0.951171875,0.048828125,0.0,256,1024,0,0.0,467.67456384750176,265.19619999453425,0.0,187.1849411247079,15.293422728259621,0,2838.771573008041,0,2418.28037300939,1.4604541715361288e-06,1.0086625605573673e-06,1.712664470138126e-06,3.0997180183702984e-08,9.744223996368397e-08,8.185236717661017e-07,5.128744294145112e-06,heuristic_only,nsga2
0,186,186,train,2.486778438091278,0.263671875,0.658203125,8,64,512,484.3446999875596,77.61432049801068,2.4606742254351435,40.80595920758016,36.96209999907296,6.584929338077709,14.698820659725047,21.283749997802758,0.007499998901039362,0.0,11.753748900040652,9.522501098861065,0,16.51712815909273,1057.0962021819348,2097152.0,2,0.5,0.5,0.0,0.0,0.0,80.86648907943356,0.007099995855242014,0.0,62.45366867041545,18.40572041316288,0,1,0,17.329473290948414,63.53701578848516,0.0,1048576,1048576,0,8,4,0.25,2,0.5,0,1,1.0,0.25097716417141425,3,3,0,1.0,0.0,0.0,1.0,0,0.5,0.5,0.0,0.9443359375,0.0556640625,0.0,256,1024,0,0.0,483.5238157241039,281.33279997564387,0.0,187.43328949182907,14.757726256630981,0,2839.9849664985113,0,2355.6402665109517,1.5522864099602138e-06,9.842696901740574e-07,1.6905355503590689e-06,3.292464669038855e-08,8.819292395835027e-08,8.433238373762326e-07,5.191533058518312e-06,heuristic_only,nsga2
0,187,187,train,2.5240139961242676,0.25390625,0.662109375,8,64,512,149.3077000050107,11.43523048507937,2.344348205335525,61.934241770171994,48.942599998554215,5.711339629609677,15.270580753514691,20.98192038312437,0.008899995009414852,0.0,12.114155830530677,8.858864557584276,0,53.58026692169663,3429.137082988584,2097152.0,2,0.5,0.0,0.5,0.0,0.0,43.43459537556973,0.006400005077011883,0.0,24.2929951247378,19.135200245754913,0,1,0,16.52683972567709,0.0,26.907755649892636,1048576,0,1048576,8,4,0.25,2,0.5,0,1,1.0,0.20915249756217386,3,0,3,0.0,2.0,0.5,2.0,3,0.5,0.5,0.0,0.953125,0.046875,0.0,256,1024,0,0.0,302.85528184234755,103.56070000852924,0.0,185.45837725522102,13.836204578597291,0,2839.9849664985113,0,2690.6772664935006,2.2870460970158743e-07,9.377392821342101e-07,2.5369827605965083e-06,2.8556698148048388e-08,9.162348452108813e-08,4.6739963320705144e-07,4.291006468308494e-06,heuristic_only,nsga2
0,188,188,train,2.489217162132263,0.2421875,0.6640625,8,64,512,415.5119999923045,71.27684339665261,2.3229449450763333,42.198304845203076,38.31999999238178,6.223959724206059,15.524798519560784,21.748758243766844,0.007600014214403927,0.0,11.806412970600421,9.934745258952018,0,19.25330856109957,1232.2117479103724,2097152.0,2,0.5,0.5,0.0,0.0,0.0,76.65116380645208,0.007099995855242014,0.0,58.21851431717394,18.425549493422892,0,1,0,18.099797716105904,58.55136609034617,0.0,1048576,1048576,0,8,4,0.25,2,0.5,0,1,1.0,0.2307606527190679,3,3,0,1.0,0.0,0.0,1.0,0,0.5,0.5,0.0,0.9404296875,0.0595703125,0.0,256,1024,0,0.0,463.1923727477281,256.5009000391001,0.0,189.72339291110984,16.96807979751813,0,2839.9849664985113,0,2424.472966506207,1.4255368679330523e-06,9.291779780305334e-07,1.7516630530423322e-06,3.1119798621030295e-08,9.314879111736469e-08,8.027112334967326e-07,5.033357722241046e-06,heuristic_only,nsga2
0,189,189,train,2.4668926000595093,0.2890625,0.65625,8,64,512,2747.715399993467,364.46199205572987,2.7074520628454426,216.47019888178104,48.16249999566935,6.214956359559311,16.004585724757128,22.219542084316437,0.008300004992634058,0.0,11.465108035079066,10.746134044244737,0,2.91150862586074,186.33655205508737,2097152.0,2,0.5,0.5,0.0,0.0,0.0,76.76899981898269,0.008000002708286047,0.0,59.47627216666833,17.284727649606076,0,1,0,16.386098851886068,60.382900967096624,0.0,1048576,1048576,0,8,4,0.25,2,0.5,0,1,1.0,0.2201412464909665,3,0,3,0.0,2.0,0.5,2.0,3,0.5,0.5,0.0,0.9541015625,0.0458984375,0.0,256,1024,0,0.0,2334.5585720014255,1428.9665999967838,0.0,189.91773783530044,715.6742341693413,0,3960.353463001443,0,1212.6380630079757,7.289239841114597e-06,1.0829808251381772e-06,1.0117012377001635e-05,3.1074781797796555e-08,9.602751434854276e-08,8.004621958935991e-07,1.9416797535294352e-05,heuristic_only,nsga2
0,190,190,train,2.616257131099701,0.216796875,0.63671875,8,64,512,416.5886999981012,69.99435017755864,2.5523922535703853,41.05938409710696,36.32469999138266,6.1216893739452765,15.641161012490844,21.76285038643612,0.008099988917820156,0.0,10.91943107826308,10.83531931925522,0,19.203547279340953,1229.027025877821,2097152.0,2,0.5,0.5,0.0,0.0,0.0,78.70557922941504,0.007399998139590025,0.0,60.93505114600072,17.763128085274726,0,1,0,16.670140027691666,62.03543920172337,0.0,1048576,1048576,0,8,4,0.25,2,0.5,0,1,1.0,0.17369072493825644,3,3,0,1.0,0.0,0.0,1.0,0,0.5,0.5,0.0,0.9541015625,0.0458984375,0.0,256,1024,0,0.0,454.42450611294396,251.78730000334326,0.0,186.00088606785354,16.63632004174717,0,3960.353463001443,0,3543.7647630033416,1.3998870035511731e-06,1.0209569014281543e-06,1.7057137826910824e-06,3.0608446869726384e-08,9.384696607494507e-08,8.203960723495338e-07,5.071409172964615e-06,heuristic_only,nsga2
0,191,191,train,2.398946523666382,0.3046875,0.7109375,8,64,512,419.2094000027282,72.68987223819944,2.474191304372909,41.12127770107234,35.15180000977125,6.008080555570928,14.118335009928884,20.126415565499812,0.00960000033956021,0.0,11.229591006071537,8.887224559088715,0,19.08349602001271,1221.3437452808134,2097152.0,2,0.5,0.5,0.0,0.0,0.0,75.65609018571746,0.007100010407157242,0.0,57.258159253557636,18.390830921752666,0,1,0,16.23188608982729,59.42420409589017,0.0,1048576,1048576,0,8,4,0.25,2,0.5,0,1,1.0,0.2307606527190679,3,0,3,0.0,2.0,0.5,2.0,3,0.5,0.5,0.0,0.9541015625,0.0458984375,0.0,256,1024,0,0.0,465.1413649745788,264.8068999988027,0.0,185.44652875005585,14.887936225720235,0,3960.353463001443,0,3541.1440629987146,1.453797444763989e-06,9.896765217491635e-07,1.7025686545656914e-06,3.004040277785464e-08,8.47100100595733e-08,7.890246740368292e-07,5.0498177079531e-06,heuristic_only,nsga2
0,192,192,train,2.4586365818977356,0.2578125,0.67578125,8,64,512,449.61499999044463,75.90524106291068,2.4424120583644284,40.136545594442296,45.14869999547955,6.360659363727721,15.400658242720489,21.76131760644821,0.007899987394921482,0.0,11.60396726726099,10.149450351792298,0,17.79296110496517,1138.7495107177708,2097152.0,2,0.5,0.5,0.0,0.0,0.0,79.07876475871598,0.007200011168606579,0.0,60.95772365244718,18.11384109510019,0,1,0,18.28365924753568,60.795105511180296,0.0,1048576,1048576,0,8,4,0.25,2,0.5,0,1,1.0,0.2877900422484528,3,3,0,1.0,0.0,0.0,1.0,0,0.5,0.5,0.0,0.9365234375,0.0634765625,0.0,256,1024,0,0.0,473.93679486286965,276.90360000997316,0.0,181.29910681382614,15.734088039070322,0,3960.353463001443,0,3510.738463010998,1.5181048212582137e-06,9.769648233457715e-07,1.6614863921433293e-06,3.180329681863861e-08,9.240394945632292e-08,8.273549660822311e-07,5.108118249104507e-06,heuristic_only,nsga2
0,193,193,train,2.3541011810302734,0.318359375,0.701171875,8,64,512,470.13349999906495,80.24391107662115,2.6286973397599946,41.58360360985239,50.156600002082996,5.633029775057148,16.34116130984873,21.974191084905875,0.009199997293762863,0.0,11.640309211882975,10.324681875729139,0,17.01640700696484,1089.0500484457498,2097152.0,2,0.5,0.5,0.0,0.0,0.0,78.85666560031062,0.007099995855242014,0.0,60.217256397604345,18.632309206851037,0,1,0,17.732861754996264,61.123803845314356,0.0,1048576,1048576,0,8,4,0.25,2,0.5,0,1,1.0,0.19776865982085054,3,0,3,0.0,2.0,0.5,2.0,3,0.5,0.5,0.0,0.9521484375,0.0478515625,0.0,256,1024,0,0.0,497.82484810493406,291.8855999741936,0.0,187.5927820406815,18.346466090058975,0,3960.353463001443,0,3490.219963002378,1.6048782215324226e-06,1.051478935903998e-06,1.7279141482115061e-06,2.8165148875285743e-08,9.804696785909237e-08,8.240323795130988e-07,5.334515801895404e-06,heuristic_only,nsga2
0,194,194,train,2.3383811116218567,0.318359375,0.701171875,8,64,512,415.9361999918474,71.12993477154572,2.5365853909424936,40.365255697896174,39.137900006608106,6.472416018122058,15.191453150103715,21.663869168225773,0.007800001185387373,0.0,12.210805515258055,9.445263651782328,0,19.233672775978693,1230.9550576626364,2097152.0,2,0.5,0.5,0.0,0.0,0.0,80.21235303486628,0.010700008715502918,0.0,61.53936996186345,18.662283064287333,0,1,0,16.662250999489274,63.55010203537701,0.0,1048576,1048576,0,8,4,0.25,2,0.5,0,1,1.0,0.32801682348543953,3,3,0,1.0,0.0,0.0,1.0,0,0.5,0.5,0.0,0.9423828125,0.0576171875,0.0,256,1024,0,0.0,456.12710344153754,258.059100000537,0.0,181.52809278247676,16.53991065852383,0,1902.1184434898828,0,1486.1822434980354,1.4225986954309146e-06,1.0146341563769977e-06,1.674255514649909e-06,3.236208009061029e-08,9.114871890062227e-08,8.354480323476413e-07,5.070447197796694e-06,heuristic_only,nsga2
0,195,195,train,2.4448359608650208,0.275390625,0.70703125,8,64,512,383.8568000064697,68.45190323468006,3.361836765014379,40.62858220529213,37.47339999245014,6.4050736366036265,23.77452121797751,30.17959485458114,0.007599999662488699,0.0,12.642692272115404,17.529302582803247,0,20.841051034693486,1333.827266220383,2097152.0,2,0.5,0.5,0.0,0.0,0.0,78.55453560968708,0.007800001185387373,0.0,60.764872047898436,17.781863560603256,0,1,0,16.485586539984443,62.06894906970263,0.0,1048576,1048576,0,8,4,0.25,2,0.5,0,1,1.0,0.13364216641330787,3,0,3,0.0,2.0,0.5,2.0,3,0.5,0.5,0.0,0.9521484375,0.0478515625,0.0,256,1024,0,0.0,449.7692888199463,245.6741999631049,0.0,184.71225923217042,19.382829624670993,0,1902.1184434898828,0,1518.261643483413,1.3690380646936013e-06,1.3447347060057515e-06,1.684489827072477e-06,3.202536818301813e-08,1.4264712730786506e-07,8.185165291768396e-07,5.391451622439552e-06,heuristic_only,nsga2
0,196,196,train,2.3702679872512817,0.3046875,0.703125,8,64,512,431.90519999188837,72.5413520048467,2.5414318425496094,40.682530436047855,38.505299991811626,6.571782694632212,16.718847255835183,23.290629950467395,0.008499991963617504,0.0,12.976640849505664,10.305489108998113,0,18.522540311183885,1185.4425799157686,2097152.0,2,0.5,0.5,0.0,0.0,0.0,81.74627208835219,0.007400012691505253,0.0,62.943328550737554,18.79554352492312,0,1,0,17.422876213917043,64.32339587443514,0.0,1048576,1048576,0,8,4,0.25,2,0.5,0,1,1.0,0.16091838189257093,3,3,0,1.0,0.0,0.0,1.0,0,0.5,0.5,0.0,0.955078125,0.044921875,0.0,256,1024,0,0.0,463.0612571337766,263.6493000172777,0.0,184.24155317127702,15.170403945221892,0,1902.1184434898828,0,1470.2132434979944,1.4508270400969342e-06,1.016572737019844e-06,1.6867226710116358e-06,3.285891347316106e-08,1.0031308353501108e-07,8.52308473311356e-07,5.139602918447941e-06,heuristic_only,nsga2
0,197,197,train,2.346427857875824,0.306640625,0.724609375,8,64,512,460.7821000099648,77.59906626718947,2.4786850163114797,40.244485281761236,40.60160000517499,6.579898015664217,16.329402045752808,22.909300061417024,0.009600014891475439,0.0,12.421744485590184,10.477955560935364,0,17.361747858866774,1111.1518629674736,2097152.0,2,0.5,0.0,0.5,0.0,0.0,42.29433262403745,0.007899987394921482,0.0,23.638599718407,18.647832918235533,0,1,0,16.43580432341705,0.0,25.858528300620407,1048576,0,1048576,8,4,0.25,2,0.5,0,1,1.0,0.19776865982085054,3,0,3,0.0,2.0,0.5,2.0,3,0.5,0.5,0.0,0.9521484375,0.0478515625,0.0,256,1024,0,0.0,481.28894626104875,282.7440999826649,0.0,182.68600656928928,15.858839709094573,0,1902.1184434898828,0,1441.336343479918,1.5519813253437895e-06,9.91474006524592e-07,1.6670560648433477e-06,3.2899490078321086e-08,9.797641227451683e-08,4.5581493488720863e-07,4.797202233951776e-06,heuristic_only,nsga2
0,198,198,train,2.563192844390869,0.263671875,0.599609375,8,64,512,347.4272000021301,61.47911529472438,2.499144876914734,41.326150144221266,42.834099993342534,6.084798498325385,15.58818071841391,21.672979216739293,0.008799994247965515,0.0,11.87597334278457,9.788205879706759,0,23.02634040630827,1473.6857860037294,2097152.0,2,0.0,0.5,0.5,0.0,0.0,87.83609658988954,0.009400013368576765,0.0,69.88075014094687,17.945946435574072,0,1,0,0.0,61.57627711512172,26.25981947476781,0,1048576,1048576,8,4,0.25,2,0.5,0,1,1.0,0.26061071707684524,3,3,0,1.0,0.0,0.0,1.0,0,0.5,0.5,0.0,0.9453125,0.0546875,0.0,256,1024,0,0.0,421.2176412634415,218.0341999628581,0.0,186.89861908394252,16.284822216640897,0,1902.1184434898828,0,1554.6912434877527,1.2295823058944877e-06,9.996579507658936e-07,1.714511608630296e-06,3.042399249162693e-08,9.352908431048344e-08,9.30880604848431e-07,4.9985855469412185e-06,heuristic_only,nsga2
0,199,199,train,2.5408725142478943,0.271484375,0.65234375,8,64,512,4234.479199993075,946.6857631160086,2.5487046728976157,41.09016154230451,49.64109999127686,302.12065733160296,16.60526950442549,318.72592683602846,0.0109999964479357,0.0,11.48685767026761,307.2280691693129,0,1.8892519558866006,120.91212517674244,2097152.0,2,0.0,0.5,0.5,0.0,0.0,86.55532141843847,0.008699993486516178,0.0,69.15597101985259,17.39065040509936,0,1,0,0.0,60.64723017127345,25.908091247165018,0,1048576,1048576,8,4,0.25,2,0.5,0,1,1.0,0.18595995617580352,3,0,3,0.0,2.0,0.5,2.0,3,0.5,0.5,0.0,0.9541015625,0.0458984375,0.0,256,1024,0,0.0,3961.298517324843,3137.068400013959,0.0,184.2671491540516,639.9629681568323,0,3921.9790389925724,1,-312.50016100050243,1.8933715262320174e-05,1.0194818691590462e-06,1.7095857296496405e-06,1.510603286658015e-06,9.963161702655292e-08,9.173693966787147e-07,2.4190387161492146e-05,heuristic_only,nsga2
0,200,200,val,2.9041388630867004,0.236328125,0.58984375,8,64,512,420.8968000020832,71.7190649191681,2.632223565726232,91.96484020042732,0.0,0.0,0.0,0.0,0.0,0.0,0.0,0.0,0,19.006989345062877,1216.4473180840241,0.0,0,0.0,0.0,0.0,0.0,0.0,0.0,0.0,0.0,0.0,0.0,0,0,0,0.0,0.0,0.0,0,0,0,8,4,0.25,2,0.5,2,1,1.0,0.18595995617580352,0,0,0,0.0,0.0,0.0,0.0,0,0.5,0.5,0.0,0.9462890625,0.0537109375,0.0,256,1024,0,0.0,665.2645147412867,259.1171999956714,210.0,178.0882121770897,18.059102568525574,0,3921.9790389925724,0,3501.0822389904893,1.4343812983833624e-06,1.052889426290493e-06,3.6785936080170935e-06,0.0,0.0,0.0,6.165864332690949e-06,heuristic_only,nsga2
0,200,200,train,2.8694875240325928,0.2265625,0.5703125,8,64,512,1875.1334999979008,443.43677030064794,77.79112157469734,142.4280241256651,45.89999999734573,6.575276424309621,238.26531327234997,244.8405896966596,0.006999995093792677,220.0,11.946817214961513,12.886772486604281,0,4.266360626402509,273.0470800897606,2097152.0,2,0.5,0.5,0.0,0.0,0.0,73.92312286887878,0.007199996616691351,0.0,55.214097616015195,18.70182525624689,0,1,0,17.44566821918418,56.47745464969459,0.0,1048576,1048576,0,8,4,0.25,2,0.5,0,1,1.0,0.2307606527190679,3,3,0,1.0,0.0,0.0,1.0,0,0.5,0.5,0.0,0.9453125,0.0546875,0.0,256,1024,0,0.0,2654.6236640040415,1546.9668999721762,910.0,178.35397888745646,19.30278514440894,0,3921.9790389925724,0,2046.8455389946716,8.868735406012959e-06,3.111644862987894e-05,5.697120965026605e-06,3.287638212154811e-08,1.4295918796340998e-06,7.392312286887878e-07,4.7884004491362934e-05,heuristic_only,nsga2
0,201,201,train,2.8141852617263794,0.21484375,0.59765625,8,64,512,466.60320000955835,77.63704883642023,2.4572906779990014,39.449482956252425,37.87190000002738,6.3870542877588745,15.611913743686166,21.99896803144504,0.007099995855242014,0.0,12.661635434690712,9.330232600899086,0,17.145152143585765,1097.289737189489,2097152.0,2,0.5,0.5,0.0,0.0,0.0,74.6369240198107,0.007000009645707905,0.0,55.59082784093473,19.03909616923027,0,1,0,17.234677239214165,57.40224678059654,0.0,1048576,1048576,0,8,4,0.25,2,0.5,0,1,1.0,0.2201412464909665,3,0,3,0.0,2.0,0.5,2.0,3,0.5,0.5,0.0,0.9521484375,0.0478515625,0.0,256,1024,0,0.0,478.17528988268657,283.8696999679087,0.0,176.78045623619056,17.525133678587334,0,3921.9790389925724,0,3455.375838983014,1.5527409767284047e-06,9.829162711996006e-07,1.5779793182500968e-06,3.193527143879438e-08,9.367148246211699e-08,7.463692401981072e-07,4.98561256027712e-06,heuristic_only,nsga2
0,202,202,train,2.6032816767692566,0.28515625,0.6015625,8,64,512,352.39390000060666,63.108739094636576,2.5921179393545732,39.21226306155457,38.623799991910346,5.533422832585421,16.859834520151797,22.393257352737216,0.006700007361359894,0.0,11.559038795139958,10.8275185502359,0,22.70180414071324,1452.9154650056473,2097152.0,2,0.5,0.5,0.0,0.0,0.0,79.67512854436781,0.006700007361359894,0.0,59.577217852411586,20.091210684594863,0,1,0,17.355982110447314,62.319146433920494,0.0,1048576,1048576,0,8,4,0.25,2,0.5,0,1,1.0,0.2201412464909665,3,3,0,1.0,0.0,0.0,1.0,0,0.5,0.5,0.0,0.951171875,0.048828125,0.0,256,1024,0,0.0,419.65248038218283,225.50610001781024,0.0,175.1938090005599,18.95257136381273,0,3921.9790389925724,0,3569.585138991966,1.2621747818927315e-06,1.0368471757418294e-06,1.568490522462183e-06,2.7667114162927107e-08,1.0115900712091078e-07,7.967512854436781e-07,4.79308988682426e-06,heuristic_only,nsga2
0,203,203,train,2.6044469475746155,0.2890625,0.62109375,8,64,512,418.6805999925127,72.88348254407144,2.4876721656504097,39.84012953493621,37.13599999900907,6.762091355530929,14.52197423980422,21.28406559533515,0.007499998901039362,0.0,12.62064933920578,8.65591625722833,0,19.107598710196637,1222.8863174525848,2097152.0,2,0.5,0.5,0.0,0.0,0.0,79.57873703877164,0.006799993570894003,0.0,58.461576316552694,21.110360728648065,0,1,0,19.15243357356804,60.4263034652036,0.0,1048576,1048576,0,8,4,0.25,2,0.5,0,1,1.0,0.10351650354811201,3,0,3,0.0,2.0,0.5,2.0,3,0.5,0.5,0.0,0.9599609375,0.0400390625,0.0,256,1024,0,0.0,460.84513697863224,263.15460000478197,0.0,179.95850327122363,17.73203370262658,0,3921.9790389925724,0,3503.2984390000597,1.4576696508814289e-06,9.950688662601638e-07,1.5936051813974485e-06,3.3810456777654645e-08,8.71318454388253e-08,7.957873703877166e-07,4.9630733711432375e-06,heuristic_only,nsga2
0,204,204,train,2.7243820428848267,0.216796875,0.59375,8,64,512,161.56300000147894,10.967542022831513,2.5560071739882786,61.31427849690027,48.592199993436225,5.636598573284663,16.708448699314108,22.34504727259877,0.007099995855242014,0.0,10.761797874254395,11.576149402489133,0,49.51598128250581,3169.022802080372,2097152.0,2,0.5,0.0,0.5,0.0,0.0,42.281295103684116,0.007700000423938036,0.0,22.55564064368311,19.717954459577072,0,1,0,17.37903283672959,0.0,24.90226226695453,1048576,0,1048576,8,4,0.25,2,0.5,0,1,1.0,0.24103284089209526,3,3,0,1.0,0.0,0.0,1.0,0,0.5,0.5,0.0,0.9599609375,0.0400390625,0.0,256,1024,0,0.0,299.35131077488023,108.2400999875972,0.0,175.80729462486673,15.303916162416293,0,3921.9790389925724,0,3760.4160389910935,2.1935084045663027e-07,1.0224028695953116e-06,2.4525711398760113e-06,2.8182992866423314e-08,1.0025069219588464e-07,4.2281295103684124e-07,4.245571486027102e-06,heuristic_only,nsga2
0,205,205,train,2.6931930780410767,0.24609375,0.595703125,8,64,512,165.55669999797828,22.74513392602784,2.514052829539801,40.90535320175636,56.00810000032652,6.399578596099165,15.233407756083581,21.632986352182748,0.008899995009414852,0.0,11.214236934749014,10.409849422424319,0,48.32152174195276,3092.5773914849765,2097152.0,2,0.5,0.5,0.0,0.0,0.0,78.34696952391099,0.010100004146806896,0.0,60.157012952833995,18.17985656693019,0,1,0,16.007817361365696,62.3391521625453,0.0,1048576,1048576,0,8,4,0.25,2,0.5,0,1,1.0,0.18595995617580352,3,0,3,0.0,2.0,0.5,2.0,3,0.5,0.5,0.0,0.9482421875,0.0517578125,0.0,256,1024,0,0.0,264.658159829296,63.21250004111789,0.0,179.85038768817932,21.59527209999879,0,3921.9790389925724,0,3756.422338994594,4.5490267852055686e-07,1.0056211318159204e-06,1.6362141280702547e-06,3.1997892980495824e-08,9.140044653650148e-08,7.8346969523911e-07,4.00360597316284e-06,heuristic_only,nsga2
0,206,206,train,2.6213051080703735,0.28125,0.619140625,8,64,512,3931.5847999969264,788.6900206194684,72.99936938261874,44.436555671806104,50.45609999797307,8.799015875406884,573.6675605453745,582.4665764207814,0.00689999433234334,0.0,12.039396028998828,570.4202803974501,0,2.034802343625886,130.2273499920567,2097152.0,2,0.5,0.5,0.0,0.0,0.0,76.31111833436437,0.007599999662488699,0.0,56.216168644269544,20.087349690432333,0,1,0,16.51088026289084,59.80023807147352,0.0,1048576,1048576,0,8,4,0.25,2,0.5,0,1,1.0,0.18595995617580352,3,3,0,1.0,0.0,0.0,1.0,0,0.5,0.5,0.0,0.9462890625,0.0537109375,0.0,256,1024,0,0.0,3624.503782695573,3121.7614999914076,0.0,175.55115176074924,327.19113094341645,0,4507.994391994288,0,576.4095919973615,1.577380041238937e-05,2.91997477530475e-05,1.7774622268722442e-06,4.399507937703443e-08,3.4420053632722465e-06,7.631111833436437e-07,5.100012201830204e-05,heuristic_only,nsga2
0,207,207,train,2.4361735582351685,0.302734375,0.654296875,8,64,512,148.94709999498446,11.485835128227688,2.4055608535643005,47.81130227299909,58.567999993101694,5.759966916722938,14.682229258374425,20.442196175097365,0.007199996616691351,0.0,11.052729883601492,9.38226629487918,0,53.709983546412374,3437.438946970392,2097152.0,2,0.5,0.5,0.0,0.0,0.0,74.41283105467525,0.006999995093792677,0.0,55.10200209024361,19.30382896933785,0,1,0,17.942644433253157,56.47018662142209,0.0,1048576,1048576,0,8,4,0.25,2,0.5,0,1,1.0,0.13364216641330787,3,0,3,0.0,2.0,0.5,2.0,3,0.5,0.5,0.0,0.9599609375,0.0400390625,0.0,256,1024,0,0.0,246.81079301916435,54.62490001809783,0.0,175.1186739303201,17.067219070746408,0,4507.994391994288,0,4359.0472919993035,2.2971670256455378e-07,9.622243414257202e-07,1.912452090919964e-06,2.8799834583614694e-08,8.809337555024654e-08,7.441283105467526e-07,3.965414655590852e-06,heuristic_only,nsga2
0,208,208,train,2.3435862064361572,0.328125,0.69921875,8,64,512,351.71859999536537,61.65786866965838,2.465880690155056,39.28264752307624,40.30459999921732,5.69826118145154,16.55409604995919,22.252357231410727,0.008100003469735384,0.0,11.670052637389755,10.574204590551238,0,22.745391499664553,1455.7050559785314,2097152.0,2,0.5,0.5,0.0,0.0,0.0,76.43151416678604,0.007399998139590025,0.0,56.35643833295016,20.0676758356963,0,1,0,16.34566640831484,60.0858477584712,0.0,1048576,1048576,0,8,4,0.25,2,0.5,0,1,1.0,0.16091838189257093,3,3,0,1.0,0.0,0.0,1.0,0,0.5,0.5,0.0,0.955078125,0.044921875,0.0,256,1024,0,0.0,413.6255875315587,219.29480003018398,0.0,175.48349138553547,18.847296115839285,0,4507.994391994288,0,4156.275791998923,1.2331573733931675e-06,9.863522760620224e-07,1.5713059009230498e-06,2.84913059072577e-08,9.932457629975511e-08,7.643151416678605e-07,4.682946574253112e-06,heuristic_only,nsga2
0,209,209,train,2.529059648513794,0.23046875,0.669921875,8,64,512,421.17220000363886,73.1768904878564,2.7121181513966324,39.08234982387974,37.44050000386778,6.0873307867621085,15.745877775544258,21.833208562306368,0.008800008799880743,0.0,11.03531958096918,10.789088972537305,0,18.994560907320032,1215.651898068482,2097152.0,2,0.5,0.5,0.0,0.0,0.0,74.04676406306794,0.008900024113245308,0.0,53.615092556214776,20.422771482739922,0,1,0,16.710356802674397,57.33640726039354,0.0,1048576,1048576,0,8,4,0.25,2,0.5,0,1,1.0,0.14759070521249812,3,0,3,0.0,2.0,0.5,2.0,3,0.5,0.5,0.0,0.94921875,0.05078125,0.0,256,1024,0,0.0,459.88543385253115,265.45909995911643,0.0,175.54382195644888,18.882511936965763,0,4507.994391994288,0,4086.822191990649,1.4635378097571281e-06,1.0848472605586533e-06,1.5632939929551899e-06,3.043665393381055e-08,9.447526665326555e-08,7.404676406306795e-07,4.977058624488727e-06,heuristic_only,nsga2
0,210,210,train,2.6539862155914307,0.244140625,0.607421875,8,64,512,287.44049998931587,50.39917942196156,2.503545532594452,39.223002092235,38.264099988737144,6.738734134209055,15.424028753693761,22.162762887902815,0.007099995855242014,0.0,11.67024456797807,10.485418324069503,0,27.831750113666114,1781.2320072746313,2097152.0,2,0.5,0.5,0.0,0.0,0.0,75.69235199230525,0.007499998901039362,0.0,56.54076730708922,19.144084686314997,0,1,0,17.679811214292034,58.01254077801322,0.0,1048576,1048576,0,8,4,0.25,2,0.5,0,1,1.0,0.19776869931901056,3,3,0,1.0,0.0,0.0,1.0,0,0.5,0.5,0.0,0.9453125,0.0546875,0.0,256,1024,0,0.0,368.50290818716405,173.9168000058271,0.0,177.54979560164486,17.036312579692098,0,4507.994391994288,0,4220.553892004972,1.0079835884392314e-06,1.001418213037781e-06,1.5689200836894001e-06,3.369367067104528e-08,9.254417252216255e-08,7.569235199230526e-07,4.4614832482826725e-06,heuristic_only,nsga2
0,211,211,train,2.7577887177467346,0.21484375,0.576171875,8,64,512,149.5194999879459,11.491524476833163,2.600864270279323,60.50855065985823,49.35760000080336,5.684556276955953,15.971442396340011,21.655998673295965,0.007099995855242014,0.0,11.99075464312743,9.658144034313292,0,53.50436897044183,3424.279614108277,2097152.0,2,0.5,0.5,0.0,0.0,0.0,81.32662501542123,0.007599999662488699,0.0,60.5928473943796,20.72617762137914,0,1,0,18.734167530746898,62.59245748467433,0.0,1048576,1048576,0,8,4,0.25,2,0.5,0,1,1.0,0.24103284089209526,3,0,3,0.0,2.0,0.5,2.0,3,0.5,0.5,0.0,0.939453125,0.060546875,0.0,256,1024,0,0.0,298.40375762788284,104.2608000425389,0.0,177.73681362097474,16.40614396436918,0,4507.994391994288,0,4358.474892006342,2.298304895366633e-07,1.0403457081117294e-06,2.4203420263943295e-06,2.842278138477977e-08,9.582865437804006e-08,8.132662501542124e-07,4.6280359099597545e-06,heuristic_only,nsga2
0,212,212,train,2.680381655693054,0.232421875,0.623046875,8,64,512,418.99520000151824,72.73075892757876,2.435576800508385,38.96919731523421,48.91259998839814,5.9446528196857304,15.604089203669222,21.548742023354954,0.00650000583846122,0.0,11.468528652316301,10.073713365200188,0,19.093251919637964,1221.9681228568297,2097152.0,2,0.5,0.5,0.0,0.0,0.0,76.32996772783942,0.027300004148855805,0.0,56.944185661494956,19.35848206219561,0,1,0,15.97197381983436,60.35799390800506,0.0,1048576,1048576,0,8,4,0.25,2,0.5,0,1,1.0,0.241032865595602,3,3,0,1.0,0.0,0.0,1.0,0,0.5,0.5,0.0,0.94140625,0.05859375,0.0,256,1024,0,0.0,456.5421321732854,263.14019998244476,0.0,174.67160801218182,18.730324178658833,0,3738.727926994903,0,3319.732726993385,1.4546151785515752e-06,9.742307202033542e-07,1.5587678926093684e-06,2.9723264098428655e-08,9.362453522201532e-08,7.632996772783943e-07,4.874261267963137e-06,heuristic_only,nsga2
0,213,213,train,2.6199252605438232,0.240234375,0.642578125,8,64,512,282.2925999935251,45.54590822749744,2.7976177788729273,39.029617783723985,66.46149999869522,5.955622528853492,18.602947507729,24.55857003658249,0.01239999255631119,0.0,11.831238514990865,12.714931529035313,0,28.339289307952768,1813.7145157089772,2097152.0,2,0.0,0.5,0.5,0.0,0.0,87.66311158132112,0.010199990356341004,0.0,68.08326052055988,19.569651070404905,0,1,0,0.0,62.649413445768204,25.01369813555292,0,1048576,1048576,8,4,0.25,2,0.5,0,1,1.0,0.241032865595602,3,0,3,0.0,2.0,0.5,2.0,3,0.5,0.5,0.0,0.947265625,0.052734375,0.0,256,1024,0,0.0,349.49257516037744,152.9339000262553,0.0,178.8030016447902,17.755673489331926,0,3738.727926994903,0,3456.435327001378,9.109181645499489e-07,1.119047111549171e-06,1.5611847113489595e-06,2.9778112644267457e-08,1.1161768504637398e-07,8.766311158132112e-07,4.6091769009519315e-06,heuristic_only,nsga2
0,214,214,train,2.699324667453766,0.2421875,0.619140625,8,64,512,2914.507399997092,628.2190390316755,11.617429229867275,51.011613143218014,54.67820000194479,325.94160201416594,93.01432479161447,418.9559268057804,0.011600001016631722,0.0,11.01198577773232,407.9323410270315,0,2.744888297459696,175.67285103742054,2097152.0,2,0.5,0.5,0.0,0.0,0.0,77.45122535206634,0.00689999433234334,0.0,57.18793865120378,20.25638670653023,0,1,0,16.657349938247865,60.79387541381848,0.0,1048576,1048576,0,8,4,0.25,2,0.5,0,1,1.0,0.18595995617580352,3,3,0,1.0,0.0,0.0,1.0,0,0.5,0.5,0.0,0.955078125,0.044921875,0.0,256,1024,0,0.0,2763.3923256190437,1918.3932999585522,0.0,178.01361022341197,666.9854154370789,0,3821.2899669966982,0,906.7825669996064,1.2564380780633511e-05,4.6469716919469105e-06,2.040464525728721e-06,1.6297080100708298e-06,5.580859487496867e-07,7.745122535206636e-07,2.2214123210650325e-05,heuristic_only,nsga2
0,215,215,train,2.6531607508659363,0.240234375,0.640625,8,64,512,412.9284000082407,70.30052475571912,2.567783081060627,39.64596438592382,39.91330000280868,6.802253516226647,14.24957917346401,21.051832689690656,0.01069999416358769,0.0,11.94255569231515,9.09857700321192,0,19.373771884105,1239.92140058272,2097152.0,2,0.5,0.5,0.0,0.0,0.0,79.70217466937962,0.007700000423938036,0.0,59.900538864384316,19.79393580457137,0,1,0,17.155405161238043,62.54676950814158,0.0,1048576,1048576,0,8,4,0.25,2,0.5,0,1,1.0,0.17369072493825644,3,0,3,0.0,2.0,0.5,2.0,3,0.5,0.5,0.0,0.955078125,0.044921875,0.0,256,1024,0,0.0,450.05708889081427,254.69960004556924,0.0,176.43152175437663,18.925967090868394,0,3821.2899669966982,0,3408.3615669884575,1.4060104951143827e-06,1.0271132324242509e-06,1.585838575436953e-06,3.401126758113324e-08,8.549747504078406e-08,7.970217466937964e-07,4.935492792291301e-06,heuristic_only,nsga2
0,216,216,train,2.566887080669403,0.263671875,0.65234375,8,64,512,150.3377999906661,11.423898308639343,2.451235496633018,60.9171194828307,55.1811000041198,5.863795195151276,14.34967371523506,20.213468910386336,0.007100010407157242,0.0,11.671587029173011,8.53478187080617,0,53.21314258525867,3405.641125456555,2097152.0,2,0.5,0.5,0.0,0.0,0.0,80.2784998760207,0.009399998816661537,0.0,59.14262211421633,21.126477762987705,0,1,0,18.027097368275697,62.251402507745,0.0,1048576,1048576,0,8,4,0.25,2,0.5,0,1,1.0,0.19776865982085054,3,3,0,1.0,0.0,0.0,1.0,0,0.5,0.5,0.0,0.953125,0.046875,0.0,256,1024,0,0.0,299.1690131524122,104.04959999141283,0.0,180.34435566086506,14.775057500134334,0,3821.2899669966982,0,3670.952167006032,2.2847796617278688e-07,9.804941986532071e-07,2.4366847793132284e-06,2.9318975975756383e-08,8.609804229141034e-08,8.02784998760207e-07,4.563858961166596e-06,heuristic_only,nsga2
0,217,217,train,2.599083721637726,0.26171875,0.626953125,8,64,512,435.5163000000175,73.81783501963672,2.5274838152880563,39.02969201408069,38.86340001190547,5.565616868179752,15.837064001664253,21.402680869844005,0.012199991033412516,0.0,10.732307158426732,10.658173720383859,0,18.36896031454934,1175.6134601311578,2097152.0,2,0.5,0.0,0.5,0.0,0.0,44.597110779465076,0.006299989763647318,0.0,24.818057745893416,19.772753043808013,0,1,0,19.083306467396753,0.0,25.513804312068324,1048576,0,1048576,8,4,0.25,2,0.5,0,1,1.0,0.2201412464909665,3,0,3,0.0,2.0,0.5,2.0,3,0.5,0.5,0.0,0.9462890625,0.0537109375,0.0,256,1024,0,0.0,461.50004339602185,267.66340002359357,0.0,177.1426342254187,16.694009147009524,0,3821.2899669966982,0,3385.7736669966807,1.4763567003927345e-06,1.0109935261152227e-06,1.5611876805632277e-06,2.7828084340898766e-08,9.50223840099855e-08,4.459711077946508e-07,4.617359483216719e-06,heuristic_only,nsga2
0,218,218,train,2.570621907711029,0.26953125,0.623046875,8,64,512,484.01290000765584,77.04270956143827,2.5874624471735923,39.0354952310809,38.37799999746494,6.318227239916304,15.969805712643577,22.28803295255988,0.008099988917820156,0.0,12.153251900005955,10.126681063636104,0,16.528450938854157,1057.820860086666,2097152.0,2,0.5,0.5,0.0,0.0,0.0,79.57601837237591,0.006800008122809231,0.0,60.36521100045857,19.20400736379453,0,1,0,17.48111487766779,62.09490349470813,0.0,1048576,1048576,0,8,4,0.25,2,0.5,0,1,1.0,0.241032865595602,3,3,0,1.0,0.0,0.0,1.0,0,0.5,0.5,0.0,0.9501953125,0.0498046875,0.0,256,1024,0,0.0,474.66266895877106,280.84500003024004,0.0,176.60442288408274,17.213246044448287,0,3821.2899669966982,0,3337.2770669890424,1.5408541912287653e-06,1.0349849788694372e-06,1.561419809243236e-06,3.159113619958152e-08,9.581883427586145e-08,7.957601837237592e-07,5.06042913354064e-06,heuristic_only,nsga2
0,219,219,train,2.490814685821533,0.265625,0.6796875,8,64,512,430.388300010236,72.73490019139635,2.507169439727527,39.21806786553016,36.40080000332091,5.790615548488564,14.827544568124239,20.618160116612803,0.007599999662488699,0.0,10.843730337976769,9.766829778973543,0,18.58782269868172,1189.62065271563,2097152.0,2,0.5,0.5,0.0,0.0,0.0,81.29899951605208,0.006699992809444666,0.0,61.661859758529644,19.630439764712996,0,1,0,17.758505948150116,63.54049356790197,0.0,1048576,1048576,0,8,4,0.25,2,0.5,0,1,1.0,0.14759070521249812,3,0,3,0.0,2.0,0.5,2.0,3,0.5,0.5,0.0,0.9482421875,0.0517578125,0.0,256,1024,0,0.0,457.84054998661605,263.66219998453744,0.0,176.3265995698505,17.851750432228187,0,3821.2899669966982,0,3390.9016669864623,1.454698003827927e-06,1.002867775891011e-06,1.5687227146212065e-06,2.895307774244282e-08,8.896526740874542e-08,8.129899951605209e-07,4.9571968346518544e-06,heuristic_only,nsga2
0,220,220,train,2.524416446685791,0.2734375,0.650390625,8,64,512,102.43149999587331,12.988071819111763,3.2023399996840602,46.97826163804048,37.793600000441074,6.020026523486135,21.795842262273858,27.815868785759992,0.007000009645707905,0.0,12.032168943461926,15.776699832652357,0,78.1002123380987,4998.413589638317,2097152.0,2,0.5,0.5,0.0,0.0,0.0,73.71404722528621,0.007199996616691351,0.0,55.1893599349256,18.51748729374392,0,1,0,16.48860331840101,57.2254439068852,0.0,1048576,1048576,0,8,4,0.25,2,0.5,0,1,1.0,0.25097720212391433,3,3,0,1.0,0.0,0.0,1.0,0,0.5,0.5,0.0,0.94140625,0.05859375,0.0,256,1024,0,0.0,252.6746938273452,54.67509997833986,0.0,175.57169622573767,22.427897623267683,0,3821.2899669966982,0,3718.858467000825,2.597614363822353e-07,1.280935999873624e-06,1.8791304655216196e-06,3.010013261743068e-08,1.3077505357364312e-07,7.371404722528622e-07,4.317843560221415e-06,heuristic_only,nsga2
0,221,221,train,2.5122717022895813,0.23828125,0.671875,8,64,512,449.9538000090979,76.95869926636286,2.546701141969434,39.370722636341725,40.54380000161473,5.554727842102238,14.202841618349641,19.75756946045188,0.007800001185387373,0.0,10.574839707563438,9.174929751703052,0,17.779563635810185,1137.8920726918518,2097152.0,2,0.5,0.5,0.0,0.0,0.0,78.57447036632782,0.007199996616691351,0.0,57.90663063475142,20.6606397349597,0,1,0,17.35571441036825,61.218755955959566,0.0,1048576,1048576,0,8,4,0.25,2,0.5,0,1,1.0,0.18595995617580352,3,0,3,0.0,2.0,0.5,2.0,3,0.5,0.5,0.0,0.9619140625,0.0380859375,0.0,256,1024,0,0.0,475.50449217869607,280.2129999763565,0.0,177.33332876843383,17.95816343390573,0,3821.2899669966982,0,3371.3361669876003,1.5391739853272573e-06,1.0186804567877736e-06,1.574828905453669e-06,2.7773639210511194e-08,8.521704971009784e-08,7.857447036632783e-07,5.0314187401525875e-06,heuristic_only,nsga2
0,222,222,train,2.6499074697494507,0.193359375,0.66015625,8,64,512,384.13930000388063,62.62825844236727,2.4606697426515556,38.58252130953255,37.263799997163005,6.669080380650847,15.494502173282438,22.163582553933285,0.00859999272506684,0.0,12.597724643503646,9.55725791770457,0,20.825724351022746,1332.8463584654558,2097152.0,2,0.5,0.5,0.0,0.0,0.0,81.10945473418978,0.007399998139590025,0.0,60.82750330774321,20.27455142830699,0,1,0,17.618004316372733,63.49145041781705,0.0,1048576,1048576,0,8,4,0.25,2,0.5,0,1,1.0,0.25097720212391433,3,3,0,1.0,0.0,0.0,1.0,0,0.5,0.5,0.0,0.953125,0.046875,0.0,256,1024,0,0.0,414.68579797820547,222.43110000272281,0.0,174.88826299516504,17.366434980317635,0,3821.2899669966982,0,3437.1506669928176,1.2525651688473454e-06,9.842678970606223e-07,1.5433008523813023e-06,3.3345401903254234e-08,9.29670130396946e-08,8.110945473418979e-07,4.717540880574117e-06,heuristic_only,nsga2
0,223,223,train,2.4694958925247192,0.283203125,0.662109375,8,64,512,1706.16770000197,77.69522008928806,51.53209979619835,45.31333731112454,1203.1828000035603,6.005219684250855,403.5171003503941,409.52232003464496,0.008799994247965515,0.0,12.229320555226177,397.2841994851708,0,4.688868105475597,300.08755875043823,2097152.0,2,0.5,0.5,0.0,0.0,0.0,74.81534213420737,0.006799993570894003,0.0,56.065339780873266,18.743202359763206,0,1,0,17.68162367200351,57.13371846220386,0.0,1048576,1048576,0,8,4,0.25,2,0.5,0,1,1.0,0.2201412853775118,3,0,3,0.0,2.0,0.5,2.0,3,0.5,0.5,0.0,0.94921875,0.05078125,0.0,256,1024,0,0.0,698.1626287864437,282.74390002479777,0.0,174.8976900594366,240.52103870220944,0,3821.2899669966982,0,2115.1222669947283,1.5539044017857614e-06,2.0612839918479343e-05,1.812533492444982e-06,3.002609842125428e-08,2.4211026021023643e-06,7.481534213420737e-07,2.717855993457578e-05,heuristic_only,nsga2
0,224,224,train,2.5365225672721863,0.2578125,0.65234375,8,64,512,417.20450000138953,71.97003333058905,2.4664892955858964,39.659072450494435,39.071399995009415,6.258454098873669,16.663153024412374,22.921607123286044,0.008200004231184721,0.0,12.603566073018936,10.30984104603592,0,19.175202627897658,1227.21296818545,2097152.0,2,0.5,0.0,0.5,0.0,0.0,43.522347689156916,0.007700000423938036,0.0,22.723733644516994,20.790914044215988,0,1,0,17.406450639642937,0.0,26.115897049513983,1048576,0,1048576,8,4,0.25,2,0.5,0,1,1.0,0.17369072493825644,3,3,0,1.0,0.0,0.0,1.0,0,0.5,0.5,0.0,0.9580078125,0.0419921875,0.0,256,1024,0,0.0,456.38238030667753,260.05050001549534,0.0,178.4496571249466,17.882223166235555,0,3821.2899669966982,0,3404.0854669953087,1.4394006666117812e-06,9.865957182343585e-07,1.5863628980197774e-06,3.1292270494368344e-08,9.997891814647424e-08,4.352234768915692e-07,4.57885394839833e-06,heuristic_only,nsga2
0,225,225,train,2.5644202828407288,0.2421875,0.626953125,8,64,512,418.63699999521486,71.24761121313915,2.4408932680547313,38.68260108578771,36.3569000037387,6.423390092826278,15.991298486669393,22.41468857949567,0.00829999044071883,0.0,12.781011756978874,9.625376832076078,0,19.109588714095334,1223.0136777021014,2097152.0,2,0.5,0.0,0.5,0.0,0.0,42.00693834683275,0.007799986633472145,0.0,22.494646863446214,19.50449149675306,0,1,0,17.597852629145798,0.0,24.40908571768695,1048576,0,1048576,8,4,0.25,2,0.5,0,1,1.0,0.2201412464909665,3,0,3,0.0,2.0,0.5,2.0,3,0.5,0.5,0.0,0.95703125,0.04296875,0.0,256,1024,0,0.0,449.48442226792633,258.11919999250676,0.0,174.554382120414,16.81084015500559,0,3821.2899669966982,0,3402.6529670014834,1.4249522242627833e-06,9.763573072218925e-07,1.5473040434315086e-06,3.211695046413139e-08,9.594779092001635e-08,4.200693834683275e-07,4.49674769976866e-06,heuristic_only,nsga2
0,226,226,train,2.663941264152527,0.228515625,0.638671875,8,64,512,450.86409999930765,77.76798550673908,2.5156199923203513,41.26864701260806,35.303000011481345,6.363874642984339,15.741337014837804,22.105211657822142,0.008800008799880743,0.0,12.464538554148955,9.631873094873304,0,17.7436665645939,1135.5946601340097,2097152.0,2,0.5,0.5,0.0,0.0,0.0,74.51061340668093,0.007599999662488699,0.0,55.6377179666015,18.865295440416944,0,1,0,18.17155782985776,56.339055576823164,0.0,1048576,1048576,0,8,4,0.25,2,0.5,0,1,1.0,0.13364216641330787,3,3,0,1.0,0.0,0.0,1.0,0,0.5,0.5,0.0,0.947265625,0.052734375,0.0,256,1024,0,0.0,486.20901004666996,284.1834999853745,0.0,178.61534872204817,23.410161339247285,0,3821.2899669966982,0,3370.4258669973906,1.5553597101347817e-06,1.0062479969281406e-06,1.6507458805043227e-06,3.18193732149217e-08,9.44480220890268e-08,7.451061340668093e-07,5.083727116938003e-06,heuristic_only,nsga2
0,227,227,train,2.7834750413894653,0.2578125,0.59765625,8,64,512,470.3330000047572,77.16625234137388,2.5040323458576417,40.2634369261921,35.17370000190567,6.625286342219394,15.107856881491163,21.733143223710556,0.0068999797804281116,0.0,12.79546896544615,8.930774278483979,0,17.00918921430108,1088.5881097152692,2097152.0,2,0.5,0.5,0.0,0.0,0.0,79.15645087350748,0.007499998901039362,0.0,59.595179043628605,19.553771830977848,0,1,0,17.923246030805686,61.2332048427018,0.0,1048576,1048576,0,8,4,0.25,2,0.5,0,1,1.0,0.14759074590838162,3,0,3,0.0,2.0,0.5,2.0,3,0.5,0.5,0.0,0.947265625,0.052734375,0.0,256,1024,0,0.0,479.73488645369446,281.7240999866044,0.0,177.95588134447286,20.0549051226172,0,3821.2899669966982,0,3350.956966991941,1.5433250468274778e-06,1.0016129383430568e-06,1.6105374770476841e-06,3.3126431711096974e-08,9.064714128894696e-08,7.915645087350749e-07,5.0708135439533385e-06,heuristic_only,nsga2
0,228,228,train,2.8204317688941956,0.20703125,0.60546875,8,64,512,383.51659999170806,67.1053473377413,2.3605916890285368,38.85391210809361,36.19790000084322,5.590628499370967,14.839219458388431,20.4298479577594,0.008000002708286047,0.0,11.914676936248213,8.5071710188029,0,20.85953812855777,1335.0104402276972,2097152.0,2,0.5,0.5,0.0,0.0,0.0,79.52254644633256,0.006700007361359894,0.0,59.341635408184345,20.17421103078685,0,1,0,16.701418646928804,62.82112779940375,0.0,1048576,1048576,0,8,4,0.25,2,0.5,0,1,1.0,0.16091842229213763,3,3,0,1.0,0.0,0.0,1.0,0,0.5,0.5,0.0,0.958984375,0.041015625,0.0,256,1024,0,0.0,433.2794045394538,242.0581000042148,0.0,176.08959714602162,15.131707389217409,0,2691.4680594971987,0,2307.9514595054907,1.342106946754826e-06,9.442366756114146e-07,1.5541564843237449e-06,2.795314249685484e-08,8.903531675033057e-08,7.952254644633255e-07,4.752714030400497e-06,heuristic_only,nsga2
0,229,229,train,2.619549870491028,0.2421875,0.65625,8,64,512,428.9795999939088,70.34275768694751,2.308368610135216,38.9818293873805,35.126500006299466,6.452256653934086,15.628647706057109,22.080904359991194,0.00960000033956021,0.0,12.488475991664393,9.582828367987242,0,18.648861976773762,1193.5271665135208,2097152.0,2,0.5,0.5,0.0,0.0,0.0,79.72831456741955,0.00650000583846122,0.0,58.820367877080336,20.90144668450074,0,1,0,18.88129959168382,60.847014975735725,0.0,1048576,1048576,0,8,4,0.25,2,0.5,0,1,1.0,0.1035164684916355,3,0,3,0.0,2.0,0.5,2.0,3,0.5,0.5,0.0,0.955078125,0.044921875,0.0,256,1024,0,0.0,446.53182273785285,253.86019999859855,0.0,176.3136225000137,16.358000239240624,0,2691.4680594971987,0,2262.48845950329,1.4068551537389501e-06,9.233474440540864e-07,1.5592731754952202e-06,3.226128326967043e-08,9.377188623634264e-08,7.972831456741956e-07,4.812792088468465e-06,heuristic_only,nsga2
0,230,230,train,2.672981321811676,0.25,0.64453125,8,64,512,445.795999999973,74.76922945388908,2.6602769309170142,39.71621240432322,40.504099990357645,6.215301063503462,15.733741209653708,21.94904227315717,0.007800001185387373,0.0,11.806582194966978,10.134660077004805,0,17.945387698886456,1148.5048127287332,2097152.0,2,0.5,0.5,0.0,0.0,0.0,74.66059889873978,0.007399998139590025,0.0,55.904452570904574,18.74874632969561,0,1,0,16.413936935260438,58.24666196347934,0.0,1048576,1048576,0,8,4,0.25,2,0.5,0,1,1.0,0.2307606527190679,3,3,0,1.0,0.0,0.0,1.0,0,0.5,0.5,0.0,0.9501953125,0.0498046875,0.0,256,1024,0,0.0,468.5828751565173,271.59740001661703,0.0,178.76800819769394,18.217466942206286,0,2607.829988499212,0,2162.033988499239,1.4953845890777818e-06,1.0641107723668057e-06,1.5886484961729286e-06,3.1076505317517313e-08,9.440244725792223e-08,7.466059889873978e-07,5.020228799180353e-06,heuristic_only,nsga2
0,231,231,train,2.579278528690338,0.26953125,0.671875,8,64,512,463.49920000648126,75.06939192342907,2.4364581221941863,39.193660631072376,40.599600004497916,6.372747585082186,14.32989835676534,20.70264594184753,0.007599985110573471,0.0,11.981356649105281,8.713689307631672,0,17.25997097711745,1104.6381425355169,2097152.0,2,0.5,0.5,0.0,0.0,0.0,78.28280874723185,0.006900008884258568,0.0,57.313579899693075,20.96232883865452,0,1,0,18.84875003514209,59.43405871208977,0.0,1048576,1048576,0,8,4,0.25,2,0.5,0,1,1.0,0.18595995617580352,3,0,3,0.0,2.0,0.5,2.0,3,0.5,0.5,0.0,0.955078125,0.044921875,0.0,256,1024,0,0.0,466.79804270678244,273.1653000082588,0.0,176.31859100093993,17.31415169758379,0,2607.829988499212,0,2144.330788492731,1.5013878384685815e-06,9.745832488776745e-07,1.5677464252428952e-06,3.186373792541093e-08,8.597939014059203e-08,7.828280874723187e-07,4.944388728127473e-06,heuristic_only,nsga2
0,232,232,train,2.585753560066223,0.267578125,0.64453125,8,64,512,278.8527999946382,46.35965540666929,2.86092197639407,39.77067567890854,46.868200006429106,6.573697138266851,19.233505482766432,25.807202621033284,0.007499998901039362,0.0,12.468084072428653,13.331618549703592,0,28.688868504405622,1836.0875842819598,2097152.0,2,0.5,0.5,0.0,0.0,0.0,76.85037443469886,0.011600001016631722,0.0,56.30495107614522,20.533823357537006,0,1,0,17.71691707100811,59.13345736369075,0.0,1048576,1048576,0,8,4,0.25,2,0.5,0,1,1.0,0.2091524583687337,3,3,0,1.0,0.0,0.0,1.0,0,0.5,0.5,0.0,0.9541015625,0.0458984375,0.0,256,1024,0,0.0,355.96501224788756,157.4385999556398,0.0,176.63992542316407,21.886486869083704,0,2607.829988499212,0,2328.977188504574,9.271931081333858e-07,1.1443687905576281e-06,1.5908270271563415e-06,3.286848569133426e-08,1.1540103289659857e-07,7.685037443469887e-07,4.579162188782277e-06,heuristic_only,nsga2
0,233,233,train,2.6366252303123474,0.2421875,0.619140625,8,64,512,621.0987999947974,116.74849519771253,2.679679096565596,40.03813014308834,39.147099989349954,6.7935978221532185,18.34975266532723,25.143350487480447,0.009200011845678091,0.0,11.815887607114002,13.318262868520769,0,12.880377678542176,824.3441714266993,2097152.0,2,0.5,0.5,0.0,0.0,0.0,78.2567800977281,0.007599985110573471,0.0,57.832943099197394,20.416237013420123,0,1,0,17.861211820905865,60.395568276822225,0.0,1048576,1048576,0,8,4,0.25,2,0.5,0,1,1.0,0.16091842229213763,3,0,3,0.0,2.0,0.5,2.0,3,0.5,0.5,0.0,0.9599609375,0.0400390625,0.0,256,1024,0,0.0,637.865217749466,437.6752999960445,0.0,176.28720358398917,23.902714169432226,0,2607.829988499212,0,1986.7311885044146,2.3349699039542507e-06,1.0718716386262384e-06,1.6015252057235335e-06,3.396798911076609e-08,1.1009851599196338e-07,7.82567800977281e-07,5.9350010543840335e-06,heuristic_only,nsga2
0,234,234,train,2.566757380962372,0.275390625,0.646484375,8,64,512,419.37679999682587,72.4497861683867,3.3126984886232944,39.9969148786368,39.164900008472614,6.488696899745703,24.612319316033958,31.10101621577966,0.007300011930055916,0.0,12.704513127502755,18.38920307634685,0,19.075878599345387,1220.8562303581048,2097152.0,2,0.5,0.5,0.0,0.0,0.0,75.54079148159514,0.007100010407157242,0.0,54.824504473002875,20.709186998185096,0,1,0,18.995447954071288,56.54534352752384,0.0,1048576,1048576,0,8,4,0.25,2,0.5,0,1,1.0,0.2307606527190679,3,3,0,1.0,0.0,0.0,1.0,0,0.5,0.5,0.0,0.9375,0.0625,0.0,256,1024,0,0.0,463.03759814258717,261.2392000010004,0.0,180.0506114798138,21.7477866617729,0,2607.829988499212,0,2188.453188502386,1.4489957233677341e-06,1.3250793954493179e-06,1.599876595145472e-06,3.2443484498728516e-08,1.4767391589620372e-07,7.554079148159514e-07,5.309477029173408e-06,heuristic_only,nsga2
0,235,235,train,2.603277027606964,0.263671875,0.6171875,8,64,512,453.21100000001024,76.90584541579642,2.5698816514604403,40.16877828001412,38.31890001310967,6.150610657867457,15.515364650884294,21.66597530875175,0.008200004231184721,0.0,12.085572265337266,9.5722030391833,0,17.651783271404597,1129.7141293698942,2097152.0,2,0.5,0.5,0.0,0.0,0.0,77.16755635190314,0.008899995009414852,0.0,56.360862982403894,20.79779337448984,0,1,0,18.00643323646963,59.16112311543351,0.0,1048576,1048576,0,8,4,0.25,2,0.5,0,1,1.0,0.17369070345169255,3,0,3,0.0,2.0,0.5,2.0,3,0.5,0.5,0.0,0.9580078125,0.0419921875,0.0,256,1024,0,0.0,478.578021389084,279.83110008062795,0.0,180.55453143499318,18.192389873462822,0,2607.829988499212,0,2154.618988499202,1.5381169083159285e-06,1.0279526605841761e-06,1.606751131200565e-06,3.075305328933729e-08,9.309218790530576e-08,7.716755635190314e-07,5.068341504814344e-06,heuristic_only,nsga2
0,236,236,train,2.4779548048973083,0.28515625,0.650390625,8,64,512,441.49409999954514,75.90607850728888,2.663227821244138,39.09487370333543,36.445099991397,6.4091700682662305,17.069398146890514,23.478568215156745,0.00829999044071883,0.0,12.168501778550992,11.301766446165034,0,18.120246408189452,1159.695770124125,2097152.0,2,0.0,0.5,0.5,0.0,0.0,85.56363622780003,0.006900008884258568,0.0,65.00823092765806,20.54850529125772,0,1,0,0.0,59.35141976971417,26.21221645808587,0,1048576,1048576,8,4,0.25,2,0.5,0,1,1.0,0.30459390115263907,3,3,0,1.0,0.0,0.0,1.0,0,0.5,0.5,0.0,0.9375,0.0625,0.0,256,1024,0,0.0,470.6567201274738,274.49830004479736,0.0,177.44949927631828,18.708920806358144,0,1339.6753644986131,0,898.181264499068,1.5181215701457778e-06,1.0652911284976554e-06,1.5637949481334175e-06,3.2045850341331156e-08,1.0241638888134306e-07,8.556363622780004e-07,5.137306248277526e-06,heuristic_only,nsga2
0,237,237,train,2.6133288741111755,0.23828125,0.611328125,8,64,512,416.12890000396874,70.63136930873765,2.435184054457301,39.68474095405612,39.66950000904035,6.823168772619109,15.842928766139387,22.666097538758496,0.008000002708286047,0.0,12.314312648984373,10.343784887065839,0,19.22476611251367,1230.385031200875,2097152.0,2,0.5,0.5,0.0,0.0,0.0,79.24896197733693,0.006699992809444666,0.0,57.40951604371058,21.832745940816906,0,1,0,19.35408669519654,59.8948752821404,0.0,1048576,1048576,0,8,4,0.25,2,0.5,0,1,1.0,0.18595995617580352,3,0,3,0.0,2.0,0.5,2.0,3,0.5,0.5,0.0,0.962890625,0.037109375,0.0,256,1024,0,0.0,451.0051772690043,255.0966000126209,0.0,178.7574979524092,17.151079303974164,0,1339.6753644986131,0,923.5464644946444,1.4126273861747533e-06,9.740736217829202e-07,1.5873896381622449e-06,3.411584386309555e-08,9.505757259683631e-08,7.924896197733694e-07,4.89575368235322e-06,heuristic_only,nsga2
0,238,238,train,2.5788596272468567,0.2578125,0.640625,8,64,512,106.04549999698065,12.071217666217816,2.4712736147729295,47.826786161060966,38.97090000100434,6.206889004342803,15.0119361713513,21.218825175694104,0.00790000194683671,0.0,11.010655635025856,10.20026953872141,0,75.43860476515279,4828.0707049697785,2097152.0,2,0.5,0.0,0.5,0.0,0.0,40.73332280642177,0.007599985110573471,0.0,21.374081545954652,19.351641275356542,0,1,0,17.46053054495103,0.0,23.27279226147074,1048576,0,1048576,8,4,0.25,2,0.5,0,1,1.0,0.18595995617580352,3,3,0,1.0,0.0,0.0,1.0,0,0.5,0.5,0.0,0.951171875,0.048828125,0.0,256,1024,0,0.0,249.47710976820682,54.26069998065941,0.0,177.31864015621431,17.89776963133309,0,1339.6753644986131,0,1233.6298645016325,2.4142435332435635e-07,9.88509445909172e-07,1.9130714464424387e-06,3.103444502171402e-08,9.007161702810778e-08,4.0733322806421774e-07,3.671444535790007e-06,heuristic_only,nsga2
0,239,239,train,2.5366013646125793,0.275390625,0.658203125,8,64,512,422.09639999782667,73.39678463742237,2.5326702425022534,38.853353228479314,38.53069999604486,6.4985930863078005,15.563121816283331,22.06171490259113,0.008899980457499623,0.0,11.858171352393335,10.194643569740299,0,18.952971518045814,1212.990177154932,2097152.0,2,0.0,0.5,0.5,0.0,0.0,84.9630069142013,0.00689999433234334,0.0,65.614343800336,19.341763119532956,0,1,0,0.0,59.478000013126305,25.485006901074996,0,1048576,1048576,8,4,0.25,2,0.5,0,1,1.0,0.16091838189257093,3,0,3,0.0,2.0,0.5,2.0,3,0.5,0.5,0.0,0.955078125,0.044921875,0.0,256,1024,0,0.0,459.13123243361576,265.66160000220407,0.0,177.07795202111683,16.391680410294825,0,1339.6753644986131,0,917.5789645007865,1.4679356927484475e-06,1.0130680970009013e-06,1.5541341291391727e-06,3.2492965431539005e-08,9.337873089769998e-08,8.496300691420131e-07,5.010639684359774e-06,heuristic_only,nsga2
0,240,240,train,2.4912394881248474,0.27734375,0.669921875,8,64,512,429.2452000081539,73.54832361199026,2.550810191774679,41.35178035077092,36.227400007192045,5.898120019153933,16.284347176432867,22.1824671955868,0.008399976650252938,0.0,11.366046970893745,10.8080202480428,0,18.63732282277172,1192.78866065739,2097152.0,2,0.5,0.5,0.0,0.0,0.0,78.31456392033894,0.006999995093792677,0.0,58.80866211675793,19.49890180848722,0,1,0,16.685816377584096,61.62874754275485,0.0,1048576,1048576,0,8,4,0.25,2,0.5,0,1,1.0,0.16091842229213763,3,3,0,1.0,0.0,0.0,1.0,0,0.5,0.5,0.0,0.9609375,0.0390625,0.0,256,1024,0,0.0,469.80365661814346,266.3416999857873,0.0,176.6063624933538,26.85559413900237,0,1339.6753644986131,0,910.4301644904592,1.4709664722398055e-06,1.0203240767098717e-06,1.6540712140308368e-06,2.949060009576967e-08,9.770608305859718e-08,7.831456392033896e-07,5.055704085338271e-06,heuristic_only,nsga2
0,241,241,train,2.6181562542915344,0.25390625,0.66015625,8,64,512,450.1733999932185,77.37271460637173,2.4931422279007767,38.37485733027915,41.333000001031905,5.4563398153727976,14.601813802930955,20.058153618303752,0.008700008038431406,0.0,11.270201491493674,8.779252118771646,0,17.77089057067775,1137.336996523376,2097152.0,2,0.0,0.5,0.5,0.0,0.0,84.34340963456333,0.006799993570894003,0.0,64.67075546850478,19.665854172487656,0,1,0,0.0,59.07302313382188,25.27038650074146,0,1048576,1048576,8,4,0.25,2,0.5,0,1,1.0,0.16091838189257093,3,0,3,0.0,2.0,0.5,2.0,3,0.5,0.5,0.0,0.9609375,0.0390625,0.0,256,1024,0,0.0,472.96285665820665,281.86899998399895,0.0,174.72376873725247,16.370087936955155,0,1339.6753644986131,0,889.5019645053947,1.5474542921274346e-06,9.972568911603107e-07,1.5349942932111662e-06,2.7281699076863987e-08,8.761088281758573e-08,8.434340963456334e-07,5.038032154738996e-06,heuristic_only,nsga2
0,242,242,train,2.560658812522888,0.255859375,0.669921875,8,64,512,417.51050000311807,71.88251759128335,2.3660084567161057,39.18943452423951,41.233900003135204,6.320169486229646,14.684953673077946,21.00512315930759,0.009600014891475439,0.0,11.480529351355429,9.514993793060688,0,19.16114885443935,1226.3135266841184,2097152.0,2,0.5,0.5,0.0,0.0,0.0,76.05362321388088,0.007200011168606579,0.0,54.84196078991232,21.204462412799955,0,1,0,17.455063644049005,58.59855956983188,0.0,1048576,1048576,0,8,4,0.25,2,0.5,0,1,1.0,0.26061071707684524,3,3,0,1.0,0.0,0.0,1.0,0,0.5,0.5,0.0,0.94140625,0.05859375,0.0,256,1024,0,0.0,453.7518422889558,260.8223999995971,0.0,174.76180590211794,18.16763638724077,0,1339.6753644986131,0,922.1648644954951,1.4376503518256672e-06,9.464033826864424e-07,1.5675773809695808e-06,3.160084743114823e-08,8.810972203846765e-08,7.605362321388089e-07,4.8318779170901155e-06,heuristic_only,nsga2
0,243,243,train,2.498585879802704,0.267578125,0.69140625,8,64,512,1420.875600000727,77.479152153059,39.17157863326584,42.66897537143657,1247.7551999909338,6.998323675013584,302.69401808835914,309.6923417633727,0.007899987394921482,0.0,12.714696912421068,296.96974486355674,0,5.630327081180665,360.34093319556257,2097152.0,2,0.5,0.5,0.0,0.0,0.0,78.90874372637751,0.006999995093792677,0.0,58.84587216335101,20.055871567932698,0,1,0,18.625924455047493,60.28281927133001,0.0,1048576,1048576,0,8,4,0.25,2,0.5,0,1,1.0,0.18595995617580352,3,0,3,0.0,2.0,0.5,2.0,3,0.5,0.5,0.0,0.958984375,0.041015625,0.0,256,1024,0,0.0,637.2788246310456,281.0559999925317,0.0,178.40529264315467,177.81753199535922,0,1735.5648805015508,0,314.68928050082377,1.5495830430611803e-06,1.5668631453306337e-05,1.7067590148574626e-06,3.499161837506792e-08,1.8161641085301549e-06,7.890874372637751e-07,2.1565216675393977e-05,heuristic_only,nsga2
0,244,244,train,2.51052987575531,0.30078125,0.66015625,8,64,512,443.0467000056524,74.45742255426765,2.5345221967597436,39.373608161226784,36.09379999397788,5.6769150675390705,14.901624937951954,20.578540005491025,0.009199997293762863,0.0,11.392046108457627,9.177293899739633,0,18.056746485531775,1155.6317750740336,2097152.0,2,0.5,0.5,0.0,0.0,0.0,78.67704993706714,0.007499998901039362,0.0,56.79086079289889,21.878689145267217,0,1,0,19.352956862317185,59.32409307474995,0.0,1048576,1048576,0,8,4,0.25,2,0.5,0,1,1.0,0.17369070345169255,3,3,0,1.0,0.0,0.0,1.0,0,0.5,0.5,0.0,0.94921875,0.05078125,0.0,256,1024,0,0.0,465.4622116490167,269.89029998367187,0.0,178.7870223825463,16.784889282798574,0,1167.073643997862,0,724.0269439922097,1.4891484510853533e-06,1.0138088787038977e-06,1.5749443264490715e-06,2.8384575337695353e-08,8.940974962771172e-08,7.867704993706714e-07,4.982466480574401e-06,heuristic_only,nsga2
0,245,245,train,2.5526991486549377,0.234375,0.658203125,8,64,512,151.67039999505505,11.470691625321702,2.3207146686783866,61.095821745530834,36.425500002224,5.541065995208962,13.884563743983973,19.425629739192935,0.009099996532313526,0.0,11.549744681840858,7.866785060819764,0,52.74560662234821,3375.7188238302856,2097152.0,2,0.5,0.0,0.5,0.0,0.0,45.24756555423464,0.00960000033956021,0.0,25.24021425415178,19.9977512997433,0,1,0,19.11942594634978,0.0,26.12813960788486,1048576,0,1048576,8,4,0.25,2,0.5,0,1,1.0,0.13364216641330787,3,0,3,0.0,2.0,0.5,2.0,3,0.5,0.5,0.0,0.9560546875,0.0439453125,0.0,256,1024,0,0.0,299.5489121581237,106.26439997577108,0.0,177.99917859884823,15.285333583504396,0,1167.073643997862,0,1015.403244002807,2.2941383250643406e-07,9.282858674713547e-07,2.4438328698212335e-06,2.770532997604481e-08,8.330738246390383e-08,4.5247565554234646e-07,4.1650209377813176e-06,heuristic_only,nsga2
0,246,246,train,2.4324341416358948,0.275390625,0.671875,8,64,512,440.99950000236277,75.15538262219147,2.421253935713715,39.550379472891265,39.0969000000041,5.927934078694643,15.518441840137214,21.44637591883186,0.007199996616691351,0.0,12.229412083537353,9.209763838677812,0,18.140569001525257,1160.9964160976165,2097152.0,2,0.5,0.5,0.0,0.0,0.0,76.8298214551192,0.006999995093792677,0.0,57.504506312033875,19.31831514799153,0,1,0,16.502551512576495,60.327269942542706,0.0,1048576,1048576,0,8,4,0.25,2,0.5,0,1,1.0,0.2307606527190679,3,3,0,1.0,0.0,0.0,1.0,0,0.5,0.5,0.0,0.94921875,0.05078125,0.0,256,1024,0,0.0,468.5080641231858,273.3891000098083,0.0,177.45962459604843,17.659339517329066,0,1167.073643997862,0,726.0741439954993,1.5031076524438295e-06,9.685015742854858e-07,1.5820151789156507e-06,2.9639670393473218e-08,9.311065104082328e-08,7.682982145511921e-07,4.9446729416304545e-06,heuristic_only,nsga2
0,247,247,train,2.5227193236351013,0.25390625,0.64453125,8,64,512,419.3496000079904,72.98404736463849,2.621329991463813,40.38495902425301,37.87899999588262,6.716576711893429,15.381871931986515,22.098448643879944,0.008800008799880743,0.0,11.862291259486073,10.227357375593991,0,19.07711590217724,1220.9354177393434,2097152.0,2,0.5,0.5,0.0,0.0,0.0,76.70647460789601,0.007799986633472145,0.0,57.8271929834153,18.871481637847243,0,1,0,17.51111734329637,59.19535726459965,0.0,1048576,1048576,0,8,4,0.25,2,0.5,0,1,1.0,0.241032865595602,3,0,3,0.0,2.0,0.5,2.0,3,0.5,0.5,0.0,0.94140625,0.05859375,0.0,256,1024,0,0.0,463.9613455214212,263.586499975645,0.0,180.99949558749213,19.37534995828411,0,1167.073643997862,0,747.7240439898717,1.45968094729277e-06,1.0485319965855255e-06,1.6153983609701204e-06,3.358288355946715e-08,9.229123159191907e-08,7.670647460789604e-07,5.016550166078762e-06,heuristic_only,nsga2
0,248,248,train,2.457168698310852,0.291015625,0.658203125,8,64,512,418.7346999970032,70.85060207980563,2.487510138165385,39.56613604969058,38.5859999951208,6.1221016168341,14.432244437933608,20.55434605476771,0.007100010407157242,0.0,11.261309433532976,9.285936610827576,0,19.105130038010266,1222.728322432657,2097152.0,2,0.5,0.5,0.0,0.0,0.0,77.51378772623961,0.007399998139590025,0.0,59.069648610882055,18.436739117217968,0,1,0,17.49389615910996,60.019891567129655,0.0,1048576,1048576,0,8,4,0.25,2,0.5,0,1,1.0,0.24103284089209526,3,3,0,1.0,0.0,0.0,1.0,0,0.5,0.5,0.0,0.9453125,0.0546875,0.0,256,1024,0,0.0,451.61699307064634,255.0475999887567,0.0,178.2064225370397,18.362970544849937,0,1167.073643997862,0,748.3389440008589,1.4170120415961127e-06,9.950040552661538e-07,1.5826454419876231e-06,3.06105080841705e-08,8.659346662760163e-08,7.751378772623962e-07,4.887003390824058e-06,heuristic_only,nsga2
0,249,249,train,2.504090964794159,0.26171875,0.63671875,8,64,512,447.85939999565016,75.96664333770524,2.5082147248155646,39.26455309233762,39.01029999542516,5.799691880767289,13.805845449198388,19.605537329965678,0.00750001345295459,0.0,11.225747076583511,8.372290239929212,0,17.862709005033043,1143.2133763221148,2097152.0,2,0.5,0.5,0.0,0.0,0.0,74.78090559176168,0.006800008122809231,0.0,56.09627462982021,18.67783095381867,0,1,0,17.80506687303218,56.9758387187295,0.0,1048576,1048576,0,8,4,0.25,2,0.5,0,1,1.0,0.2201412464909665,3,0,3,0.0,2.0,0.5,2.0,3,0.5,0.5,0.0,0.94921875,0.05078125,0.0,256,1024,0,0.0,470.95764461943367,276.82599998661317,0.0,176.62039728617103,17.51124734664951,0,1167.073643997862,0,719.2142440022119,1.519332866754105e-06,1.003285889926226e-06,1.570582123693505e-06,2.8998459403836447e-08,8.283507269519032e-08,7.478090559176168e-07,4.952843468390479e-06,heuristic_only,nsga2
0,250,250,train,2.4149526953697205,0.29296875,0.66015625,8,64,512,318.6738999938825,53.56819851975932,2.411058286116349,39.41790201255992,36.68569998990279,6.715066007244012,15.2585688667798,21.973634874023812,0.008000002708286047,0.0,12.990800765719332,8.974834105596194,0,25.103953904601756,1606.6530498945124,2097152.0,2,0.5,0.0,0.5,0.0,0.0,42.054592007824795,0.007400012691505253,0.0,21.276616879117658,20.77057511601563,0,1,0,18.477147618205326,0.0,23.577444389619465,1048576,0,1048576,8,4,0.25,2,0.5,0,1,1.0,0.16091838189257093,3,3,0,1.0,0.0,0.0,1.0,0,0.5,0.5,0.0,0.955078125,0.044921875,0.0,256,1024,0,0.0,381.5886352737423,186.7303000035463,0.0,176.45482623715176,18.403509033044262,0,1167.073643997862,0,848.3997440039795,1.0713639703951866e-06,9.644233144465396e-07,1.5767160805023968e-06,3.357533003622006e-08,9.15514132006788e-08,4.205459200782479e-07,4.1581760286592704e-06,heuristic_only,nsga2
0,251,251,train,2.4840441942214966,0.28125,0.669921875,8,64,512,421.50799999944866,72.45340943836992,2.6236701639530278,39.18173754565164,36.360800004331395,5.5408951825340065,17.203701375793294,22.744596558327302,0.008400005754083395,0.0,11.904191722934996,10.832004829638223,0,18.979428671773235,1214.683434993487,2097152.0,2,0.5,0.5,0.0,0.0,0.0,79.93541226390064,0.006300004315562546,0.0,59.55967540912009,20.369436850464997,0,1,0,17.715611546930617,62.21980071697003,0.0,1048576,1048576,0,8,4,0.25,2,0.5,0,1,1.0,0.18595995617580352,3,0,3,0.0,2.0,0.5,2.0,3,0.5,0.5,0.0,0.9580078125,0.0419921875,0.0,256,1024,0,0.0,457.03526859189833,263.05279998632614,0.0,177.00283008782515,16.97963851774708,0,1167.073643997862,0,745.5656439984134,1.4490681887673983e-06,1.049468065581211e-06,1.5672695018260657e-06,2.7704475912670037e-08,1.0322220825475975e-07,7.993541226390065e-07,4.996086562981112e-06,heuristic_only,nsga2
0,252,252,train,2.426401138305664,0.2578125,0.71875,8,64,512,414.37020000012126,71.74151651127788,2.53882581576297,38.240768025610755,36.28780000144616,6.278784861018767,15.361976874062492,21.64076173508126,0.007299997378140688,0.0,12.307669123908969,9.325792613794148,0,19.306361059836348,1235.6071078295263,2097152.0,2,0.5,0.5,0.0,0.0,0.0,76.9539546822451,0.007800001185387373,0.0,58.43015247677616,18.516002204283566,0,1,0,17.264237705603563,59.68971697664154,0.0,1048576,1048576,0,8,4,0.25,2,0.5,0,1,1.0,0.2307606527190679,3,3,0,1.0,0.0,0.0,1.0,0,0.5,0.5,0.0,0.9453125,0.0546875,0.0,256,1024,0,0.0,450.0844414106064,259.3390999827534,0.0,174.42923271345427,16.31610871439876,0,1167.073643997862,0,752.7034439977408,1.4348303302255578e-06,1.015530326305188e-06,1.5296307210244302e-06,3.139392430509384e-08,9.217186124437495e-08,7.695395468224511e-07,4.873096709927096e-06,heuristic_only,nsga2
0,253,253,train,2.414598226547241,0.306640625,0.67578125,8,64,512,384.40280000213534,63.985519312179065,3.3593595166692616,47.45131938802249,1024.4118999980856,9.69381886333936,21.686683844608485,31.380502707947844,0.008999995770864189,0.0,12.061478341470547,19.310024370706433,0,20.811448794095067,1331.9327228220843,2097152.0,2,0.5,0.5,0.0,0.0,0.0,77.7665277452094,0.00960000033956021,0.0,56.38557296659548,21.371354778274366,0,1,0,18.395399425272537,59.37112831993687,0.0,1048576,1048576,0,8,4,0.25,2,0.5,0,1,1.0,0.19776869931901056,3,0,3,0.0,2.0,0.5,2.0,3,0.5,0.5,0.0,0.9462890625,0.0537109375,0.0,256,1024,0,0.0,459.1847928674832,220.85860000515822,0.0,181.0685780300556,57.25761483226945,0,608.5796089992068,0,224.17680899707148,1.2797103862435817e-06,1.3437438066677049e-06,1.8980527755208998e-06,4.8469094316696804e-08,1.3012010306765089e-07,7.776652774520941e-07,5.477761443268628e-06,heuristic_only,nsga2
0,254,254,train,2.5070396065711975,0.23046875,0.63671875,8,64,512,483.44700000598095,79.24343584418759,6.112603724975013,42.447081405692586,68.95080000685994,8.211404876052693,43.44862238283185,51.66002725888454,0.00899998121894896,0.0,11.187739047352041,40.46328823031355,0,16.54779831522941,1059.0590921746823,2097152.0,2,0.5,0.5,0.0,0.0,0.0,74.97972651170723,0.007700000423938036,0.0,54.41962581625542,20.55240069502787,0,1,0,18.071353577374794,56.908372934332434,0.0,1048576,1048576,0,8,4,0.25,2,0.5,0,1,1.0,0.19776865982085054,3,3,0,1.0,0.0,0.0,1.0,0,0.5,0.5,0.0,0.9482421875,0.0517578125,0.0,256,1024,0,0.0,511.21248389942076,284.8093999782577,0.0,176.63316691751254,49.76991700365052,0,615.0710389998127,0,131.62403899383173,1.584868716883752e-06,2.4450414899900057e-06,1.6978832562277038e-06,4.1057024380263473e-08,2.6069173429699106e-07,7.497972651170724e-07,6.779339486895788e-06,heuristic_only,nsga2
0,255,255,train,2.463576316833496,0.267578125,0.66796875,8,64,512,481.59699999087024,76.46843992010596,2.35886456677986,39.23533954782322,44.001300004310906,6.137172601344528,15.278813540664533,21.41598614200906,0.007100010407157242,0.0,11.792315872176573,9.616570259425332,0,16.61136466545056,1063.1273385888358,2097152.0,2,0.5,0.5,0.0,0.0,0.0,80.38659102596995,0.006700007361359894,0.0,59.457744889516725,20.922146129091857,0,1,0,17.399831977714832,62.98675904825511,0.0,1048576,1048576,0,8,4,0.25,2,0.5,0,1,1.0,0.14759074590838162,3,0,3,0.0,2.0,0.5,2.0,3,0.5,0.5,0.0,0.953125,0.046875,0.0,256,1024,0,0.0,472.25057613883615,277.4930999876233,0.0,178.7107947698256,16.04668138138731,0,615.0710389998127,0,133.47403900894244,1.5293687984021194e-06,9.435458267119441e-07,1.5694135819129291e-06,3.068586300672264e-08,9.167288124398719e-08,8.038659102596995e-07,4.968552861537403e-06,heuristic_only,nsga2
0,256,256,train,2.474591553211212,0.24609375,0.68359375,8,64,512,148.50350000779144,11.564411966290205,2.685477446332359,50.56105435249143,39.46590000123251,5.557730986755049,15.74602475040425,21.3037557371593,0.007700000423938036,0.0,10.549055435544936,10.747000301190424,0,53.87042143221432,3447.7069716617166,2097152.0,2,0.5,0.5,0.0,0.0,0.0,77.05508246117063,0.006600006599910557,0.0,57.08349108266111,19.9649913719096,0,1,0,17.160419432201714,59.89466302896891,0.0,1048576,1048576,0,8,4,0.25,2,0.5,0,1,1.0,0.25097720212391433,3,3,0,1.0,0.0,0.0,1.0,0,0.5,0.5,0.0,0.9482421875,0.0517578125,0.0,256,1024,0,0.0,259.24377506045596,66.2214999756543,0.0,176.78883132900052,16.23344375580115,0,615.0710389998127,0,466.56753899202124,2.3128823932580412e-07,1.0741909785329437e-06,2.0224421740996574e-06,2.7788654933775246e-08,9.447614850242549e-08,7.705508246117063e-07,4.220737020006312e-06,heuristic_only,nsga2
0,257,257,train,2.4922664165496826,0.267578125,0.6796875,8,64,512,421.5798000077484,72.57439807295542,2.363826974306546,40.10764973195252,36.32710000965744,6.4056957528691205,14.101881176969034,20.507576929838155,0.008300004992634058,0.0,12.598838321284475,7.900438603561045,0,18.97619625906342,1214.476560580059,2097152.0,2,0.5,0.0,0.5,0.0,0.0,45.00760643428221,0.007600014214403927,0.0,24.266613062559525,20.733393357508284,0,1,0,19.138969273038324,0.0,25.86863716124389,1048576,0,1048576,8,4,0.25,2,0.5,0,1,1.0,0.2307606283979408,3,0,3,0.0,2.0,0.5,2.0,3,0.5,0.5,0.0,0.9501953125,0.0498046875,0.0,256,1024,0,0.0,460.18349911685794,263.20729999861214,0.0,180.0238330260868,16.952366092158996,0,615.0710389998127,0,193.49123899206427,1.4514879614591082e-06,9.455307897226185e-07,1.6043059892781009e-06,3.2028478764345605e-08,8.461128706181419e-08,4.5007606434282217e-07,4.568040570628809e-06,heuristic_only,nsga2
0,258,258,train,2.6161434650421143,0.2109375,0.61328125,8,64,512,449.73410000966396,77.20405980283587,2.615322384989611,39.42996834516398,37.56549999525305,6.809023767767819,16.024697919396097,22.833721687163916,0.009499999578110874,0.0,12.640896439542534,10.183325248043271,0,17.788249126715026,1138.4479441097617,2097152.0,2,0.0,0.5,0.5,0.0,0.0,80.71944095964247,0.007299997378140688,0.0,62.36536968946657,18.346771272797767,0,1,0,0.0,55.71796530568555,25.001475653956923,0,1048576,1048576,8,4,0.25,2,0.5,0,1,1.0,0.18595995617580352,3,3,0,1.0,0.0,0.0,1.0,0,0.5,0.5,0.0,0.9541015625,0.0458984375,0.0,256,1024,0,0.0,476.99740213195787,279.1491000534734,0.0,178.99938882201113,18.848913256473352,0,615.0710389998127,0,165.33693899014872,1.544081196056718e-06,1.0461289539958443e-06,1.577198733806559e-06,3.40451188388391e-08,9.614818751637658e-08,8.071944095964249e-07,5.104796599810762e-06,heuristic_only,nsga2
0,259,259,train,2.6242586374282837,0.263671875,0.638671875,8,64,512,443.7121000082698,74.672458340073,2.509382217652623,38.8691182795358,38.8268000097014,6.118841052353017,15.380501939546496,21.499342991899514,0.008300004992634058,0.0,11.11664246915755,10.37440051774933,0,18.029668269543766,1153.898769250801,2097152.0,2,0.5,0.5,0.0,0.0,0.0,78.62016998336583,0.007099995855242014,0.0,56.97378562188982,21.63928436562076,0,1,0,18.341410027916965,60.278759955448855,0.0,1048576,1048576,0,8,4,0.25,2,0.5,0,1,1.0,0.241032865595602,3,0,3,0.0,2.0,0.5,2.0,3,0.5,0.5,0.0,0.947265625,0.052734375,0.0,256,1024,0,0.0,464.2038353490457,269.9782000272535,0.0,175.47909881231038,18.746536509481786,0,615.0710389998127,0,171.3589389915429,1.4934491668014603e-06,1.0037528870610494e-06,1.554764731181432e-06,3.059420526176509e-08,9.228301163727897e-08,7.862016998336582e-07,4.961045701776644e-06,heuristic_only,nsga2
0,260,260,train,2.557025909423828,0.212890625,0.625,8,64,512,281.2465000024531,44.74105040105921,2.475419299320671,38.80726899697903,38.44050000770949,6.404353574211803,15.546766709409951,21.951120283621755,0.007700000423938036,0.0,12.585245013634262,9.358175269563555,0,28.444697285950003,1820.4606263008002,2097152.0,2,0.0,0.5,0.5,0.0,0.0,83.95812526959622,0.006600006599910557,0.0,63.342323762418076,20.609201500578234,0,1,0,0.0,59.90442719615709,24.053698073439136,0,1048576,1048576,8,4,0.25,2,0.5,0,1,1.0,0.19776865982085054,3,3,0,1.0,0.0,0.0,1.0,0,0.5,0.5,0.0,0.9462890625,0.0537109375,0.0,256,1024,0,0.0,344.09495478943563,150.43919999152422,0.0,175.74513700333668,17.91061779457477,0,615.0710389998127,0,333.8245389973596,8.948210080211844e-07,9.901677197282685e-07,1.5522907598791615e-06,3.202176787105902e-08,9.328060025645969e-08,8.395812526959623e-07,4.402163108452096e-06,heuristic_only,nsga2
0,261,261,train,2.463293492794037,0.2578125,0.673828125,8,64,512,150.43979999609292,11.480396256087975,2.57291138415587,59.77481803764739,50.08570000063628,6.617210262633469,16.51453290856716,23.131743171200625,0.008300004992634058,0.0,12.880018397010296,10.243424769197695,0,53.17706367027939,3403.332074897881,2097152.0,2,0.5,0.5,0.0,0.0,0.0,77.8871620616866,0.006999995093792677,0.0,58.0840685101847,19.7960935564081,0,1,0,17.265435332317665,60.62172672936893,0.0,1048576,1048576,0,8,4,0.25,2,0.5,0,1,1.0,0.2091524583687337,3,0,3,0.0,2.0,0.5,2.0,3,0.5,0.5,0.0,0.94140625,0.05859375,0.0,256,1024,0,0.0,295.31250271156495,104.07830003532581,0.0,176.55637776803775,14.677824908201407,0,615.0710389998127,0,464.63123900371977,2.2960792512175952e-07,1.029164553662348e-06,2.390992721505896e-06,3.3086051313167346e-08,9.908719745140293e-08,7.78871620616866e-07,4.56081006967144e-06,heuristic_only,nsga2
0,262,262,train,2.5012298226356506,0.244140625,0.662109375,8,64,512,482.383700000355,77.84376849431374,2.46832102700178,39.406630138066596,37.74830000475049,6.754423401623475,16.012077968553037,22.766501370176513,0.008999995770864189,0.0,12.416708013499747,10.340793360905902,0,16.58427392078172,1061.39353093003,2097152.0,2,0.5,0.5,0.0,0.0,0.0,76.4982069944165,0.008000002708286047,0.0,55.157667609945115,21.332539381763098,0,1,0,19.054203213270497,57.444003781146,0.0,1048576,1048576,0,8,4,0.25,2,0.5,0,1,1.0,0.25097720212391433,3,3,0,1.0,0.0,0.0,1.0,0,0.5,0.5,0.0,0.951171875,0.048828125,0.0,256,1024,0,0.0,478.87487863752847,284.1311999654863,0.0,177.26873789734634,17.474940774695813,0,615.0710389998127,0,132.68733899945767,1.5568753698862747e-06,9.873284108007119e-07,1.576265205522664e-06,3.3772117008117375e-08,9.60724678113182e-08,7.64982069944165e-07,5.0152956409732505e-06,heuristic_only,nsga2
0,263,263,train,2.5033045411109924,0.24609375,0.650390625,8,64,512,382.2328000096604,66.65772087232706,2.36630366361293,39.05028282379418,42.76770001160912,6.1687456629409825,14.670247570093252,20.838993233034234,0.007800001185387373,0.0,12.53869560187029,8.292497629978557,0,20.929598585467353,1339.4943094699106,2097152.0,2,0.5,0.5,0.0,0.0,0.0,77.19811825450114,0.00990001717582345,0.0,57.371524474463584,19.816693762861732,0,1,0,17.614815555939174,59.583302698561965,0.0,1048576,1048576,0,8,4,0.25,2,0.5,0,1,1.0,0.2091524583687337,3,0,3,0.0,2.0,0.5,2.0,3,0.5,0.5,0.0,0.94140625,0.05859375,0.0,256,1024,0,0.0,432.2972294389367,240.28560001170263,0.0,175.96178123157478,16.049848195659283,0,531.2653665037942,0,149.0325664941338,1.3331544174465413e-06,9.465214654451721e-07,1.562011312951767e-06,3.0843728314704915e-08,8.802148542055951e-08,7.719811825450114e-07,4.7325335921237565e-06,heuristic_only,nsga2
0,264,264,train,2.530958592891693,0.255859375,0.6640625,8,64,512,4960.701100004371,888.0079962088405,3.0116275471087075,181.83350406943305,39.516499993624166,30.451813253685717,20.29104226387657,50.74285551756229,0.008499991963617504,0.0,10.97782519375986,39.75653033183881,0,1.6126749477645412,103.21119665693064,2097152.0,2,0.0,0.0,1.0,0.0,0.0,50.86891352817526,0.007199996616691351,0.0,29.845346941874645,21.01636658968393,0,1,0,0.0,0.0,25.43445676408763,0,0,2097152,8,4,0.25,2,0.5,0,1,1.0,0.13364216641330787,3,3,0,1.0,0.0,0.0,1.0,0,0.5,0.5,0.0,0.9580078125,0.0419921875,0.0,256,1024,0,0.0,4291.412511301529,3482.373299993924,0.0,174.98153885234672,634.0576724552582,0,1098.9360030033974,1,-3861.7650970009736,1.7760159924176813e-05,1.204651018843483e-06,7.273340162777322e-06,1.522590662684286e-07,1.217462535832594e-07,5.086891352817527e-07,2.702084556093106e-05,heuristic_only,nsga2
0,265,265,train,2.7134734988212585,0.232421875,0.6015625,8,64,512,433.59319999581203,72.70785450209733,2.3521565275700356,39.37537140891245,39.65950000565499,5.4985076351952245,15.114327197768823,20.612834832964047,0.00689999433234334,0.0,10.540491145090272,10.065443693541434,0,18.45043130207293,1180.8276033326674,2097152.0,2,0.5,0.5,0.0,0.0,0.0,77.63810395496361,0.007599999662488699,0.0,57.660896487225976,19.969607468075143,0,1,0,18.079895024796798,59.558208930166806,0.0,1048576,1048576,0,8,4,0.25,2,0.5,0,1,1.0,0.16091838189257093,3,0,3,0.0,2.0,0.5,2.0,3,0.5,0.5,0.0,0.955078125,0.044921875,0.0,256,1024,0,0.0,457.74152975431923,263.43490004364867,0.0,176.72203230744847,17.58459740322213,0,1098.9360030033974,0,665.3428030075854,1.4541570900419467e-06,9.408626110280142e-07,1.5750148563564978e-06,2.7492538175976122e-08,9.068596318661292e-08,7.763810395496361e-07,4.864594098338685e-06,heuristic_only,nsga2
0,266,266,train,2.6141856908798218,0.265625,0.62890625,8,64,512,385.32720001239795,67.82721423548138,3.402995377960987,38.655635972016796,38.367399989510886,6.397851387546812,22.628772654052312,29.026624041599124,0.00750001345295459,0.0,11.704287617312774,17.314836410833397,0,20.761522254905298,1328.737424313939,2097152.0,2,0.5,0.5,0.0,0.0,0.0,76.28778961198122,0.006799993570894003,0.0,54.440678838956046,21.84031077945429,0,1,0,18.61188732267589,57.67590228930534,0.0,1048576,1048576,0,8,4,0.25,2,0.5,0,1,1.0,0.1859599251701455,3,3,0,1.0,0.0,0.0,1.0,0,0.5,0.5,0.0,0.9599609375,0.0400390625,0.0,256,1024,0,0.0,439.54338234183666,242.23830000846647,0.0,175.72108261596964,21.58399971740056,0,1098.9360030033974,0,713.6088029909995,1.3565442847096274e-06,1.3611981511843948e-06,1.5462254388806719e-06,3.198925693773406e-08,1.3577263592431386e-07,7.628778961198124e-07,5.194607663756554e-06,heuristic_only,nsga2
0,267,267,train,2.5423799753189087,0.283203125,0.630859375,8,64,512,336.7437999986578,55.95669885489579,2.356420645513833,39.64298316355801,37.131299992324784,5.707894018605675,13.79873119755965,19.506625216165325,0.007499984349124134,0.0,11.309718678830365,8.189406552985838,0,23.756862763825566,1520.4392168848362,2097152.0,2,0.5,0.5,0.0,0.0,0.0,75.28614762625007,0.007099995855242014,0.0,54.69512468233253,20.58392294806229,0,1,0,17.52268997332905,57.76345765292102,0.0,1048576,1048576,0,8,4,0.25,2,0.5,0,1,1.0,0.19776869931901056,3,0,3,0.0,2.0,0.5,2.0,3,0.5,0.5,0.0,0.9462890625,0.0537109375,0.0,256,1024,0,0.0,391.82441065587057,197.12789998447988,0.0,178.22419567094715,16.472315000443476,0,1098.9360030033974,0,762.1922030047397,1.1191339770979159e-06,9.425682582055333e-07,1.5857193265423202e-06,2.8539470093028377e-08,8.279238718535789e-08,7.528614762625007e-07,4.511614895386657e-06,heuristic_only,nsga2
0,268,268,train,2.602551281452179,0.25390625,0.615234375,8,64,512,149.33960000053048,11.302852509994974,2.6224659847726532,60.489858189723506,51.20629999146331,5.77665377936381,15.340902691107313,21.117556470471122,0.00960000033956021,0.0,11.722926700451845,9.385029769679718,0,53.56882187410244,3428.404599942556,2097152.0,2,0.5,0.0,0.5,0.0,0.0,44.65190280966873,0.008100003469735384,0.0,23.446244764988744,21.19755804121025,0,1,0,18.585192358030085,0.0,26.06671045163864,1048576,0,1048576,8,4,0.25,2,0.5,0,1,1.0,0.2201412464909665,3,3,0,1.0,0.0,0.0,1.0,0,0.5,0.5,0.0,0.943359375,0.056640625,0.0,256,1024,0,0.0,297.6607067379645,106.01279996626545,0.0,174.0118964945278,17.636010277171295,0,1098.9360030033974,0,949.596403002867,2.260570501998995e-07,1.0489863939090613e-06,2.4195943275889403e-06,2.8883268896819053e-08,9.204541614664388e-08,4.465190280966873e-07,4.262085484838051e-06,heuristic_only,nsga2
0,269,269,train,2.578497290611267,0.271484375,0.65234375,8,64,512,434.83549999655224,72.65724939315155,2.4244151652948416,39.60472763690567,38.54969999520108,6.446586138360074,15.807649157087964,22.254235295448037,0.008000002708286047,0.0,12.645098167918839,9.601137124820912,0,18.397719602801125,1177.454054579272,2097152.0,2,0.5,0.5,0.0,0.0,0.0,74.83789685407922,0.007100010407157242,0.0,55.11123127499266,19.71956556867939,0,1,0,16.86348770241051,57.97440915166871,0.0,1048576,1048576,0,8,4,0.25,2,0.5,0,1,1.0,0.2307606527190679,3,0,3,0.0,2.0,0.5,2.0,3,0.5,0.5,0.0,0.951171875,0.048828125,0.0,256,1024,0,0.0,458.7455687814082,264.4455999834463,0.0,175.58978856720466,18.71018023075724,0,1098.9360030033974,0,664.1005030068452,1.453144987863031e-06,9.697660661179366e-07,1.5841891054762269e-06,3.2232930691800375e-08,9.484589494252777e-08,7.483789685407923e-07,4.882557953632315e-06,heuristic_only,nsga2
0,270,270,train,2.533034026622772,0.24609375,0.638671875,8,64,512,164.15440000128,21.074088350041357,2.34567202219528,40.75933476467354,48.20030000701081,6.271008740716888,16.372696845229598,22.643705585946485,0.009600014891475439,0.0,12.13635891835683,10.497746652698181,0,48.73430907504486,3118.995780802871,2097152.0,2,0.5,0.5,0.0,0.0,0.0,80.87130732380598,0.006600006599910557,0.0,60.324880946808236,20.539826370397833,0,1,0,18.375634851086275,62.495672472719704,0.0,1048576,1048576,0,8,4,0.25,2,0.5,0,1,1.0,0.26061071707684524,3,3,0,1.0,0.0,0.0,1.0,0,0.5,0.5,0.0,0.93359375,0.06640625,0.0,256,1024,0,0.0,256.7163805476407,56.40259997744579,0.0,179.47696724139558,20.836813328799327,0,1098.9360030033974,0,934.7816030021174,4.2148176700082717e-07,9.38268808878112e-07,1.6303733905869417e-06,3.135504370358444e-08,9.823618107137758e-08,8.0871307323806e-07,3.928428264478903e-06,heuristic_only,nsga2
0,271,271,train,2.463022530078888,0.27734375,0.669921875,8,64,512,467.7304999931948,77.68712166253056,2.467152422879332,38.73469346437114,39.242500002728775,6.424662876821474,15.47632329956577,21.900986176387242,0.007499998901039362,0.0,12.50604308618788,9.387443091298325,0,17.10382986845315,1094.6451115810016,2097152.0,2,0.5,0.5,0.0,0.0,0.0,78.24787305302847,0.006800008122809231,0.0,58.560526941465675,19.68054610343998,0,1,0,18.69738135832124,59.550491694707226,0.0,1048576,1048576,0,8,4,0.25,2,0.5,0,1,1.0,0.10351650354811201,3,0,3,0.0,2.0,0.5,2.0,3,0.5,0.5,0.0,0.9599609375,0.0400390625,0.0,256,1024,0,0.0,475.55587019912406,282.88830003293697,0.0,175.81732390614937,16.850246260037775,0,1098.9360030033974,0,631.2055030102026,1.5537424332506113e-06,9.868609691517328e-07,1.5493877385748458e-06,3.212331438410737e-08,9.285793979739461e-08,7.824787305302847e-07,4.997451125688976e-06,heuristic_only,nsga2
0,272,272,train,2.4983235597610474,0.24609375,0.64453125,8,64,512,630.8674999891082,109.79962119059378,3.573218149111052,41.38728306933498,126.73059999360703,9.017504909450118,25.859628265476957,34.877133174927074,0.009499999578110874,0.0,12.425885779024373,22.44174739632459,0,12.680931129289412,811.5795922745224,2097152.0,2,0.5,0.5,0.0,0.0,0.0,80.65263879321228,0.009800016414374113,0.0,60.28006724807459,20.36277152872333,0,1,0,18.056565933105787,62.596072860106496,0.0,1048576,1048576,0,8,4,0.25,2,0.5,0,1,1.0,0.16091838189257093,3,3,0,1.0,0.0,0.0,1.0,0,0.5,0.5,0.0,0.9404296875,0.0595703125,0.0,256,1024,0,0.0,619.0404896361592,405.77729999495205,0.0,176.83324193095854,36.429947710248626,0,1171.9091504950459,0,541.0416505059377,2.195992423811876e-06,1.4292872596444208e-06,1.6554913227733992e-06,4.50875245472506e-08,1.551577695928617e-07,8.065263879321229e-07,6.287542688301932e-06,heuristic_only,nsga2
0,273,273,train,2.544634521007538,0.25390625,0.671875,8,64,512,4416.290499997558,821.0998232163763,79.40429934941022,47.1976733907594,37.268999993102625,8.254217357171239,552.2192469170833,560.4734642742545,0.009400013368576765,0.0,11.746529492036984,548.717534768849,0,1.8114746275250226,115.93437616160145,2097152.0,2,0.5,0.0,0.5,0.0,0.0,42.734663123889234,0.007299997378140688,0.0,22.543101519128506,20.18426160738259,0,1,0,19.413416424030185,0.0,23.321246699859053,1048576,0,1048576,8,4,0.25,2,0.5,0,1,1.0,0.19776865982085054,3,0,3,0.0,2.0,0.5,2.0,3,0.5,0.5,0.0,0.939453125,0.060546875,0.0,256,1024,0,0.0,3790.807183826183,3251.0601000103634,0.0,180.41002985740573,359.3370539584146,0,2984.1351649931194,1,-1432.1553350044387,1.6421996464327526e-05,3.176171973976409e-05,1.8879069356303761e-06,4.127108678585619e-08,3.3133154815024996e-06,4.273466312388924e-07,5.385355633924923e-05,heuristic_only,nsga2
0,274,274,train,2.4683746099472046,0.28125,0.689453125,8,64,512,432.19849999877624,71.94779073655107,2.5036843292170454,38.87946569944519,39.466199988964945,6.628905367248633,15.53761217710124,22.166517544349873,0.011900003300979733,0.0,12.01054475361228,10.144072787436613,0,18.50997051135564,1184.638112726761,2097152.0,2,0.5,0.5,0.0,0.0,0.0,78.25133636770464,0.00689999433234334,0.0,58.27951894254656,19.964917430825736,0,1,0,16.871954244761156,61.37938212294348,0.0,1048576,1048576,0,8,4,0.25,2,0.5,0,1,1.0,0.18595995617580352,3,3,0,1.0,0.0,0.0,1.0,0,0.5,0.5,0.0,0.947265625,0.052734375,0.0,256,1024,0,0.0,453.32376306085325,260.8597000071313,0.0,174.69145361363456,17.772609440087376,0,2984.1351649931194,0,2551.936664994343,1.4389558147310218e-06,1.0014737316868181e-06,1.5551786279778079e-06,3.314452683624317e-08,9.322567306260743e-08,7.825133636770466e-07,4.904491737971545e-06,heuristic_only,nsga2
0,275,275,train,2.518886625766754,0.27734375,0.66796875,8,64,512,467.22970000701025,76.90019974758651,2.4623109441325832,39.29148936606146,35.794800001895055,6.074349509603443,15.456879359828068,21.531228869431512,0.007800001185387373,0.0,11.346002797208982,10.177426071037143,0,17.122162563119183,1095.8184040396277,2097152.0,2,0.5,0.5,0.0,0.0,0.0,75.38364882188534,0.007700000423938036,0.0,55.15990775149821,20.216041069963197,0,1,0,16.892900590601073,58.49074823128427,0.0,1048576,1048576,0,8,4,0.25,2,0.5,0,1,1.0,0.2307606283979408,3,0,3,0.0,2.0,0.5,2.0,3,0.5,0.5,0.0,0.9501953125,0.0498046875,0.0,256,1024,0,0.0,474.61600023112226,279.4074000121327,0.0,178.37540111228645,16.8331991067031,0,2984.1351649931194,0,2516.905464986109,1.5380039949517303e-06,9.849243776530335e-07,1.5716595746424586e-06,3.037174754801721e-08,9.27412761589684e-08,7.538364882188535e-07,4.971537459173062e-06,heuristic_only,nsga2
0,276,276,train,2.4731608033180237,0.283203125,0.693359375,8,64,512,321.7806000029668,52.86953718721557,3.3439016215840227,39.81481029593617,35.63890000805259,6.666086364482728,24.900048353702978,31.566134718185708,0.008899995009414852,0.0,12.69150888836548,18.86572583481081,0,24.861583135661707,1591.1413206823493,2097152.0,2,0.0,0.5,0.5,0.0,0.0,84.14177601127994,0.007399983587674797,0.0,63.43458198413142,20.699794043560843,0,1,0,0.0,58.09734641749385,26.04442959378609,0,1048576,1048576,8,4,0.25,2,0.5,0,1,1.0,0.2201412464909665,3,3,0,1.0,0.0,0.0,1.0,0,0.5,0.5,0.0,0.9609375,0.0390625,0.0,256,1024,0,0.0,384.11299641894306,185.34410002757795,0.0,177.99859470284343,20.770301688521673,0,2984.1351649931194,0,2662.3545649901525,1.0573907437443116e-06,1.3375606486336091e-06,1.592592411837447e-06,3.3330431822413647e-08,1.4940029012221785e-07,8.414177601127995e-07,5.011692286272799e-06,heuristic_only,nsga2
0,277,277,train,2.460863709449768,0.275390625,0.6796875,8,64,512,450.4224999982398,76.89430811541735,2.456725794822912,38.492828982832904,35.81349999876693,5.616929265599846,14.870144045187036,20.487073310786883,0.007000009645707905,0.0,12.104314400540854,8.375758900600317,0,17.76106264444742,1136.708009244635,2097152.0,2,0.5,0.5,0.0,0.0,0.0,78.87186084276212,0.009199997293762863,0.0,58.36605934754519,20.496601497923166,0,1,0,17.73205295075755,61.13980789200456,0.0,1048576,1048576,0,8,4,0.25,2,0.5,0,1,1.0,0.18595995617580352,3,0,3,0.0,2.0,0.5,2.0,3,0.5,0.5,0.0,0.9501953125,0.0498046875,0.0,256,1024,0,0.0,471.3754515722926,279.06220001750626,0.0,176.36495949590193,15.948292058884423,0,2984.1351649931194,0,2533.7126649948796,1.5378861623083468e-06,9.826903179291647e-07,1.539713159313316e-06,2.808464632799923e-08,8.922086427112221e-08,7.887186084276212e-07,4.966313758577571e-06,heuristic_only,nsga2
0,278,278,train,2.503474473953247,0.2734375,0.671875,8,64,512,349.0795999969123,61.42617563731095,2.4217161137652363,40.06733289879645,35.812499991152436,6.397691293829162,16.353988533131858,22.75167982696102,0.007100010407157242,0.0,12.815289837983315,9.92928997857055,0,22.917343444667974,1466.7099804587504,2097152.0,2,0.5,0.0,0.5,0.0,0.0,43.62228253530134,0.007599999662488699,0.0,22.927876576556564,20.686805959082285,0,1,0,18.628160187206266,0.0,24.99412234809507,1048576,0,1048576,8,4,0.25,2,0.5,0,1,1.0,0.241032865595602,3,3,0,1.0,0.0,0.0,1.0,0,0.5,0.5,0.0,0.953125,0.046875,0.0,256,1024,0,0.0,415.66089859949057,219.763100030832,0.0,178.0967131327172,17.801085435941324,0,2984.1351649931194,0,2635.055564996207,1.228523512746219e-06,9.686864455060946e-07,1.6026933159518583e-06,3.1988456469145816e-08,9.812393119879114e-08,4.362228253530133e-07,4.366238487225122e-06,heuristic_only,nsga2
0,279,279,train,2.523076891899109,0.24609375,0.63671875,8,64,512,149.8276999918744,10.823314190744133,2.5282018442979854,50.702850127323316,37.15460000967141,5.7472340635247114,14.626519943041046,20.373754006565758,0.006300004315562546,0.0,11.063068691585297,9.304385310664896,0,53.394309637832144,3417.2358168212572,2097152.0,2,0.5,0.5,0.0,0.0,0.0,76.485980544574,0.007599999662488699,0.0,57.507299639958106,18.971080904953403,0,1,0,17.72893435708626,58.757046187487745,0.0,1048576,1048576,0,8,4,0.25,2,0.5,0,1,1.0,0.18595995617580352,3,0,3,0.0,2.0,0.5,2.0,3,0.5,0.5,0.0,0.9638671875,0.0361328125,0.0,256,1024,0,0.0,256.2174646494617,65.36359997699037,0.0,175.1445595683674,15.709305104103937,0,2984.1351649931194,0,2834.307465001245,2.164662838148827e-07,1.0112807377191941e-06,2.028114005092933e-06,2.873617031762356e-08,8.775911965824626e-08,7.648598054457401e-07,4.1372161220486195e-06,heuristic_only,nsga2
0,280,280,train,2.4819726943969727,0.255859375,0.6796875,8,64,512,5037.052400002722,991.0242090732065,57.47092189826734,143.9991488594587,40.96529999515042,5.735423002629069,477.4428205879911,483.1782435906202,0.008300004992634058,0.0,10.641614186524517,472.52832939910303,0,1.5882301347044836,101.64672862108695,2097152.0,2,0.5,0.5,0.0,0.0,0.0,74.88195000241456,0.006900008884258568,0.0,56.033988147455105,18.841061846075192,0,1,0,18.281459759127713,56.60049024328685,0.0,1048576,1048576,0,8,4,0.25,2,0.5,0,1,1.0,0.14759070521249812,3,3,0,1.0,0.0,0.0,1.0,0,0.5,0.5,0.0,0.9501953125,0.0498046875,0.0,256,1024,0,0.0,4769.97711932373,3935.8647000190103,0.0,176.523785646597,657.5886336581224,0,5187.287963001434,0,150.23556299871234,1.982048418146413e-05,2.298836875930694e-05,5.7599659543783475e-06,2.8677115013145352e-08,2.8646569235279463e-06,7.488195000241457e-07,5.221097243371465e-05,heuristic_only,nsga2
0,281,281,train,2.552710175514221,0.26171875,0.642578125,8,64,512,355.52200001257006,63.421531014392016,2.4686865359897934,38.565101611234994,39.17259999434464,5.907230983679984,15.391917580276438,21.29914856395642,0.009900002623908222,0.0,12.116323693151829,9.172924868180687,0,22.502060344104738,1440.1318620227032,2097152.0,2,0.5,0.5,0.0,0.0,0.0,81.24911092140901,0.006800008122809231,0.0,60.74525872378219,20.49705218950401,0,1,0,18.197607965568587,63.05150295584043,0.0,1048576,1048576,0,8,4,0.25,2,0.5,0,1,1.0,0.18595995617580352,3,0,3,0.0,2.0,0.5,2.0,3,0.5,0.5,0.0,0.951171875,0.048828125,0.0,256,1024,0,0.0,417.82127664646725,226.25500001595356,0.0,174.7924628412228,16.77381378929086,0,5187.287963001434,0,4831.765962988864,1.2684306202878405e-06,9.874746143959173e-07,1.5426040644493999e-06,2.9536154918399923e-08,9.235150548165861e-08,8.124911092140902e-07,4.732888068747306e-06,heuristic_only,nsga2
0,282,282,train,2.574829578399658,0.275390625,0.65234375,8,64,512,432.86479999369476,73.93581255764299,2.506707764275119,39.160260489563925,40.286499992362224,6.490953163995483,15.320990392671927,21.81194355666741,0.00790000194683671,0.0,11.426822097610504,10.37722145711007,0,18.481478555516585,1182.8146275530614,2097152.0,2,0.5,0.0,0.5,0.0,0.0,44.42544311550082,0.007399998139590025,0.0,24.47051755154271,19.94752556581852,0,1,0,17.563609361386032,0.0,26.861833754114787,1048576,0,1048576,8,4,0.25,2,0.5,0,1,1.0,0.19776869931901056,3,3,0,1.0,0.0,0.0,1.0,0,0.5,0.5,0.0,0.953125,0.046875,0.0,256,1024,0,0.0,462.4111232459281,266.4488000009442,0.0,178.8128657220895,17.149457522894416,0,5187.287963001434,0,4754.423163007739,1.47871625115286e-06,1.0026831057100476e-06,1.5664104195825568e-06,3.2454765819977414e-08,9.192594235603156e-08,4.442544311550082e-07,4.616444915776482e-06,heuristic_only,nsga2
0,283,283,train,2.449079990386963,0.26953125,0.66015625,8,64,512,422.7442000119481,72.96078128428556,2.4029812178740135,39.24008753096732,40.33000000345055,6.608289623638588,14.587428402888246,21.195718026526833,0.007600014214403927,0.0,12.122860993370079,9.065257018942352,0,18.9239286448998,1211.1314332735872,2097152.0,2,0.5,0.5,0.0,0.0,0.0,80.7071667975622,0.007099995855242014,0.0,60.32982737623943,20.370239425467528,0,1,0,17.793658384777594,62.91350841278461,0.0,1048576,1048576,0,8,4,0.25,2,0.5,0,1,1.0,0.26061071707684524,3,0,3,0.0,2.0,0.5,2.0,3,0.5,0.5,0.0,0.955078125,0.044921875,0.0,256,1024,0,0.0,458.41540013250756,264.2366000218317,0.0,175.7682914647809,18.410508645895014,0,5187.287963001434,0,4764.543762989486,1.4592156256857115e-06,9.611924871496055e-07,1.5696035012386931e-06,3.304144811819294e-08,8.752457041732947e-08,8.070716679756221e-07,4.917649300585155e-06,heuristic_only,nsga2
0,284,284,train,2.564406633377075,0.26171875,0.6171875,8,64,512,166.15740000270307,11.227826443101868,2.5347108955385784,61.07339860264641,52.017599999089725,6.41281737524054,16.442182491121358,22.854999866361897,0.007199982064776123,0.0,12.670875156665357,10.176924727631766,0,48.14682856761895,3081.3970283276126,2097152.0,2,0.5,0.5,0.0,0.0,0.0,78.41537819566051,0.00689999433234334,0.0,57.89644885581616,20.512029345512005,0,1,0,17.367122569744332,61.04825562591617,0.0,1048576,1048576,0,8,4,0.25,2,0.5,0,1,1.0,0.14759070521249812,3,3,0,1.0,0.0,0.0,1.0,0,0.5,0.5,0.0,0.9580078125,0.0419921875,0.0,256,1024,0,0.0,299.34374376514745,106.36259999591857,0.0,176.41498628044923,16.566157488779638,0,5187.287963001434,0,5021.130562998731,2.245565288620374e-07,1.0138843582154313e-06,2.4429359441058566e-06,3.2064086876202707e-08,9.865309494672814e-08,7.841537819566051e-07,4.596247794962861e-06,heuristic_only,nsga2
0,285,285,train,2.501591384410858,0.28515625,0.65625,8,64,512,403.18439999828115,72.76142118994764,2.462908432960155,39.03541966494338,40.32260000531096,6.718421055067097,15.587302797622385,22.305723852689482,0.008000002708286047,0.0,13.0224047164098,9.275319133571397,0,19.84198832605076,1269.8872528672487,2097152.0,2,0.5,0.0,0.5,0.0,0.0,39.56536007418488,0.006900008884258568,0.0,20.297948667902723,19.260511397397895,0,1,0,16.36950832741152,0.0,23.195851746773357,1048576,0,1048576,8,4,0.25,2,0.5,0,1,1.0,0.2307606527190679,3,0,3,0.0,2.0,0.5,2.0,3,0.5,0.5,0.0,0.94140625,0.05859375,0.0,256,1024,0,0.0,457.0389971514047,263.7212999543408,0.0,175.71962361181687,17.598073585246993,0,5187.287963001434,0,4784.103563003153,1.4552284237989527e-06,9.85163373184062e-07,1.5614167865977356e-06,3.359210527533549e-08,9.35238167857343e-08,3.9565360074184883e-07,4.5245781063836685e-06,heuristic_only,nsga2
0,286,286,train,2.480379581451416,0.255859375,0.681640625,8,64,512,420.6062000012025,72.28227186180065,2.289435784295036,39.65667938413214,35.06399999605492,5.993774203165586,14.71194009737528,20.705714300540865,0.007399998139590025,0.0,12.182975923304312,8.515338379096962,0,19.02012138636031,1217.2877687270598,2097152.0,2,0.5,0.5,0.0,0.0,0.0,75.37638216033417,0.006999995093792677,0.0,56.562875131414714,18.80650703382568,0,1,0,17.917211069930836,57.459171090403345,0.0,1048576,1048576,0,8,4,0.25,2,0.5,0,1,1.0,0.2790043706260659,3,3,0,1.0,0.0,0.0,1.0,0,0.5,0.5,0.0,0.9326171875,0.0673828125,0.0,256,1024,0,0.0,456.9135481209113,261.09439998981543,0.0,178.9167905408199,16.90235759027597,0,5187.287963001434,0,4766.6817630002315,1.4456454372360132e-06,9.157743137180146e-07,1.5862671753652857e-06,2.996887101582793e-08,8.827164058425167e-08,7.53763821603342e-07,4.819691259522735e-06,heuristic_only,nsga2
0,287,287,train,2.5267727375030518,0.28125,0.65625,8,64,512,419.20290001144167,71.91464419468177,2.4147313039272627,39.31129536733032,36.27129999222234,6.258336515624521,14.527475692434958,20.78581220805948,0.008000002708286047,0.0,12.028706714116193,8.749105491235,0,19.083791920308112,1221.3626828997192,2097152.0,2,0.5,0.5,0.0,0.0,0.0,79.27724039396135,0.007099995855242014,0.0,58.18955281772565,21.080587580380467,0,1,0,17.67084771097446,61.60639268298689,0.0,1048576,1048576,0,8,4,0.25,2,0.5,0,1,1.0,0.2307606527190679,3,0,3,0.0,2.0,0.5,2.0,3,0.5,0.5,0.0,0.9423828125,0.0576171875,0.0,256,1024,0,0.0,454.5626834637574,260.02600000356324,0.0,177.73926925887855,16.797414201315654,0,5187.287963001434,0,4768.085062989992,1.4382928838936354e-06,9.65892521570905e-07,1.5724518146932127e-06,3.129168257812261e-08,8.716485415460974e-08,7.927724039396137e-07,4.8878661608301e-06,heuristic_only,nsga2
0,288,288,train,2.5286269187927246,0.23828125,0.654296875,8,64,512,650.0166000041645,74.91310468901875,7.513718034678034,40.17202955715696,59.014600003138185,5.560441723969983,57.752718468668455,63.313160192638435,0.00829999044071883,0.0,11.482113520196735,51.82274668200098,0,12.307359062198847,787.6709799807262,2097152.0,2,0.5,0.5,0.0,0.0,0.0,75.07195435827497,0.00960000033956021,0.0,55.85941935150495,19.202935006430465,0,1,0,18.227973368481987,56.84398098979298,0.0,1048576,1048576,0,8,4,0.25,2,0.5,0,1,1.0,0.16091838189257093,3,3,0,1.0,0.0,0.0,1.0,0,0.5,0.5,0.0,0.953125,0.046875,0.0,256,1024,0,0.0,490.395409123415,272.65090004948433,0.0,175.72984473308742,42.0146643408432,0,5187.287963001434,0,4537.2713629972695,1.498262093780375e-06,3.0054872138712136e-06,1.6068811822862784e-06,2.7802208619849913e-08,3.465163108120107e-07,7.507195435827497e-07,7.235668552952478e-06,heuristic_only,nsga2
0,289,289,train,2.5563334822654724,0.240234375,0.6484375,8,64,512,4726.277599998866,1083.677578656027,3.269061545830489,43.99392583030627,37.1543999935966,233.6429351275474,22.305354997177943,255.94829012472533,0.010100004146806896,0.0,12.662241831579585,243.27594828899893,0,1.6926636529640717,108.33047378970059,2097152.0,2,0.5,0.5,0.0,0.0,0.0,78.36993224143598,0.008500006515532732,0.0,58.99018730060649,19.371244934313953,0,1,0,17.570323574162195,60.79960866727377,0.0,1048576,1048576,0,8,4,0.25,2,0.5,0,1,1.0,0.241032865595602,3,0,3,0.0,2.0,0.5,2.0,3,0.5,0.5,0.0,0.947265625,0.052734375,0.0,256,1024,0,0.0,4523.762264128654,3812.194600031944,0.0,176.9125340254373,534.6551300712732,0,5340.7315775020825,0,614.4539775032163,2.167355157312054e-05,1.3076246183321954e-06,1.7597570332122507e-06,1.1682146756377371e-06,1.3383212998306765e-07,7.836993224143598e-07,2.682667935270015e-05,heuristic_only,nsga2
0,290,290,train,2.5547678470611572,0.2265625,0.65234375,8,64,512,449.5944999944186,76.30277758501671,2.621388570742291,39.644057958464934,37.508999987039715,6.199151097248606,16.877054673419398,23.076205770668004,0.008300004992634058,0.0,11.660299897850468,11.407605867824902,0,17.793772402302324,1138.8014337473487,2097152.0,2,0.0,0.5,0.5,0.0,0.0,86.54045922088814,0.006900023436173797,0.0,66.31074602378972,20.22281317366225,0,1,0,0.0,62.40777913275285,24.13268008813529,0,1048576,1048576,8,4,0.25,2,0.5,0,1,1.0,0.2307606527190679,3,3,0,1.0,0.0,0.0,1.0,0,0.5,0.5,0.0,0.94140625,0.05859375,0.0,256,1024,0,0.0,474.27289645689575,276.7067000386305,0.0,176.00622950105563,21.55996691720962,0,5340.7315775020825,0,4891.137077507664,1.5260555517003346e-06,1.0485554282969163e-06,1.5857623183385974e-06,3.099575548624303e-08,1.0126232804051639e-07,8.654045922088814e-07,5.1580359740714886e-06,heuristic_only,nsga2
0,291,291,train,2.4493231773376465,0.26171875,0.67578125,8,64,512,419.9735000001965,72.2591996146303,2.421197324864133,39.43368706097981,37.665500000002794,6.528662856195483,15.3766638421038,21.905326698299284,0.007299997378140688,0.0,12.477511571931913,9.42051512898923,0,19.04877558041323,1219.1216371464468,2097152.0,2,0.5,0.5,0.0,0.0,0.0,79.19301724085105,0.007499998901039362,0.0,58.386131876348955,20.79938536560106,0,1,0,19.334319877310385,59.85869736354067,0.0,1048576,1048576,0,8,4,0.25,2,0.5,0,1,1.0,0.16091838189257093,3,0,3,0.0,2.0,0.5,2.0,3,0.5,0.5,0.0,0.9541015625,0.0458984375,0.0,256,1024,0,0.0,456.45633600189694,262.0957000326598,0.0,176.55940122626114,17.801234742976064,0,5340.7315775020825,0,4920.758077501886,1.4451839922926064e-06,9.684789299456535e-07,1.5773474824391925e-06,3.2643314280977416e-08,9.22599830526228e-08,7.919301724085106e-07,4.907843874419564e-06,heuristic_only,nsga2
0,292,292,train,2.413068175315857,0.28125,0.6796875,8,64,512,435.1278999965871,72.94637041066774,2.387601829531076,39.07673293383016,39.02909999305848,6.74317846052398,14.516120112134924,21.259298572658906,0.007699985872022808,0.0,11.759589193134437,9.492009393652445,0,18.385356615161044,1176.6628233703068,2097152.0,2,0.5,0.5,0.0,0.0,0.0,79.0523644096213,0.006699992809444666,0.0,59.791976433654916,19.253687983156937,0,1,0,18.03775174505806,61.014612664563245,0.0,1048576,1048576,0,8,4,0.25,2,0.5,0,1,1.0,0.16091838189257093,3,3,0,1.0,0.0,0.0,1.0,0,0.5,0.5,0.0,0.9482421875,0.0517578125,0.0,256,1024,0,0.0,457.6428206961159,264.41370001703035,0.0,176.06851357374188,17.160607105343676,0,5340.7315775020825,0,4905.603677505495,1.458927408213355e-06,9.550407318124304e-07,1.5630693173532063e-06,3.3715892302619905e-08,8.709672067280954e-08,7.905236440962132e-07,4.888373714450634e-06,heuristic_only,nsga2
0,293,293,train,2.378425359725952,0.29296875,0.681640625,8,64,512,415.43300000193994,71.72230299965955,2.488679813121216,39.119700224311714,37.51360000751447,6.530967596673655,15.579328777690154,22.11029637436381,0.008200004231184721,0.0,12.668676597223843,9.43341977290878,0,19.25696981942413,1232.4460684431442,2097152.0,2,0.5,0.5,0.0,0.0,0.0,74.82197375050151,0.00859999272506684,0.0,54.9524510495452,19.860922708231247,0,1,0,18.00934757621948,56.81262617428203,0.0,1048576,1048576,0,8,4,0.25,2,0.5,0,1,1.0,0.2091524583687337,3,0,3,0.0,2.0,0.5,2.0,3,0.5,0.5,0.0,0.9443359375,0.0556640625,0.0,256,1024,0,0.0,453.32273214836994,259.12329999846406,0.0,175.25802229996836,18.941409849937507,0,5340.7315775020825,0,4925.2985775001425,1.4344460599931911e-06,9.954719252484866e-07,1.5647880089724687e-06,3.265483798336828e-08,9.347597266614091e-08,7.482197375050151e-07,4.869056542368671e-06,heuristic_only,nsga2
0,294,294,train,2.4985873103141785,0.25,0.66015625,8,64,512,278.89949998643715,45.00953330161643,2.3931963902161266,39.557838017424345,49.046200001612306,6.433020149813382,16.485389414930264,22.918409564743648,0.007800001185387373,0.0,12.470515951255372,10.440093612302887,0,28.684064748500052,1835.7801439040034,2097152.0,2,0.5,0.5,0.0,0.0,0.0,77.87898805513323,0.007099995855242014,0.0,58.06228821103332,19.809599848244673,0,1,0,17.989203729857834,59.8897843252754,0.0,1048576,1048576,0,8,4,0.25,2,0.5,0,1,1.0,0.19776865982085054,3,3,0,1.0,0.0,0.0,1.0,0,0.5,0.5,0.0,0.95703125,0.04296875,0.0,256,1024,0,0.0,347.8422708370276,153.23860000353307,0.0,175.8354715030756,18.768199330418987,0,5045.461745498104,0,4766.562245511667,9.001906660323287e-07,9.572785560864508e-07,1.5823135206969743e-06,3.216510074906691e-08,9.891233648958157e-08,7.787898805513324e-07,4.349650060605734e-06,heuristic_only,nsga2
0,295,295,train,2.409346342086792,0.2890625,0.666015625,8,64,512,151.71330000157468,10.258032455742065,2.501015957145319,51.38190823382235,55.637999990722165,6.440999122731657,14.919400387862286,21.360399510593943,0.01479999627918005,0.0,12.13724874488808,9.208350769426684,0,52.730691832720886,3374.7642772941367,2097152.0,2,0.5,0.5,0.0,0.0,0.0,76.50728224925456,0.009199997293762863,0.0,55.19664725732572,21.30143499463508,0,1,0,18.265983672137352,58.24129857711721,0.0,1048576,1048576,0,8,4,0.25,2,0.5,0,1,1.0,0.2201412464909665,3,0,3,0.0,2.0,0.5,2.0,3,0.5,0.5,0.0,0.94921875,0.05078125,0.0,256,1024,0,0.0,256.5638265868389,67.152800023905,0.0,174.8327286522948,14.57829791063915,0,5045.461745498104,0,4893.74844549653,2.0516064911484135e-07,1.0004063828581277e-06,2.0552763293528943e-06,3.220499561365829e-08,8.95164023271737e-08,7.650728224925457e-07,4.147637581759241e-06,heuristic_only,nsga2
0,296,296,train,2.4074848294258118,0.2734375,0.693359375,8,64,512,5283.482499988168,1157.744846566126,2.8621250541152374,41.63686649873362,47.534500001347624,529.2041575769626,19.036080609872407,548.2402381868351,0.009899988071992993,0.0,11.981753115675506,536.2485850830876,0,1.5141525472764163,96.90576302569065,2097152.0,2,0.5,0.5,0.0,0.0,0.0,77.56745081851709,0.007600014214403927,0.0,59.027742293934445,18.532108510368232,0,1,0,17.630944269663946,59.93650654885314,0.0,1048576,1048576,0,8,4,0.25,2,0.5,0,1,1.0,0.26061071707684524,3,3,0,1.0,0.0,0.0,1.0,0,0.5,0.5,0.0,0.9462890625,0.0537109375,0.0,256,1024,0,0.0,4808.975352475899,3441.616399999475,0.0,179.62790342019042,1187.7310490562338,0,5386.9241140010845,0,103.44161401291694,2.315489693132252e-05,1.1448500216460952e-06,1.665474659949345e-06,2.646020787884813e-06,1.1421648365923443e-07,7.756745081851708e-07,2.950113339264718e-05,heuristic_only,nsga2
0,297,297,train,2.5443775057792664,0.251953125,0.654296875,8,64,512,434.4529999943916,71.17753593568906,2.373280948168728,38.95378863707646,39.355299988528714,5.851234278277509,15.156938861765232,21.008173140042743,0.008200004231184721,0.0,11.370290627813024,9.629682507998533,0,18.41391723888668,1178.4907032887475,2097152.0,2,0.0,0.5,0.5,0.0,0.0,89.33205771944438,0.007300011930055916,0.0,69.41405433763799,19.910703369876316,0,1,0,0.0,62.836338590004914,26.495719129439465,0,1048576,1048576,8,4,0.25,2,0.5,0,1,1.0,0.14759070521249812,3,0,3,0.0,2.0,0.5,2.0,3,0.5,0.5,0.0,0.9521484375,0.0478515625,0.0,256,1024,0,0.0,450.01842208373694,258.39620000624564,0.0,173.64236341858862,17.979858658902696,0,5386.9241140010845,0,4952.471114006693,1.4235507187137815e-06,9.49312379267491e-07,1.5581515454830585e-06,2.9256171391387547e-08,9.094163317059138e-08,8.933205771944438e-07,4.944533025220754e-06,heuristic_only,nsga2
0,298,298,train,2.6954824328422546,0.21875,0.630859375,8,64,512,439.71170000440907,74.06751256845531,2.4967323832329047,38.65726581045812,37.67089999746531,5.915371339384643,16.123607313049376,22.038978652434018,0.00750001345295459,0.0,11.770117289217607,10.261361349763458,0,18.193697839338693,1164.3966617176764,2097152.0,2,0.5,0.5,0.0,0.0,0.0,81.9861261164275,0.007499998901039362,0.0,61.04117655576907,20.937449561757383,0,1,0,18.951766704179185,63.03435941224831,0.0,1048576,1048576,0,8,4,0.25,2,0.5,0,1,1.0,0.18595995617580352,3,3,0,1.0,0.0,0.0,1.0,0,0.5,0.5,0.0,0.9521484375,0.0478515625,0.0,256,1024,0,0.0,460.88604304858535,268.44210001581814,0.0,174.13182912740885,18.312113905358384,0,5386.9241140010845,0,4947.212413996675,1.4813502513691064e-06,9.98692953293162e-07,1.5462906324183248e-06,2.9576856696923222e-08,9.674164387829624e-08,8.198612611642749e-07,4.972513598820087e-06,heuristic_only,nsga2
0,299,299,train,2.524724006652832,0.25390625,0.658203125,8,64,512,433.66270000115037,74.04221386039279,2.5642413270036055,39.74083791710074,42.98939999716822,5.705492996677394,16.457025963487947,22.162518960165343,0.007800001185387373,0.0,11.295018375079241,10.859700583900715,0,18.447474390821228,1180.6383610125586,2097152.0,2,0.0,0.5,0.5,0.0,0.0,88.09464813004328,0.007800001185387373,0.0,67.7548771590699,20.331970969787974,0,1,0,0.0,61.260330982092285,26.83431714795099,0,1048576,1048576,8,4,0.25,2,0.5,0,1,1.0,0.2307606527190679,3,0,3,0.0,2.0,0.5,2.0,3,0.5,0.5,0.0,0.9521484375,0.0478515625,0.0,256,1024,0,0.0,465.3891724179885,269.77639997494407,0.0,176.76568479727348,18.84708764577102,0,5386.9241140010845,0,4953.261413999934,1.4808442772078558e-06,1.0256965308014421e-06,1.58963351668403e-06,2.8527464983386975e-08,9.874215578092767e-08,8.809464813004328e-07,5.104390426758075e-06,heuristic_only,nsga2
0,300,300,val,2.687562882900238,0.212890625,0.603515625,8,64,512,335.91019999585114,25.862232393818232,2.2095357805771125,106.16495174860691,0.0,0.0,0.0,0.0,0.0,0.0,0.0,0.0,0,23.815817990286746,1524.2123513783517,0.0,0,0.0,0.0,0.0,0.0,0.0,0.0,0.0,0.0,0.0,0.0,0,0,0,0.0,0.0,0.0,0,0,0,8,4,0.25,2,0.5,2,1,1.0,0.2307606527190679,0,0,0,0.0,0.0,0.0,0.0,0,0.5,0.5,0.0,0.9443359375,0.0556640625,0.0,256,1024,0,0.0,536.946879692009,76.38790001510642,250.0,194.15059678386334,16.408382893039295,0,5386.9241140010845,0,5051.013914005233,5.172446478763647e-07,8.83814312230845e-07,4.246598069944276e-06,0.0,0.0,0.0,5.647657030051486e-06,heuristic_only,nsga2
0,300,300,train,2.723011612892151,0.203125,0.599609375,8,64,512,283.6842000106117,44.5203439113981,2.299457618310921,42.12516828214556,36.99350000533741,6.608292578387731,14.072748494692341,20.681041073080074,0.008299975888803601,0.0,11.733951424598782,8.938789672592485,0,28.200272695582104,1804.8174525172547,2097152.0,2,0.5,0.5,0.0,0.0,0.0,76.75471929975173,0.007599999662488699,0.0,58.21931213866239,18.527807161426857,0,1,0,16.87634190403472,59.87837739571701,0.0,1048576,1048576,0,8,4,0.25,2,0.5,0,1,1.0,0.16091842229213763,3,3,0,1.0,0.0,0.0,1.0,0,0.5,0.5,0.0,0.9501953125,0.0498046875,0.0,256,1024,0,0.0,355.7798792474183,150.802999996813,0.0,188.4236873740875,16.553191876517786,0,5386.9241140010845,0,5103.239913990473,8.904068782279621e-07,9.197830473243684e-07,1.6850067312858225e-06,3.3041462891938657e-08,8.443649096815403e-08,7.675471929975174e-07,4.3802218036957635e-06,heuristic_only,nsga2
0,301,301,train,2.6583815217018127,0.234375,0.611328125,8,64,512,391.027399993618,68.16098663112251,2.3395118971238045,42.51712719954183,35.95220000715926,6.023455868336711,13.98511397314196,20.00856984147867,0.00790000194683671,0.0,12.180743957134325,7.819925882397509,0,20.458872041341674,1309.3678106458672,2097152.0,2,0.5,0.5,0.0,0.0,0.0,78.88177831701591,0.007700000423938036,0.0,59.15222790955981,19.721850407032164,0,1,0,17.80883352296508,61.072944794050834,0.0,1048576,1048576,0,8,4,0.25,2,0.5,0,1,1.0,0.19776865982085054,3,0,3,0.0,2.0,0.5,2.0,3,0.5,0.5,0.0,0.9482421875,0.0517578125,0.0,256,1024,0,0.0,452.0705029111526,244.24670002190396,0.0,188.71130425753972,19.112498631708867,0,5386.9241140010845,0,4995.8967140074665,1.3632197326224501e-06,9.35804758849522e-07,1.7006850879816734e-06,3.011727934168356e-08,8.391068383885175e-08,7.888177831701593e-07,4.90255532580434e-06,heuristic_only,nsga2
0,302,302,train,2.7086307406425476,0.2109375,0.595703125,8,64,512,307.7231000061147,51.35437248178934,2.4419094259581344,43.201147950419525,59.334499994292855,6.542573309188681,15.845660323704614,22.388233632893296,0.017600003047846258,0.0,12.594381766318492,9.776251863526957,0,25.997313827032187,1663.82808493006,2097152.0,2,0.5,0.5,0.0,0.0,0.0,82.57042725698007,0.009599985787644982,0.0,62.64654422055513,19.914283050637305,0,1,0,16.789288702100507,65.78113855487956,0.0,1048576,1048576,0,8,4,0.25,2,0.5,0,1,1.0,0.2091524583687337,3,3,0,1.0,0.0,0.0,1.0,0,0.5,0.5,0.0,0.955078125,0.044921875,0.0,256,1024,0,0.0,387.98971943266804,179.50420003035106,0.0,190.0495173935982,18.43600200871877,0,5386.9241140010845,0,5079.20101399497,1.027087449635787e-06,9.767637703832538e-07,1.7280459180167811e-06,3.2712866545943407e-08,9.507396194222767e-08,8.257042725698008e-07,4.685388239093793e-06,heuristic_only,nsga2
0,303,303,train,2.676352083683014,0.193359375,0.623046875,8,64,512,3388.879899997846,760.1212365714074,3.2382193058845727,44.459215853692555,49.242499997490086,347.33945999279604,20.29796645402907,367.6374264468251,0.00999998883344233,0.0,12.61424391979208,355.0131825381996,0,2.360661302675194,151.08232337121242,2097152.0,2,0.5,0.5,0.0,0.0,0.0,82.74475101657711,0.007700000423938036,0.0,63.24390963180779,19.49314138434539,0,1,0,16.30069708640022,66.44405393017689,0.0,1048576,1048576,0,8,4,0.25,2,0.5,0,1,1.0,0.16091838189257093,3,0,3,0.0,2.0,0.5,2.0,3,0.5,0.5,0.0,0.9580078125,0.0419921875,0.0,256,1024,0,0.0,3231.274686923938,2416.6073999658693,0.0,190.21606001523972,624.4512269428292,0,5386.9241140010845,0,1998.0442140032383,1.520242473142815e-05,1.2952877223538294e-06,1.7783686341477021e-06,1.7366972999639803e-06,1.217877987241744e-07,8.274475101657712e-07,2.096201369678361e-05,heuristic_only,nsga2
0,304,304,train,2.6950828433036804,0.22265625,0.59765625,8,64,512,338.773499999661,56.523481530009306,2.4636090438027747,41.926615056620825,61.35309999808669,5.851161995140491,15.696951590440982,21.548113585581472,0.025200002710334957,0.0,12.17373044217824,9.349183140692897,0,23.614528248165094,1511.329807882566,2097152.0,2,0.5,0.5,0.0,0.0,0.0,84.68153995721693,0.007599999662488699,0.0,64.42604871934589,20.247891238208542,0,1,0,17.637988503528156,67.04355145368876,0.0,1048576,1048576,0,8,4,0.25,2,0.5,0,1,1.0,0.26994862967019156,3,3,0,1.0,0.0,0.0,1.0,0,0.5,0.5,0.0,0.9482421875,0.0517578125,0.0,256,1024,0,0.0,403.6548225217316,198.13540000177454,0.0,188.62008024405895,16.89934227589813,0,5386.9241140010845,0,5048.1506140014235,1.1304696306001861e-06,9.8544361752111e-07,1.6770646022648332e-06,2.925580997570246e-08,9.418170954264588e-08,8.468153995721692e-07,4.763230769476646e-06,heuristic_only,nsga2
0,305,305,train,2.7297704815864563,0.2421875,0.615234375,8,64,512,383.18200000503566,60.47487882457969,2.409726750677738,42.25373594668554,39.04240000701975,6.07409073943343,15.111599997487783,21.185690736921213,0.007800001185387373,0.0,11.783643056788621,9.394247678947206,0,20.87775292717805,1336.1761873393953,2097152.0,2,0.5,0.0,0.5,0.0,0.0,42.78383152468729,0.007399983587674797,0.0,23.577889477640635,19.19854206345898,0,1,0,16.157165931004826,0.0,26.626665593682464,1048576,0,1048576,8,4,0.25,2,0.5,0,1,1.0,0.19776865982085054,3,0,3,0.0,2.0,0.5,2.0,3,0.5,0.5,0.0,0.94140625,0.05859375,0.0,256,1024,0,0.0,420.5533660877719,214.0829000272788,0.0,188.12871790104418,18.341748159448855,0,5386.9241140010845,0,5003.742113996049,1.209497576491594e-06,9.638907002710952e-07,1.6901494378674215e-06,3.037045369716715e-08,9.066959998492669e-08,4.2783831524687297e-07,4.412416083559078e-06,heuristic_only,nsga2
0,306,306,train,2.700325906276703,0.23828125,0.623046875,8,64,512,333.132800005842,54.018213275074544,2.5068097549412274,41.85220226449443,36.02390000014566,5.906035407083541,15.077134665653391,20.983170072736932,0.007999988156370819,0.0,12.004139130007767,8.971030954572795,0,24.014375004456795,1536.920000285235,2097152.0,2,0.5,0.5,0.0,0.0,0.0,81.77800600348348,0.007700000423938036,0.0,61.22007941401641,20.55022658904312,0,1,0,17.97109890566157,63.806907097821906,0.0,1048576,1048576,0,8,4,0.25,2,0.5,0,1,1.0,0.17369072493825644,3,3,0,1.0,0.0,0.0,1.0,0,0.5,0.5,0.0,0.94921875,0.05078125,0.0,256,1024,0,0.0,393.5089011780408,189.51350000861567,0.0,186.38792656086136,17.607474608563756,0,5386.9241140010845,0,5053.7913139952425,1.0803642655014909e-06,1.002723901976491e-06,1.6740880905797775e-06,2.9530177035417707e-08,9.046280799392033e-08,8.177800600348348e-07,4.694949303121932e-06,heuristic_only,nsga2
0,307,307,train,2.514052987098694,0.26953125,0.666015625,8,64,512,340.8644000010099,57.09304603755079,2.5146116267356984,41.918404145414556,52.708099989104085,5.989251932675536,14.873036406450998,20.862288339126536,0.007800001185387373,0.0,11.985442684868756,8.86904565307239,0,23.4696745400862,1502.0591705655168,2097152.0,2,0.5,0.5,0.0,0.0,0.0,83.2912161855302,0.00689999433234334,0.0,62.17757720828325,21.106738982914596,0,1,0,19.03844912756474,64.25276705796546,0.0,1048576,1048576,0,8,4,0.25,2,0.5,0,1,1.0,0.241032865595602,3,0,3,0.0,2.0,0.5,2.0,3,0.5,0.5,0.0,0.947265625,0.052734375,0.0,256,1024,0,0.0,406.1042472388042,200.30849998875055,0.0,187.97721995990872,17.818527290144893,0,5386.9241140010845,0,5046.059714000075,1.141860920751016e-06,1.0058446506942794e-06,1.6767361658165825e-06,2.9946259663377684e-08,8.923821843870598e-08,8.32912161855302e-07,4.7765383772192635e-06,heuristic_only,nsga2
0,308,308,train,2.6510488390922546,0.208984375,0.623046875,8,64,512,336.75380000204314,55.217550213581085,2.276342273478894,43.300468231688754,37.106899995706044,5.519210970284558,15.212910844392843,20.7321218146774,0.008999995770864189,0.0,11.60576445497711,9.117357363929425,0,23.75615729887581,1520.3940671280518,2097152.0,2,0.5,0.5,0.0,0.0,0.0,77.36271958768401,0.007400012691505253,0.0,57.928502039585496,19.426817535407018,0,1,0,17.418878600166103,59.943840987517916,0.0,1048576,1048576,0,8,4,0.25,2,0.5,0,1,1.0,0.2201412464909665,3,3,0,1.0,0.0,0.0,1.0,0,0.5,0.5,0.0,0.947265625,0.052734375,0.0,256,1024,0,0.0,403.1774428749949,193.01379995886236,0.0,192.79901003613654,17.364632879996012,0,5386.9241140010845,0,5050.170313999041,1.1043510042716218e-06,9.105369093915576e-07,1.7320187292675504e-06,2.759605485142279e-08,9.127746506635705e-08,7.736271958768402e-07,4.63940735872535e-06,heuristic_only,nsga2
0,309,309,train,2.6916328072547913,0.25,0.603515625,8,64,512,291.72619999735616,50.97631583868753,2.512336107507096,41.53215466573469,48.78800000005867,6.724769542945043,15.51228798588232,22.237057528827364,0.007399998139590025,0.0,12.275318897688436,9.954338632999338,0,27.422880005952486,1755.064320380959,2097152.0,2,0.5,0.0,0.5,0.0,0.0,42.50720964978841,0.0092999980552122,0.0,23.593669364616083,18.904240287117112,0,1,0,17.210277187704136,0.0,25.29693246208427,1048576,0,1048576,8,4,0.25,2,0.5,0,1,1.0,0.2307606527190679,3,0,3,0.0,2.0,0.5,2.0,3,0.5,0.5,0.0,0.953125,0.046875,0.0,256,1024,0,0.0,380.08322644771727,177.10040001838934,0.0,184.90154220178067,18.081284227547258,0,4536.893498498244,0,4245.167298500888,1.0195263167737507e-06,1.0049344430028384e-06,1.6612861866293876e-06,3.362384771472522e-08,9.307372791529391e-08,4.2507209649788413e-07,4.237516618533879e-06,heuristic_only,nsga2
0,310,310,train,2.728131353855133,0.244140625,0.599609375,8,64,512,288.4768000076292,49.86878201061445,2.3530854329864717,42.57938545013866,38.240900001255795,6.160405202800594,14.738782250729546,20.89918745353014,0.007699985872022808,0.0,10.92874915655214,9.962738311105976,0,27.73177000028574,1774.8332800182873,2097152.0,2,0.0,0.5,0.5,0.0,0.0,82.8733035396051,0.008000002708286047,0.0,63.59412228815649,19.271181248740326,0,1,0,0.0,59.409586983372996,23.46371655623211,0,1048576,1048576,8,4,0.25,2,0.5,0,1,1.0,0.2201412853775118,3,3,0,1.0,0.0,0.0,1.0,0,0.5,0.5,0.0,0.9599609375,0.0400390625,0.0,256,1024,0,0.0,379.20501157495835,172.30360000394285,0.0,187.74703853429438,19.15437303672117,0,4536.893498498244,0,4248.416698490615,9.973756402122892e-07,9.412341731945888e-07,1.7031754180055468e-06,3.080202601400297e-08,8.843269350437726e-08,8.287330353960511e-07,4.5897529863268565e-06,heuristic_only,nsga2
0,311,311,train,2.541978657245636,0.244140625,0.66796875,8,64,512,326.1251999938395,52.17367988829453,2.429552856091659,41.931322123665915,43.12519999803044,6.357861860265493,15.740685481692605,22.0985473419581,0.008699993486516178,0.0,11.568162305670707,10.521685042800874,0,24.53038118418919,1569.944395788108,2097152.0,2,0.0,0.5,0.5,0.0,0.0,87.65044282807071,0.010199990356341004,0.0,66.43034902627014,21.209893811444225,0,1,0,0.0,62.724647696123256,24.925795131947446,0,1048576,1048576,8,4,0.25,2,0.5,0,1,1.0,0.25097720212391433,3,0,3,0.0,2.0,0.5,2.0,3,0.5,0.5,0.0,0.9462890625,0.0537109375,0.0,256,1024,0,0.0,386.1382194722084,181.3865000003716,0.0,186.7798179311955,17.971901540641287,0,4536.893498498244,0,4210.768298504405,1.0434735977658907e-06,9.718211424366637e-07,1.6772528849466366e-06,3.178930930132747e-08,9.444411289015561e-08,8.76504428280707e-07,4.695285475621381e-06,heuristic_only,nsga2
0,312,312,train,2.514934778213501,0.2734375,0.69140625,8,64,512,609.2531000031158,34.25961538530902,7.514465157096125,52.30784689605916,170.4260999977123,7.571891956582316,54.996210430578046,62.568102387160366,0.008400005754083395,0.0,11.65967010628902,50.90003227511726,0,13.130810280897718,840.3718579774539,2097152.0,2,0.5,0.5,0.0,0.0,0.0,77.37400484920218,0.008099988917820156,0.0,57.92729133199086,19.438613528293494,0,1,0,16.848704088249804,60.525300760952376,0.0,1048576,1048576,0,8,4,0.25,2,0.5,0,1,1.0,0.26994866698852693,3,3,0,1.0,0.0,0.0,1.0,0,0.5,0.5,0.0,0.939453125,0.060546875,0.0,256,1024,0,0.0,376.3277097538572,108.52010000962764,0.0,186.14044515459784,81.66716458963172,0,4536.893498498244,0,3927.6403984951285,6.851923077061805e-07,3.0057860628384497e-06,2.0923138758423665e-06,3.7859459782911586e-08,3.2997726258346823e-07,7.737400484920219e-07,6.924869017245398e-06,heuristic_only,nsga2
0,313,313,train,2.610511898994446,0.25,0.630859375,8,64,512,309.74119999154937,52.09696404635713,2.3519353752842997,42.1385004481642,38.67589999572374,5.554563551646362,13.856291970428568,19.410855522074932,0.00999998883344233,0.0,11.039109961836473,8.361745571405017,0,25.82793045383633,1652.9875490455252,2097152.0,2,0.5,0.5,0.0,0.0,0.0,81.43882442731254,0.007800001185387373,0.0,61.19521113838778,20.235813287739354,0,1,0,16.89906520734761,64.53975921996492,0.0,1048576,1048576,0,8,4,0.25,2,0.5,0,1,1.0,0.19776865982085054,3,0,3,0.0,2.0,0.5,2.0,3,0.5,0.5,0.0,0.947265625,0.052734375,0.0,256,1024,0,0.0,386.34959947922243,182.0980999909807,0.0,186.31594266566933,17.935556822572472,0,4536.893498498244,0,4227.152298506695,1.0419392809271425e-06,9.407741501137201e-07,1.6855400179265685e-06,2.7772817758231814e-08,8.31377518225714e-08,8.143882442731255e-07,4.59355226282136e-06,heuristic_only,nsga2
0,314,314,train,2.481633245944977,0.265625,0.69140625,8,64,512,336.7451000085566,55.52407873387316,2.456166114639096,40.75659002937043,38.909999988391064,5.904625486567837,13.923284427536938,19.827909914104776,0.008700008038431406,0.0,10.87653691846252,8.942672987603821,0,23.756771050345417,1520.4333472221067,2097152.0,2,0.5,0.5,0.0,0.0,0.0,82.76009418761663,0.007700000423938036,0.0,63.28593877085735,19.466455416335343,0,1,0,15.96993680028082,66.79015738733581,0.0,1048576,1048576,0,8,4,0.25,2,0.5,0,1,1.0,0.18595995617580352,3,3,0,1.0,0.0,0.0,1.0,0,0.5,0.5,0.0,0.958984375,0.041015625,0.0,256,1024,0,0.0,394.9473395115308,193.9455999963684,0.0,184.1940001704392,16.80773934472316,0,4536.893498498244,0,4200.148398489688,1.1104815746774634e-06,9.824664458556384e-07,1.6302636011748173e-06,2.9523127432839186e-08,8.353970656522162e-08,8.276009418761663e-07,4.663875397582146e-06,heuristic_only,nsga2
0,315,315,train,2.5855591893196106,0.232421875,0.638671875,8,64,512,279.57769999920856,42.088103898942975,2.4053193383961373,41.81620041766962,50.224100006744266,6.2554878168336785,14.67101781847289,20.92650563530657,0.0092999980552122,0.0,12.240208747485056,8.6769968897663,0,28.61448314919072,1831.326921548206,2097152.0,2,0.5,0.5,0.0,0.0,0.0,76.31839991330526,0.008300004992634058,0.0,56.65468394387504,19.65541596443758,0,1,0,16.846633256237425,59.47176665706783,0.0,1048576,1048576,0,8,4,0.25,2,0.5,0,1,1.0,0.14759070521249812,3,0,3,0.0,2.0,0.5,2.0,3,0.5,0.5,0.0,0.955078125,0.044921875,0.0,256,1024,0,0.0,345.23849462003494,140.86349998251535,0.0,185.29283861692144,19.082156020598145,0,4536.893498498244,0,4257.315798499036,8.417620779788597e-07,9.62127735358455e-07,1.672648016706785e-06,3.1277439084168394e-08,8.802610691083733e-08,7.631839991330526e-07,4.359025375172158e-06,heuristic_only,nsga2
0,316,316,train,2.6311970353126526,0.263671875,0.650390625,8,64,512,307.5144000031287,51.377887936127465,2.422714319660162,42.30773495270552,35.69410000636708,5.703967964680999,13.851902542079669,19.55587050676067,0.008600007276982069,0.0,11.004196853881684,8.543073645602004,0,26.014957299434787,1664.9572671638264,2097152.0,2,0.0,0.5,0.5,0.0,0.0,91.67084371250199,0.007000009645707905,0.0,71.86299226540795,19.800851437448337,0,1,0,0.0,66.44726154826083,25.223582164241165,0,1048576,1048576,8,4,0.25,2,0.5,0,1,1.0,0.2091524583687337,3,3,0,1.0,0.0,0.0,1.0,0,0.5,0.5,0.0,0.939453125,0.060546875,0.0,256,1024,0,0.0,384.4333488339726,178.90660000557546,0.0,188.76777661089537,16.758972217501736,0,4536.893498498244,0,4229.379098495116,1.0275577587225494e-06,9.690857278640648e-07,1.692309398108221e-06,2.8519839823404998e-08,8.3111415252478e-08,9.1670843712502e-07,4.717292576895739e-06,heuristic_only,nsga2
0,317,317,train,2.539487838745117,0.275390625,0.65234375,8,64,512,374.096899991855,64.46835039949566,2.301487657575898,42.828273704568275,36.8871999962721,6.024794937577591,13.104721553201516,19.129516490779107,0.00820001878309995,0.0,11.168114657913282,7.953201814082724,0,21.384776552271955,1368.625699345405,2097152.0,2,0.5,0.5,0.0,0.0,0.0,78.56221368614962,0.007499998901039362,0.0,58.05566317837268,20.499050508875897,0,1,0,18.03281070336965,60.52940298277998,0.0,1048576,1048576,0,8,4,0.25,2,0.5,0,1,1.0,0.2201412464909665,3,0,3,0.0,2.0,0.5,2.0,3,0.5,0.5,0.0,0.9384765625,0.0615234375,0.0,256,1024,0,0.0,438.3924470465593,230.88129996904172,0.0,189.36068451333574,18.15046256418188,0,4536.893498498244,0,4162.796598506389,1.2893670079899132e-06,9.205950630303593e-07,1.713130948182731e-06,3.012397468788796e-08,7.862832931920909e-08,7.856221368614962e-07,4.8174674600715965e-06,heuristic_only,nsga2
0,318,318,train,2.5315070748329163,0.255859375,0.654296875,8,64,512,308.29309999535326,51.9928326993793,2.302031160872763,43.48327481663981,59.07869999646209,5.78529998862292,12.61312574019729,18.39842572882021,0.007099995855242014,0.0,10.877529148655082,7.513796584309887,0,25.94924781278844,1660.75186001846,2097152.0,2,0.5,0.5,0.0,0.0,0.0,81.04356348550544,0.008600007276982069,0.0,61.64624371903299,19.38871975919548,0,1,0,16.32791239657158,64.71565108893387,0.0,1048576,1048576,0,8,4,0.25,2,0.5,0,1,1.0,0.17369072493825644,3,3,0,1.0,0.0,0.0,1.0,0,0.5,0.5,0.0,0.953125,0.046875,0.0,256,1024,0,0.0,391.11255470756754,180.68449999555014,0.0,191.4321088106954,18.99594590132197,0,2351.8526240002307,0,2043.5595240048774,1.039856653987586e-06,9.208124643491054e-07,1.7393309926655926e-06,2.8926499943114598e-08,7.567875444118373e-08,8.104356348550545e-07,4.615041000241637e-06,heuristic_only,nsga2
0,319,319,train,2.567616641521454,0.244140625,0.654296875,8,64,512,237.41709999740124,30.587148303205524,2.411287665006139,42.11154824765686,49.270700008491985,5.938756334055968,15.274417132221727,21.213173466277695,0.007299997378140688,0.0,11.441693412575539,9.764180056324015,0,33.69583026773261,2156.533137134887,2097152.0,2,0.5,0.5,0.0,0.0,0.0,77.10351870431207,0.009199997293762863,0.0,56.58985350907236,20.50446519794594,0,1,0,17.067122715446377,60.036395988865685,0.0,1048576,1048576,0,8,4,0.25,2,0.5,0,1,1.0,0.25097720212391433,3,0,3,0.0,2.0,0.5,2.0,3,0.5,0.5,0.0,0.9375,0.0625,0.0,256,1024,0,0.0,300.4399368634741,94.75269999529701,0.0,189.10775351100426,16.579483357172794,0,2351.8526240002307,0,2114.4355240028294,6.117429660641105e-07,9.645150660024556e-07,1.6844619299062744e-06,2.9693781670279847e-08,9.164650279333035e-08,7.710351870431207e-07,4.153095433479571e-06,heuristic_only,nsga2
0,320,320,train,2.6497281193733215,0.265625,0.6015625,8,64,512,298.42079999798443,48.83413571692695,2.4777392183101767,43.27622214054767,34.89570000965614,6.4805676128330365,16.097204664603282,22.577772277436317,0.008500006515532732,0.0,12.650905720858663,9.918366550062123,0,26.807693003842324,1715.6923522459088,2097152.0,2,0.5,0.5,0.0,0.0,0.0,77.64129820036209,0.008099988917820156,0.0,58.471493672855125,19.16170453858914,0,1,0,16.265403893168845,61.375894307193235,0.0,1048576,1048576,0,8,4,0.25,2,0.5,0,1,1.0,0.241032865595602,3,3,0,1.0,0.0,0.0,1.0,0,0.5,0.5,0.0,0.9482421875,0.0517578125,0.0,256,1024,0,0.0,378.35238830313915,166.36010000365786,0.0,194.34919905909197,17.643089240389358,0,2351.8526240002307,0,2053.4318240022462,9.76682714338539e-07,9.910956873240706e-07,1.7310488856219068e-06,3.2402838064165185e-08,9.658322798761968e-08,7.764129820036209e-07,4.604226335339922e-06,heuristic_only,nsga2
0,321,321,train,2.6168233156204224,0.240234375,0.615234375,8,64,512,291.52859999157954,50.47320227867732,2.451779241339203,41.6365212340858,44.767599989427254,5.916701859587787,14.745039340378758,20.661741199966546,0.007700000423938036,0.0,12.161539107274002,8.492502092268607,0,27.44146735093476,1756.2539104598247,2097152.0,2,0.0,0.5,0.5,0.0,0.0,89.17989334067818,0.008899995009414852,0.0,68.08925437915705,21.081738966511722,0,1,0,0.0,64.0042348043348,25.17565853634338,0,1048576,1048576,8,4,0.25,2,0.5,0,1,1.0,0.19776865982085054,3,0,3,0.0,2.0,0.5,2.0,3,0.5,0.5,0.0,0.953125,0.046875,0.0,256,1024,0,0.0,378.2460110164093,175.37059997266624,0.0,184.17706709985933,18.698343943883753,0,2351.8526240002307,0,2060.324024008651,1.0094640455735465e-06,9.807116965356813e-07,1.6654608493634321e-06,2.9583509297938937e-08,8.847023604227254e-08,8.917989334067819e-07,4.665489270219653e-06,heuristic_only,nsga2
0,322,322,train,2.5446605682373047,0.265625,0.619140625,8,64,512,290.21649999776855,50.56692117582051,2.4679906058248626,42.50163748374446,38.199999995413236,5.8457291540555225,15.176044806576767,21.021773960632288,0.009300012607127428,0.0,11.279589114911085,9.732884833114078,0,27.56553274720343,1764.1940958210196,2097152.0,2,0.5,0.5,0.0,0.0,0.0,82.0544007215156,0.009399998816661537,0.0,61.2924815605226,20.75251916217634,0,1,0,17.2215217210541,64.8328790004615,0.0,1048576,1048576,0,8,4,0.25,2,0.5,0,1,1.0,0.19776869931901056,3,3,0,1.0,0.0,0.0,1.0,0,0.5,0.5,0.0,0.94921875,0.05078125,0.0,256,1024,0,0.0,382.1461970615594,176.55290001130197,0.0,187.82705115359363,17.766245896663758,0,2351.8526240002307,0,2061.636124002462,1.0113384235164103e-06,9.87196242329945e-07,1.7000654993497788e-06,2.9228645770277617e-08,9.105626883946059e-08,8.205440072151561e-07,4.639429087021028e-06,heuristic_only,nsga2
0,323,323,train,2.420661211013794,0.28125,0.666015625,8,64,512,4657.751400009147,923.6211699486269,5.646817350182133,358.47474941220946,49.8300999897765,225.72026643656875,42.322108061856305,268.04237449842503,0.010700008715502918,0.0,12.088282075903923,255.94339241380564,0,1.7175666100208096,109.92426304133181,2097152.0,2,0.5,0.5,0.0,0.0,0.0,79.47775817219818,0.008099988917820156,0.0,59.40962660597237,20.06003157730799,0,1,0,16.710454001750385,62.76730417044779,0.0,1048576,1048576,0,8,4,0.25,2,0.5,0,1,1.0,0.19776869931901056,3,0,3,0.0,2.0,0.5,2.0,3,0.5,0.5,0.0,0.9482421875,0.0517578125,0.0,256,1024,0,0.0,5150.970946844072,3244.782599998871,0.0,189.91352362268483,1716.2748232225179,0,4495.435147504464,1,-162.31625250468278,1.8472423398972538e-05,2.2587269400728533e-06,1.433898997648838e-05,1.128601332182844e-06,2.539326483711378e-07,7.947775817219818e-07,3.724745187780973e-05,heuristic_only,nsga2
0,324,324,train,2.4686793088912964,0.275390625,0.666015625,8,64,512,147.43369999632705,26.44072874839019,2.280323578835424,43.17683623893744,37.82709999359213,6.197938630919499,14.16637637457612,20.36431500549562,0.008100003469735384,0.0,12.27272518114485,8.083489820881036,0,54.261310262775986,3472.723856817663,2097152.0,2,0.5,0.5,0.0,0.0,0.0,77.97527135026225,0.007800001185387373,0.0,59.53449866289269,18.432972686184172,0,1,0,17.323153767965792,60.652117582296455,0.0,1048576,1048576,0,8,4,0.25,2,0.5,0,1,1.0,0.19776865982085054,3,3,0,1.0,0.0,0.0,1.0,0,0.5,0.5,0.0,0.943359375,0.056640625,0.0,256,1024,0,0.0,287.59155426465225,78.72689997020643,0.0,192.7582685996507,16.10638569479508,0,4495.435147504464,0,4348.001447508137,5.288145749678038e-07,9.121294315341696e-07,1.727073449557498e-06,3.0989693154597495e-08,8.499825824745672e-08,7.797527135026225e-07,4.0637581209641485e-06,heuristic_only,nsga2
0,325,325,train,2.322873294353485,0.333984375,0.689453125,8,64,512,356.4279999991413,55.92591022752894,2.407503740813597,43.15795812957148,36.44500000518747,6.691615384646575,15.9977859021522,22.689401286798777,0.007499998901039362,0.0,12.459817011575094,10.222084276322642,0,22.44486279180222,1436.471218675342,2097152.0,2,0.5,0.5,0.0,0.0,0.0,82.65973314747086,0.007399998139590025,0.0,62.24048514385783,20.411848005473445,0,1,0,18.65927787521448,64.00045527225637,0.0,1048576,1048576,0,8,4,0.25,2,0.5,0,1,1.0,0.19776865982085054,3,0,3,0.0,2.0,0.5,2.0,3,0.5,0.5,0.0,0.9501953125,0.0498046875,0.0,256,1024,0,0.0,405.9654883916561,195.13620002544485,0.0,192.809530791728,18.01975757448323,0,2351.8526240002307,0,1995.4246240010893,1.118518204550579e-06,9.630014963254388e-07,1.7263183251828594e-06,3.345807692323288e-08,9.598671541291319e-08,8.265973314747085e-07,4.763880149869731e-06,heuristic_only,nsga2
0,326,326,train,2.3718613982200623,0.314453125,0.701171875,8,64,512,353.42189999937546,63.31153082149579,2.4462942612739607,42.83734826688348,37.77019999688491,6.034516685617298,15.453995317353186,21.488512002970484,0.008000002708286047,0.0,12.084711920450744,9.395800079811453,0,22.635771479477242,1448.6893746865435,2097152.0,2,0.5,0.5,0.0,0.0,0.0,80.23365555506818,0.007199996616691351,0.0,60.9366577614342,19.2897977970173,0,1,0,17.73689791207282,62.49675764299536,0.0,1048576,1048576,0,8,4,0.25,2,0.5,0,1,1.0,0.18595995617580352,3,3,0,1.0,0.0,0.0,1.0,0,0.5,0.5,0.0,0.9443359375,0.0556640625,0.0,256,1024,0,0.0,434.38069339861295,225.68950001732446,0.0,191.40317812454754,17.288015256740977,0,2351.8526240002307,0,1998.4307240008552,1.2662306164299162e-06,9.785177045095842e-07,1.7134939306753398e-06,3.017258342808649e-08,9.272397190411911e-08,8.023365555506819e-07,4.8834753624977285e-06,heuristic_only,nsga2
0,327,327,train,2.4142651557922363,0.287109375,0.658203125,8,64,512,339.4983000034699,56.6224700106194,2.3712170979039295,42.93569900472359,36.799399997107685,6.3112117070931335,14.654425311068051,20.965637018161186,0.008699993486516178,0.0,12.160213706780997,8.79672331789367,0,23.56411338673816,1508.1032567512423,2097152.0,2,0.5,0.5,0.0,0.0,0.0,77.90891730368472,0.007800001185387373,0.0,58.24425847544187,19.656858827057462,0,1,0,17.700169201990064,60.20874810169465,0.0,1048576,1048576,0,8,4,0.25,2,0.5,0,1,1.0,0.26994862967019156,3,0,3,0.0,2.0,0.5,2.0,3,0.5,0.5,0.0,0.9482421875,0.0517578125,0.0,256,1024,0,0.0,407.7175444529877,199.98399999167304,0.0,189.69950538847613,18.0340390728385,0,2351.8526240002307,0,2012.3543239967607,1.132449400212388e-06,9.484868391615719e-07,1.7174279601889439e-06,3.155605853546567e-08,8.79265518664083e-08,7.790891730368473e-07,4.696935983001624e-06,heuristic_only,nsga2
0,328,328,train,2.248922824859619,0.349609375,0.701171875,8,64,512,285.3812000103062,50.06231923888905,2.338037656240642,42.677650261543775,40.88630000478588,6.30104990698463,14.73899079117939,21.04004069816402,0.007499998901039362,0.0,11.907326644411455,9.125214054851526,0,28.032582269360496,1794.0852652390718,2097152.0,2,0.5,0.5,0.0,0.0,0.0,78.03173569474095,0.006599992047995329,0.0,57.83664293482324,20.188492767869718,0,1,0,17.681968823327843,60.34976687141311,0.0,1048576,1048576,0,8,4,0.25,2,0.5,0,1,1.0,0.08706732569954011,3,3,0,1.0,0.0,0.0,1.0,0,0.5,0.5,0.0,0.953125,0.046875,0.0,256,1024,0,0.0,380.31202862669386,173.42930001905188,0.0,189.8485278087743,17.034200798867683,0,2351.8526240002307,0,2066.4714239899245,1.0012463847777812e-06,9.352150624962569e-07,1.7071060104617508e-06,3.150524953492315e-08,8.843394474707633e-08,7.803173569474096e-07,4.543824008965198e-06,heuristic_only,nsga2
0,329,329,train,2.186626583337784,0.365234375,0.701171875,8,64,512,388.5448000073666,67.58606009646152,2.399318945426495,42.59471865462868,36.26599999552127,6.115283410234942,15.125426383731096,21.240709793966037,0.006700007361359894,0.0,12.455429072487028,8.778580714117648,0,20.5895932985206,1317.7339711053185,2097152.0,2,0.5,0.5,0.0,0.0,0.0,78.3867649217676,0.008399991202168167,0.0,58.042990835631976,20.335374094933446,0,1,0,17.04542846628252,61.34133645548507,0.0,1048576,1048576,0,8,4,0.25,2,0.5,0,1,1.0,0.17369072493825644,3,0,3,0.0,2.0,0.5,2.0,3,0.5,0.5,0.0,0.953125,0.046875,0.0,256,1024,0,0.0,450.3203907860668,244.1774000035366,0.0,187.28857988266685,18.854410899863403,0,2351.8526240002307,0,1963.307823992864,1.3517212019292308e-06,9.597275781705981e-07,1.7037887461851476e-06,3.057641705117471e-08,9.075255830238657e-08,7.838676492176759e-07,4.920434150856214e-06,heuristic_only,nsga2
0,330,330,train,2.468855857849121,0.26953125,0.66796875,8,64,512,337.13620000344235,53.85302782611514,2.555074869522805,42.277474042128276,37.51729999203235,7.0072673967517405,15.758292586584233,22.765559983335972,0.007700000423938036,0.0,12.215755767131954,10.54210421578008,0,23.729211727208735,1518.669550541359,2097152.0,2,0.5,0.5,0.0,0.0,0.0,79.55394935283593,0.007499998901039362,0.0,57.77375121843308,21.772698135501805,0,1,0,17.822973193026883,61.73097615980904,0.0,1048576,1048576,0,8,4,0.25,2,0.5,0,1,1.0,0.19776865982085054,3,3,0,1.0,0.0,0.0,1.0,0,0.5,0.5,0.0,0.94921875,0.05078125,0.0,256,1024,0,0.0,394.74230695106496,186.89549995178822,0.0,189.35583301066686,18.490973988609838,0,2351.8526240002307,0,2014.7164239967883,1.0770605565223028e-06,1.0220299478091223e-06,1.6910989616851312e-06,3.50363369837587e-08,9.454975551950539e-08,7.955394935283593e-07,4.71531505204818e-06,heuristic_only,nsga2
0,331,331,train,2.542084038257599,0.26171875,0.626953125,8,64,512,445.96939999610186,73.40535455530717,2.9552945851678722,43.52360095928762,181.68490000243764,6.1902267140465455,20.894511980817004,27.08473869486355,0.011000010999850929,0.0,12.388441934181108,14.685296749682593,0,17.93841026236254,1148.0582567912027,2097152.0,2,0.5,0.5,0.0,0.0,0.0,79.88821010560036,0.01139998494181782,0.0,59.93988877312542,19.93692134753313,0,1,0,17.321777247250488,62.566432858349884,0.0,1048576,1048576,0,8,4,0.25,2,0.5,0,1,1.0,0.18595995617580352,3,0,3,0.0,2.0,0.5,2.0,3,0.5,0.5,0.0,0.9580078125,0.0419921875,0.0,256,1024,0,0.0,479.5370003990506,267.43180000630673,0.0,185.3402181579387,26.764982234805185,0,2351.8526240002307,0,1905.8832240041288,1.4681070911061434e-06,1.1821178340671492e-06,1.7409440383715048e-06,3.095113357023273e-08,1.2536707188490202e-07,7.988821010560038e-07,5.346369270055936e-06,heuristic_only,nsga2
0,332,332,train,2.530754506587982,0.291015625,0.646484375,8,64,512,7699.448400002439,1666.8425527688478,2.4475120406282977,193.67095496975253,48.21629999787547,8.505570262569066,15.33848511982444,23.844055382393506,0.008300004992634058,0.0,12.310292733331767,11.525462644069105,0,1.039035336734269,66.49826155099322,2097152.0,2,0.5,0.5,0.0,0.0,0.0,75.6151090262549,0.007599999662488699,0.0,56.36575680316866,19.24175222342376,0,1,0,17.159810207621735,58.45529881863317,0.0,1048576,1048576,0,8,4,0.25,2,0.5,0,1,1.0,0.16091838189257093,3,3,0,1.0,0.0,0.0,1.0,0,0.5,0.5,0.0,0.951171875,0.048828125,0.0,256,1024,0,0.0,7451.844079116916,6636.243499975535,0.0,187.85469584354854,627.7458832978313,0,4495.435147504464,1,-3204.0132524979745,3.333685105537696e-05,9.79004816251319e-07,7.746838198790102e-06,4.252785131284533e-08,9.203091071894664e-08,7.561510902625491e-07,4.2953403922712735e-05,heuristic_only,nsga2
0,333,333,train,2.1315624713897705,0.345703125,0.72265625,8,64,512,308.5598000034224,52.17064427180761,2.2478409263419183,42.12696360102087,37.829599998076446,6.62717643343038,13.266199612189016,19.893376045619398,0.007700000423938036,0.0,11.939680128293068,7.94599591690239,0,25.926818960513675,1659.3164134728752,2097152.0,2,0.5,0.0,0.5,0.0,0.0,42.92265672805297,0.007499998901039362,0.0,23.538009664943726,19.37714706420821,0,1,0,17.33610800239981,0.0,25.586548725653163,1048576,0,1048576,8,4,0.25,2,0.5,0,1,1.0,0.2091524583687337,3,0,3,0.0,2.0,0.5,2.0,3,0.5,0.5,0.0,0.953125,0.046875,0.0,256,1024,0,0.0,386.1817951966816,181.27710002590902,0.0,187.79081368885744,17.113881481915154,0,3119.5198815070635,0,2810.960081503641,1.0434128854361522e-06,8.991363705367673e-07,1.6850785440408349e-06,3.31358821671519e-08,7.959719767313409e-08,4.292265672805298e-07,4.16958744713457e-06,heuristic_only,nsga2
0,334,334,train,2.2583664059638977,0.298828125,0.69140625,8,64,512,290.9485000127461,50.186561967785075,2.3555833555246446,42.14413451917531,39.08950000186451,5.9725437688837,14.734072504129617,20.706616273013317,0.01790000533219427,0.0,12.15981344705845,8.528902820622674,0,27.496180607457763,1759.7555588772968,2097152.0,2,0.5,0.5,0.0,0.0,0.0,83.53466350879725,0.008699993486516178,0.0,63.29008055189615,20.235882963414575,0,1,0,17.82189155602603,65.71277195277122,0.0,1048576,1048576,0,8,4,0.25,2,0.5,0,1,1.0,0.20915249756217386,3,3,0,1.0,0.0,0.0,1.0,0,0.5,0.5,0.0,0.962890625,0.037109375,0.0,256,1024,0,0.0,378.7451193699401,172.42510004143696,0.0,188.2151703295509,18.10484899895225,0,3119.5198815070635,0,2828.5713814943174,1.0037312393557015e-06,9.422333422098577e-07,1.6857653807670125e-06,2.9862718844418504e-08,8.840443502477769e-08,8.353466350879726e-07,4.585343751289741e-06,heuristic_only,nsga2
0,335,335,train,2.4641314148902893,0.267578125,0.66796875,8,64,512,321.45250000758097,51.807644635313686,2.4395190504801194,42.999988746374115,48.574200001894496,6.537007658888127,13.954033009185805,20.491040668073932,0.00859999272506684,0.0,11.558444461827454,8.923996213521411,0,24.886958766388712,1592.7653610488776,2097152.0,2,0.5,0.0,0.5,0.0,0.0,42.3732430837954,0.008100003469735384,0.0,22.961005847493688,19.404137232831978,0,1,0,16.981042059378222,0.0,25.392201024417176,1048576,0,1048576,8,4,0.25,2,0.5,0,1,1.0,0.14759070521249812,3,0,3,0.0,2.0,0.5,2.0,3,0.5,0.5,0.0,0.953125,0.046875,0.0,256,1024,0,0.0,388.9886097286717,179.1561999998521,0.0,189.8467944052307,19.985615323588853,0,3119.5198815070635,0,2798.0673814994825,1.0361528927062738e-06,9.758076201920477e-07,1.7199995498549648e-06,3.268503829444064e-08,8.372419805511481e-08,4.23732430837954e-07,4.272101729940795e-06,heuristic_only,nsga2
0,336,336,train,2.41092312335968,0.314453125,0.71875,8,64,512,286.7368000006536,49.733880248440144,2.2929024742906408,42.65194362684967,38.627600006293505,6.342192005415763,12.78037182895551,19.12256383437127,0.008499991963617504,0.0,11.341325320054265,7.772738522353389,0,27.900053637789526,1785.6034328185297,2097152.0,2,0.5,0.5,0.0,0.0,0.0,80.3748873669087,0.007800001185387373,0.0,61.64050107690214,18.72658628882116,0,1,0,15.850122413276932,64.52476495363176,0.0,1048576,1048576,0,8,4,0.25,2,0.5,0,1,1.0,0.19776865982085054,3,3,0,1.0,0.0,0.0,1.0,0,0.5,0.5,0.0,0.953125,0.046875,0.0,256,1024,0,0.0,378.71490539832183,172.6842000061879,0.0,190.5565694948064,15.474135897327503,0,3119.5198815070635,0,2832.78308150641,9.946776049688029e-07,9.171609897162564e-07,1.7060777450739872e-06,3.1710960027078815e-08,7.668223097373305e-08,8.03748873669087e-07,4.5300584044289455e-06,heuristic_only,nsga2
0,337,337,train,2.543556034564972,0.25390625,0.638671875,8,64,512,352.70309999759775,56.81139349186701,2.8228506897214753,44.29958495358221,54.887000005692244,6.202004225860439,18.497073921507308,24.699078147367747,0.009499999578110874,0.0,11.324198420916964,13.365379726872675,0,22.681902478747734,1451.641758639855,2097152.0,2,0.5,0.5,0.0,0.0,0.0,76.01160183460311,0.011699987226165831,0.0,57.0457709123809,18.954130934996044,0,1,0,17.14034090788272,58.871260926720396,0.0,1048576,1048576,0,8,4,0.25,2,0.5,0,1,1.0,0.26994862967019156,3,0,3,0.0,2.0,0.5,2.0,3,0.5,0.5,0.0,0.9453125,0.0546875,0.0,256,1024,0,0.0,415.7353165406828,200.59209999453742,0.0,192.4350356041465,22.708180941998844,0,3119.5198815070635,0,2766.8167815094657,1.1362278698373404e-06,1.1291402758885903e-06,1.7719833981432884e-06,3.10100211293022e-08,1.1098244352904383e-07,7.601160183460313e-07,4.939460026873596e-06,heuristic_only,nsga2
0,338,338,train,2.626114070415497,0.228515625,0.630859375,8,64,512,1471.8864000024041,187.31461116503272,63.46675164848559,53.33543533520223,68.49330000113696,7.473092833254665,482.22468805066995,489.6977808839246,0.007499998901039362,0.0,10.740251589364387,478.9500292956592,0,5.435198371823098,347.8526957966783,2097152.0,2,0.5,0.5,0.0,0.0,0.0,77.49919644355133,0.008000002708286047,0.0,57.272225073007014,20.21897136783602,0,1,0,17.17837083636574,60.32082560718558,0.0,1048576,1048576,0,8,4,0.25,2,0.5,0,1,1.0,0.2091524583687337,3,3,0,1.0,0.0,0.0,1.0,0,0.5,0.5,0.0,0.947265625,0.052734375,0.0,256,1024,0,0.0,1216.4671925948821,717.9565000114962,0.0,192.43843176865207,306.0722608147338,0,3546.5233650067144,0,2074.6369650043102,3.7462922233006546e-06,2.538670065939424e-05,2.133417413408089e-06,3.736546416627333e-08,2.8933481283040196e-06,7.749919644355133e-07,3.497211585300879e-05,heuristic_only,nsga2
0,339,339,train,2.598402738571167,0.251953125,0.62109375,8,64,512,292.6485999923898,51.88031437432006,2.4346628849947427,43.07629813406318,49.9089999939315,6.706158237129013,14.816788129778871,21.522946366907885,0.008099988917820156,0.0,11.707010028131338,9.807836349858727,0,27.33644604403367,1749.532546818155,2097152.0,2,0.0,0.5,0.5,0.0,0.0,92.83966397911266,0.007199996616691351,0.0,71.38516414992277,21.447299832573197,0,1,0,0.0,66.9780162410422,25.861647738070463,0,1048576,1048576,8,4,0.25,2,0.5,0,1,1.0,0.241032865595602,3,0,3,0.0,2.0,0.5,2.0,3,0.5,0.5,0.0,0.943359375,0.056640625,0.0,256,1024,0,0.0,389.5651015735119,179.766400004155,0.0,190.02097398106451,19.777727588292407,0,3546.5233650067144,0,3253.8747650143246,1.0376062874864011e-06,9.738651539978972e-07,1.7230519253625276e-06,3.3530791185645065e-08,8.890072877867321e-08,9.283966397911267e-07,4.785351526602271e-06,heuristic_only,nsga2
0,340,340,train,3.1191899180412292,0.228515625,0.58203125,8,64,512,290.56980001041666,50.89537857048846,2.341645004725696,41.589385621254856,49.99189999944065,6.8758836520742115,15.132888665419056,22.008772317493268,0.007499984349124134,0.0,12.213835316227616,9.787437016916527,0,27.532016292460252,1762.0490427174561,2097152.0,2,0.0,0.5,0.5,0.0,0.0,91.9932642470045,0.007800001185387373,0.0,71.56515006931578,20.42031417650334,0,1,0,0.0,65.12618946674425,26.86707478026026,0,1048576,1048576,8,4,0.25,2,0.5,0,1,1.0,0.13364216641330787,3,3,0,1.0,0.0,0.0,1.0,0,0.5,0.5,0.0,0.9677734375,0.0322265625,0.0,256,1024,0,0.0,379.3056367858761,176.05850005929824,0.0,183.63018241625505,19.616954310322797,0,3546.5233650067144,0,3255.9535649962977,1.0179075714097694e-06,9.366580018902785e-07,1.6635754248501941e-06,3.437941826037106e-08,9.079733199251432e-08,9.199326424700453e-07,4.663250390873173e-06,heuristic_only,nsga2
0,341,341,train,2.8728142380714417,0.236328125,0.61328125,8,64,512,202.48259999789298,29.577402372499204,2.265398935208118,42.93704687003195,38.77089999150485,6.429144323260199,13.148577852740303,19.577722176000503,0.008199989679269493,0.0,12.24681188791286,7.322710298408372,0,39.50937261132876,2528.5998471250405,2097152.0,2,0.5,0.5,0.0,0.0,0.0,79.74234505787248,0.007700000423938036,0.0,60.15478454054334,19.579860516905217,0,1,0,17.333255598207835,62.409089459664656,0.0,1048576,1048576,0,8,4,0.25,2,0.5,0,1,1.0,0.17369072493825644,3,0,3,0.0,2.0,0.5,2.0,3,0.5,0.5,0.0,0.95703125,0.04296875,0.0,256,1024,0,0.0,299.1193927109571,89.4156000285875,0.0,191.9122922690296,17.791500413339957,0,3546.5233650067144,0,3344.0407650088214,5.91548047449984e-07,9.061595740832472e-07,1.7174818748012779e-06,3.2145721616300996e-08,7.88914671164418e-08,7.97423450578725e-07,4.123650135645977e-06,heuristic_only,nsga2
0,342,342,train,3.049815595149994,0.203125,0.560546875,8,64,512,321.2312999967253,53.424961744228916,2.298603999960843,43.173233994324555,39.90499999781605,6.660917067098257,13.490026725541634,20.150943792639893,0.008199989679269493,0.0,12.181000211282338,7.961743591678284,0,24.904095883513442,1593.8621365448603,2097152.0,2,0.0,0.5,0.5,0.0,0.0,91.19439980455044,0.007399998139590025,0.0,72.4505657221428,18.73643408426805,0,1,0,0.0,65.98779228786408,25.20660751668636,0,1048576,1048576,8,4,0.25,2,0.5,0,1,1.0,0.17369072493825644,3,3,0,1.0,0.0,0.0,1.0,0,0.5,0.5,0.0,0.9541015625,0.0458984375,0.0,256,1024,0,0.0,395.58719895405727,187.6703999878373,0.0,191.43746206397702,16.479336902242938,0,3546.5233650067144,0,3225.292065009989,1.0684992348845785e-06,9.194415999843374e-07,1.7269293597729826e-06,3.330458533549129e-08,8.094016035324979e-08,9.119439980455046e-07,4.741058938376144e-06,heuristic_only,nsga2
0,343,343,train,2.5104138255119324,0.25390625,0.677734375,8,64,512,352.56630000367295,56.33340301777719,2.4122787367587706,42.65457490615587,42.62619999644812,6.737401211317375,15.129352530614627,21.866753741932,0.008400005754083395,0.0,12.55558020505619,9.30277353112173,0,22.690703306621625,1452.205011623784,2097152.0,2,0.5,0.5,0.0,0.0,0.0,82.29949202686099,0.006699992809444666,0.0,61.26506706543837,21.027724968613175,0,1,0,18.44693245554425,63.85255957131674,0.0,1048576,1048576,0,8,4,0.25,2,0.5,0,1,1.0,0.19776865982085054,3,0,3,0.0,2.0,0.5,2.0,3,0.5,0.5,0.0,0.9580078125,0.0419921875,0.0,256,1024,0,0.0,405.60102664276735,198.59250003355555,0.0,188.4918490493872,18.516677559824554,0,3546.5233650067144,0,3193.9570650030414,1.1266680603555437e-06,9.649114947035081e-07,1.706182996246235e-06,3.368700605658688e-08,9.077611518368775e-08,8.2299492026861e-07,4.7452205928141715e-06,heuristic_only,nsga2
0,344,344,train,2.5246025919914246,0.2578125,0.6640625,8,64,512,333.1002000049921,54.3025401602935,2.4360876581074242,42.82253307822114,37.5767000077758,5.946738610184514,15.220821812111758,21.167560422296273,0.007299997378140688,0.0,11.388528471503232,9.771731953414902,0,24.016725247102404,1537.0704158145538,2097152.0,2,0.5,0.5,0.0,0.0,0.0,84.53189617187985,0.007899987394921482,0.0,64.18959139798913,20.334404786495796,0,1,0,17.493549429206652,67.0383467426732,0.0,1048576,1048576,0,8,4,0.25,2,0.5,0,1,1.0,0.14759070521249812,3,3,0,1.0,0.0,0.0,1.0,0,0.5,0.5,0.0,0.9453125,0.0546875,0.0,256,1024,0,0.0,398.2446435864882,190.2299000066705,0.0,191.15063693325243,16.864106646565393,0,3546.5233650067144,0,3213.4231650017223,1.08605080320587e-06,9.744350632429697e-07,1.7129013231288455e-06,2.9733693050922573e-08,9.132493087267055e-08,8.453189617187986e-07,4.739764775220077e-06,heuristic_only,nsga2
0,345,345,train,2.622139573097229,0.236328125,0.642578125,8,64,512,291.07989999465644,51.62685634118604,2.341366479596246,41.9187535143579,60.83129999751691,6.4513334762096415,14.56542957077789,21.01676304698753,0.0109999964479357,0.0,12.567761288627285,8.43800176191231,0,27.483768258744774,1758.9611685596656,2097152.0,2,0.5,0.5,0.0,0.0,0.0,76.28795816363692,0.007200011168606579,0.0,56.52614103941883,19.754617113049484,0,1,0,16.07101034693396,60.21694781670296,0.0,1048576,1048576,0,8,4,0.25,2,0.5,0,1,1.0,0.2307606283979408,3,0,3,0.0,2.0,0.5,2.0,3,0.5,0.5,0.0,0.9443359375,0.0556640625,0.0,256,1024,0,0.0,383.54790534056076,178.82380001537967,0.0,188.13234412597717,16.59176119920392,0,3546.5233650067144,0,3255.443465012058,1.032537126823721e-06,9.365465918384984e-07,1.6767501405743162e-06,3.2256667381048206e-08,8.739257742466733e-08,7.628795816363693e-07,4.5283626856786205e-06,heuristic_only,nsga2
0,346,346,train,2.54502010345459,0.251953125,0.625,8,64,512,200.37500000034925,29.457707200590573,2.2852845970077826,42.335533380836814,40.391500006080605,6.798752197514652,13.579963827872561,20.378716025387213,0.008500006515532732,0.0,12.420073599016845,7.950142419854834,0,39.92494111064227,2555.1962310811055,2097152.0,2,0.5,0.5,0.0,0.0,0.0,81.71199806103672,0.007399998139590025,0.0,63.23075702363259,18.473841039264542,0,1,0,17.05604703630582,64.65595102473091,0.0,1048576,1048576,0,8,4,0.25,2,0.5,0,1,1.0,0.26994866698852693,3,3,0,1.0,0.0,0.0,1.0,0,0.5,0.5,0.0,0.947265625,0.052734375,0.0,256,1024,0,0.0,296.3141007137407,89.3843000230845,0.0,189.08301552835826,17.846785162297948,0,3546.5233650067144,0,3346.148365006365,5.891541440118116e-07,9.141138388031131e-07,1.693421335233473e-06,3.3993760987573265e-08,8.147978296723536e-08,8.171199806103674e-07,4.1292828426135735e-06,heuristic_only,nsga2
0,347,347,train,2.6379851698875427,0.205078125,0.626953125,8,64,512,196.45160000072792,26.5029858107985,2.2770310688926996,42.39704873249185,46.7384000075981,6.6297873501684865,14.190108429120498,20.819895779288984,0.007200011168606579,0.0,12.901888912928069,7.910806855192309,0,40.72229128029029,2606.2266419385787,2097152.0,2,0.5,0.5,0.0,0.0,0.0,79.11727602875308,0.007199996616691351,0.0,59.89930566591222,19.21077036622418,0,1,0,17.39065450760716,61.72662152114593,0.0,1048576,1048576,0,8,4,0.25,2,0.5,0,1,1.0,0.17369072493825644,3,0,3,0.0,2.0,0.5,2.0,3,0.5,0.5,0.0,0.94921875,0.05078125,0.0,256,1024,0,0.0,284.70826244873217,80.7100999954855,0.0,187.320839472547,16.677322980699692,0,3546.5233650067144,0,3350.0717650059864,5.3005971621597e-07,9.108124275570797e-07,1.6958819492996741e-06,3.314893675084244e-08,8.514065057472298e-08,7.911727602875309e-07,4.04621644068582e-06,heuristic_only,nsga2
0,348,348,train,2.4530266523361206,0.27734375,0.69140625,8,64,512,401.3792000041576,69.3712238353919,2.4935260635728076,44.73302102187752,50.88390001037624,6.034771918706504,16.176884790134213,22.211656708840717,0.007899987394921482,0.0,11.00752545160892,11.196231269836876,0,19.931227299994205,1275.5985471996291,2097152.0,2,0.5,0.5,0.0,0.0,0.0,78.58086414639237,0.010599993402138352,0.0,59.8851187932856,18.685145359704627,0,1,0,16.936617862786967,61.6442462836054,0.0,1048576,1048576,0,8,4,0.25,2,0.5,0,1,1.0,0.2307606527190679,3,3,0,1.0,0.0,0.0,1.0,0,0.5,0.5,0.0,0.9501953125,0.0498046875,0.0,256,1024,0,0.0,466.39108368336895,251.05489998531993,0.0,190.03846584294072,25.29771785510821,0,3546.5233650067144,0,3145.1441650025567,1.387424476707838e-06,9.97410425429123e-07,1.7893208408751008e-06,3.0173859593532524e-08,9.706130874080528e-08,7.858086414639237e-07,5.087199552810323e-06,heuristic_only,nsga2
0,349,349,train,2.4693134427070618,0.279296875,0.685546875,8,64,512,485.79310000059195,83.46093335194503,3.60337861078351,47.20868805115739,52.65260000305716,8.031963618668307,23.465608816059664,31.49757243472797,0.008699993486516178,0.0,11.765045776876299,19.723826664365156,0,16.467882174753157,1053.944459184202,2097152.0,2,0.5,0.5,0.0,0.0,0.0,77.84570489221119,0.00790000194683671,0.0,57.43965222099808,20.39815266926626,0,1,0,17.73319696362058,60.1125079285906,0.0,1048576,1048576,0,8,4,0.25,2,0.5,0,1,1.0,0.2307606527190679,3,0,3,0.0,2.0,0.5,2.0,3,0.5,0.5,0.0,0.955078125,0.044921875,0.0,256,1024,0,0.0,537.0920000555436,304.595200024778,0.0,187.52229270431098,44.97450732645464,0,3546.5233650067144,0,3060.7302650061224,1.6692186670389005e-06,1.441351444313404e-06,1.8883475220462959e-06,4.015981809334154e-08,1.4079365289635797e-07,7.784570489221119e-07,5.958328153310412e-06,heuristic_only,nsga2
0,350,350,train,2.657413125038147,0.255859375,0.630859375,8,64,512,282.24309999495745,49.41138030370931,2.38080738961798,42.93577077616344,55.2523999940604,5.704139706791926,14.625269383355068,20.329409090146996,0.01030000566970557,0.0,12.012788824743751,8.306320259733537,0,28.34425945535417,1814.0326051426669,2097152.0,2,0.5,0.5,0.0,0.0,0.0,85.27653303486628,0.007800001185387373,0.0,64.13573776046384,21.132995273217034,0,1,0,18.578553198204524,66.69797983666174,0.0,1048576,1048576,0,8,4,0.25,2,0.5,0,1,1.0,0.19776865982085054,3,3,0,1.0,0.0,0.0,1.0,0,0.5,0.5,0.0,0.94921875,0.05078125,0.0,256,1024,0,0.0,378.91183387796286,170.62559998885263,0.0,190.33364872804663,17.952585161063652,0,3546.5233650067144,0,3264.280265011757,9.882276060741862e-07,9.523229558471921e-07,1.7174308310465377e-06,2.852069853395963e-08,8.77516163001304e-08,8.527653303486627e-07,4.627019038150668e-06,heuristic_only,nsga2
0,351,351,train,2.4620803594589233,0.2734375,0.685546875,8,64,512,147.55890000378713,26.664912549579025,3.0174919680743164,41.39024249429573,47.60980000719428,6.689906502983276,19.3997102737843,26.089616776767578,0.00829999044071883,0.0,12.390876059476845,13.690440726850012,0,54.215271220668214,3469.7773581227657,2097152.0,2,0.5,0.5,0.0,0.0,0.0,81.74779795346137,0.006800008122809231,0.0,61.248170203442434,20.492827741896136,0,1,0,17.790169559177002,63.95762839428438,0.0,1048576,1048576,0,8,4,0.25,2,0.5,0,1,1.0,0.19776865982085054,3,0,3,0.0,2.0,0.5,2.0,3,0.5,0.5,0.0,0.9541015625,0.0458984375,0.0,256,1024,0,0.0,284.2905880477963,80.2236999879824,0.0,184.91333665404625,19.153551405767637,0,3546.5233650067144,0,3398.964465002927,5.332982509915805e-07,1.2069967872297267e-06,1.6556096997718291e-06,3.3449532514916386e-08,1.163982616427058e-07,8.174779795346138e-07,4.363230511685373e-06,heuristic_only,nsga2
0,352,352,train,2.6098738312721252,0.275390625,0.61328125,8,64,512,348.80859999975655,62.05188423160321,2.31257810906618,43.0595956040739,35.91269999742508,6.132699673124685,13.620463920265575,19.75316359339026,0.009499999578110874,0.0,11.462105663324607,8.281557930487542,0,22.93514857390847,1467.8495087301421,2097152.0,2,0.5,0.5,0.0,0.0,0.0,79.44365850549207,0.008199989679269493,0.0,57.862949383629875,21.57250913218293,0,1,0,19.160258512066257,60.28339999342582,0.0,1048576,1048576,0,8,4,0.25,2,0.5,0,1,1.0,0.2091524583687337,3,3,0,1.0,0.0,0.0,1.0,0,0.5,0.5,0.0,0.9560546875,0.0439453125,0.0,256,1024,0,0.0,429.69623177897313,222.15010001673363,0.0,190.0549414112583,17.49119035098122,0,3546.5233650067144,0,3197.714765006958,1.2410376846320642e-06,9.250312436264719e-07,1.7223838241629562e-06,3.066349836562343e-08,8.172278352159344e-08,7.944365850549208e-07,4.79527561936363e-06,heuristic_only,nsga2
0,353,353,train,2.48530113697052,0.283203125,0.650390625,8,64,512,290.97940000065137,49.37802909671828,2.531838935196738,41.92731277073901,34.87830000813119,6.783179497322125,15.018953484954357,21.802132982276483,0.008200004231184721,0.0,12.323721765124592,9.470211212920706,0,27.493260714405825,1759.5686857219728,2097152.0,2,0.5,0.5,0.0,0.0,0.0,77.35976770863368,0.00790000194683671,0.0,58.09638895458155,19.25547875210529,0,1,0,17.039448278398837,60.32031943023484,0.0,1048576,1048576,0,8,4,0.25,2,0.5,0,1,1.0,0.19776865982085054,3,0,3,0.0,2.0,0.5,2.0,3,0.5,0.5,0.0,0.9453125,0.0546875,0.0,256,1024,0,0.0,375.3487232106161,168.7406000419287,0.0,189.2208014018277,17.38732176685972,0,1130.9588565017445,0,839.9794565010932,9.875605819343658e-07,1.0127355740786952e-06,1.6770925108295605e-06,3.391589748661063e-08,9.011372090972613e-08,7.735976770863368e-07,4.575015962325295e-06,heuristic_only,nsga2
0,354,354,train,2.4632200598716736,0.263671875,0.662109375,8,64,512,308.0372999975225,51.11082985556333,2.3499927163887877,42.91681473064064,38.11399999540299,5.9027919083549945,13.634925939870776,19.53771784822577,0.008300004992634058,0.0,10.926644825745027,8.602773017488108,0,25.970796488827343,1662.13097528495,2097152.0,2,0.0,0.0,1.0,0.0,0.0,48.926274380369165,0.007499998901039362,0.0,29.046959015371947,19.871815366096186,0,1,0,0.0,0.0,24.463137190184582,0,0,2097152,8,4,0.25,2,0.5,0,1,1.0,0.2091524583687337,3,3,0,1.0,0.0,0.0,1.0,0,0.5,0.5,0.0,0.9521484375,0.0478515625,0.0,256,1024,0,0.0,385.5105492103711,178.32859998452477,0.0,190.6098547451698,16.572094480676473,0,1130.9588565017445,0,822.921556504222,1.0222165971112668e-06,9.399970865555152e-07,1.7166725892256259e-06,2.9513959541774974e-08,8.180955563922464e-08,4.892627438036917e-07,4.279472531877099e-06,heuristic_only,nsga2
0,355,355,train,2.4421955943107605,0.306640625,0.6640625,8,64,512,144.68460000352934,26.2041315545245,2.3417641150071984,42.99365889152284,41.662699994049035,7.030970888086859,13.288644813338362,20.31961570142522,0.007800015737302601,0.0,11.978449780508559,8.333365905179361,0,55.29230275718423,3538.707376459791,2097152.0,2,0.5,0.5,0.0,0.0,0.0,84.56841099793951,0.00689999433234334,0.0,64.52423122329088,20.037279780316275,0,1,0,18.877102007809725,65.69130899012978,0.0,1048576,1048576,0,8,4,0.25,2,0.5,0,1,1.0,0.16091838189257093,3,0,3,0.0,2.0,0.5,2.0,3,0.5,0.5,0.0,0.953125,0.046875,0.0,256,1024,0,0.0,286.1582182442182,76.83960000576917,0.0,189.35129857340434,19.96731966504465,0,1130.9588565017445,0,986.2742564982152,5.240826310904901e-07,9.367056460028795e-07,1.7197463556609137e-06,3.51548544404343e-08,7.973186888003016e-08,8.456841099793953e-07,4.141105466054143e-06,heuristic_only,nsga2
0,356,356,train,2.5407094955444336,0.275390625,0.662109375,8,64,512,289.7296000010101,47.74050166357442,3.1232104026977723,43.033903509040556,35.72329999587964,6.403018443359622,21.412716184473812,27.815734627833436,0.008400005754083395,0.0,12.405013625773332,15.402320996306019,0,27.6118573598098,1767.1588710278272,2097152.0,2,0.5,0.5,0.0,0.0,0.0,78.60245759861833,0.007399998139590025,0.0,58.712958560842345,19.882099039636394,0,1,0,17.623735631519505,60.97872196709882,0.0,1048576,1048576,0,8,4,0.25,2,0.5,0,1,1.0,0.26061071707684524,3,3,0,1.0,0.0,0.0,1.0,0,0.5,0.5,0.0,0.9345703125,0.0654296875,0.0,256,1024,0,0.0,375.590462301251,163.93999998399522,0.0,190.9786143524352,20.671847964820557,0,1130.9588565017445,0,841.2292565007344,9.548100332714885e-07,1.249284161079109e-06,1.7213561403616224e-06,3.201509221679811e-08,1.2847629710684287e-07,7.860245759861833e-07,4.8719663000220434e-06,heuristic_only,nsga2
0,357,357,train,2.537467837333679,0.236328125,0.64453125,8,64,512,290.8746000030078,50.25938827293912,3.214354419356564,43.34378705218076,36.75939999811817,6.209206437881783,20.75048742595514,26.95969386383692,0.007800015737302601,0.0,11.287178567445618,15.664715280654002,0,27.503166301736126,1760.202643311112,2097152.0,2,0.5,0.0,0.5,0.0,0.0,43.311620170174336,0.007999988156370819,0.0,22.59671060858937,20.706909573428597,0,1,0,16.979736161744732,0.0,26.331884008429604,1048576,0,1048576,8,4,0.25,2,0.5,0,1,1.0,0.17369072493825644,3,0,3,0.0,2.0,0.5,2.0,3,0.5,0.5,0.0,0.9541015625,0.0458984375,0.0,256,1024,0,0.0,387.2701189779058,173.9990000060061,0.0,191.82065108969192,21.450467882207708,0,1130.9588565017445,0,840.0842564987367,1.0051877654587824e-06,1.2857417677426256e-06,1.7337514820872304e-06,3.104603218940892e-08,1.2450292455573083e-07,4.331162017017434e-07,4.613346173735521e-06,heuristic_only,nsga2
0,358,358,train,2.524796187877655,0.28515625,0.623046875,8,64,512,366.96940001274925,63.056419323473015,2.2987871297094173,42.48851294827612,37.727400005678646,6.139568267486588,14.158769555439804,20.298337822926392,0.007899987394921482,0.0,12.400164909921454,7.890272925610015,0,21.800123387941003,1395.2078968282242,2097152.0,2,0.5,0.5,0.0,0.0,0.0,79.98687293997074,0.007599999662488699,0.0,59.07436446773937,20.90490847256889,0,1,0,17.083049481225018,62.90382345874573,0.0,1048576,1048576,0,8,4,0.25,2,0.5,0,1,1.0,0.18595995617580352,3,3,0,1.0,0.0,0.0,1.0,0,0.5,0.5,0.0,0.962890625,0.037109375,0.0,256,1024,0,0.0,431.3748776058342,223.79789999104105,0.0,189.89526321167187,17.681714403121298,0,1130.9588565017445,0,763.9894564889953,1.2611283864694605e-06,9.195148518837671e-07,1.699540517931045e-06,3.0697841337432946e-08,8.49526173326388e-08,7.998687293997076e-07,4.7957029443540515e-06,heuristic_only,nsga2
0,359,359,train,2.462544798851013,0.3046875,0.650390625,8,64,512,341.44130001368467,56.86429145499683,2.5491604149281617,42.04614772411831,35.49320000456646,6.525875593200709,15.132229065838501,21.65810465903921,0.007599999662488699,0.0,12.698853696527301,8.95165096284942,0,23.430020239669684,1499.5212953388598,2097152.0,2,0.0,0.5,0.5,0.0,0.0,82.79712702942857,0.007099995855242014,0.0,63.22365428119067,19.566372752382662,0,1,0,0.0,59.00514517140721,23.791981858021366,0,1048576,1048576,8,4,0.25,2,0.5,0,1,1.0,0.2091524583687337,3,0,3,0.0,2.0,0.5,2.0,3,0.5,0.5,0.0,0.9482421875,0.0517578125,0.0,256,1024,0,0.0,405.83839837617325,198.73329997062683,0.0,188.61793162255418,18.487166782992226,0,1130.9588565017445,0,789.5175564880599,1.137285829099937e-06,1.0196641659712648e-06,1.6818459089647329e-06,3.262937796600355e-08,9.0793374395031e-08,8.279712702942858e-07,4.790189926691255e-06,heuristic_only,nsga2
0,360,360,train,2.461481750011444,0.314453125,0.66796875,8,64,512,2937.061500007985,96.98213617836504,3.0630893098178347,288.48912457427036,158.04680000292137,7.3183017016759795,20.631379631328585,27.949681333004563,0.008200004231184721,0.0,11.440831089545846,16.500650239227536,0,2.7238099291309767,174.3238354643825,2097152.0,2,0.5,0.5,0.0,0.0,0.0,79.5709756647329,0.007599999662488699,0.0,61.27050316619854,18.292872498871873,0,1,0,16.684906905963718,62.886068758769184,0.0,1048576,1048576,0,8,4,0.25,2,0.5,0,1,1.0,0.14759070521249812,3,3,0,1.0,0.0,0.0,1.0,0,0.5,0.5,0.0,0.9560546875,0.0439453125,0.0,256,1024,0,0.0,1554.1374002498133,359.9915999802761,0.0,191.32218184739486,1002.8236184221421,0,2505.505975506017,1,-431.5555245019682,1.9396427235673013e-06,1.225235723927134e-06,1.1539564982970817e-05,3.65915085083799e-08,1.237882777879715e-07,7.957097566473291e-07,1.5660532973408933e-05,heuristic_only,nsga2
0,361,361,train,2.416561782360077,0.30859375,0.662109375,8,64,512,380.3708000050392,59.93963599113512,2.573252725823753,42.16259931148362,40.31779999786522,5.573553053111786,16.554625189221703,22.12817824233349,0.007700000423938036,0.0,11.473032815849407,10.647445426060143,0,21.032053374866422,1346.051415991451,2097152.0,2,0.5,0.0,0.5,0.0,0.0,44.79079141308521,0.007399998139590025,0.0,25.62592195119702,19.157469463748594,0,1,0,17.30289963259783,0.0,27.48789178048738,1048576,0,1048576,8,4,0.25,2,0.5,0,1,1.0,0.14759070521249812,3,0,3,0.0,2.0,0.5,2.0,3,0.5,0.5,0.0,0.955078125,0.044921875,0.0,256,1024,0,0.0,418.70195211376995,212.0992999698501,0.0,187.55182184057537,19.05083030334447,0,2505.505975506017,0,2125.1351755009778,1.1987927198227024e-06,1.0293010903295013e-06,1.6865039724593452e-06,2.7867765265558934e-08,9.932775113533021e-08,4.479079141308521e-07,4.4897012131432905e-06,heuristic_only,nsga2
0,362,362,train,2.4372159242630005,0.294921875,0.67578125,8,64,512,304.2348999879323,51.14823005107664,2.4303600420379423,42.807837486824624,38.209000005736016,5.77458222377089,13.763270039606281,19.53785226337717,0.00790000194683671,0.0,11.003768077105521,8.526184184324814,0,26.295384602268587,1682.9046145451896,2097152.0,2,0.5,0.5,0.0,0.0,0.0,79.29301143189947,0.007199996616691351,0.0,59.09354929201105,20.192262143271734,0,1,0,17.614933179736227,61.678078252163246,0.0,1048576,1048576,0,8,4,0.25,2,0.5,0,1,1.0,0.2509772150348662,3,3,0,1.0,0.0,0.0,1.0,0,0.5,0.5,0.0,0.955078125,0.044921875,0.0,256,1024,0,0.0,385.54571031975684,178.11960000835825,0.0,188.7264354432051,18.69967486819349,0,1130.9588565017445,0,826.7239565138123,1.0229646010215329e-06,9.72144016815177e-07,1.7123134994729852e-06,2.8872911118854453e-08,8.257962023763767e-08,7.929301143189948e-07,4.611804762985182e-06,heuristic_only,nsga2
0,363,363,train,2.4851114749908447,0.275390625,0.65234375,8,64,512,369.7399999946356,63.637690451929274,2.4099255590584425,43.143451817517835,35.48990000854246,6.228753686881686,14.66938055221538,20.898134239097065,0.008100003469735384,0.0,11.833274954370452,9.056759281256879,0,21.636767359086683,1384.7531109815477,2097152.0,2,0.5,0.5,0.0,0.0,0.0,82.76273684399668,0.006900008884258568,0.0,63.12914823650072,19.626688598611707,0,1,0,17.215365688171218,65.54737115582546,0.0,1048576,1048576,0,8,4,0.25,2,0.5,0,1,1.0,0.18595995617580352,3,0,3,0.0,2.0,0.5,2.0,3,0.5,0.5,0.0,0.953125,0.046875,0.0,256,1024,0,0.0,436.7642713140222,227.46450002887286,0.0,192.04090881541708,17.258862469732257,0,1130.9588565017445,0,761.218856507109,1.2727538090385857e-06,9.63970223623377e-07,1.7257380727007138e-06,3.1143768434408434e-08,8.801628331329227e-08,8.276273684399668e-07,4.909249525550345e-06,heuristic_only,nsga2
0,364,364,train,2.4870080947875977,0.248046875,0.66015625,8,64,512,307.40659999719355,50.711440850149444,2.391056702081803,43.28773987835419,39.283999998588115,6.7001377936898745,16.45637849737046,23.156516291060335,0.008800008799880743,0.0,12.509481088636306,10.638235193624146,0,26.024080081536813,1665.541125218356,2097152.0,2,0.5,0.0,0.5,0.0,0.0,44.14132881352754,0.007800001185387373,0.0,22.692491468231648,21.441037344110498,0,1,0,18.46017156796209,0.0,25.681157245565444,1048576,0,1048576,8,4,0.25,2,0.5,0,1,1.0,0.19776869931901056,3,3,0,1.0,0.0,0.0,1.0,0,0.5,0.5,0.0,0.947265625,0.052734375,0.0,256,1024,0,0.0,385.5609497223418,175.3970000136178,0.0,191.75140765573474,18.412542052989224,0,1130.9588565017445,0,823.552256504551,1.014228817002989e-06,9.564226808327212e-07,1.7315095951341677e-06,3.350068896844937e-08,9.873827098422274e-08,4.4141328813527534e-07,4.275813341057825e-06,heuristic_only,nsga2
0,365,365,train,2.381760001182556,0.287109375,0.677734375,8,64,512,306.91919999662787,51.85625394912998,2.1577332828478974,42.74500892718509,35.41489999042824,6.641966467653876,12.971855150775061,19.613821618428936,0.00820001878309995,0.0,11.632681210576449,7.972940389069389,0,26.06540722991806,1668.1860627147557,2097152.0,2,0.0,0.5,0.5,0.0,0.0,84.38038870154816,0.00790000194683671,0.0,65.0062882937524,19.366200405848907,0,1,0,0.0,58.91105021594565,25.4693384856025,0,1048576,1048576,8,4,0.25,2,0.5,0,1,1.0,0.16091838189257093,3,0,3,0.0,2.0,0.5,2.0,3,0.5,0.5,0.0,0.9638671875,0.0361328125,0.0,256,1024,0,0.0,387.03598463665185,180.44310000550468,0.0,189.58344002476838,17.009444606378807,0,1130.9588565017445,0,824.0396565051167,1.0371250789825996e-06,8.630933131391589e-07,1.7098003570874037e-06,3.320983233826938e-08,7.783113090465036e-08,8.438038870154815e-07,4.564863599467564e-06,heuristic_only,nsga2
0,366,366,train,2.387000620365143,0.310546875,0.689453125,8,64,512,357.2091999958502,63.067995637632905,2.333303629016342,42.35814122036001,36.22460000042338,6.031477940643761,14.172153193691177,20.203631134334938,0.007399998139590025,0.0,11.273824512346806,8.922406623848543,0,22.395777052539202,1433.329731362509,2097152.0,2,0.5,0.5,0.0,0.0,0.0,79.39416321054631,0.007599999662488699,0.0,59.45621160749014,19.93035160339369,0,1,0,15.932140524319998,63.46202268622632,0.0,1048576,1048576,0,8,4,0.25,2,0.5,0,1,1.0,0.2091524583687337,3,3,0,1.0,0.0,0.0,1.0,0,0.5,0.5,0.0,0.953125,0.046875,0.0,256,1024,0,0.0,431.03776194803703,226.29809998034034,0.0,186.86936755221495,17.870294415481748,0,1130.9588565017445,0,773.7496565058943,1.2613599127526582e-06,9.333214516065368e-07,1.6943256488144005e-06,3.015738970321881e-08,8.503291916214706e-08,7.939416321054632e-07,4.798138954144425e-06,heuristic_only,nsga2
0,367,367,train,2.3832350969314575,0.296875,0.69140625,8,64,512,354.02349999640137,56.51753297064194,2.358580415650188,42.10135357167097,35.80849998979829,5.837078407508173,15.161167034913372,20.998245442421545,0.008300004992634058,0.0,11.35485271086556,9.635092726563352,0,22.597306118874034,1446.2275916079382,2097152.0,2,0.5,0.5,0.0,0.0,0.0,76.13620681896555,0.007499998901039362,0.0,57.66790199819493,18.460804821869587,0,1,0,16.424072658441958,59.7121341605236,0.0,1048576,1048576,0,8,4,0.25,2,0.5,0,1,1.0,0.241032865595602,3,0,3,0.0,2.0,0.5,2.0,3,0.5,0.5,0.0,0.935546875,0.064453125,0.0,256,1024,0,0.0,403.90986783185235,198.34980000450741,0.0,188.20896876121407,17.351099066130914,0,1130.9588565017445,0,776.9353565053432,1.1303506594128388e-06,9.434321662600752e-07,1.684054142866839e-06,2.9185392037540866e-08,9.096700220948022e-08,7.613620681896555e-07,4.63935143097643e-06,heuristic_only,nsga2
0,368,368,train,2.4890995025634766,0.271484375,0.67578125,8,64,512,404.67040000658017,70.26033099401586,2.4072554275427303,42.74378294429802,48.77979999582749,6.473460438137108,14.469707534447508,20.943167972584618,0.008399991202168167,0.0,11.38321582043378,9.551552160948667,0,19.769126258662997,1265.2240805544318,2097152.0,2,0.5,0.0,0.5,0.0,0.0,45.693315147371436,0.006999995093792677,0.0,25.880611627315787,19.805703524961856,0,1,0,17.145435321668778,0.0,28.54787982570266,1048576,0,1048576,8,4,0.25,2,0.5,0,1,1.0,0.18595995617580352,3,3,0,1.0,0.0,0.0,1.0,0,0.5,0.5,0.0,0.9423828125,0.0576171875,0.0,256,1024,0,0.0,461.6454774634264,252.43310001678765,0.0,190.77262789534416,18.439749551294636,0,494.2166735036151,0,89.54627349703492,1.4052066198803174e-06,9.629021710170923e-07,1.7097513177719209e-06,3.2367302190685544e-08,8.681824520668504e-08,4.569331514737144e-07,4.653978807540416e-06,heuristic_only,nsga2
0,369,369,train,2.5163674354553223,0.25390625,0.650390625,8,64,512,354.9825999944005,63.21695307047345,2.389213041892343,42.26953540630262,38.180300005478784,6.1743840676488615,13.233937371240241,19.408321438889104,0.006799993570894003,0.0,11.22849997299102,8.17302147232719,0,22.536252379338627,1442.3201522776722,2097152.0,2,0.0,0.5,0.5,0.0,0.0,82.09949790848302,0.008200004231184721,0.0,63.84411554390252,18.247182360349328,0,1,0,0.0,59.61827195599055,22.481225952492473,0,1048576,1048576,8,4,0.25,2,0.5,0,1,1.0,0.16091838189257093,3,0,3,0.0,2.0,0.5,2.0,3,0.5,0.5,0.0,0.9580078125,0.0419921875,0.0,256,1024,0,0.0,431.5028060746737,226.22160002356395,0.0,189.1308351905012,16.150370860608525,0,494.2166735036151,0,139.23407350921457,1.2643390614094693e-06,9.556852167569374e-07,1.690781416252105e-06,3.087192033824431e-08,7.940362422744144e-08,8.209949790848304e-07,4.842076218069028e-06,heuristic_only,nsga2
0,370,370,train,2.500284254550934,0.24609375,0.6484375,8,64,512,4680.36490000668,758.266039038205,151.40064562275603,139.96789271862835,45.97750000539236,6.167610948698985,1369.9133611089012,1376.0809720576,0.009900002623908222,0.0,11.846573219983195,1364.2244988349933,0,1.7092680723933533,109.39315663317461,2097152.0,2,0.5,0.0,0.5,0.0,0.0,44.973799871544266,0.008400005754083395,0.0,25.06987906624429,19.895520799545885,0,1,0,16.625125243417294,0.0,28.34867462812697,1048576,0,1048576,8,4,0.25,2,0.5,0,1,1.0,0.2201412464909665,3,3,0,1.0,0.0,0.0,1.0,0,0.5,0.5,0.0,0.9462890625,0.0537109375,0.0,256,1024,0,0.0,4198.538309518357,3004.694599992945,0.0,193.07811531601024,1000.7655942094021,0,2017.3897920051165,1,-2662.975108001563,1.51653207807641e-05,6.056025824910241e-05,5.598715708745133e-06,3.083805474349493e-08,8.219480166653406e-06,4.4973799871544267e-07,9.002435095872397e-05,heuristic_only,nsga2
0,371,371,train,2.467914044857025,0.24609375,0.6875,8,64,512,305.1798999949824,51.5185328982585,2.3333772219587425,41.68461766323645,35.03819998877589,5.781834229647561,13.026815922607753,18.808650152255314,0.011599986464716494,0.0,12.031907472143725,6.765142693646873,0,26.21396031052904,1677.6934598738585,2097152.0,2,0.5,0.5,0.0,0.0,0.0,77.85019406336319,0.008800008799880743,0.0,58.59570510709469,19.245688947468626,0,1,0,18.248402879498645,59.60179118386455,0.0,1048576,1048576,0,8,4,0.25,2,0.5,0,1,1.0,0.26061071707684524,3,0,3,0.0,2.0,0.5,2.0,3,0.5,0.5,0.0,0.9521484375,0.0478515625,0.0,256,1024,0,0.0,382.14611113381477,178.6586999951396,0.0,187.60670396634788,15.88070717232729,0,2017.3897920051165,0,1712.2098920101341,1.03037065796517e-06,9.33350888783497e-07,1.6673847065294584e-06,2.8909171148237806e-08,7.816089553564651e-08,7.78501940633632e-07,4.516678260595641e-06,heuristic_only,nsga2
0,372,372,train,2.661378026008606,0.19921875,0.609375,8,64,512,294.0976999962004,51.833390391791546,2.409244336271625,41.85037056108393,37.56569999677595,6.199045171886381,14.458054837090419,20.657100008976798,0.008200004231184721,0.0,12.17044999067614,8.478450014069475,0,27.20175233723698,1740.9121495831666,2097152.0,2,0.5,0.5,0.0,0.0,0.0,80.66057449826096,0.009700001101009548,0.0,60.89941084709304,19.751463650066903,0,1,0,17.827363759369746,62.833210738891204,0.0,1048576,1048576,0,8,4,0.25,2,0.5,0,1,1.0,0.2201412464909665,3,3,0,1.0,0.0,0.0,1.0,0,0.5,0.5,0.0,0.94921875,0.05078125,0.0,256,1024,0,0.0,384.37202115658835,181.52339999505784,0.0,185.88942114714723,16.959200014383313,0,2017.3897920051165,0,1723.2920920089161,1.036667807835831e-06,9.636977345086503e-07,1.6740148224433571e-06,3.0995225859431904e-08,8.67483290225425e-08,8.066057449826096e-07,4.598729664652422e-06,heuristic_only,nsga2
0,373,373,train,2.556429386138916,0.240234375,0.666015625,8,64,512,404.4246999983443,65.76873097860138,2.6357940343163735,44.6271861338828,38.57879999850411,6.6373438664732936,17.84574798810405,24.483091854577346,0.007599999662488699,0.0,12.741931412835331,11.733560442079526,0,19.781136559899018,1265.9927398335371,2097152.0,2,0.5,0.5,0.0,0.0,0.0,77.91683401337565,0.007700000423938036,0.0,57.58245991499852,20.32667409795318,0,1,0,17.818352153813095,60.09848185956255,0.0,1048576,1048576,0,8,4,0.25,2,0.5,0,1,1.0,0.14759070521249812,3,0,3,0.0,2.0,0.5,2.0,3,0.5,0.5,0.0,0.947265625,0.052734375,0.0,256,1024,0,0.0,452.12684458720224,235.10459999670275,0.0,189.81155288870326,27.21069170179627,0,2017.3897920051165,0,1612.9650920067722,1.315374619572028e-06,1.0543176137265493e-06,1.7850874453553123e-06,3.318671933236647e-08,1.070744879286243e-07,7.791683401337565e-07,5.074209226048636e-06,heuristic_only,nsga2
0,374,374,train,2.6011840105056763,0.21875,0.62890625,8,64,512,334.40379999228753,54.20542531321831,2.4278207815041997,41.69332321897645,44.495699999970384,6.642204269434067,14.866973803549765,21.509178072983833,0.01130001328419894,0.0,11.72673122483113,9.771146834868503,0,23.923101582825687,1531.078501300844,2097152.0,2,0.5,0.5,0.0,0.0,0.0,78.62025258326412,0.009700001101009548,0.0,58.39663471632649,20.213917865836613,0,1,0,17.54418741980501,61.076065163459106,0.0,1048576,1048576,0,8,4,0.25,2,0.5,0,1,1.0,0.17369072493825644,3,3,0,1.0,0.0,0.0,1.0,0,0.5,0.5,0.0,0.9541015625,0.0458984375,0.0,256,1024,0,0.0,393.3062772547958,189.67029999475926,0.0,184.43206987336413,19.203907386672462,0,2017.3897920051165,0,1682.985992012829,1.0841085062643663e-06,9.711283126016798e-07,1.6677329287590581e-06,3.321102134717034e-08,8.920184282129858e-08,7.862025258326412e-07,4.6315851376262144e-06,heuristic_only,nsga2
0,375,375,train,2.549925684928894,0.267578125,0.65625,8,64,512,338.34839999326505,56.70740636943147,2.4003167707482698,42.0112263435122,38.54199999477714,6.700278299710423,14.487466221469361,21.187744521179784,0.00829999044071883,0.0,12.815116369258416,8.364328161480648,0,23.644197389323708,1513.2286329167173,2097152.0,2,0.5,0.5,0.0,0.0,0.0,79.94998721095588,0.008000002708286047,0.0,61.608686018100116,18.33330119014748,0,1,0,17.014072242752412,62.93591496820347,0.0,1048576,1048576,0,8,4,0.25,2,0.5,0,1,1.0,0.18595995617580352,3,0,3,0.0,2.0,0.5,2.0,3,0.5,0.5,0.0,0.955078125,0.044921875,0.0,256,1024,0,0.0,404.4757979347678,198.06429999880493,0.0,188.17273684656715,18.238761089395673,0,2017.3897920051165,0,1679.0413920118515,1.1341481273886294e-06,9.601267082993078e-07,1.680449053740488e-06,3.350139149855212e-08,8.692479732881616e-08,7.994998721095589e-07,4.6946499503653525e-06,heuristic_only,nsga2
0,376,376,train,2.600565791130066,0.220703125,0.634765625,8,64,512,198.33549999748357,28.560095912493694,2.1916484677358268,42.533301889038675,50.83220000960864,6.205606327684908,13.76396631138185,19.969572639066758,0.008799994247965515,0.0,12.366152075011357,7.594620569807434,0,40.33549044226101,2581.4713883047048,2097152.0,2,0.5,0.5,0.0,0.0,0.0,77.69550406387188,0.007800001185387373,0.0,57.70095879889161,19.986745263794873,0,1,0,18.382480475125696,59.313023588746184,0.0,1048576,1048576,0,8,4,0.25,2,0.5,0,1,1.0,0.2091524583687337,3,3,0,1.0,0.0,0.0,1.0,0,0.5,0.5,0.0,0.9521484375,0.0478515625,0.0,256,1024,0,0.0,293.1401850770728,86.18029998615384,0.0,190.59782285506725,16.362062235851713,0,2017.3897920051165,0,1819.054292007633,5.71201918249874e-07,8.766593870943306e-07,1.701332075561547e-06,3.102803163842454e-08,8.258379786829109e-08,7.769550406387188e-07,4.039760251051186e-06,heuristic_only,nsga2
0,377,377,train,2.5681723952293396,0.26171875,0.640625,8,64,512,286.4899999985937,50.060516995796974,3.2859792023534844,42.49566161744975,39.7343000076944,6.282077483611245,21.82908112026815,28.111158603879396,0.007499998901039362,0.0,12.367446928624858,15.7362116763535,0,27.924088365914706,1787.1416554185412,2097152.0,2,0.5,0.5,0.0,0.0,0.0,83.59329632607582,0.007399998139590025,0.0,63.400216891203264,20.18567943673296,0,1,0,17.90841904560426,65.68487728047155,0.0,1048576,1048576,0,8,4,0.25,2,0.5,0,1,1.0,0.18595995617580352,3,0,3,0.0,2.0,0.5,2.0,3,0.5,0.5,0.0,0.939453125,0.060546875,0.0,256,1024,0,0.0,383.36863126240087,171.11429999931715,0.0,191.21969421280915,21.034637050274558,0,2017.3897920051165,0,1730.8997920065228,1.0012103399159397e-06,1.3143916809413939e-06,1.69982646469799e-06,3.141038741805623e-08,1.309744867216089e-07,8.359329632607582e-07,5.013746322955747e-06,heuristic_only,nsga2
0,378,378,train,2.4978995323181152,0.26171875,0.6484375,8,64,512,1501.979599997867,61.836743107608086,71.09399311704074,43.93456514887849,1460.1353999896673,6.025736305789347,544.7513255725153,550.7770618783046,0.008300004992634058,0.0,10.929870790446472,539.8388910828655,0,5.326300486178957,340.88323111545327,2097152.0,2,0.5,0.5,0.0,0.0,0.0,78.78577300344546,0.007399998139590025,0.0,59.08965458146651,19.688718423839347,0,1,0,16.887235437313237,61.89853756613221,0.0,1048576,1048576,0,8,4,0.25,2,0.5,0,1,1.0,0.2091524583687337,3,3,0,1.0,0.0,0.0,1.0,0,0.5,0.5,0.0,0.953125,0.046875,0.0,256,1024,0,0.0,707.4612054941092,220.53830002550967,0.0,184.8385456695384,302.0843597990612,0,2520.402109503771,0,1018.4225095059041,1.2367348621521618e-06,2.8437597246816302e-05,1.7573826059551398e-06,3.0128681528946736e-08,3.2685079534350913e-06,7.878577300344545e-07,3.551820907992209e-05,heuristic_only,nsga2
0,379,379,train,2.50093674659729,0.259765625,0.65625,8,64,512,448.71039999998175,75.20825966164655,2.5387812869175788,42.63420357711912,51.45359999733046,6.524484187391524,16.369893678939704,22.894377866331226,0.008300004992634058,0.0,12.760637452338536,10.125440409000056,0,17.82883162763488,1141.0452241686323,2097152.0,2,0.5,0.0,0.5,0.0,0.0,42.219172651057804,0.008100003469735384,0.0,22.784821745361576,19.426250902226492,0,1,0,17.183700819123143,0.0,25.035471831934657,1048576,0,1048576,8,4,0.25,2,0.5,0,1,1.0,0.2201412464909665,3,0,3,0.0,2.0,0.5,2.0,3,0.5,0.5,0.0,0.9462890625,0.0537109375,0.0,256,1024,0,0.0,481.52497810273303,271.59460000984836,0.0,192.17772707163078,17.752651021253897,0,2520.402109503771,0,2071.6917095037893,1.5041651932329313e-06,1.0155125147670315e-06,1.7053681430847647e-06,3.2622420936957625e-08,9.82193620736382e-08,4.22191726510578e-07,4.7780793606059e-06,heuristic_only,nsga2
0,380,380,train,2.5088924169540405,0.28125,0.6875,8,64,512,309.76300001202617,50.43910739456395,2.2319335507911857,42.27449049169181,38.32119998696726,5.918672307367375,13.132951548469059,19.051623855836432,0.00790000194683671,0.0,11.276645400195225,7.767078453694372,0,25.82611278163186,1652.871218024439,2097152.0,2,0.5,0.5,0.0,0.0,0.0,78.33683415216711,0.008100003469735384,0.0,59.064740158441204,19.26399399025618,0,1,0,17.265036686056742,61.071797466110375,0.0,1048576,1048576,0,8,4,0.25,2,0.5,0,1,1.0,0.19776865982085054,3,3,0,1.0,0.0,0.0,1.0,0,0.5,0.5,0.0,0.9453125,0.0546875,0.0,256,1024,0,0.0,379.78212574818775,173.54909997084178,0.0,189.1315390965919,17.101486680754096,0,2520.402109503771,0,2210.639109491745,1.0087821478912791e-06,8.927734203164744e-07,1.6909796196676723e-06,2.9593361536836877e-08,7.879770929081434e-08,7.833683415216713e-07,4.484294600224749e-06,heuristic_only,nsga2
0,381,381,train,2.522809386253357,0.26171875,0.650390625,8,64,512,414.5263999962481,70.32191102664895,2.45806618078886,42.77764841128929,37.44729999743868,7.092298876442184,15.51271737498331,22.605016251425496,0.008500006515532732,0.0,12.44917726590905,10.14733897900091,0,19.299086140198234,1235.141512972687,2097152.0,2,0.5,0.5,0.0,0.0,0.0,83.70231390029848,0.007299997378140688,0.0,64.70598773015017,18.98902617277016,0,1,0,17.49877217015198,66.2035417301465,0.0,1048576,1048576,0,8,4,0.25,2,0.5,0,1,1.0,0.19776865982085054,3,0,3,0.0,2.0,0.5,2.0,3,0.5,0.5,0.0,0.9560546875,0.0439453125,0.0,256,1024,0,0.0,462.23050247490835,252.36159999622032,0.0,192.28347659537704,17.585425883311075,0,2520.402109503771,0,2105.875709507523,1.406438220532979e-06,9.83226472315544e-07,1.711105936451572e-06,3.546149438221092e-08,9.307630424989985e-08,8.370231390029849e-07,5.066331566935191e-06,heuristic_only,nsga2
0,382,382,train,2.557903826236725,0.26953125,0.6328125,8,64,512,407.6134000060847,69.89223097260657,2.2721413473649754,42.074998596815576,39.90190000331495,6.497953552382869,15.377630115495004,21.875583667877873,0.007299997378140688,0.0,12.506046177923988,9.362237492575744,0,19.626392001559758,1256.0890880998245,2097152.0,2,0.5,0.5,0.0,0.0,0.0,82.06341239216908,0.007599999662488699,0.0,63.49525240479943,18.560559987707173,0,1,0,16.851732786740463,65.21167960542863,0.0,1048576,1048576,0,8,4,0.25,2,0.5,0,1,1.0,0.2201412464909665,3,3,0,1.0,0.0,0.0,1.0,0,0.5,0.5,0.0,0.95703125,0.04296875,0.0,256,1024,0,0.0,456.9574836671485,251.14620001113508,0.0,188.27186372058264,17.53941993543073,0,2520.402109503771,0,2112.7887094976863,1.3978446194521315e-06,9.088565389459902e-07,1.682999943872623e-06,3.248976776191435e-08,9.226578069297001e-08,8.20634123921691e-07,4.9350907746473205e-06,heuristic_only,nsga2
0,383,383,train,2.502213180065155,0.26171875,0.669921875,8,64,512,286.27629998663906,51.122218326041406,2.471948294924448,41.55651848661048,42.388499990920536,5.585048351017539,16.18437560475153,21.76942395576907,0.00790000194683671,0.0,11.9615366501509,9.79998730367133,0,27.944933113360268,1788.4757192550571,2097152.0,2,0.5,0.5,0.0,0.0,0.0,78.9336550993539,0.007599999662488699,0.0,60.54068631705639,18.38536878263502,0,1,0,16.433071692877157,62.50058340647674,0.0,1048576,1048576,0,8,4,0.25,2,0.5,0,1,1.0,0.2307606527190679,3,0,3,0.0,2.0,0.5,2.0,3,0.5,0.5,0.0,0.958984375,0.041015625,0.0,256,1024,0,0.0,380.60274043030535,177.36030000378378,0.0,184.76726062921233,18.47517979730926,0,2520.402109503771,0,2234.125809517132,1.0224443665208282e-06,9.88779317969779e-07,1.6622607394644192e-06,2.7925241755087697e-08,9.710625362850917e-08,7.89336550993539e-07,4.587852470332163e-06,heuristic_only,nsga2
0,384,384,train,2.571873366832733,0.232421875,0.666015625,8,64,512,332.2407999949064,53.01924204009134,2.4796698192575164,41.82194828383651,37.33210000791587,6.118773228324131,14.744761243831316,20.863534472155447,0.009700001101009548,0.0,12.004858992660992,8.848975478393447,0,24.078848597986912,1541.0463102711624,2097152.0,2,0.5,0.5,0.0,0.0,0.0,82.73854284485364,0.006800008122809231,0.0,62.00427067054197,20.727472166188846,0,1,0,17.64974599650005,65.08879684835358,0.0,1048576,1048576,0,8,4,0.25,2,0.5,0,1,1.0,0.17369072493825644,3,3,0,1.0,0.0,0.0,1.0,0,0.5,0.5,0.0,0.94921875,0.05078125,0.0,256,1024,0,0.0,389.2834405727414,185.95020000066143,0.0,185.36845807992154,17.964782492158495,0,2520.402109503771,0,2188.1613095088646,1.060384840801827e-06,9.918679277030066e-07,1.6728779313534605e-06,3.059386614162066e-08,8.846856746298789e-08,8.273854284485364e-07,4.671578561911439e-06,heuristic_only,nsga2
0,385,385,train,2.463950455188751,0.271484375,0.685546875,8,64,512,350.6905999965966,56.75662816460418,2.351792345272886,41.82213342799493,37.75519999908283,5.823003256881718,15.511197240551212,21.33420049743293,0.008400005754083395,0.0,12.18691642088411,9.138884070794735,0,22.812066214524783,1459.9722377295861,2097152.0,2,0.5,0.5,0.0,0.0,0.0,84.15372183246353,0.008000002708286047,0.0,63.854096902965075,20.29162492679017,0,1,0,18.299527605246745,65.85419422721678,0.0,1048576,1048576,0,8,4,0.25,2,0.5,0,1,1.0,0.19776865982085054,3,0,3,0.0,2.0,0.5,2.0,3,0.5,0.5,0.0,0.9501953125,0.0498046875,0.0,256,1024,0,0.0,403.72221575148797,198.3524999814108,0.0,189.45540495984739,15.914310810229775,0,2520.402109503771,0,2169.7115095071745,1.1351325632920836e-06,9.407169381091546e-07,1.6728853371197975e-06,2.9115016284408588e-08,9.306718344330726e-08,8.415372183246352e-07,4.712454256573387e-06,heuristic_only,nsga2
0,386,386,train,2.4769591093063354,0.3046875,0.66015625,8,64,512,330.0574000022607,55.7932867325073,2.441752274660235,42.435384481511754,40.45870000845753,6.673947249390568,14.167169703736949,20.841116953127518,0.008600007276982069,0.0,11.988514416941904,8.84400252890863,0,24.238134826882774,1551.2406289204976,2097152.0,2,0.5,0.5,0.0,0.0,0.0,77.53591676192454,0.007800001185387373,0.0,57.559077450521016,19.969039310218132,0,1,0,17.39626086227807,60.13965589964646,0.0,1048576,1048576,0,8,4,0.25,2,0.5,0,1,1.0,0.11898843795383565,3,3,0,1.0,0.0,0.0,1.0,0,0.5,0.5,0.0,0.9609375,0.0390625,0.0,256,1024,0,0.0,402.68169395471716,196.4746000012383,0.0,187.46678226583137,18.740311687647505,0,2520.402109503771,0,2190.3447095015104,1.1158657346501463e-06,9.767009098640942e-07,1.6974153792604703e-06,3.336973624695284e-08,8.500301822242169e-08,7.753591676192454e-07,4.6837139458633305e-06,heuristic_only,nsga2
0,387,387,train,2.41143262386322,0.294921875,0.6875,8,64,512,222.1925000048941,30.26073512965287,2.425710377038823,42.836656646836055,39.329899998847395,6.778790168433718,13.359394883297794,20.13818505173151,0.008600007276982069,0.0,11.906930957544537,8.222654086909994,0,36.00465360068494,2304.297830443836,2097152.0,2,0.5,0.5,0.0,0.0,0.0,80.30947060613661,0.009300012607127428,0.0,60.55450863748949,19.74566195603999,0,1,0,17.87568646030526,62.433784145831346,0.0,1048576,1048576,0,8,4,0.25,2,0.5,0,1,1.0,0.241032865595602,3,0,3,0.0,2.0,0.5,2.0,3,0.5,0.5,0.0,0.94921875,0.05078125,0.0,256,1024,0,0.0,302.092408614111,93.53790002933238,0.0,190.86850523493277,17.686003349845812,0,2520.402109503771,0,2298.209609498877,6.052147025930574e-07,9.702841508155292e-07,1.7134662658734423e-06,3.389395084216859e-08,8.015636929978675e-08,8.030947060613661e-07,4.20611014548535e-06,heuristic_only,nsga2
0,388,388,train,2.505174219608307,0.255859375,0.666015625,8,64,512,3322.523099996033,107.77580404898296,3.002865071975862,503.00366123389955,47.228900002664886,6.0993492716062585,20.20883248360145,26.30818175520771,0.008200004231184721,0.0,11.25639461955499,15.043587131421535,0,2.4078079674454584,154.09970991650934,2097152.0,2,0.5,0.5,0.0,0.0,0.0,80.74471371170054,0.007899987394921482,0.0,59.57234645467475,21.164467269630876,0,1,0,17.439327247320655,63.30538646437989,0.0,1048576,1048576,0,8,4,0.25,2,0.5,0,1,1.0,0.13364216641330787,3,3,0,1.0,0.0,0.0,1.0,0,0.5,0.5,0.0,0.962890625,0.037109375,0.0,256,1024,0,0.0,2455.129321419434,403.11249998921994,0.0,192.29048329270552,1859.726338137508,0,3463.971918001552,0,141.44881800551866,2.1555160809796595e-06,1.2011460287903448e-06,2.0120146449355983e-05,3.0496746358031295e-08,1.212529949016087e-07,8.074471371170054e-07,2.4436005437502636e-05,heuristic_only,nsga2
0,389,389,train,2.3885505199432373,0.291015625,0.701171875,8,64,512,292.8204000054393,51.06025404059268,2.4455582634794184,42.488998735759466,38.23489999922458,6.3821401150701975,15.423541855323457,21.805681970393653,0.007499998901039362,0.0,12.477345796077321,9.320836175415295,0,27.320407592653396,1748.5060859298173,2097152.0,2,0.5,0.5,0.0,0.0,0.0,76.46882910254772,0.008200004231184721,0.0,55.892646429489545,20.567982668826993,0,1,0,17.050687154881217,59.4181419476665,0.0,1048576,1048576,0,8,4,0.25,2,0.5,0,1,1.0,0.2307606527190679,3,0,3,0.0,2.0,0.5,2.0,3,0.5,0.5,0.0,0.955078125,0.044921875,0.0,256,1024,0,0.0,383.9792441593263,177.14289999275934,0.0,189.03242018301222,17.8039239835547,0,3463.971918001552,0,3171.1515179961125,1.0212050808118536e-06,9.782233053917675e-07,1.6995599494303788e-06,3.191070057535099e-08,9.254125113194073e-08,7.646882910254772e-07,4.588128578366769e-06,heuristic_only,nsga2
0,390,390,train,2.3963460326194763,0.28515625,0.669921875,8,64,512,325.3623000055086,54.77609125358232,2.2794313709103307,43.02377666399806,38.39770000195131,5.775872915177814,13.548138584432513,19.32401149961033,0.008399991202168167,0.0,10.857108586195064,8.458502922213095,0,24.58789912649815,1573.6255440958817,2097152.0,2,0.5,0.5,0.0,0.0,0.0,80.50686239544035,0.0092999980552122,0.0,60.553005255030456,19.94455714235469,0,1,0,15.829659132075477,64.67720326336487,0.0,1048576,1048576,0,8,4,0.25,2,0.5,0,1,1.0,0.19776865982085054,3,3,0,1.0,0.0,0.0,1.0,0,0.5,0.5,0.0,0.951171875,0.048828125,0.0,256,1024,0,0.0,400.31719715396287,191.29769994469825,0.0,191.22749371738075,17.792003491883825,0,2753.6063774965382,0,2428.2440774910297,1.0955218250716465e-06,9.117725483641323e-07,1.7209510665599225e-06,2.8879364575889072e-08,8.128883150659507e-08,8.050686239544036e-07,4.643482260032589e-06,heuristic_only,nsga2
0,391,391,train,2.467434585094452,0.251953125,0.65234375,8,64,512,339.98639999481384,56.60986860723781,3.1704869023698192,41.58760429211573,37.203899992164224,5.582591300500138,20.437497900844985,26.020089201345122,0.007800001185387373,0.0,11.217435522256359,14.794853677903376,0,23.53028376969862,1505.9381612607117,2097152.0,2,0.5,0.5,0.0,0.0,0.0,79.27053681916442,0.007299997378140688,0.0,58.195630937858226,21.067605883928053,0,1,0,17.663546056190928,61.60699076297349,0.0,1048576,1048576,0,8,4,0.25,2,0.5,0,1,1.0,0.19776865982085054,3,0,3,0.0,2.0,0.5,2.0,3,0.5,0.5,0.0,0.9482421875,0.0517578125,0.0,256,1024,0,0.0,405.4718392068934,198.70500000251923,0.0,186.6905554325773,20.076283771796867,0,2753.6063774965382,0,2413.6199775017244,1.1321973721447564e-06,1.2681947609479277e-06,1.6635041716846292e-06,2.7912956502500694e-08,1.226249874050699e-07,7.927053681916442e-07,5.007139616876528e-06,heuristic_only,nsga2
0,392,392,train,2.3685954809188843,0.25,0.705078125,8,64,512,304.80589999933727,51.15824175879684,2.259588391357669,42.11553806051305,36.53070000291336,6.149259166524276,12.802691905844076,18.951951072368352,0.008100018021650612,0.0,11.817808183410568,7.126042870936134,0,26.2461250057574,1679.7520003684735,2097152.0,2,0.5,0.5,0.0,0.0,0.0,78.92944469913319,0.007800001185387373,0.0,58.517068358185725,20.404576339762073,0,1,0,17.88375160034201,61.045693098791176,0.0,1048576,1048576,0,8,4,0.25,2,0.5,0,1,1.0,0.19776865982085054,3,3,0,1.0,0.0,0.0,1.0,0,0.5,0.5,0.0,0.9521484375,0.0478515625,0.0,256,1024,0,0.0,382.1334728426703,176.64019999210723,0.0,189.12011380656187,16.373159044001202,0,2753.6063774965382,0,2448.800477497201,1.0231648351759368e-06,9.038353565430676e-07,1.6846215224205225e-06,3.0746295832621384e-08,7.681615143506445e-08,7.89294446991332e-07,4.5084786083985455e-06,heuristic_only,nsga2
0,393,393,train,2.4024736285209656,0.25390625,0.6875,8,64,512,341.8974999949569,56.92901399232001,2.4421184448594513,42.679313469875886,37.00810000009369,6.299782190651313,15.136907133619854,21.436689324271168,0.009199982741847634,0.0,11.753815616721607,9.673673724807712,0,23.398757233851576,1497.5204629665009,2097152.0,2,0.0,0.5,0.5,0.0,0.0,86.41718572964942,0.007400012691505253,0.0,65.51032268102857,20.899463035929337,0,1,0,0.0,60.624875150807846,25.792310578841565,0,1048576,1048576,8,4,0.25,2,0.5,0,1,1.0,0.18595995617580352,3,0,3,0.0,2.0,0.5,2.0,3,0.5,0.5,0.0,0.9501953125,0.0498046875,0.0,256,1024,0,0.0,408.2017836282214,200.52019995637238,0.0,189.5736894550894,18.10789421675962,0,2753.6063774965382,0,2411.7088775015814,1.1385802798464003e-06,9.768473779437806e-07,1.7071725387950353e-06,3.1498910953256564e-08,9.082144280171911e-08,8.641718572964942e-07,4.809092407636687e-06,heuristic_only,nsga2
0,394,394,train,2.20999938249588,0.302734375,0.73828125,8,64,512,289.2247999989195,49.99502135009554,2.2708280688963924,43.10386284086591,35.826599996653385,6.790387600136111,14.271570104702048,21.06195770483816,0.008400005754083395,0.0,12.534141220306545,8.519416478777533,0,27.660049691382607,1770.2431802484869,2097152.0,2,0.5,0.5,0.0,0.0,0.0,77.61307031266037,0.007800001185387373,0.0,56.92225708921859,20.683013222256392,0,1,0,17.810062573665054,59.80300773899532,0.0,1048576,1048576,0,8,4,0.25,2,0.5,0,1,1.0,0.18595995617580352,3,3,0,1.0,0.0,0.0,1.0,0,0.5,0.5,0.0,0.9501953125,0.0498046875,0.0,256,1024,0,0.0,381.47884903943134,171.96430001058616,0.0,190.31979459968233,19.194754429162888,0,2753.6063774965382,0,2464.3815774976188,9.999004270019108e-07,9.083312275585571e-07,1.7241545136346367e-06,3.3951938000680557e-08,8.562942062821228e-08,7.761307031266039e-07,4.5280982299506015e-06,heuristic_only,nsga2
0,395,395,train,2.5436062812805176,0.21484375,0.638671875,8,64,512,291.7336999962572,51.90428621872073,2.3754183863556206,41.85093736372396,37.37320000072941,6.674409674274005,13.145978866089635,19.82038854036364,0.008400005754083395,0.0,11.717751332506289,8.094237202103269,0,27.422175010729394,1755.0192006866812,2097152.0,2,0.5,0.5,0.0,0.0,0.0,82.96987641427731,0.007499998901039362,0.0,63.136425184244146,19.825951231132137,0,1,0,19.008229357781822,63.961647056495494,0.0,1048576,1048576,0,8,4,0.25,2,0.5,0,1,1.0,0.2091524583687337,3,0,3,0.0,2.0,0.5,2.0,3,0.5,0.5,0.0,0.939453125,0.060546875,0.0,256,1024,0,0.0,384.52256787520116,180.24710002646316,0.0,189.16162894800817,15.113838900729897,0,2753.6063774965382,0,2461.872677500281,1.0380857243744146e-06,9.501673545422482e-07,1.6740374945489585e-06,3.337204837137003e-08,7.88758731965378e-08,8.296987641427733e-07,4.604237259176302e-06,heuristic_only,nsga2
0,396,396,train,2.355749547481537,0.291015625,0.69921875,8,64,512,293.0365999927744,50.68975960648878,2.3766770427818757,41.21513215800165,38.59759999613743,6.15069223543035,15.387385758341033,21.53807799377138,0.007800015737302601,0.0,12.594480236757338,8.935797741276744,0,27.30025088997883,1747.2160569586451,2097152.0,2,0.5,0.5,0.0,0.0,0.0,85.16134709812616,0.007700000423938036,0.0,63.827133661983915,21.326513435718304,0,1,0,17.994341818860995,67.16700527926517,0.0,1048576,1048576,0,8,4,0.25,2,0.5,0,1,1.0,0.2307606527190679,3,3,0,1.0,0.0,0.0,1.0,0,0.5,0.5,0.0,0.94921875,0.05078125,0.0,256,1024,0,0.0,377.1262752290892,175.7783999928506,0.0,185.2887174591518,16.05915777708683,0,2753.6063774965382,0,2460.569777503764,1.0137951921297759e-06,9.506708171127502e-07,1.6486052863200663e-06,3.075346117715175e-08,9.232431455004618e-08,8.516134709812617e-07,4.587762542271052e-06,heuristic_only,nsga2
0,397,397,train,2.503753185272217,0.2578125,0.654296875,8,64,512,358.8531000132207,57.30310123498376,2.5815384259663534,42.71750522422052,35.00989999156445,5.660840882373444,16.342317260489352,22.003158142862794,0.007499998901039362,0.0,11.83326594619292,10.162392197768833,0,22.293182660321477,1426.7636902605745,2097152.0,2,0.5,0.5,0.0,0.0,0.0,77.48620682199078,0.008999995770864189,0.0,57.760577422428184,19.716629403791718,0,1,0,18.7161010729912,58.77010574899957,0.0,1048576,1048576,0,8,4,0.25,2,0.5,0,1,1.0,0.16091838189257093,3,0,3,0.0,2.0,0.5,2.0,3,0.5,0.5,0.0,0.9541015625,0.0458984375,0.0,256,1024,0,0.0,410.40857954068247,201.10920003207866,0.0,192.25997471314622,17.039404795457617,0,2753.6063774965382,0,2394.7532774833176,1.146062024699675e-06,1.0326153703865415e-06,1.7087002089688208e-06,2.830420441186722e-08,9.805390356293609e-08,7.748620682199077e-07,4.788597780249748e-06,heuristic_only,nsga2
0,398,398,train,2.672219455242157,0.2734375,0.626953125,8,64,512,3067.7578000031644,455.9000093421897,5.99743545138051,170.9110756574285,51.19279999053106,7.706035833667002,42.73970253829845,50.445738371965454,0.008399991202168167,0.0,11.234413408666995,39.20292497209629,0,2.6077669469945772,166.89708460765294,2097152.0,2,0.5,0.5,0.0,0.0,0.0,75.95439303070309,0.007399998139590025,0.0,56.676784002999305,19.270209029564196,0,1,0,16.570669567699365,59.383723463003726,0.0,1048576,1048576,0,8,4,0.25,2,0.5,0,1,1.0,0.26061071707684524,3,3,0,1.0,0.0,0.0,1.0,0,0.5,0.5,0.0,0.951171875,0.048828125,0.0,256,1024,0,0.0,2531.234081803995,1794.041000015568,0.0,190.28975568376416,546.9033261046629,0,3528.6665864991655,0,460.9087864960011,9.118000186843794e-06,2.3989741805522042e-06,6.836443026297142e-06,3.853017916833501e-08,2.564382152297907e-07,7.59543930307031e-07,1.94079297183983e-05,heuristic_only,nsga2
0,399,399,train,2.6844454407691956,0.212890625,0.615234375,8,64,512,147.50020000792574,26.44230111484164,2.5648477902974625,43.052697229818804,43.24000001361128,6.628320593112444,15.624377947350155,22.2526985404626,0.007299997378140688,0.0,11.85854222421342,10.386856318871038,0,54.236846883755064,3471.158200560324,2097152.0,2,0.5,0.5,0.0,0.0,0.0,77.64763117780682,0.006999995093792677,0.0,57.874157882166685,19.766473300546338,0,1,0,18.330206219108085,59.31742495869873,0.0,1048576,1048576,0,8,4,0.25,2,0.5,0,1,1.0,0.2201412853775118,3,0,3,0.0,2.0,0.5,2.0,3,0.5,0.5,0.0,0.943359375,0.056640625,0.0,256,1024,0,0.0,288.23938453983163,77.59129999612924,0.0,189.35706273932811,21.29102180437428,0,3528.6665864991655,0,3381.16638649124,5.28846022296833e-07,1.025939116118985e-06,1.7221078891927524e-06,3.3141602965562224e-08,9.374626768410092e-08,7.764763117780682e-07,4.180257210036302e-06,heuristic_only,nsga2
0,400,400,val,2.5448246002197266,0.283203125,0.67578125,8,64,512,230.28709999925923,11.177395384955663,2.451826086049474,110.47033087664344,0.0,0.0,0.0,0.0,0.0,0.0,0.0,0.0,0,34.73909420428469,2223.30202907422,0.0,0,0.0,0.0,0.0,0.0,0.0,0.0,0.0,0.0,0.0,0.0,0,0,0,0.0,0.0,0.0,0,0,0,8,4,0.25,2,0.5,2,1,1.0,0.25097720212391433,0,0,0,0.0,0.0,0.0,0.0,0,0.5,0.5,0.0,0.953125,0.046875,0.0,256,1024,0,0.0,496.3982093905944,128.4499000175856,150.0,202.07241763864914,15.875891734359582,0,2599.4733710008536,0,2369.1862710015944,2.2354790769911327e-07,9.807304344197896e-07,5.248181032259236e-06,0.0,0.0,0.0,6.452459374378139e-06,heuristic_only,nsga2
0,400,400,train,2.5928540229797363,0.26171875,0.642578125,8,64,512,1962.620300007984,454.0023323779834,77.56077520182345,145.3444238609469,36.150999992969446,6.3902465489611195,235.34844500649055,241.73869155545168,0.007299997378140688,220.0,11.318023943679044,10.413367614394474,0,4.076181176657696,260.8755953060925,2097152.0,2,0.0,0.0,1.0,0.0,0.0,51.40076540143044,0.007000009645707905,0.0,33.37896453922024,18.01480085256449,0,1,0,0.0,0.0,25.70038270071522,0,0,2097152,8,4,0.25,2,0.5,0,1,1.0,0.241032865595602,3,3,0,1.0,0.0,0.0,1.0,0,0.5,0.5,0.0,0.951171875,0.048828125,0.0,256,1024,0,0.0,2707.630125763015,1587.4056000175187,900.0,201.240440547899,18.984085197597103,0,2827.4905175058634,0,864.8702174978794,9.080046647559668e-06,3.1024310080729376e-05,6.413177490661598e-06,3.19512327448056e-08,1.4120906700389432e-06,5.605048298198935e-07,4.852208095155429e-05,heuristic_only,nsga2
0,401,401,train,2.7173015475273132,0.28515625,0.59765625,8,64,512,161.41140001127496,11.936547542292118,2.605522246638934,66.75399413376962,50.63800000061747,6.751381995612717,16.59486053443808,23.346242530050798,0.006900008884258568,0.0,12.759758058079901,10.579584463086638,0,49.562487141267866,3171.9991770411434,2097152.0,2,0.5,0.5,0.0,0.0,0.0,78.38053221721972,0.007700000423938036,0.0,60.695860285765505,17.676971931030273,0,1,0,18.475694287052402,59.90483793016732,0.0,1048576,1048576,0,8,4,0.25,2,0.5,0,1,1.0,0.19776865982085054,3,0,3,0.0,2.0,0.5,2.0,3,0.5,0.5,0.0,0.9462890625,0.0537109375,0.0,256,1024,0,0.0,325.18425569080273,107.06110000319313,0.0,201.11835854064378,17.004797146965764,0,2827.4905175058634,0,2666.0791174945884,2.3873095084584236e-07,1.0422088986555737e-06,3.1459216344045338e-06,3.375690997806359e-08,9.956916320662847e-08,9.036149980325318e-07,5.463802555123174e-06,heuristic_only,nsga2
0,402,402,train,2.555161476135254,0.25,0.62890625,8,64,512,338.6473999998998,57.03016587814754,2.6154932412325698,45.96074074972229,39.63649999059271,6.391939866779316,15.529664867318864,21.92160473409818,0.00750001345295459,0.0,11.586259818839306,10.32784490180592,0,23.623321415374672,1511.892570583979,2097152.0,2,0.5,0.5,0.0,0.0,0.0,84.21218945339339,0.009399998816661537,0.0,65.71781189200306,18.484977562573675,0,1,0,18.53122385297446,65.68096560041893,0.0,1048576,1048576,0,8,4,0.25,2,0.5,0,1,1.0,0.25097720212391433,3,3,0,1.0,0.0,0.0,1.0,0,0.5,0.5,0.0,0.94921875,0.05078125,0.0,256,1024,0,0.0,422.4255994764096,199.50989999051671,0.0,206.20312059490698,16.712578890985903,0,2827.4905175058634,0,2488.8431175059636,1.140603317562951e-06,1.046197296493028e-06,2.145840577019734e-06,3.1959699333896586e-08,9.317798920391318e-08,9.734838257347716e-07,5.4312627053482946e-06,heuristic_only,nsga2
0,403,403,train,2.6279996633529663,0.232421875,0.619140625,8,64,512,430.56340000475757,72.51248664010822,2.466031769234739,44.371799958014684,42.07129999122117,5.81493304755031,15.649093528438044,21.464026575988356,0.007800001185387373,0.0,11.409413072572947,10.04681350223002,0,18.580263486511203,1189.136863136717,2097152.0,2,0.5,0.5,0.0,0.0,0.0,79.08199030112581,0.008699993486516178,0.0,61.222339579062826,17.85095072857648,0,1,0,17.02487322813041,62.05711707299541,0.0,1048576,1048576,0,8,4,0.25,2,0.5,0,1,1.0,0.2201412464909665,3,0,3,0.0,2.0,0.5,2.0,3,0.5,0.5,0.0,0.9482421875,0.0517578125,0.0,256,1024,0,0.0,477.4012734694305,263.23740000952967,0.0,196.9922306543639,17.171642805536962,0,2827.4905175058634,0,2396.927117501106,1.4502497328021644e-06,9.864127076938958e-07,2.071002496787973e-06,2.9074665237751553e-08,9.389456117062824e-08,9.14934137157249e-07,5.545568300849662e-06,heuristic_only,nsga2
0,404,404,train,2.675277054309845,0.25,0.603515625,8,64,512,433.30379998951685,73.33462736174128,2.525923759873261,44.8196822603867,36.09139999025501,5.878374385799225,15.879117083118894,21.75749146891812,0.06310000026132911,0.0,11.934007076825633,9.760384391831158,0,18.462754163336175,1181.6162664535152,2097152.0,2,0.5,0.0,0.5,0.0,0.0,43.01548468419428,0.007599999662488699,0.0,25.656698119955976,17.351186564575812,0,1,0,16.672381037438683,0.0,26.343103646755594,1048576,0,1048576,8,4,0.25,2,0.5,0,1,1.0,0.17369072493825644,3,3,0,1.0,0.0,0.0,1.0,0,0.5,0.5,0.0,0.9580078125,0.0419921875,0.0,256,1024,0,0.0,482.720933528005,265.28490001510363,0.0,199.40556496760362,18.030468545297673,0,2827.4905175058634,0,2394.1867175163466,1.4666925472348257e-06,1.0103695039493045e-06,2.090660752341771e-06,2.939187192899613e-08,9.527470249871336e-08,4.828410541354539e-07,5.175230432089065e-06,heuristic_only,nsga2
0,405,405,train,2.5826868414878845,0.234375,0.603515625,8,64,512,420.4740999994101,72.41428378324267,2.3969568644184975,44.70502876892898,37.78759999840986,6.45931319139548,13.946616958761192,20.40593015015667,0.008099988917820156,0.0,12.151495578963448,8.246334582275404,0,19.026096908024336,1217.6702021135575,2097152.0,2,0.5,0.5,0.0,0.0,0.0,84.28803723536933,0.007999988156370819,0.0,65.40922543817202,18.87081180904095,0,1,0,18.616865916779403,65.67117131858993,0.0,1048576,1048576,0,8,4,0.25,2,0.5,0,1,1.0,0.17369072493825644,3,0,3,0.0,2.0,0.5,2.0,3,0.5,0.5,0.0,0.955078125,0.044921875,0.0,256,1024,0,0.0,478.0650776663606,261.10780000453815,0.0,200.92384378038986,16.033433881432586,0,2827.4905175058634,0,2407.0164175064533,1.4482856756648533e-06,9.58782745767399e-07,2.089268124766054e-06,3.22965659569774e-08,8.367970175256714e-08,9.74222714990873e-07,5.586535528898725e-06,heuristic_only,nsga2
0,406,406,train,2.6685949563980103,0.234375,0.607421875,8,64,512,476.09680000459775,77.42192285289329,2.5529531510235444,46.97065217822443,460.80860000802204,6.498111201745525,17.721097335302275,24.2192085370478,0.008100018021650612,0.0,12.192918651201197,12.018189867824951,0,16.80327025229426,1075.4092961468327,2097152.0,2,0.5,0.5,0.0,0.0,0.0,81.11943618726487,0.01030000566970557,0.0,63.705242904007534,17.403893277587624,0,1,0,17.043488231896617,64.07594795536825,0.0,1048576,1048576,0,8,4,0.25,2,0.5,0,1,1.0,0.25097720212391433,3,3,0,1.0,0.0,0.0,1.0,0,0.5,0.5,0.0,0.94921875,0.05078125,0.0,256,1024,0,0.0,507.7821127285651,282.25959998962935,0.0,200.02424544908638,25.49826728984938,0,2827.4905175058634,0,2351.3937175012657,1.5484384570578658e-06,1.0211812604094179e-06,2.182685820194841e-06,3.249055600872763e-08,1.0632658401181363e-07,9.39346257783385e-07,5.830468935466051e-06,heuristic_only,nsga2
0,407,407,train,2.5590978264808655,0.29296875,0.619140625,8,64,512,461.80180000374094,76.82782757782385,4.5556105219621195,48.24933249651053,40.69589999562595,6.1514498062995795,35.096785715304875,41.24823552160446,0.007700014975853264,0.0,11.462754339999528,29.77778116662907,0,17.32341163790084,1108.6983448256537,2097152.0,2,0.5,0.0,0.5,0.0,0.0,43.62529719080958,0.007499998901039362,0.0,25.621324630271708,17.996472561636836,0,1,0,17.047242665094256,0.0,26.578054525715327,1048576,0,1048576,8,4,0.25,2,0.5,0,1,1.0,0.24103284089209526,3,0,3,0.0,2.0,0.5,2.0,3,0.5,0.5,0.0,0.9462890625,0.0537109375,0.0,256,1024,0,0.0,518.531082385186,278.6243000155082,0.0,198.21093670525505,41.695845664422734,0,2827.4905175058634,0,2365.6887175021225,1.5365565515564772e-06,1.8222442087848476e-06,2.2301772722248847e-06,3.0757249031497905e-08,2.1058071429182923e-07,4.894090809595264e-07,6.319725076849063e-06,heuristic_only,nsga2
0,408,408,train,2.5104954838752747,0.20703125,0.64453125,8,64,512,384.37279999197926,67.7847856961664,2.4803936351319082,45.720327983421555,35.619199989014305,6.76052467489523,17.185725394195956,23.946250069091185,0.007499998901039362,0.0,13.061711636618195,10.87703843357195,0,20.81307310791458,1332.036678906533,2097152.0,2,0.5,0.5,0.0,0.0,0.0,82.9665283299158,0.007099995855242014,0.0,65.09070531129957,17.868723022760996,0,1,0,17.823401493764372,65.14312683615144,0.0,1048576,1048576,0,8,4,0.25,2,0.5,0,1,1.0,0.241032865595602,3,3,0,1.0,0.0,0.0,1.0,0,0.5,0.5,0.0,0.9482421875,0.0517578125,0.0,256,1024,0,0.0,463.9420292588794,243.78960001922678,0.0,202.4566107856466,17.695818454006073,0,2827.4905175058634,0,2443.117717513884,1.3556957139233278e-06,9.921574540527634e-07,2.1318830436767326e-06,3.380262337447615e-08,1.0311435236517573e-07,9.59951536971461e-07,5.576604724363937e-06,heuristic_only,nsga2
0,409,409,train,2.672923266887665,0.255859375,0.61328125,8,64,512,349.504199999501,62.503340210328744,2.520251160848629,45.01206048045602,41.872500005410984,6.317392095966734,15.368085131286438,21.685477227253173,0.007899987394921482,0.0,11.59358096056371,10.08399627929454,0,22.889502073249332,1464.9281326879573,2097152.0,2,0.0,0.5,0.5,0.0,0.0,85.0727875819725,0.00859999272506684,0.0,66.19303287140737,18.87115471784006,0,1,0,0.0,59.77266976845285,25.30011781351965,0,1048576,1048576,8,4,0.25,2,0.5,0,1,1.0,0.19776865982085054,3,0,3,0.0,2.0,0.5,2.0,3,0.5,0.5,0.0,0.955078125,0.044921875,0.0,256,1024,0,0.0,440.14260740653356,221.5932000108296,0.0,200.20443103737324,18.344976358330733,0,2827.4905175058634,0,2477.9863175063624,1.250066804206575e-06,1.0081004643394518e-06,2.10007537939618e-06,3.1586960479833673e-08,9.220851078771862e-08,9.702732153566307e-07,5.45231133456639e-06,heuristic_only,nsga2
0,410,410,train,2.5432825684547424,0.25,0.62890625,8,64,512,323.59930001257453,52.63376351907975,2.674254684181033,46.90224671079188,38.49570000602398,6.331020990047108,15.573573352677954,21.904594342725062,0.008799994247965515,0.0,10.878753100359182,11.017041248117915,0,24.72185594293063,1582.1987803475604,2097152.0,2,0.5,0.5,0.0,0.0,0.0,80.42752843853833,0.008400005754083395,0.0,62.22103486709349,18.198093565690762,0,1,0,18.691279300517497,61.73624913802084,0.0,1048576,1048576,0,8,4,0.25,2,0.5,0,1,1.0,0.17369072493825644,3,3,0,1.0,0.0,0.0,1.0,0,0.5,0.5,0.0,0.94921875,0.05078125,0.0,256,1024,0,0.0,408.84105965621063,182.992500034743,0.0,204.5929151628918,21.25564445857583,0,2827.4905175058634,0,2503.891217493289,1.052675270381595e-06,1.0697018736724133e-06,2.18655034373956e-06,3.165510495023554e-08,9.344144011606772e-08,9.277477826614249e-07,5.361771815521295e-06,heuristic_only,nsga2
0,411,411,train,2.6013819575309753,0.240234375,0.630859375,8,64,512,303.9924000040628,51.19511177055519,2.444023428136422,44.11972525529248,36.31460000178777,6.249475150332542,15.169320471113755,21.418795621446296,0.007799986633472145,0.0,11.316818353247104,10.09417728156572,0,26.316360815376527,1684.2470921840977,2097152.0,2,0.5,0.5,0.0,0.0,0.0,79.13951363163135,0.007899987394921482,0.0,61.57358445522844,17.55802918900799,0,1,0,17.891053756780057,61.24845987485129,0.0,1048576,1048576,0,8,4,0.25,2,0.5,0,1,1.0,0.16091838189257093,3,0,3,0.0,2.0,0.5,2.0,3,0.5,0.5,0.0,0.9541015625,0.0458984375,0.0,256,1024,0,0.0,391.03544181593634,176.1180999892531,0.0,196.91885113727025,17.998490689413025,0,2827.4905175058634,0,2523.4981175018006,1.0239022354111039e-06,9.77609371254569e-07,2.058914009322215e-06,3.1247375751662714e-08,9.101592282668252e-08,9.13892056066016e-07,5.096580970632249e-06,heuristic_only,nsga2
0,412,412,train,2.6692678928375244,0.21875,0.640625,8,64,512,417.8844999987632,72.25467498175828,3.0758657941053675,45.26414310552447,38.025899993954226,6.691006197530403,20.415715964141146,27.10672216167155,0.008100003469735384,0.0,12.896499023018588,14.202123135183228,0,19.143999971340662,1225.2159981658024,2097152.0,2,0.5,0.5,0.0,0.0,0.0,81.78460879029377,0.007000024197623134,0.0,63.15999493849485,18.617613827601303,0,1,0,19.004158923861777,62.780449866432,0.0,1048576,1048576,0,8,4,0.25,2,0.5,0,1,1.0,0.17369072493825644,3,3,0,1.0,0.0,0.0,1.0,0,0.5,0.5,0.0,0.9482421875,0.0517578125,0.0,256,1024,0,0.0,482.37873552555243,260.73860001633875,0.0,203.17509102135273,18.465044487861007,0,2827.4905175058634,0,2409.6060175071,1.4450934996351658e-06,1.230346317642147e-06,2.116663960107012e-06,3.3455030987652024e-08,1.2249429578484686e-07,9.434069876358018e-07,5.891460091792625e-06,heuristic_only,nsga2
0,413,413,train,2.6447887420654297,0.26171875,0.603515625,8,64,512,415.48969999712426,71.99388188761543,2.4264100630183014,45.70545386284207,37.227000007987954,6.246704825086699,13.210673649399787,19.457378474486486,0.007799986633472145,0.0,11.379502162577683,8.07007632527533,0,19.254341914404755,1232.2778825219043,2097152.0,2,0.5,0.5,0.0,0.0,0.0,79.81845113859572,0.006900023436173797,0.0,61.22359875610767,18.58795235905188,0,1,0,18.206431205107833,61.612019933487886,0.0,1048576,1048576,0,8,4,0.25,2,0.5,0,1,1.0,0.2091524583687337,3,0,3,0.0,2.0,0.5,2.0,3,0.5,0.5,0.0,0.9541015625,0.0458984375,0.0,256,1024,0,0.0,480.50298325390315,259.1898999817204,0.0,203.90209589986372,17.410987372319095,0,2827.4905175058634,0,2412.000817508739,1.4398776377523085e-06,9.705640252073205e-07,2.134424143848375e-06,3.12335241254335e-08,7.92640418963987e-08,9.214085512529329e-07,5.576771924082769e-06,heuristic_only,nsga2
0,414,414,train,2.504286825656891,0.2421875,0.60546875,8,64,512,463.2386999874143,76.34238399619642,2.4199818183721447,46.1572989794313,36.67960000166204,6.486781462085203,15.270394687346066,21.757176149431267,0.009100011084228754,0.0,12.101926444127855,9.646149694219183,0,17.269677016493517,1105.259329055585,2097152.0,2,0.5,0.5,0.0,0.0,0.0,81.147293996048,0.006999995093792677,0.0,63.28349597399705,17.856798026957172,0,1,0,17.465522727320547,63.68177126872746,0.0,1048576,1048576,0,8,4,0.25,2,0.5,0,1,1.0,0.2201412464909665,3,3,0,1.0,0.0,0.0,1.0,0,0.5,0.5,0.0,0.94140625,0.05859375,0.0,256,1024,0,0.0,499.6786591759995,277.2560000157682,0.0,205.06230702838883,17.360352131842433,0,2827.4905175058634,0,2364.251817518449,1.5268476799239285e-06,9.67992727348858e-07,2.1550693946306733e-06,3.243390731042602e-08,9.162236812407637e-08,9.388364824979349e-07,5.712802559835897e-06,heuristic_only,nsga2
0,415,415,train,2.610973298549652,0.2578125,0.615234375,8,64,512,351.06689999520313,62.875577866985985,2.679984007968925,43.72469996997279,36.70700000657234,5.967138461697781,15.078956556065279,21.046095017763058,0.010099989594891667,0.0,11.278971387629262,9.757023640538906,0,22.787614589967667,1458.4073337579307,2097152.0,2,0.5,0.5,0.0,0.0,0.0,82.23127350299839,0.006800008122809231,0.0,64.44737066777591,17.77710282709967,0,1,0,19.217256692461376,63.01401681053701,0.0,1048576,1048576,0,8,4,0.25,2,0.5,0,1,1.0,0.241032865595602,3,0,3,0.0,2.0,0.5,2.0,3,0.5,0.5,0.0,0.9423828125,0.0576171875,0.0,256,1024,0,0.0,437.12104737971083,223.59399998094887,0.0,196.615297998048,16.911749400713923,0,2827.4905175058634,0,2476.4236175106603,1.2575115573397198e-06,1.0719936031875702e-06,2.0434566231587855e-06,2.983569230848891e-08,9.047373933639166e-08,9.483407686510578e-07,5.441611983982014e-06,heuristic_only,nsga2
0,416,416,train,2.6513437628746033,0.23828125,0.60546875,8,64,512,117.77640000218526,11.782877822887363,2.44563214645687,54.28268904000433,49.929999993764795,6.042068185298183,14.700684911354433,20.742753096652613,0.006999995093792677,0.0,11.268358504301515,9.467394597257305,0,67.92474617245385,4347.1837550370465,2097152.0,2,0.5,0.5,0.0,0.0,0.0,82.12755319869547,0.008999995770864189,0.0,63.981562764016374,18.136990438908235,0,1,0,17.497797027248303,64.62975617144717,0.0,1048576,1048576,0,8,4,0.25,2,0.5,0,1,1.0,0.19776865982085054,3,3,0,1.0,0.0,0.0,1.0,0,0.5,0.5,0.0,0.9638671875,0.0361328125,0.0,256,1024,0,0.0,274.04479603739424,57.98649997450411,0.0,199.94193555393431,16.116360508955818,0,2827.4905175058634,0,2709.714117503678,2.356575564577473e-07,9.78252858582748e-07,2.5500770643954777e-06,3.021034092649092e-08,8.820410946812659e-08,9.50535044329849e-07,4.8329369741604395e-06,heuristic_only,nsga2
0,417,417,train,2.5535322427749634,0.236328125,0.658203125,8,64,512,2039.0967000130331,21.358922272943808,37.1024203398039,46.83168414227195,384.73469999735244,7.345297535172621,272.370031986764,279.7153295219366,0.009900002623908222,0.0,12.104960293777966,267.60046922553477,0,3.9233039201352966,251.09145088865898,2097152.0,2,0.5,0.5,0.0,0.0,0.0,81.94812953656641,0.012099990271963179,0.0,64.70134385680795,17.234685689486504,0,1,0,17.80920639157155,64.13892314499486,0.0,1048576,1048576,0,8,4,0.25,2,0.5,0,1,1.0,0.17369072493825644,3,0,3,0.0,2.0,0.5,2.0,3,0.5,0.5,0.0,0.958984375,0.041015625,0.0,256,1024,0,0.0,421.1721070200786,57.043199994950555,0.0,202.6912835095298,161.43762351559832,0,2205.150552011837,0,166.05385199880402,4.2717844545887614e-07,1.484096813592156e-05,2.1816474173770368e-06,3.672648767586311e-08,1.6342201919205838e-06,9.477591416556538e-07,2.0068499820009574e-05,heuristic_only,nsga2
0,418,418,train,2.5624619126319885,0.251953125,0.619140625,8,64,512,452.4894000060158,74.36198867103614,2.470789873018999,47.33774374501475,35.74570000637323,6.74051011775633,15.733449928346456,22.473960046102786,0.008499991963617504,0.0,12.491837705933234,9.973622348205934,0,17.6799330988981,1131.5157183294784,2097152.0,2,0.5,0.5,0.0,0.0,0.0,77.6805437939384,0.00689999433234334,0.0,60.04743137815062,17.62621242145545,0,1,0,17.395160251009536,60.28538354292887,0.0,1048576,1048576,0,8,4,0.25,2,0.5,0,1,1.0,0.24103284089209526,3,3,0,1.0,0.0,0.0,1.0,0,0.5,0.5,0.0,0.943359375,0.056640625,0.0,256,1024,0,0.0,496.6820891562796,269.5473999774549,0.0,201.95988201433056,25.174807164494073,0,2205.150552011837,0,1752.6611520058214,1.487239773420723e-06,9.883159492075998e-07,2.195298825227115e-06,3.370255058878165e-08,9.440069957007872e-08,8.973762050252416e-07,5.69633400303954e-06,heuristic_only,nsga2
0,419,419,train,2.492556571960449,0.283203125,0.650390625,8,64,512,444.9388000066392,74.96205741745942,2.4955973951625463,45.29047358372485,37.25920000579208,6.215809138297585,16.12028993058523,22.336099068882817,0.007899987394921482,0.0,11.765848269991185,10.562350811496708,0,17.979960434828772,1150.7174678290414,2097152.0,2,0.5,0.5,0.0,0.0,0.0,79.35644881089122,0.007299997378140688,0.0,60.994385552960196,18.354763260552886,0,1,0,18.092650400516035,61.26379841037519,0.0,1048576,1048576,0,8,4,0.25,2,0.5,0,1,1.0,0.13364216641330787,3,0,3,0.0,2.0,0.5,2.0,3,0.5,0.5,0.0,0.9560546875,0.0439453125,0.0,256,1024,0,0.0,490.9925135853872,271.5719999978319,0.0,201.27678626444953,18.14372732310578,0,2205.150552011837,0,1760.211752005198,1.4992411483491884e-06,9.982389580650186e-07,2.115383056040476e-06,3.107904569148793e-08,9.672173958351137e-08,9.160920849296626e-07,5.656756032659345e-06,heuristic_only,nsga2
0,420,420,train,2.5117286443710327,0.275390625,0.640625,8,64,512,269.2377000057604,46.384569020440345,2.6162326032898244,45.6984578017427,37.83230000408366,7.044949125061935,18.09835048087676,25.143299605938694,0.007499998901039362,0.0,13.059720235705575,12.07607937133208,0,29.713410441473826,1901.6582682543249,2097152.0,2,0.5,0.0,0.5,0.0,0.0,45.39189387438657,0.007600014214403927,0.0,27.397555414314425,17.98673844585774,0,1,0,18.65201823371422,0.0,26.739875640672345,1048576,0,1048576,8,4,0.25,2,0.5,0,1,1.0,0.25097720212391433,3,3,0,1.0,0.0,0.0,1.0,0,0.5,0.5,0.0,0.9375,0.0625,0.0,256,1024,0,0.0,378.79703770189144,158.7941000034334,0.0,201.87049248570207,18.13244521275599,0,2205.150552011837,0,1935.9128520060767,9.276913804088069e-07,1.0464930413159296e-06,2.1367730286299676e-06,3.522474562530968e-08,1.0859010288526056e-07,5.073986900252104e-07,4.762170988890484e-06,heuristic_only,nsga2
0,421,421,train,2.4400829076766968,0.267578125,0.64453125,8,64,512,383.4050000004936,67.90959236898956,2.4331879286935623,45.063224348434574,36.26839999924414,6.335469250359675,15.211182305075933,21.54665155543561,0.008600007276982069,0.0,12.469870690896013,9.068180857262611,0,20.865609823502243,1335.3990287041436,2097152.0,2,0.5,0.5,0.0,0.0,0.0,84.46247906836135,0.007700000423938036,0.0,65.57993904665385,18.874840021283553,0,1,0,19.952881366548304,64.50959770181304,0.0,1048576,1048576,0,8,4,0.25,2,0.5,0,1,1.0,0.2201412464909665,3,0,3,0.0,2.0,0.5,2.0,3,0.5,0.5,0.0,0.95703125,0.04296875,0.0,256,1024,0,0.0,461.6240185844708,244.24929996894207,0.0,200.07504720969595,17.299671405832708,0,2205.150552011837,0,1821.7455520113435,1.3581918473797913e-06,9.73275171477425e-07,2.103149433629241e-06,3.1677346251798375e-08,9.126709383045559e-08,9.736439860872393e-07,5.531204878655951e-06,heuristic_only,nsga2
0,422,422,train,2.542294144630432,0.275390625,0.6484375,8,64,512,164.55499999574386,21.843024402163778,2.292304708581764,46.20085182504985,48.7518000009004,5.7834579757460665,13.558474308859877,19.341932284605942,0.007800001185387373,0.0,11.322237270367467,8.011895013053088,0,48.615668831321344,3111.402805204566,2097152.0,2,0.5,0.5,0.0,0.0,0.0,80.17616508669718,0.006799993570894003,0.0,61.87792709088781,18.291438002238475,0,1,0,19.069722771938263,61.10644231475892,0.0,1048576,1048576,0,8,4,0.25,2,0.5,0,1,1.0,0.24103284089209526,3,3,0,1.0,0.0,0.0,1.0,0,0.5,0.5,0.0,0.9580078125,0.0419921875,0.0,256,1024,0,0.0,281.3447237431816,58.36149997776374,0.0,199.11266025806228,23.870563507355595,0,2205.150552011837,0,2040.5955520160933,4.368604880432756e-07,9.169218834327057e-07,2.1441680620836764e-06,2.8917289878730333e-08,8.135084585315925e-08,9.239745354964897e-07,4.532193104788037e-06,heuristic_only,nsga2
0,423,423,train,2.6708545684814453,0.259765625,0.587890625,8,64,512,420.52220000186935,72.8928341942552,2.3700398781944374,44.64356072623738,44.32680000900291,6.589856720434648,15.705539733996662,22.295396454431312,0.009099981980398297,0.0,12.754173009579999,9.532123462870912,0,19.023920677775777,1217.5309233776497,2097152.0,2,0.5,0.5,0.0,0.0,0.0,82.55133689386017,0.00859999272506684,0.0,64.41962966892861,18.1231072322065,0,1,0,17.840669501810538,64.71066739204963,0.0,1048576,1048576,0,8,4,0.25,2,0.5,0,1,1.0,0.2307606527190679,3,0,3,0.0,2.0,0.5,2.0,3,0.5,0.5,0.0,0.9541015625,0.0458984375,0.0,256,1024,0,0.0,479.62573919474806,264.3672999693081,0.0,198.30325334051187,16.95518588492815,0,2205.150552011837,0,1784.6283520099678,1.4578566838851043e-06,9.480159512777752e-07,2.08290289730415e-06,3.2949283602173246e-08,9.423323840397997e-08,9.549347037227007e-07,5.570892758195883e-06,heuristic_only,nsga2
0,424,424,train,2.582545757293701,0.259765625,0.630859375,8,64,512,420.309900000575,72.60688764152417,2.43585759711513,45.65763056909147,43.8921000022674,6.6034496590895975,14.675384127329277,21.278833786418875,0.007299997378140688,0.0,11.607657786686637,9.663876002354097,0,19.03352970381938,1218.1459010444403,2097152.0,2,0.5,0.5,0.0,0.0,0.0,80.43180977779771,0.00689999433234334,0.0,62.712271945002605,17.71263783846276,0,1,0,17.763174043772807,62.6686357340249,0.0,1048576,1048576,0,8,4,0.25,2,0.5,0,1,1.0,0.30459390115263907,3,3,0,1.0,0.0,0.0,1.0,0,0.5,0.5,0.0,0.935546875,0.064453125,0.0,256,1024,0,0.0,482.801503230923,262.680600018939,0.0,202.8336051654935,17.287298046490513,0,2205.150552011837,0,1784.8406520112621,1.4521377528304834e-06,9.743430388460523e-07,2.1310685393921798e-06,3.301724829544799e-08,8.805230476397565e-08,9.296553692460268e-07,5.608274253374165e-06,heuristic_only,nsga2
0,425,425,train,2.4825282096862793,0.255859375,0.666015625,8,64,512,402.5106000044616,71.53176673813732,2.5949665280600454,45.8626430075317,37.3639000026742,6.8071271901985035,14.925591400696636,21.73271859089514,0.008400005754083395,0.0,11.658561190633304,10.065757394507752,0,19.87520359639654,1272.0130301693785,2097152.0,2,0.5,0.5,0.0,0.0,0.0,78.44992909241503,0.00689999433234334,0.0,60.99262794170839,17.450401156374287,0,1,0,18.347387819127192,60.102541273287834,0.0,1048576,1048576,0,8,4,0.25,2,0.5,0,1,1.0,0.17369072493825644,3,0,3,0.0,2.0,0.5,2.0,3,0.5,0.5,0.0,0.9482421875,0.0517578125,0.0,256,1024,0,0.0,479.9575050949163,256.92300000810064,0.0,204.47836711123728,18.55613797557841,0,2205.150552011837,0,1802.6399520073755,1.4306353347627468e-06,1.0379866112240183e-06,2.1413329316393518e-06,3.403563595099252e-08,8.955354840417981e-08,9.047043734707258e-07,5.638248435452015e-06,heuristic_only,nsga2
0,426,426,train,2.4098222255706787,0.2890625,0.66796875,8,64,512,430.3910000016913,72.32805521776571,2.5326683809520967,43.58569700566837,37.8152999910526,6.382968003634275,17.011373612688196,23.39434161632247,0.008300004992634058,0.0,12.48426949351789,10.901772117811944,0,18.587706091118246,1189.6131898315678,2097152.0,2,0.5,0.5,0.0,0.0,0.0,77.79590562684126,0.008899995009414852,0.0,60.34632715806993,17.440678473761913,0,1,0,17.281673153024094,60.51423247381717,0.0,1048576,1048576,0,8,4,0.25,2,0.5,0,1,1.0,0.24103284089209526,3,3,0,1.0,0.0,0.0,1.0,0,0.5,0.5,0.0,0.9423828125,0.0576171875,0.0,256,1024,0,0.0,473.78568241754465,263.02120002219453,0.0,192.76103101693653,18.003451378413654,0,2205.150552011837,0,1774.7595520101459,1.446561104355314e-06,1.013067352380839e-06,2.0325791587444715e-06,3.191484001817138e-08,1.0206824167612916e-07,8.989875212160469e-07,5.525178218390972e-06,heuristic_only,nsga2
0,427,427,train,2.5174724459648132,0.25,0.65234375,8,64,512,2709.7636999969836,368.622273503338,3.980363198947841,393.23442326542636,56.22579999908339,7.1491010221291,29.1684823369174,36.3175833590465,0.008600007276982069,0.0,12.018941974753123,24.290041377016397,0,2.9522858571480044,188.94629485747228,2097152.0,2,0.5,0.5,0.0,0.0,0.0,79.73079792244722,0.007799986633472145,0.0,61.2750287331493,18.447969202664453,0,1,0,18.054311689911977,61.67648623253525,0.0,1048576,1048576,0,8,4,0.25,2,0.5,0,1,1.0,0.19776865982085054,3,0,3,0.0,2.0,0.5,2.0,3,0.5,0.5,0.0,0.9462890625,0.0537109375,0.0,256,1024,0,0.0,3063.3482398708484,1442.7952999685658,0.0,201.3388218547125,1419.2141180475705,0,2205.150552011837,1,-504.6131479851465,7.372445470066761e-06,1.5921452795791363e-06,1.603268744494122e-05,3.5745505110645504e-08,1.7501089402150438e-07,9.206609516895426e-07,2.6128695545408813e-05,heuristic_only,nsga2
0,428,428,train,2.534103572368622,0.28125,0.62890625,8,64,512,415.3072000044631,71.37121026281748,2.3499196867439376,45.34204865216706,37.45689999777824,6.453643358584409,13.74735219492312,20.20099555350753,0.007299997378140688,0.0,11.648122532563264,8.545573023566124,0,19.262802901348994,1232.8193856863356,2097152.0,2,0.5,0.5,0.0,0.0,0.0,78.45723689547214,0.010000003385357559,0.0,60.1441480329937,18.30308885909307,0,1,0,18.66743733939782,59.78979955607431,0.0,1048576,1048576,0,8,4,0.25,2,0.5,0,1,1.0,0.19776869931901056,3,3,0,1.0,0.0,0.0,1.0,0,0.5,0.5,0.0,0.94921875,0.05078125,0.0,256,1024,0,0.0,476.2527144069139,258.0820000002859,0.0,200.6800478716728,17.490666534955196,0,2205.150552011837,0,1789.843352007374,1.4274242052563498e-06,9.399678746975751e-07,2.11513305552445e-06,3.2268216792922045e-08,8.248411316953871e-08,9.041519680668699e-07,5.5014294335077055e-06,heuristic_only,nsga2
0,429,429,train,2.6003448963165283,0.251953125,0.607421875,8,64,512,413.75149998930283,72.41564090813368,2.3023201340882427,44.5103706238897,36.16340000007767,5.945943287576974,13.72632420108358,19.672267488660555,0.021000014385208488,0.0,11.524628511920678,8.126638962354667,0,19.335230603336132,1237.4547586135125,2097152.0,2,0.5,0.5,0.0,0.0,0.0,79.04144429749326,0.006799993570894003,0.0,61.638513547395185,17.39613075652717,0,1,0,18.47932759001896,60.56211670747429,0.0,1048576,1048576,0,8,4,0.25,2,0.5,0,1,1.0,0.26994862967019156,3,0,3,0.0,2.0,0.5,2.0,3,0.5,0.5,0.0,0.9541015625,0.0458984375,0.0,256,1024,0,0.0,476.91332666444646,262.84739999391604,0.0,197.5693505110133,16.49657615951715,0,2205.150552011837,0,1791.3990520225343,1.4483128181626738e-06,9.209280536352971e-07,2.079037118700293e-06,2.9729716437884876e-08,8.235794520650147e-08,9.11538676389881e-07,5.471904328532532e-06,heuristic_only,nsga2
0,430,430,train,2.4398446083068848,0.30078125,0.626953125,8,64,512,319.03569999849424,55.09453763900303,2.432534271699761,45.28845672445663,38.281900007859804,5.936599044481292,15.105798624235863,21.042397668717154,0.010399991879239678,0.0,10.854084121168935,10.17791355566898,0,25.07548504619612,1604.8310429565518,2097152.0,2,0.5,0.0,0.5,0.0,0.0,41.939703651470666,0.007499998901039362,0.0,24.0350063613388,17.897197291230825,0,1,0,18.0374739670399,0.0,23.902229684430765,1048576,0,1048576,8,4,0.25,2,0.5,0,1,1.0,0.241032865595602,3,3,0,1.0,0.0,0.0,1.0,0,0.5,0.5,0.0,0.947265625,0.052734375,0.0,256,1024,0,0.0,411.26211454063764,191.543000008096,0.0,203.20527381709104,16.513840715450655,0,1469.3214195101561,0,1150.285719511662,1.1018907527800605e-06,9.730137086799045e-07,2.1165689503259675e-06,2.968299522240646e-08,9.063479174541517e-08,4.672014958835682e-07,4.778992694637323e-06,heuristic_only,nsga2
0,431,431,train,2.535784125328064,0.291015625,0.650390625,8,64,512,443.37030001042876,73.52391462070392,2.4186383812853514,46.34908097594819,34.9592999991728,6.099884039903315,15.562506151023051,21.662390190926367,0.009099996532313526,0.0,12.323704902397296,9.329585291996757,0,18.04356754668565,1154.7883229878817,2097152.0,2,0.5,0.5,0.0,0.0,0.0,82.30135441504311,0.007599999662488699,0.0,63.161767004137154,19.131987411243475,0,1,0,18.122382376864557,64.17897203817856,0.0,1048576,1048576,0,8,4,0.25,2,0.5,0,1,1.0,0.17369072493825644,3,0,3,0.0,2.0,0.5,2.0,3,0.5,0.5,0.0,0.9560546875,0.0439453125,0.0,256,1024,0,0.0,489.16653591174986,266.8787000293378,0.0,205.68099260996738,16.60684327244473,0,1469.3214195101561,0,1025.9511194997274,1.4704782924140786e-06,9.674553525141408e-07,2.1656019749631483e-06,3.0499420199516575e-08,9.33750369061383e-08,9.513714882267882e-07,5.67878156522381e-06,heuristic_only,nsga2
0,432,432,train,2.4921287298202515,0.30078125,0.662109375,8,64,512,419.16769999079406,71.73681300076377,2.5084517659559964,44.49208481969873,37.75519999908283,5.651483284405744,14.831846398623691,20.483329683029435,0.008699993486516178,0.0,11.29083931793665,9.18379037160627,0,19.085394496716237,1221.4652477898392,2097152.0,2,0.5,0.5,0.0,0.0,0.0,84.83469729792176,0.007099995855242014,0.0,65.94180396461441,18.88579333745211,0,1,0,17.99828055287918,66.83641674504258,0.0,1048576,1048576,0,8,4,0.25,2,0.5,0,1,1.0,0.17369072493825644,3,3,0,1.0,0.0,0.0,1.0,0,0.5,0.5,0.0,0.953125,0.046875,0.0,256,1024,0,0.0,474.949398345674,260.88370000070427,0.0,196.32980375935216,17.73589458561763,0,1469.3214195101561,0,1050.153719519362,1.4347362600152756e-06,1.0033807063823986e-06,2.076820385238105e-06,2.8257416422028723e-08,8.899107839174213e-08,9.820198064693026e-07,5.614205652918854e-06,heuristic_only,nsga2
0,433,433,train,2.612662136554718,0.2578125,0.6171875,8,64,512,167.43820000556298,11.079174455553348,2.381405338850182,67.15367990959518,39.35300000011921,6.037681846533941,13.965849041037174,20.003530887571117,0.010500007192604244,0.0,11.93049222806318,8.06253865231533,0,47.778536924054876,3057.826363139512,2097152.0,2,0.5,0.5,0.0,0.0,0.0,81.94127234598652,0.00689999433234334,0.0,64.09506913173206,17.83930321992211,0,1,0,18.652209731986378,63.289062614000144,0.0,1048576,1048576,0,8,4,0.25,2,0.5,0,1,1.0,0.16091838189257093,3,0,3,0.0,2.0,0.5,2.0,3,0.5,0.5,0.0,0.94921875,0.05078125,0.0,256,1024,0,0.0,322.4570388159949,103.64220001793001,0.0,204.57487872774183,14.23996007032307,0,1469.3214195101561,0,1301.8832195045932,2.21583489111067e-07,9.525621355400729e-07,3.1714817133120674e-06,3.018840923266971e-08,8.379509424622304e-08,9.459908486878656e-07,5.405601690129966e-06,heuristic_only,nsga2
0,434,434,train,2.520874857902527,0.2890625,0.65625,8,64,512,448.63310000800993,75.98642491194211,2.550360676866105,45.09661937175817,37.09759999765083,6.471206276265155,15.008422596420822,21.47962887268598,0.007999988156370819,0.0,11.51871259142707,9.952916293102536,0,17.831903548698524,1141.2418271167055,2097152.0,2,0.5,0.5,0.0,0.0,0.0,83.23438736253868,0.007700000423938036,0.0,64.32438137483342,18.90230598728131,0,1,0,17.83024718159259,65.40414018094609,0.0,1048576,1048576,0,8,4,0.25,2,0.5,0,1,1.0,0.26061071707684524,3,3,0,1.0,0.0,0.0,1.0,0,0.5,0.5,0.0,0.947265625,0.052734375,0.0,256,1024,0,0.0,494.5336198422656,275.935199984815,0.0,201.84869448142922,16.74972537602136,0,1469.3214195101561,0,1020.6883195021462,1.5197284982388422e-06,1.020144270746442e-06,2.105136476367206e-06,3.235603138132578e-08,9.005053557852492e-08,9.631521539872789e-07,5.73056796629962e-06,heuristic_only,nsga2
0,435,435,train,2.5788300037384033,0.248046875,0.62890625,8,64,512,107.34550000051968,12.025872179828353,2.2558027726376806,53.23203694467661,47.72450000746176,5.630142717117132,13.73876981976588,19.368912536883013,0.009199997293762863,0.0,11.3870348015789,7.972677738010351,0,74.52501944601147,4769.601244544734,2097152.0,2,0.5,0.0,0.5,0.0,0.0,42.662010090039615,0.007900016498751938,0.0,25.67619065503606,16.977919418504808,0,1,0,18.013114038764485,0.0,24.648896051275134,1048576,0,1048576,8,4,0.25,2,0.5,0,1,1.0,0.1859599251701455,3,0,3,0.0,2.0,0.5,2.0,3,0.5,0.5,0.0,0.9541015625,0.0458984375,0.0,256,1024,0,0.0,270.05484758857057,54.539199991268106,0.0,199.5009486090322,16.01469898827027,0,1469.3214195101561,0,1361.9759195096365,2.4051744359656703e-07,9.023211090550722e-07,2.496603334504516e-06,2.8150713585585666e-08,8.243261891859527e-08,4.7591789300294643e-07,4.225943112663283e-06,heuristic_only,nsga2
0,436,436,train,2.533117890357971,0.291015625,0.638671875,8,64,512,441.03699999686796,74.65930033187051,2.4862929660688575,44.58241195448871,37.36170000047423,6.107103840599708,15.989119949403987,22.096223790003695,0.007800001185387373,0.0,11.89226018186379,10.196163606954517,0,18.139026569267983,1160.897700433151,2097152.0,2,0.5,0.5,0.0,0.0,0.0,81.12751205719051,0.007199996616691351,0.0,62.55860702655439,18.561705034019433,0,1,0,19.576399000742846,61.55111305644767,0.0,1048576,1048576,0,8,4,0.25,2,0.5,0,1,1.0,0.2201412464909665,3,3,0,1.0,0.0,0.0,1.0,0,0.5,0.5,0.0,0.9462890625,0.0537109375,0.0,256,1024,0,0.0,486.91202100971236,272.0464000158245,0.0,196.9880241375799,17.87759685630796,0,1462.9566600016503,0,1021.9196600047824,1.4931860066374105e-06,9.945171864275431e-07,2.07956887940139e-06,3.0535519202998545e-08,9.59347196964239e-08,9.343773466848005e-07,5.628119658050567e-06,heuristic_only,nsga2
0,437,437,train,2.4633259773254395,0.28125,0.67578125,8,64,512,3216.721699995105,164.23894072469403,3.2952681676286018,372.2850845275476,50.245600010384806,36.961093288668955,21.65471045029145,58.61580373896041,0.006900023436173797,0.0,11.849361896034782,46.759541819489456,0,2.4870033093036503,159.16821179543362,2097152.0,2,0.5,0.5,0.0,0.0,0.0,83.36287138484909,0.006900008884258568,0.0,65.28601799534336,18.06995338062147,0,1,0,17.649580046215824,65.71329133863325,0.0,1048576,1048576,0,8,4,0.25,2,0.5,0,1,1.0,0.26061071707684524,3,0,3,0.0,2.0,0.5,2.0,3,0.5,0.5,0.0,0.943359375,0.056640625,0.0,256,1024,0,0.0,2159.277173679481,569.0000999893527,0.0,201.57814373799036,1388.698929952138,0,2648.7599050046247,1,-567.9617949904805,3.284778814493881e-06,1.3181072670514407e-06,1.51954247621307e-05,1.848054664433448e-07,1.2992826270174869e-07,9.65055296525757e-07,2.1078099869346873e-05,heuristic_only,nsga2
0,438,438,train,2.6616851091384888,0.244140625,0.609375,8,64,512,413.7399000028381,70.96780069857141,2.1913500711626677,45.86723324933846,34.696100003202446,5.54293297856381,13.374600947496877,18.917533926060685,0.007399998139590025,0.0,10.744478290181366,8.16565563773973,0,19.33577270205852,1237.4894529317453,2097152.0,2,0.5,0.5,0.0,0.0,0.0,82.6044091810006,0.007399998139590025,0.0,64.91886992698467,17.678139255876346,0,1,0,17.978181305915157,64.62622787508545,0.0,1048576,1048576,0,8,4,0.25,2,0.5,0,1,1.0,0.2091524583687337,3,3,0,1.0,0.0,0.0,1.0,0,0.5,0.5,0.0,0.94921875,0.05078125,0.0,256,1024,0,0.0,476.1055360762901,256.3634999532951,0.0,203.7292010743195,16.012835048675534,0,2648.7599050046247,0,2235.0200050017866,1.4193560139714281e-06,8.765400284650672e-07,2.141910940910719e-06,2.7714664892819054e-08,8.024760568498125e-08,9.552965475601768e-07,5.501065801485192e-06,heuristic_only,nsga2
0,439,439,train,2.4801764488220215,0.271484375,0.654296875,8,64,512,449.8001000029035,76.30129354015091,2.5125880562588163,45.42813541424569,39.54919999523554,6.592179636406973,14.372203525057024,20.964383161464,0.00790000194683671,0.0,12.111558925451586,8.844924234065575,0,17.785639030114332,1138.2808979273173,2097152.0,2,0.5,0.5,0.0,0.0,0.0,86.0296493696212,0.007999988156370819,0.0,66.95088988347545,19.07075949798937,0,1,0,19.006655174336117,67.02299419528508,0.0,1048576,1048576,0,8,4,0.25,2,0.5,0,1,1.0,0.17369072493825644,3,0,3,0.0,2.0,0.5,2.0,3,0.5,0.5,0.0,0.939453125,0.060546875,0.0,256,1024,0,0.0,496.96806804262167,277.5295000174083,0.0,200.38636270801445,19.052205317198897,0,2648.7599050046247,0,2198.959805001721,1.5260258708030185e-06,1.0050352225035266e-06,2.1170438128614155e-06,3.296089818203487e-08,8.623322115034214e-08,9.94342482086782e-07,5.761641507587119e-06,heuristic_only,nsga2
0,440,440,train,2.5035825967788696,0.267578125,0.642578125,8,64,512,411.87989999889396,68.84982182991479,2.4177666513457723,45.90376570593038,36.79300000658259,6.260748079901013,14.604937767847236,20.86568584774825,0.007800001185387373,0.0,11.637546752941807,9.220339093621055,0,19.423090509954413,1243.0777926370824,2097152.0,2,0.5,0.5,0.0,0.0,0.0,81.70731659788423,0.007299997378140688,0.0,62.575102395524766,19.124914204981323,0,1,0,19.678370464120675,62.028946133763554,0.0,1048576,1048576,0,8,4,0.25,2,0.5,0,1,1.0,0.17369072493825644,3,3,0,1.0,0.0,0.0,1.0,0,0.5,0.5,0.0,0.9560546875,0.0439453125,0.0,256,1024,0,0.0,468.6854167487637,247.02099998830818,0.0,202.84596282645876,18.818453933996818,0,2648.7599050046247,0,2236.8800050057307,1.3769964365982957e-06,9.67106660538309e-07,2.140488842123068e-06,3.130374039950507e-08,8.762962660708341e-08,9.411310582463695e-07,5.544656364512631e-06,heuristic_only,nsga2
0,441,441,train,2.650239408016205,0.2421875,0.599609375,8,64,512,428.2810999866342,72.07771949412793,2.528626944537604,46.8853823012348,35.467200010316446,6.487176632113641,15.50487091703302,21.992047549146662,0.009500014130026102,0.0,11.415969300883209,10.566578234133427,0,18.67927704718377,1195.4737310197613,2097152.0,2,0.5,0.5,0.0,0.0,0.0,76.76324373520467,0.007399998139590025,0.0,60.28274429030267,16.473099446762422,0,1,0,17.12560077704132,59.637642958163354,0.0,1048576,1048576,0,8,4,0.25,2,0.5,0,1,1.0,0.24103282732949446,3,0,3,0.0,2.0,0.5,2.0,3,0.5,0.5,0.0,0.9453125,0.0546875,0.0,256,1024,0,0.0,485.96691495960135,259.19490001979284,0.0,205.66593323040834,21.10608170940019,0,2648.7599050046247,0,2220.4788050179905,1.4415543898825587e-06,1.0114507778150418e-06,2.182033119311936e-06,3.243588316056821e-08,9.302922550219812e-08,8.869077232683734e-07,5.647411118940676e-06,heuristic_only,nsga2
0,442,442,train,2.5833663940429688,0.23828125,0.666015625,8,64,512,447.2851000027731,71.8493145477616,2.495699642846648,44.19697082468901,36.893299999064766,5.805476550438738,15.891608865927093,21.69708541636583,0.00960000033956021,0.0,11.57185022101659,10.115635195009682,0,17.885644110001188,1144.681223040076,2097152.0,2,0.5,0.5,0.0,0.0,0.0,83.109758774602,0.008100003469735384,0.0,65.60651365015674,17.49514512097552,0,1,0,18.583820957316753,64.52593781728524,0.0,1048576,1048576,0,8,4,0.25,2,0.5,0,1,1.0,0.19776865982085054,3,3,0,1.0,0.0,0.0,1.0,0,0.5,0.5,0.0,0.947265625,0.052734375,0.0,256,1024,0,0.0,474.16794006118903,260.26119996095076,0.0,196.9195018061873,16.987238294050957,0,2648.7599050046247,0,2201.4748050018516,1.436986290955232e-06,9.982798571386592e-07,2.0635995114255308e-06,2.902738275219369e-08,9.534965319556255e-08,9.601494633805904e-07,5.5833921588477685e-06,heuristic_only,nsga2
0,443,443,train,2.494099259376526,0.2734375,0.6484375,8,64,512,117.29819999891333,11.754675813381626,2.3129744738158124,52.78331771350537,49.147700003231876,6.373388467539364,13.426580714218458,19.799969181757824,0.007499998901039362,0.0,12.176109130168676,7.616360052688106,0,68.20165866497054,4364.906154558114,2097152.0,2,0.5,0.5,0.0,0.0,0.0,80.14405535386061,0.007999988156370819,0.0,63.20706861894048,16.928986746763755,0,1,0,16.997424232785058,63.14663112107555,0.0,1048576,1048576,0,8,4,0.25,2,0.5,0,1,1.0,0.17369072493825644,3,0,3,0.0,2.0,0.5,2.0,3,0.5,0.5,0.0,0.9375,0.0625,0.0,256,1024,0,0.0,267.4038720028112,54.32510001992341,0.0,198.18421603391164,14.894555948976127,0,2648.7599050046247,0,2531.4617050057113,2.3509351626763255e-07,9.251897895263251e-07,2.477431922996487e-06,3.186694233769682e-08,8.055948428531074e-08,9.27733815780757e-07,4.67787547119421e-06,heuristic_only,nsga2
0,444,444,train,2.340126872062683,0.32421875,0.70703125,8,64,512,385.97970000409987,66.17611212840107,2.478923886216759,45.83220953594936,38.13599998829886,6.3220227656541566,15.481546657125614,21.80356942277977,0.007599999662488699,0.0,11.930444130743735,9.865525292373547,0,20.72642492206223,1326.4911950119827,2097152.0,2,0.5,0.5,0.0,0.0,0.0,77.5053274940496,0.007700000423938036,0.0,59.585527257448696,17.91210023617697,0,1,0,18.88857927376388,58.61674822028572,0.0,1048576,1048576,0,8,4,0.25,2,0.5,0,1,1.0,0.18595995617580352,3,3,0,1.0,0.0,0.0,1.0,0,0.5,0.5,0.0,0.9462890625,0.0537109375,0.0,256,1024,0,0.0,457.9489822022688,238.77039998478722,0.0,201.61456505578093,17.56401716170063,0,2648.7599050046247,0,2262.780205000525,1.3235222425680215e-06,9.915695544867035e-07,2.1400128703276054e-06,3.1610113828270786e-08,9.288927994275368e-08,8.922867713810675e-07,5.471890832534423e-06,heuristic_only,nsga2
0,445,445,train,2.4226914048194885,0.306640625,0.66796875,8,64,512,348.05600000254344,62.42896702557555,2.479148569643313,45.101014144176496,36.76489999634214,5.818680756022794,15.33693870332057,21.155619459343363,0.009499999578110874,0.0,11.708640688737717,9.437478771027536,0,22.9847410048973,1471.0234243134273,2097152.0,2,0.5,0.5,0.0,0.0,0.0,81.54533714913289,0.007499998901039362,0.0,62.77936003360681,18.758477116625045,0,1,0,18.23629800800235,63.30903914113054,0.0,1048576,1048576,0,8,4,0.25,2,0.5,0,1,1.0,0.17369070345169255,3,0,3,0.0,2.0,0.5,2.0,3,0.5,0.5,0.0,0.9580078125,0.0419921875,0.0,256,1024,0,0.0,440.0365189575814,223.40029999031685,0.0,198.58670939411573,18.049509573148864,0,2648.7599050046247,0,2300.7039050020812,1.2485793405115111e-06,9.916594278573249e-07,2.104352829695222e-06,2.9093403780113973e-08,9.202163221992341e-08,9.420714497735899e-07,5.4077780838376854e-06,heuristic_only,nsga2
0,446,446,train,2.351103961467743,0.296875,0.69140625,8,64,512,419.76800000702497,71.53676659975473,2.323633751300413,44.54478813856474,41.18659999221563,6.493552221806772,14.298524515030532,20.792076736837306,0.00890000956133008,0.0,12.650888554639344,8.132288172636633,0,19.05810100285185,1219.7184641825183,2097152.0,2,0.5,0.5,0.0,0.0,0.0,79.35027248152912,0.007600014214403927,0.0,62.56131426569246,16.78135820162226,0,1,0,18.336919892949126,61.01335258858,0.0,1048576,1048576,0,8,4,0.25,2,0.5,0,1,1.0,0.19776869931901056,3,3,0,1.0,0.0,0.0,1.0,0,0.5,0.5,0.0,0.9521484375,0.0478515625,0.0,256,1024,0,0.0,473.62075395847944,258.8366000272799,0.0,197.55601182259227,17.228142108607297,0,2648.7599050046247,0,2228.9919049975997,1.4307353319950946e-06,9.294535005201653e-07,2.076173101834987e-06,3.246776110903386e-08,8.579114709018318e-08,9.155294299924511e-07,5.470150272541915e-06,heuristic_only,nsga2
0,447,447,train,2.3569083213806152,0.3046875,0.6796875,8,64,512,2414.2997000017203,65.03084568318286,10.41332286847314,134.60136653631767,515.9936000127345,6.949509038976227,78.11636882431524,85.06587786329148,0.00969998654909432,0.0,12.574918944146418,72.48125893259595,0,3.3135888996736402,212.06968957911297,2097152.0,2,0.5,0.5,0.0,0.0,0.0,79.13856425979235,0.007499998901039362,0.0,61.035108788933115,18.09595547195819,0,1,0,18.405424372835927,60.733139886956415,0.0,1048576,1048576,0,8,4,0.25,2,0.5,0,1,1.0,0.2201412464909665,3,0,3,0.0,2.0,0.5,2.0,3,0.5,0.5,0.0,0.953125,0.046875,0.0,256,1024,0,0.0,840.1821403518946,232.5754999910714,0.0,202.90210658840584,404.70453377241745,0,2834.4853899990258,0,420.1856899973054,1.3006169136636574e-06,4.165329147389255e-06,6.089957520169906e-06,3.474754519488114e-08,4.686982129458914e-07,9.128519223718362e-07,1.2972201261735426e-05,heuristic_only,nsga2
0,448,448,train,2.471123993396759,0.259765625,0.65234375,8,64,512,420.19380000419915,72.0268927971957,2.4127534409057816,46.51642494049874,35.70959999342449,6.076856087705888,16.03192181977214,22.10877790747803,0.1264000020455569,0.0,11.786530560672261,10.19584734476021,0,19.03878867591901,1218.4824752588167,2097152.0,2,0.5,0.5,0.0,0.0,0.0,84.70106843262252,0.007399998139590025,0.0,65.98598465610651,18.70768377837642,0,1,0,19.67269296616167,65.02837546646086,0.0,1048576,1048576,0,8,4,0.25,2,0.5,0,1,1.0,0.26061071707684524,3,3,0,1.0,0.0,0.0,1.0,0,0.5,0.5,0.0,0.94140625,0.05859375,0.0,256,1024,0,0.0,483.82428471440085,260.44589999946766,0.0,205.322629454486,18.05575526044723,0,2834.4853899990258,0,2414.2915899948266,1.4405378559439143e-06,9.651013763623126e-07,2.1727599456747037e-06,3.0384280438529444e-08,9.619153091863284e-08,9.770674352591468e-07,5.682042424597239e-06,heuristic_only,nsga2
0,449,449,train,2.517962634563446,0.244140625,0.68359375,8,64,512,421.04480000853073,72.89696935170932,2.400697850750116,44.694370271473886,42.98840000410564,5.762003565740377,14.519093631756219,20.281097197496596,0.00829999044071883,0.0,10.973110577198797,9.29968662985708,0,19.00030827961688,1216.0197298954804,2097152.0,2,0.5,0.5,0.0,0.0,0.0,83.23822686844153,0.006599992047995329,0.0,64.52594948804422,18.70567738834933,0,1,0,18.559959187564992,64.67826768087654,0.0,1048576,1048576,0,8,4,0.25,2,0.5,0,1,1.0,0.26061071707684524,3,0,3,0.0,2.0,0.5,2.0,3,0.5,0.5,0.0,0.939453125,0.060546875,0.0,256,1024,0,0.0,479.9681498957333,263.27989996934775,0.0,199.0219710433291,17.666278883056446,0,2834.4853899990258,0,2413.440589990495,1.4579393870341863e-06,9.602791403000463e-07,2.084546777948366e-06,2.8810017828701887e-08,8.71145617905373e-08,9.617388040461684e-07,5.580428688948006e-06,heuristic_only,nsga2
0,450,450,train,2.536603093147278,0.23828125,0.650390625,8,64,512,350.1776999910362,61.6194105631995,2.445547453063417,45.50479888137958,36.900799997965805,5.788160175888943,15.777018925667678,21.56517910155662,0.006999995093792677,0.0,11.912466856123052,9.645712250339775,0,22.845478609078114,1462.1106309809993,2097152.0,2,0.5,0.5,0.0,0.0,0.0,79.54522031142176,0.007099995855242014,0.0,63.077276741660185,16.46084357390634,0,1,0,17.074646811632142,62.47057349978962,0.0,1048576,1048576,0,8,4,0.25,2,0.5,0,1,1.0,0.2307606527190679,3,3,0,1.0,0.0,0.0,1.0,0,0.5,0.5,0.0,0.9404296875,0.0595703125,0.0,256,1024,0,0.0,438.27902759057,217.11680003500078,0.0,205.201998650362,15.960228905207217,0,2834.4853899990258,0,2484.3076900079895,1.23238821126399e-06,9.782189812253666e-07,2.1257465091773465e-06,2.8940800879444716e-08,9.466211355400606e-08,9.203933501137968e-07,5.380349966213951e-06,heuristic_only,nsga2
0,451,451,train,2.5503077507019043,0.248046875,0.64453125,8,64,512,420.3840000118362,72.32575005257377,2.372949201972561,45.3390440446081,41.851599991787225,6.430859236538488,14.504341647507673,20.93520088404616,0.008600007276982069,0.0,12.588309731097901,8.338291145671276,0,19.03017472025585,1217.9311820963744,2097152.0,2,0.0,0.0,1.0,0.0,0.0,51.99702641897055,0.007199982064776123,0.0,34.30055589700381,17.689270539901955,0,1,0,0.0,0.0,25.998513209485274,0,0,2097152,8,4,0.25,2,0.5,0,1,1.0,0.18595995617580352,3,0,3,0.0,2.0,0.5,2.0,3,0.5,0.5,0.0,0.9482421875,0.0517578125,0.0,256,1024,0,0.0,480.1509731966177,262.2024000447709,0.0,201.7925284992852,16.15604465256164,0,2834.4853899990258,0,2414.1013899871896,1.4465150010514756e-06,9.491796807890245e-07,2.118787926895308e-06,3.2154296182692446e-08,8.702604988504603e-08,5.729331239195299e-07,5.206596078723076e-06,heuristic_only,nsga2
0,452,452,train,2.3584521412849426,0.28515625,0.69140625,8,64,512,244.3731000093976,39.67027412332912,2.4022347381101055,44.010435980707015,37.15299999748822,6.159933166353831,15.410156660599224,21.570089826953055,0.009199997293762863,0.0,12.282903166014226,9.277986663645068,0,32.7366934535712,2095.1483810285567,2097152.0,2,0.5,0.5,0.0,0.0,0.0,80.23979800013561,0.006499991286545992,0.0,62.85161757894616,17.381680429902893,0,1,0,17.35317687956927,62.88662112056633,0.0,1048576,1048576,0,8,4,0.25,2,0.5,0,1,1.0,0.2091524583687337,3,3,0,1.0,0.0,0.0,1.0,0,0.5,0.5,0.0,0.9599609375,0.0400390625,0.0,256,1024,0,0.0,344.331779368585,130.19169999461155,0.0,197.91128015345706,16.228799220516326,0,2834.4853899990258,0,2590.112289989628,7.934054824665825e-07,9.60893895244042e-07,2.055309684508092e-06,3.0799665831769156e-08,9.246093996359534e-08,9.281712222424888e-07,4.861040890256569e-06,heuristic_only,nsga2
0,453,453,train,2.481906473636627,0.263671875,0.67578125,8,64,512,316.37460000638384,54.86140023401335,3.4405371101447164,45.689935585467694,36.745899997185916,6.630523790658341,22.20748996112186,28.8380137517802,0.007200011168606579,0.0,12.08267689605669,16.748136844554907,0,25.2864000884979,1618.3296056638656,2097152.0,2,0.5,0.5,0.0,0.0,0.0,79.70369283546607,0.007599999662488699,0.0,61.21053977483023,18.485553060973345,0,1,0,17.57309395397729,62.13059888148878,0.0,1048576,1048576,0,8,4,0.25,2,0.5,0,1,1.0,0.2963165802149685,3,0,3,0.0,2.0,0.5,2.0,3,0.5,0.5,0.0,0.9267578125,0.0732421875,0.0,256,1024,0,0.0,415.9674917185031,190.42249994527083,0.0,203.85608171540235,21.688910057829833,0,2834.4853899990258,0,2518.110789992642,1.0972280046802672e-06,1.3762148440578868e-06,2.1332314668197248e-06,3.3152618953291705e-08,1.3324493976673114e-07,9.212981261176381e-07,5.6943700003955395e-06,heuristic_only,nsga2
0,454,454,train,2.3898584842681885,0.2734375,0.693359375,8,64,512,434.7797999944305,72.36662766697054,2.5350483293112074,44.930200957016126,41.2518000084674,6.468938485690675,15.935746577446086,22.40468506313676,0.008199989679269493,0.0,12.568929798929886,9.827555274527604,0,18.40007654455413,1177.6048988514642,2097152.0,2,0.5,0.5,0.0,0.0,0.0,83.0012123380742,0.007700000423938036,0.0,64.46691147369174,18.526600863958524,0,1,0,19.919750516728506,63.081461821345684,0.0,1048576,1048576,0,8,4,0.25,2,0.5,0,1,1.0,0.16091842229213763,3,3,0,1.0,0.0,0.0,1.0,0,0.5,0.5,0.0,0.958984375,0.041015625,0.0,256,1024,0,0.0,479.3275078131915,260.711100010667,0.0,201.84818253131485,16.768225271209708,0,2834.4853899990258,0,2399.7055900045953,1.447332553339411e-06,1.014019331724483e-06,2.101063481256994e-06,3.2344692428453376e-08,9.56144794646765e-08,9.561750470234332e-07,5.646549585237451e-06,heuristic_only,nsga2
0,455,455,train,2.3899553418159485,0.26171875,0.703125,8,64,512,419.6548000036273,73.0057123526737,2.4141816959325544,44.95787988766139,36.6554000065662,6.3846574421111155,14.858228600643635,21.24288604275475,0.008600007276982069,0.0,11.778878250884226,9.455407784593543,0,19.06324182801918,1220.0474769932275,2097152.0,2,0.0,0.5,0.5,0.0,0.0,95.28763166893674,0.00790000194683671,0.0,76.992781563136,18.286950103853894,0,1,0,0.0,66.90713158512898,28.380500083807753,0,1048576,1048576,8,4,0.25,2,0.5,0,1,1.0,0.241032865595602,3,0,3,0.0,2.0,0.5,2.0,3,0.5,0.5,0.0,0.9443359375,0.0556640625,0.0,256,1024,0,0.0,481.5110957450706,264.24419999239035,0.0,200.3130035726324,16.953892180047845,0,2834.4853899990258,0,2414.8305899953984,1.4601142470534742e-06,9.656726783730218e-07,2.09855855182482e-06,3.192328721055558e-08,8.91493716038618e-08,1.0866905798596253e-06,5.732108715925358e-06,heuristic_only,nsga2
0,456,456,train,2.5022006034851074,0.255859375,0.65625,8,64,512,451.829199999338,75.36267589969073,2.3976360235724865,45.644533564602554,35.85810000367928,6.757133273856008,14.008905556073499,20.766038829929506,0.007700000423938036,0.0,11.78011614812991,8.978222681375659,0,17.705766458310492,1133.1690533318715,2097152.0,2,0.5,0.5,0.0,0.0,0.0,81.13575096194018,0.00969998654909432,0.0,62.633478052218805,18.492572923172272,0,1,0,18.05282291283328,63.0829280491069,0.0,1048576,1048576,0,8,4,0.25,2,0.5,0,1,1.0,0.2091524583687337,3,3,0,1.0,0.0,0.0,1.0,0,0.5,0.5,0.0,0.94921875,0.05078125,0.0,256,1024,0,0.0,493.6193819514631,274.04410000599455,0.0,202.64549681796893,16.929785127499578,0,2834.4853899990258,0,2382.6561899996877,1.5072535179938147e-06,9.590544094289946e-07,2.13421629293372e-06,3.378566636928004e-08,8.405343333644098e-08,9.375233657176155e-07,5.655886685779866e-06,heuristic_only,nsga2
0,457,457,train,2.507180690765381,0.271484375,0.65625,8,64,512,7490.072600005078,1697.5761755290498,5.037303030354151,131.66361821168476,38.112900001578964,734.8018421197879,38.53154229345138,773.3333844132393,0.010200004908256233,0.0,12.136709890640528,761.1864745176905,0,1.068080292294401,68.35713870684167,2097152.0,2,0.5,0.5,0.0,0.0,0.0,81.86135712946614,0.007199996616691351,0.0,65.00291959177505,16.8512375410744,0,1,0,16.931134558039957,64.93022257142619,0.0,1048576,1048576,0,8,4,0.25,2,0.5,0,1,1.0,0.2307606527190679,3,0,3,0.0,2.0,0.5,2.0,3,0.5,0.5,0.0,0.951171875,0.048828125,0.0,256,1024,0,0.0,7337.108387084354,5256.420100005926,0.0,201.84455391850827,1878.8437331599202,0,3141.194979997888,1,-4348.87762000719,3.3951523510580996e-05,2.01492121214166e-06,5.571866725206791e-06,3.67400921059894e-06,2.3118925376070828e-07,9.484740164375138e-07,4.639198392872661e-05,heuristic_only,nsga2
0,458,458,train,2.5065647959709167,0.25390625,0.6875,8,64,512,409.1550000011921,69.83532924881453,2.592426778170582,45.39789967130987,37.70859999349341,5.794150923165104,15.604330201396387,21.398481124561492,0.00829999044071883,0.0,11.796682094217081,9.593499039903692,0,19.552444544322196,1251.3564508366205,2097152.0,2,0.5,0.5,0.0,0.0,0.0,81.07245319626492,0.007299997378140688,0.0,64.33750513293218,16.727648065954604,0,1,0,17.026114648547452,64.04633854771747,0.0,1048576,1048576,0,8,4,0.25,2,0.5,0,1,1.0,0.18595995617580352,3,3,0,1.0,0.0,0.0,1.0,0,0.5,0.5,0.0,0.9521484375,0.0478515625,0.0,256,1024,0,0.0,471.3026227931799,251.65120002930053,0.0,201.17221062403323,18.479212139846148,0,3141.194979997888,0,2732.039979996696,1.3967065849762909e-06,1.0369707112682328e-06,2.1173269280482215e-06,2.8970754615825523e-08,9.362598120837832e-08,9.388172090580839e-07,5.612418169175033e-06,heuristic_only,nsga2
0,459,459,train,2.450598895549774,0.27734375,0.658203125,8,64,512,382.92610000644345,67.85976819103472,2.4395752024323887,45.8816768714734,38.23710000142455,6.237330898720626,15.0488713470421,21.286202245762727,0.007599999662488699,0.0,11.473191735294925,9.805410510805313,0,20.891704974302904,1337.0691183553859,2097152.0,2,0.5,0.0,0.5,0.0,0.0,46.29389503696832,0.006799993570894003,0.0,27.33146370879547,18.955631334601957,0,1,0,19.385961673076803,0.0,26.90793336389152,1048576,0,1048576,8,4,0.25,2,0.5,0,1,1.0,0.2307606527190679,3,0,3,0.0,2.0,0.5,2.0,3,0.5,0.5,0.0,0.9462890625,0.0537109375,0.0,256,1024,0,0.0,464.72408105976206,245.02059999213088,0.0,201.87775927547787,17.825721792153296,0,3141.194979997888,0,2758.2688799914445,1.3571953638206946e-06,9.758300809729555e-07,2.1430500206006398e-06,3.118665449360313e-08,9.029322808225258e-08,5.167548170974663e-07,5.114310165067612e-06,heuristic_only,nsga2
0,460,460,train,2.4953969717025757,0.267578125,0.6484375,8,64,512,437.82520000240766,73.29475176442958,2.415032354724689,46.4174450517692,36.42199999012519,6.423532806397605,14.335097676313334,20.758630482710938,0.007599999662488699,0.0,11.484437867440295,9.266592615608156,0,18.272090614851297,1169.413799350483,2097152.0,2,0.5,0.0,0.5,0.0,0.0,46.47980296365789,0.007499998901039362,0.0,27.33891968257165,19.133383282185207,0,1,0,18.699438812398412,0.0,27.78036415125948,1048576,0,1048576,8,4,0.25,2,0.5,0,1,1.0,0.18595995617580352,3,3,0,1.0,0.0,0.0,1.0,0,0.5,0.5,0.0,0.958984375,0.041015625,0.0,256,1024,0,0.0,488.50891668369377,265.8921999827726,0.0,204.24989383178485,18.366822869136424,0,3141.194979997888,0,2703.3697799954803,1.4658950352885916e-06,9.660129418898756e-07,2.16624484890527e-06,3.211766403198803e-08,8.601058605788e-08,5.203587579390978e-07,5.236639834112703e-06,heuristic_only,nsga2
0,461,461,train,2.3813489079475403,0.3046875,0.703125,8,64,512,371.0912000096869,60.68673370849112,2.4423408441061314,45.812534048867875,36.489699996309355,6.1223613046421255,15.302470760984058,21.424832065626184,0.007399998139590025,0.0,12.489847675041117,8.927584392445477,0,21.557984780577904,1379.7110259569858,2097152.0,2,0.5,0.5,0.0,0.0,0.0,84.79630946333245,0.007099995855242014,0.0,66.43519254344149,18.35401692403571,0,1,0,17.767069365338543,67.0292400979939,0.0,1048576,1048576,0,8,4,0.25,2,0.5,0,1,1.0,0.2201412464909665,3,0,3,0.0,2.0,0.5,2.0,3,0.5,0.5,0.0,0.9423828125,0.0576171875,0.0,256,1024,0,0.0,435.76643440586054,215.82120000675786,0.0,203.05284722667955,16.892387172423092,0,3141.194979997888,0,2770.103779988201,1.2137346741698224e-06,9.769363376424526e-07,2.1407786441217796e-06,3.061180652321063e-08,9.181482456590433e-08,9.820215748293124e-07,5.435897861852482e-06,heuristic_only,nsga2
0,462,462,train,2.47357577085495,0.302734375,0.65234375,8,64,512,478.60259999288246,76.79684434225703,2.403008625692057,45.14838777494569,39.196700003230944,6.278356181145517,14.41524921846489,20.693605399610405,0.008399991202168167,0.0,12.189143319622069,8.49606208878617,0,16.715294243751973,1069.7788316001263,2097152.0,2,0.5,0.5,0.0,0.0,0.0,79.00761503351049,0.00999998883344233,0.0,61.270277478866774,17.727337565810277,0,1,0,17.41155060239551,61.59606443111498,0.0,1048576,1048576,0,8,4,0.25,2,0.5,0,1,1.0,0.25097720212391433,3,3,0,1.0,0.0,0.0,1.0,0,0.5,0.5,0.0,0.9384765625,0.0615234375,0.0,256,1024,0,0.0,497.3929629715791,280.43840000464115,0.0,199.04396411798055,17.91059884895741,0,3141.194979997888,0,2662.5923800050055,1.5359368868451408e-06,9.612034502768229e-07,2.1056918608117508e-06,3.139178090572759e-08,8.649149531078933e-08,9.132682791973349e-07,5.633983753347566e-06,heuristic_only,nsga2
0,463,463,train,2.2865325212478638,0.310546875,0.712890625,8,64,512,6146.45329999621,1323.443305375353,5.309966509100326,51.173973379781565,38.478200003737584,599.8760455035273,40.53950704749841,640.4155525510257,0.009399984264746308,0.0,11.71709987420882,628.6890526925521,0,1.301563407053223,83.30005805140627,2097152.0,2,0.5,0.5,0.0,0.0,0.0,82.18961292553115,0.006399990525096655,0.0,63.715398641551175,18.46781429345488,0,1,0,18.344902811397326,63.844710114133825,0.0,1048576,1048576,0,8,4,0.25,2,0.5,0,1,1.0,0.241032865595602,3,0,3,0.0,2.0,0.5,2.0,3,0.5,0.5,0.0,0.9541015625,0.0458984375,0.0,256,1024,0,0.0,5519.70898105694,4020.799200021429,0.0,202.9589079555053,1295.9508730800055,0,5310.881487995276,1,-835.5718120009342,2.6468866107507062e-05,2.12398660364013e-06,2.366385968805436e-06,2.9993802275176366e-06,2.4323704228499045e-07,9.495855494835791e-07,3.5151441499238836e-05,heuristic_only,nsga2
0,464,464,train,2.750765323638916,0.279296875,0.587890625,8,64,512,403.5159999912139,72.45967642691737,2.460492563749754,45.45751251776083,37.699599997722544,6.1568020982778116,15.49380428292194,21.65060638119975,0.007899987394921482,0.0,11.669826428078526,9.972879965726305,0,19.82568268542389,1268.8436918671289,2097152.0,2,0.5,0.5,0.0,0.0,0.0,85.13013789619686,0.00790000194683671,0.0,66.57622436851368,18.546013525736356,0,1,0,19.570184286822524,65.55995360937433,0.0,1048576,1048576,0,8,4,0.25,2,0.5,0,1,1.0,0.2307606527190679,3,3,0,1.0,0.0,0.0,1.0,0,0.5,0.5,0.0,0.9453125,0.0546875,0.0,256,1024,0,0.0,481.5107260337118,262.69209997553844,0.0,201.27755103502983,17.541075023143534,0,5310.881487995276,0,4907.365488004062,1.4491935285383477e-06,9.841970254999014e-07,2.122478839985424e-06,3.078401049138906e-08,9.296282569753163e-08,9.82421286180717e-07,5.662037516393312e-06,heuristic_only,nsga2
0,465,465,train,2.5499640107154846,0.267578125,0.66796875,8,64,512,389.6887000009883,69.02632989076174,2.5263991885229116,45.80844519577681,38.34149999602232,6.1763879473908005,15.348339389091098,21.5247273364819,0.007099995855242014,0.0,11.507462511218005,10.010164829408652,0,20.52915435019122,1313.865878412238,2097152.0,2,0.0,0.0,1.0,0.0,0.0,50.72127499041976,0.007299997378140688,0.0,31.79197044224837,18.922004550793243,0,1,0,0.0,0.0,25.36063749520988,0,0,2097152,8,4,0.25,2,0.5,0,1,1.0,0.2307606283979408,3,0,3,0.0,2.0,0.5,2.0,3,0.5,0.5,0.0,0.9296875,0.0703125,0.0,256,1024,0,0.0,469.4446971002459,248.570000010659,0.0,203.02084340265714,17.853853686929696,0,5310.881487995276,0,4921.192787994288,1.3805265978152349e-06,1.0105596754091646e-06,2.138849711372138e-06,3.0881939736954e-08,9.209003633454658e-08,5.557834330948733e-07,5.208691393762912e-06,heuristic_only,nsga2
0,466,466,train,2.5592759251594543,0.28125,0.646484375,8,64,512,162.36260000732727,11.802000804903697,2.38584738722082,66.75064059315184,49.54150000412483,5.677824175940568,15.541198684236612,21.21902286017718,0.008200004231184721,0.0,11.999481044251628,9.21134181169437,0,49.27212749433352,3153.416159637345,2097152.0,2,0.5,0.5,0.0,0.0,0.0,77.38616626475306,0.007199996616691351,0.0,60.13373992745022,17.245226340686138,0,1,0,17.223860419926602,60.16230584482645,0.0,1048576,1048576,0,8,4,0.25,2,0.5,0,1,1.0,0.25097720212391433,3,3,0,1.0,0.0,0.0,1.0,0,0.5,0.5,0.0,0.9462890625,0.0537109375,0.0,256,1024,0,0.0,323.7539551411055,102.63230002601631,0.0,205.66634030327634,15.455314811812842,0,5310.881487995276,0,5148.518887987949,2.3604001609807397e-07,9.543389548883279e-07,3.1461067619349784e-06,2.8389120879702845e-08,9.324719210541967e-08,8.941862743371833e-07,5.352308320243686e-06,heuristic_only,nsga2
0,467,467,train,2.3210553526878357,0.296875,0.712890625,8,64,512,458.32229999359697,75.0402390575937,2.451697411525715,46.267718710418606,43.10260000056587,5.964366555886495,16.096574243380427,22.060940799266923,0.008200004231184721,0.0,12.206339726140085,9.846401068895654,0,17.454927559021687,1117.115363777388,2097152.0,2,0.5,0.5,0.0,0.0,0.0,84.20295562148058,0.007299997378140688,0.0,66.37352796903127,17.822127655071167,0,1,0,18.17954934195417,66.02340627952641,0.0,1048576,1048576,0,8,4,0.25,2,0.5,0,1,1.0,0.19776865982085054,3,0,3,0.0,2.0,0.5,2.0,3,0.5,0.5,0.0,0.9482421875,0.0517578125,0.0,256,1024,0,0.0,495.038620718152,274.1305000381544,0.0,203.099117680735,17.80900299926266,0,4913.682597998547,0,4455.36029800495,1.500804781151874e-06,9.80678964610286e-07,2.1593698513038557e-06,2.982183277943248e-08,9.657944546028254e-08,9.740763687738586e-07,5.74133124407959e-06,heuristic_only,nsga2
0,468,468,train,2.520249366760254,0.275390625,0.646484375,8,64,512,467.0186000003014,76.5430963255578,2.6028211342492806,44.2745324026867,38.236599997617304,6.458671609624198,15.331361842924691,21.79003345254889,0.007199982064776123,0.0,12.391669028763694,9.39116444172042,0,17.129902042644115,1096.3137307292234,2097152.0,2,0.5,0.5,0.0,0.0,0.0,83.82944080463618,0.008199989679269493,0.0,67.04047167761354,16.78076913734337,0,1,0,17.43012098883092,66.39931981580526,0.0,1048576,1048576,0,8,4,0.25,2,0.5,0,1,1.0,0.18595995617580352,3,3,0,1.0,0.0,0.0,1.0,0,0.5,0.5,0.0,0.953125,0.046875,0.0,256,1024,0,0.0,493.68179944997513,278.77780006383546,0.0,195.97166128166123,18.93233810447844,0,4913.682597998547,0,4446.663997998246,1.5308619265111558e-06,1.0411284536997124e-06,2.0673637619960934e-06,3.229335804812099e-08,9.198817105754813e-08,9.710930476779721e-07,5.734728718990603e-06,heuristic_only,nsga2
0,469,469,train,2.3988265991210938,0.30078125,0.697265625,8,64,512,1927.8029999986757,76.11355228852447,94.53604921616645,45.10135177173048,585.7881999982055,6.3088267852948965,745.6057481571521,751.914574942447,0.008399991202168167,0.0,11.240668655208914,740.6655062960359,0,4.149799460943901,265.58716550040964,2097152.0,2,0.5,0.5,0.0,0.0,0.0,82.8545333388102,0.006999995093792677,0.0,63.783117487048315,19.064415856668088,0,1,0,18.89638263320425,63.958150705605945,0.0,1048576,1048576,0,8,4,0.25,2,0.5,0,1,1.0,0.241032865595602,3,0,3,0.0,2.0,0.5,2.0,3,0.5,0.5,0.0,0.94140625,0.05859375,0.0,256,1024,0,0.0,863.0038131056856,277.67170005245134,0.0,196.1938848106811,389.13822824255305,0,4913.682597998547,0,2985.8795979998713,1.5222710457704897e-06,3.7814419686466583e-05,2.099608903865636e-06,3.154413392647449e-08,4.4736344889429116e-06,9.564616347993137e-07,4.689793989377141e-05,heuristic_only,nsga2
0,470,470,train,2.544736385345459,0.26171875,0.630859375,8,64,512,348.7198999937391,60.97562491799806,2.3775376598355367,45.25603167463257,40.99280000082217,5.63989880993727,13.593620734581181,19.23351954451845,0.007799986633472145,0.0,11.04611221654277,8.179607341342209,0,22.9409823160689,1468.2228682284097,2097152.0,2,0.5,0.5,0.0,0.0,0.0,78.2710356729993,0.007099995855242014,0.0,60.92599934923125,17.33793632791282,0,1,0,18.235828852320925,60.03520682067838,0.0,1048576,1048576,0,8,4,0.25,2,0.5,0,1,1.0,0.26994862967019156,3,3,0,1.0,0.0,0.0,1.0,0,0.5,0.5,0.0,0.9384765625,0.0615234375,0.0,256,1024,0,0.0,434.4367770098646,216.6523999912897,0.0,200.28441015301058,17.499966865564353,0,4913.682597998547,0,4564.962698004808,1.2195124983599612e-06,9.510150639342149e-07,2.1137855660968908e-06,2.8199494049686352e-08,8.156172440748708e-08,9.027807703713498e-07,5.29685511721959e-06,heuristic_only,nsga2
0,471,471,train,2.3455024361610413,0.296875,0.7109375,8,64,512,420.288299996173,72.85081967133195,2.5265136088073197,46.268290502775095,36.259899992728606,5.738523093867028,14.490342302134243,20.22886539600127,0.008000002708286047,0.0,10.78936553972343,9.431499853569555,0,19.034507897471684,1218.2085054381878,2097152.0,2,0.5,0.5,0.0,0.0,0.0,78.6853360240674,0.009099996532313526,0.0,59.56261758524252,19.113618442292555,0,1,0,18.934030280202542,59.75130574386485,0.0,1048576,1048576,0,8,4,0.25,2,0.5,0,1,1.0,0.26061071707684524,3,0,3,0.0,2.0,0.5,2.0,3,0.5,0.5,0.0,0.9482421875,0.0517578125,0.0,256,1024,0,0.0,486.5824951316575,264.5131999743171,0.0,204.7008807224088,17.368414434931513,0,4913.682597998547,0,4493.394298002374,1.457016393426639e-06,1.010605443522928e-06,2.1608839502713685e-06,2.869261546933514e-08,8.694205381280545e-08,9.063559717284035e-07,5.650496428231479e-06,heuristic_only,nsga2
0,472,472,train,2.435972511768341,0.294921875,0.677734375,8,64,512,448.4679999877699,75.11743492703168,2.4440089482958345,46.083572042589864,36.319899998488836,5.518442879548745,14.127381018480044,19.645823898028787,0.008099988917820156,0.0,10.838496652476493,8.799227256634476,0,17.838468211221215,1141.6619655181578,2097152.0,2,0.5,0.5,0.0,0.0,0.0,80.15084254553793,0.006799993570894003,0.0,62.10456525433901,18.03947729762803,0,1,0,18.67671641513289,61.47412613040504,0.0,1048576,1048576,0,8,4,0.25,2,0.5,0,1,1.0,0.2307606527190679,3,3,0,1.0,0.0,0.0,1.0,0,0.5,0.5,0.0,0.9404296875,0.0595703125,0.0,256,1024,0,0.0,494.58006367166956,272.97920000273734,0.0,205.2305564235192,16.370307245412967,0,4913.682597998547,0,4465.214598010777,1.5023486985406339e-06,9.77603579318334e-07,2.152673549803745e-06,2.759221439774373e-08,8.476428611088025e-08,9.244566777161893e-07,5.6694390058875264e-06,heuristic_only,nsga2
0,473,473,train,2.464711368083954,0.29296875,0.666015625,8,64,512,435.7408000068972,73.66041580319701,2.472943466568779,44.56242688520382,36.80309999617748,6.295763030859414,15.812968933862416,22.10873196472183,0.007700000423938036,0.0,11.475956345754147,10.625075618543745,0,18.359496380364178,1175.0077683433074,2097152.0,2,0.5,0.5,0.0,0.0,0.0,83.40082906056307,0.007299997378140688,0.0,66.35901697000523,17.034512093179714,0,1,0,18.573832717268694,64.82699634329438,0.0,1048576,1048576,0,8,4,0.25,2,0.5,0,1,1.0,0.14759070521249812,3,0,3,0.0,2.0,0.5,2.0,3,0.5,0.5,0.0,0.9580078125,0.0419921875,0.0,256,1024,0,0.0,482.78314461987844,265.9530000091763,0.0,198.47773498500254,18.35240962569958,0,4913.682597998547,0,4477.94179799165,1.4732083160639402e-06,9.891773866275118e-07,2.077974984150336e-06,3.147881515429707e-08,9.48778136031745e-08,9.636622832922194e-07,5.630379598891478e-06,heuristic_only,nsga2
0,474,474,train,2.602001190185547,0.236328125,0.623046875,8,64,512,380.74829999823123,67.0321163512917,2.529089412718167,45.65514683637795,38.8500999979442,5.6083398277091865,14.913459205701159,20.521799033410346,0.009199997293762863,0.0,10.970828967807062,9.541770068309521,0,21.011200808608617,1344.7168517509515,2097152.0,2,0.5,0.5,0.0,0.0,0.0,81.4018848503482,0.006999995093792677,0.0,63.47228720219021,17.9225976530642,0,1,0,18.67254765263689,62.72933719771131,0.0,1048576,1048576,0,8,4,0.25,2,0.5,0,1,1.0,0.25097720212391433,3,3,0,1.0,0.0,0.0,1.0,0,0.5,0.5,0.0,0.94921875,0.05078125,0.0,256,1024,0,0.0,460.86541040155123,242.9441999993287,0.0,200.41223955325907,17.508970848963507,0,4913.682597998547,0,4532.934298000316,1.3406423270258343e-06,1.011635765087267e-06,2.132467440580009e-06,2.8041699138545934e-08,8.948075523420694e-08,9.394775228989047e-07,5.5417455099647685e-06,heuristic_only,nsga2
0,475,475,train,2.5546915531158447,0.263671875,0.626953125,8,64,512,420.6287999986671,73.05210659205345,2.538650269517986,45.483669482486675,38.178200004040264,6.050802095100234,14.663025613323686,20.71382770842392,0.008699993486516178,0.0,11.301584298762297,9.403543416175108,0,19.01909945521062,1217.2223651334796,2097152.0,2,0.5,0.5,0.0,0.0,0.0,86.86107725034104,0.008000002708286047,0.0,67.99748840844478,18.855588839187973,0,1,0,20.103101849790974,66.75797540055007,0.0,1048576,1048576,0,8,4,0.25,2,0.5,0,1,1.0,0.13364216641330787,3,0,3,0.0,2.0,0.5,2.0,3,0.5,0.5,0.0,0.9462890625,0.0537109375,0.0,256,1024,0,0.0,484.29770537623244,265.0716000061948,0.0,200.98075581911405,18.24534955092361,0,4913.682597998547,0,4493.05379799988,1.4610421318410691e-06,1.0154601078071943e-06,2.122912299872694e-06,3.025401047550117e-08,8.797815367994211e-08,1.0021267233045104e-06,5.7197734269809105e-06,heuristic_only,nsga2
0,476,476,train,2.463925838470459,0.244140625,0.642578125,8,64,512,166.21690000465605,11.071763823319367,2.5186050753890408,67.1454408865782,48.55909998877905,6.18732872670069,16.246154190434698,22.433482917135386,0.007499998901039362,0.0,12.497230591294457,9.928752326939891,0,48.12959374276721,3080.2939995371016,2097152.0,2,0.5,0.5,0.0,0.0,0.0,84.81599187042666,0.008900024113245308,0.0,66.20122588196175,18.60586596435166,0,1,0,19.270476540392778,65.54551533003388,0.0,1048576,1048576,0,8,4,0.25,2,0.5,0,1,1.0,0.2307606527190679,3,3,0,1.0,0.0,0.0,1.0,0,0.5,0.5,0.0,0.9482421875,0.0517578125,0.0,256,1024,0,0.0,322.9432391411465,107.31610002403613,0.0,199.39005407815705,16.237085038953254,0,4913.682597998547,0,4747.465697993891,2.2143527646638737e-07,1.0074420301556163e-06,3.163714883032347e-06,3.093664363350345e-08,9.747692514260817e-08,9.792509493643342e-07,5.500256707794797e-06,heuristic_only,nsga2
0,477,477,train,2.310733139514923,0.322265625,0.693359375,8,64,512,467.82629999506753,79.73720654107221,2.43015157051135,47.934198631963504,35.45429999940097,6.554371821540111,15.932114058401233,22.486485879941345,0.007599999662488699,0.0,12.850634619978102,9.628251260300754,0,17.100327407323913,1094.4209540687305,2097152.0,2,0.5,0.5,0.0,0.0,0.0,77.86909559428975,0.006400019628927112,0.0,60.45878734129846,17.40390823336237,0,1,0,18.019543734528597,59.849551859761156,0.0,1048576,1048576,0,8,4,0.25,2,0.5,0,1,1.0,0.25097720212391433,3,0,3,0.0,2.0,0.5,2.0,3,0.5,0.5,0.0,0.94140625,0.05859375,0.0,256,1024,0,0.0,520.4062269741883,292.2458000102779,0.0,199.26056909129764,28.89985787261272,0,4672.866731497039,0,4205.040431501971,1.5947441308214445e-06,9.7206062820454e-07,2.222093875204079e-06,3.277185910770056e-08,9.559268435040739e-08,8.983900596624198e-07,5.815653237350591e-06,heuristic_only,nsga2
0,478,478,train,2.437754213809967,0.275390625,0.673828125,8,64,512,444.05010000627954,73.51364853688463,2.391010545282785,44.911876011537146,35.54440000152681,6.560558347606099,14.744124919692943,21.30468326729904,0.008699993486516178,0.0,12.043179331547002,9.252803942265524,0,18.015944561080627,1153.02045190916,2097152.0,2,0.5,0.5,0.0,0.0,0.0,83.98428402761076,0.009700001101009548,0.0,65.83007022921326,18.144513797296476,0,1,0,17.489124830099605,66.49515919751114,0.0,1048576,1048576,0,8,4,0.25,2,0.5,0,1,1.0,0.241032865595602,3,3,0,1.0,0.0,0.0,1.0,0,0.5,0.5,0.0,0.953125,0.046875,0.0,256,1024,0,0.0,483.2661403748182,266.49699998961296,0.0,200.535373171123,16.233767214082242,0,4672.866731497039,0,4228.816631490759,1.4702729707376926e-06,9.564042181131142e-07,2.098043657365711e-06,3.2802791738030496e-08,8.846474951815766e-08,9.728331586711296e-07,5.618821546143836e-06,heuristic_only,nsga2
0,479,479,train,2.4084928035736084,0.30078125,0.6640625,8,64,512,7679.001199998311,1633.1147268016061,7.888193697621155,178.34303601519144,38.58279999985825,350.49569135143145,59.189191550782304,409.68488290221376,0.009900002623908222,0.0,12.416660472690888,397.2583224268989,0,1.041802019538653,66.6753292504738,2097152.0,2,0.5,0.5,0.0,0.0,0.0,82.60525637033734,0.007199996616691351,0.0,63.0123652131708,19.585691160549857,0,1,0,19.30221391930884,63.30304245102851,0.0,1048576,1048576,0,8,4,0.25,2,0.5,0,1,1.0,0.18595995617580352,3,0,3,0.0,2.0,0.5,2.0,3,0.5,0.5,0.0,0.9482421875,0.0517578125,0.0,256,1024,0,0.0,7277.383826057676,5794.370799951139,0.0,201.34347991847955,1281.6695461880565,0,7573.988306501193,1,-105.01289349711806,3.2662294536032127e-05,3.155277479048463e-06,7.454403578834209e-06,1.7524784567571574e-06,3.5513514930469376e-07,9.526586486054305e-07,4.633224784858209e-05,heuristic_only,nsga2
0,480,480,train,2.449670732021332,0.26171875,0.669921875,8,64,512,112.77499998686835,12.871881643691903,2.55154820669103,53.22538446171413,49.04830000305083,6.484082139603398,15.175650315227058,21.659732454830454,0.006600006599910557,0.0,11.124471194562759,10.528661253667785,0,70.93707881935448,4539.973044438687,2097152.0,2,0.5,0.5,0.0,0.0,0.0,79.25004431054538,0.007399998139590025,0.0,61.180374998396154,18.06226931400963,0,1,0,18.842673096051158,60.40737121449421,0.0,1048576,1048576,0,8,4,0.25,2,0.5,0,1,1.0,0.2091524583687337,3,3,0,1.0,0.0,0.0,1.0,0,0.5,0.5,0.0,0.94921875,0.05078125,0.0,256,1024,0,0.0,274.5952572483883,54.253899987088516,0.0,201.71961195684136,18.621745304458404,0,7573.988306501193,0,7461.213306514324,2.574376328738381e-07,1.020619282676412e-06,2.4968170238352566e-06,3.242041069801699e-08,9.105390189136234e-08,9.133151855344421e-07,4.811663437509328e-06,heuristic_only,nsga2
0,481,481,train,2.4397530555725098,0.267578125,0.65625,8,64,512,278.56530000281055,44.82584408580748,2.549669145167029,44.67302284353633,54.08259999239817,6.638237860110124,16.220795444884416,22.85903330499454,0.007499998901039362,0.0,12.733670604829669,10.117862701263833,0,28.718477432192216,1837.9825556603018,2097152.0,2,0.5,0.5,0.0,0.0,0.0,82.65519511984769,0.007099995855242014,0.0,65.36144920845807,17.28664591553438,0,1,0,17.885217397041878,64.7699777228058,0.0,1048576,1048576,0,8,4,0.25,2,0.5,0,1,1.0,0.2091524583687337,3,0,3,0.0,2.0,0.5,2.0,3,0.5,0.5,0.0,0.9560546875,0.0439453125,0.0,256,1024,0,0.0,368.1941442980433,151.3282999949297,0.0,198.28443520202012,18.58140910109348,0,7573.988306501193,0,7295.423006498382,8.965168817161497e-07,1.0198676580668114e-06,2.0826610354351697e-06,3.319118930055062e-08,9.73247726693065e-08,9.560919066440884e-07,5.085653443832076e-06,heuristic_only,nsga2
0,482,482,train,2.4423057436943054,0.267578125,0.662109375,8,64,512,459.18199999141507,76.51201169688187,2.478888134120835,45.62605790078418,35.83190000790637,5.697772889158009,16.21425181296505,21.91202470212306,0.008100003469735384,0.0,11.583325302648213,10.32059939600511,0,17.422247775178022,1115.0238576113934,2097152.0,2,0.5,0.0,0.5,0.0,0.0,43.61691325431153,0.007099995855242014,0.0,24.801421152598657,18.808392105857628,0,1,0,17.719903462819147,0.0,25.89700979149238,1048576,0,1048576,8,4,0.25,2,0.5,0,1,1.0,0.17369072493825644,3,3,0,1.0,0.0,0.0,1.0,0,0.5,0.5,0.0,0.955078125,0.044921875,0.0,256,1024,0,0.0,498.4678309271476,277.4852999864379,0.0,202.57839895504063,18.404131985669025,0,7573.988306501193,0,7114.806306509778,1.5302402339376374e-06,9.91555253648334e-07,2.1286195068092985e-06,2.8488864445790046e-08,9.728551087779027e-08,4.879631521261e-07,5.2641525218449505e-06,heuristic_only,nsga2
0,483,483,train,2.4447855353355408,0.271484375,0.66796875,8,64,512,405.58590000728145,70.06048184618263,3.3691521103452224,44.60566404960885,39.37529999529943,5.724434780228696,21.61493196526478,27.33936674549348,0.007599999662488699,0.0,12.06397945890826,15.267787286922726,0,19.724502936007987,1262.3681879045112,2097152.0,2,0.0,0.5,0.5,0.0,0.0,92.566578262258,0.007399998139590025,0.0,74.86609719749798,17.693081066620444,0,1,0,0.0,66.98613660321524,25.580441659042762,0,1048576,1048576,8,4,0.25,2,0.5,0,1,1.0,0.17369072493825644,3,0,3,0.0,2.0,0.5,2.0,3,0.5,0.5,0.0,0.9521484375,0.0478515625,0.0,256,1024,0,0.0,472.1411920245468,253.13179999648128,0.0,197.19631253176146,21.81307949630409,0,7573.988306501193,0,7168.402406493911,1.4012096369236526e-06,1.3476608441380891e-06,2.079959736610428e-06,2.8622173901143485e-08,1.2968959179158868e-07,1.0596380558290105e-06,6.0467800391939125e-06,heuristic_only,nsga2
0,484,484,train,2.3870527744293213,0.27734375,0.716796875,8,64,512,592.0507999981055,62.45762371939318,8.330954178913931,44.945968027273935,50.87390000699088,6.739250488196683,58.52628433785384,65.26553482605053,0.009200011845678091,0.0,11.939686265228534,53.3166485489763,0,13.512331184578104,864.7891958129986,2097152.0,2,0.5,0.5,0.0,0.0,0.0,85.52835666140555,0.009400013368576765,0.0,66.78746986930638,18.731486778730602,0,1,0,19.215583911307817,66.31277275009774,0.0,1048576,1048576,0,8,4,0.25,2,0.5,0,1,1.0,0.13364216641330787,3,3,0,1.0,0.0,0.0,1.0,0,0.5,0.5,0.0,0.9560546875,0.0439453125,0.0,256,1024,0,0.0,462.9381837023242,223.24870000011288,0.0,197.11837076989843,42.57111293231289,0,7573.988306501193,0,6981.937506503087,1.2491524743878636e-06,3.332381671565572e-06,2.0943479896260136e-06,3.369625244098342e-08,3.51157706027123e-07,9.87909112114251e-07,8.048645206161808e-06,heuristic_only,nsga2
0,485,485,train,2.47429621219635,0.306640625,0.673828125,8,64,512,4686.722600003122,974.8969506761644,11.0746625943999,103.36212772706023,65.40919998951722,5.721527925820479,101.07295125856488,106.79447918438537,0.008100003469735384,0.0,11.502450573320285,95.28392860759534,0,1.7069493921072432,109.24476109486356,2097152.0,2,0.5,0.5,0.0,0.0,0.0,79.33545130334683,0.008000002708286047,0.0,60.64296573820499,18.68448556243355,0,1,0,19.49040047036723,59.8450508329796,0.0,1048576,1048576,0,8,4,0.25,2,0.5,0,1,1.0,0.16091838189257093,3,0,3,0.0,2.0,0.5,2.0,3,0.5,0.5,0.0,0.9501953125,0.0498046875,0.0,256,1024,0,0.0,4357.334963990498,3872.145700006513,0.0,202.3788236382366,282.810440345749,0,7573.988306501193,0,2887.2657064980704,1.949793901352329e-05,4.42986503775996e-06,4.440316784207899e-06,2.8607639629102396e-08,6.064377075513892e-07,9.130446146994273e-07,2.9916210797371067e-05,heuristic_only,nsga2
0,486,486,train,2.475970506668091,0.2578125,0.671875,8,64,512,413.48410000500735,71.04867519812656,2.361307116587438,44.357391098158075,43.959099988569506,6.5194197336210005,14.479569269311042,20.998989002932042,0.009100011084228754,0.0,11.537110938486961,9.452778053360852,0,19.347734658160885,1238.2550181222966,2097152.0,2,0.5,0.5,0.0,0.0,0.0,80.86349246934401,0.007399998139590025,0.0,61.558950345123854,19.29714212608056,0,1,0,19.303762436364064,61.55973003297994,0.0,1048576,1048576,0,8,4,0.25,2,0.5,0,1,1.0,0.17369072493825644,3,3,0,1.0,0.0,0.0,1.0,0,0.5,0.5,0.0,0.9482421875,0.0517578125,0.0,256,1024,0,0.0,471.0694936514883,257.0448000187753,0.0,196.76594322565106,17.258750407061967,0,7573.988306501193,0,7160.504206496185,1.4209735039625316e-06,9.445228466349752e-07,2.069920225969039e-06,3.2597098668105e-08,8.687741561586624e-08,9.317543847593999e-07,5.486645475609916e-06,heuristic_only,nsga2
0,487,487,train,2.367340564727783,0.294921875,0.671875,8,64,512,179.11550001008436,11.016299035645973,3.341875453305339,72.22941709022211,60.33810001099482,5.9513452780662535,23.049609727916604,29.000955005982856,0.009099996532313526,0.0,11.052548524898132,17.939306484552414,0,44.6636686153961,2858.4747913853503,2097152.0,2,0.5,0.5,0.0,0.0,0.0,82.17519206294527,0.007199996616691351,0.0,64.73745801241334,17.430534053915245,0,1,0,17.834345526675424,64.34084653626985,0.0,1048576,1048576,0,8,4,0.25,2,0.5,0,1,1.0,0.2201412464909665,3,0,3,0.0,2.0,0.5,2.0,3,0.5,0.5,0.0,0.9443359375,0.0556640625,0.0,256,1024,0,0.0,346.3503663166937,124.7933999839006,0.0,203.08064832943995,18.47631800335317,0,6038.531933499249,0,5859.416433489165,2.203259807129195e-07,1.3367501813221356e-06,3.4115408810192444e-06,2.975672639033127e-08,1.382976583674996e-07,9.504336137019924e-07,6.087105041514122e-06,heuristic_only,nsga2
0,488,488,train,2.5091632604599,0.28515625,0.65625,8,64,512,419.2624999996042,72.08869126752047,2.344483879217317,44.56773242772233,37.598099996102974,6.519034268325335,13.969074050187437,20.488108318512772,0.007299997378140688,0.0,11.738916781391723,8.741891539742909,0,19.08107908274284,1221.1890612955417,2097152.0,2,0.5,0.5,0.0,0.0,0.0,84.73126071037879,0.007599999662488699,0.0,67.39908389205024,17.324576818666063,0,1,0,18.349691343307647,66.38156936707115,0.0,1048576,1048576,0,8,4,0.25,2,0.5,0,1,1.0,0.241032865595602,3,3,0,1.0,0.0,0.0,1.0,0,0.5,0.5,0.0,0.94140625,0.05859375,0.0,256,1024,0,0.0,476.00363029784046,261.9093999674078,0.0,196.133826038962,17.960404291470663,0,6038.531933499249,0,5619.269433499645,1.4417738253504096e-06,9.377935516869269e-07,2.0784021174656282e-06,3.259517134162668e-08,8.381444430112461e-08,9.800757458379303e-07,5.554454855983647e-06,heuristic_only,nsga2
0,489,489,train,2.426740348339081,0.28515625,0.6796875,8,64,512,349.3686000001617,63.31604104427541,2.6144852828357683,45.69835883429209,38.94790000049397,6.302108653642657,16.86897435220347,23.17108300584613,0.007099995855242014,0.0,12.53565684479844,10.628326165192442,0,22.898386121735545,1465.4967117910749,2097152.0,2,0.5,0.5,0.0,0.0,0.0,85.38071725686058,0.007600014214403927,0.0,67.20501082298027,18.168106419665907,0,1,0,18.41795110907031,66.96276614779028,0.0,1048576,1048576,0,8,4,0.25,2,0.5,0,1,1.0,0.2307606527190679,3,0,3,0.0,2.0,0.5,2.0,3,0.5,0.5,0.0,0.9443359375,0.0556640625,0.0,256,1024,0,0.0,446.5155406456131,226.41699996893294,0.0,200.7259557766847,19.372584899995434,0,6038.531933499249,0,5689.1633334990875,1.2663208208855083e-06,1.0457941131343072e-06,2.1302891946119264e-06,3.151054326821329e-08,1.0121384611322081e-07,9.877327048641863e-07,5.5628612228773625e-06,heuristic_only,nsga2
0,490,490,train,2.3764482140541077,0.31640625,0.708984375,8,64,512,321.59070001216605,54.83304823945282,2.4707551139257644,47.14409839771597,40.026300004683435,6.425185536530753,15.49033727144226,21.915522807973012,0.007300011930055916,0.0,12.167805569533614,9.740417226509342,0,24.876263907611282,1592.080890087122,2097152.0,2,0.5,0.5,0.0,0.0,0.0,82.40415312578239,0.007599999662488699,0.0,63.90813267028007,18.488420455839837,0,1,0,18.483518723426585,63.92063440235581,0.0,1048576,1048576,0,8,4,0.25,2,0.5,0,1,1.0,0.2307606527190679,3,3,0,1.0,0.0,0.0,1.0,0,0.5,0.5,0.0,0.9453125,0.0546875,0.0,256,1024,0,0.0,417.7916070043782,190.75439996959176,0.0,208.0743632611652,18.962843773621252,0,6038.531933499249,0,5716.941233487083,1.0966609647890564e-06,9.883020455703058e-07,2.1978169868666934e-06,3.212592768265377e-08,9.294202362865355e-08,9.518828000625355e-07,5.359730748599898e-06,heuristic_only,nsga2
0,491,491,train,2.4178265929222107,0.306640625,0.685546875,8,64,512,435.20880000141915,72.70631834099294,2.56336540642207,46.831451541197396,41.26969999924768,5.882598950966455,16.322157518887444,22.204756469853898,0.009100011084228754,0.0,11.771609446921838,10.424047011847831,0,18.381939009585523,1176.4440966134734,2097152.0,2,0.5,0.5,0.0,0.0,0.0,84.48995837432136,0.006700007361359894,0.0,67.80023224746097,16.683026119499022,0,1,0,17.662582867997113,66.82737550632424,0.0,1048576,1048576,0,8,4,0.25,2,0.5,0,1,1.0,0.14759070521249812,3,0,3,0.0,2.0,0.5,2.0,3,0.5,0.5,0.0,0.9619140625,0.0380859375,0.0,256,1024,0,0.0,488.4045411544496,264.589199970942,0.0,205.13110109941158,18.684240084095997,0,6038.531933499249,0,5603.32313349783,1.4541263668198588e-06,1.025346162568828e-06,2.185442482960245e-06,2.9412994754832278e-08,9.793294511332465e-08,9.78554334755862e-07,5.77081528697295e-06,heuristic_only,nsga2
0,492,492,train,2.481305778026581,0.23046875,0.673828125,8,64,512,1296.5873000066495,62.48585463447614,64.51443602564157,44.634803770328105,1075.5936000059592,6.421358903761181,511.3106010000051,517.7319599037662,0.009499999578110874,0.0,12.349731647133627,505.3727282570545,0,6.170038708477451,394.88247734255685,2097152.0,2,0.5,0.0,0.5,0.0,0.0,41.3221927564021,0.007100010407157242,0.0,24.20926551594125,17.105827230053695,0,1,0,17.405330379937304,0.0,23.9168623764648,1048576,0,1048576,8,4,0.25,2,0.5,0,1,1.0,0.18595995617580352,3,3,0,1.0,0.0,0.0,1.0,0,0.5,0.5,0.0,0.9501953125,0.0498046875,0.0,256,1024,0,0.0,686.5403777217832,221.73090001160745,0.0,198.77913050589788,266.0303472042779,0,6038.531933499249,0,4741.9446334926,1.2497170926895228e-06,2.580577441025663e-05,2.0848043963261236e-06,3.2106794518805905e-08,3.06786360600003e-06,4.610556523169506e-07,3.2701321952108064e-05,heuristic_only,nsga2
0,493,493,train,2.460896670818329,0.23046875,0.685546875,8,64,512,465.45760000299197,77.33050591554726,2.58039992630414,46.29269624539641,37.760199993499555,6.174111333992919,15.972660076375934,22.146771410368853,0.010299991117790341,0.0,11.918994192171667,10.217477227079394,0,17.187350281955425,1099.9904180451472,2097152.0,2,0.5,0.5,0.0,0.0,0.0,81.94631493582577,0.00689999433234334,0.0,65.29682010197469,16.642594839518736,0,1,0,16.946994910936485,64.99932002488929,0.0,1048576,1048576,0,8,4,0.25,2,0.5,0,1,1.0,0.19776865982085054,3,0,3,0.0,2.0,0.5,2.0,3,0.5,0.5,0.0,0.9501953125,0.0498046875,0.0,256,1024,0,0.0,504.8144083489912,281.2764000118477,0.0,202.7129909871087,20.82501735003478,0,3789.7296580012253,0,3324.2720579982333,1.5466101183109454e-06,1.0321599705216561e-06,2.1552165988659273e-06,3.08705566699646e-08,9.583596045825558e-08,9.494617894080362e-07,5.8101549942347855e-06,heuristic_only,nsga2
0,494,494,train,2.388731598854065,0.2734375,0.669921875,8,64,512,417.49829999753274,72.62659107879756,2.34669978810938,44.37914334344707,40.66330000932794,6.475243570927075,13.870186778826065,20.34543034975314,0.009199997293762863,0.0,11.557184493416662,8.779045859042716,0,19.161708774235734,1226.349361551087,2097152.0,2,0.5,0.5,0.0,0.0,0.0,86.30146689502564,0.007700000423938036,0.0,68.25512680040934,18.038640094192363,0,1,0,19.508644663061826,66.79282223196381,0.0,1048576,1048576,0,8,4,0.25,2,0.5,0,1,1.0,0.18595995617580352,3,3,0,1.0,0.0,0.0,1.0,0,0.5,0.5,0.0,0.955078125,0.044921875,0.0,256,1024,0,0.0,477.409736841416,263.1905999878654,0.0,196.19572499110114,18.02341186244945,0,3789.7296580012253,0,3372.2313580036925,1.4525318215759513e-06,9.38679915243752e-07,2.0689011513623427e-06,3.237621785463538e-08,8.322112067295639e-08,9.96600313414184e-07,5.5723105401238215e-06,heuristic_only,nsga2
0,495,495,train,2.5693894624710083,0.2578125,0.646484375,8,64,512,463.02759999525733,77.03585020721852,2.41387590056561,44.592129502834894,38.240900001255795,6.485432535382303,14.195042172469691,20.680474707851992,0.017400001524947584,0.0,11.652294934426646,9.010779771900403,0,17.277550458183235,1105.763229323727,2097152.0,2,0.5,0.5,0.0,0.0,0.0,83.62047873986518,0.007299997378140688,0.0,65.71116523199079,17.90201351049624,0,1,0,16.6008283336542,67.01965040621097,0.0,1048576,1048576,0,8,4,0.25,2,0.5,0,1,1.0,0.23076061414162094,3,0,3,0.0,2.0,0.5,2.0,3,0.5,0.5,0.0,0.943359375,0.056640625,0.0,256,1024,0,0.0,496.1674224424761,281.0200999956578,0.0,197.175326600101,17.97199584671732,0,3789.7296580012253,0,3326.702058005968,1.5407170041443706e-06,9.65550360226244e-07,2.0811461444790123e-06,3.242716267691152e-08,8.517025303481814e-08,9.702440882110735e-07,5.67525501277243e-06,heuristic_only,nsga2
0,496,496,train,2.3313063979148865,0.27734375,0.693359375,8,64,512,351.33540000242647,63.43814902316528,2.3864237864046456,45.845826538366204,54.338699992513284,5.899094554368793,15.817195947958798,21.716290502327592,0.00790000194683671,0.0,11.23079206979969,10.477598430581066,0,22.77019972864966,1457.2927826335783,2097152.0,2,0.5,0.0,0.5,0.0,0.0,39.935377938307646,0.007299997378140688,0.0,23.17568900096703,16.752388939962476,0,1,0,16.384591182528705,0.0,23.55078675577894,1048576,0,1048576,8,4,0.25,2,0.5,0,1,1.0,0.2509772150348662,3,3,0,1.0,0.0,0.0,1.0,0,0.5,0.5,0.0,0.9423828125,0.0576171875,0.0,256,1024,0,0.0,446.68159739174456,226.91609998582862,0.0,204.05816632413334,15.707331081782586,0,3789.7296580012253,0,3438.394257998799,1.2687629804633058e-06,9.545695145618582e-07,2.143052241457993e-06,2.9495472771843972e-08,9.490317568775277e-08,4.464553528946343e-07,4.937238737837388e-06,heuristic_only,nsga2
0,497,497,train,2.408707320690155,0.259765625,0.677734375,8,64,512,418.6170999892056,72.02583816062865,2.562629638659307,44.89664834859819,39.20210000069346,5.743985468667654,14.757872634972241,20.501858103639897,0.007000009645707905,0.0,11.257796475081706,9.237061618912481,0,19.11049713379877,1223.0718165631213,2097152.0,2,0.5,0.5,0.0,0.0,0.0,78.3918922122607,0.007099995855242014,0.0,60.24886003515893,18.13593218124653,0,1,0,18.351693824637223,60.04019838762348,0.0,1048576,1048576,0,8,4,0.25,2,0.5,0,1,1.0,0.18595995617580352,3,0,3,0.0,2.0,0.5,2.0,3,0.5,0.5,0.0,0.9501953125,0.0498046875,0.0,256,1024,0,0.0,477.9404645915446,259.3128000444267,0.0,200.15290685147824,18.474757695639695,0,3789.7296580012253,0,3371.1125580120197,1.4405167632125734e-06,1.025051855463723e-06,2.0949682299809485e-06,2.8719927343338272e-08,8.854723580983344e-08,9.039993188978539e-07,5.58180333070827e-06,heuristic_only,nsga2
0,498,498,train,2.498162567615509,0.236328125,0.65234375,8,64,512,337.3775000072783,54.6215497121826,2.5669331563803723,45.107048559201566,37.67839999636635,5.716582534172316,15.42291432057985,21.139496854752167,0.010299991117790341,0.0,11.824049342996584,9.30514752063779,0,23.71224010963181,1517.583367016436,2097152.0,2,0.5,0.5,0.0,0.0,0.0,78.56705088474158,0.00859999272506684,0.0,60.518827447804014,18.039623444212502,0,1,0,18.989226496340446,59.57782438840113,0.0,1048576,1048576,0,8,4,0.25,2,0.5,0,1,1.0,0.16091838189257093,3,3,0,1.0,0.0,0.0,1.0,0,0.5,0.5,0.0,0.95703125,0.04296875,0.0,256,1024,0,0.0,409.18212571105823,190.85340001038276,0.0,200.0304956567073,18.298230043968104,0,3789.7296580012253,0,3452.352157993947,1.092430994243652e-06,1.026773262552149e-06,2.104804017441178e-06,2.8582912670861582e-08,9.253748592347908e-08,9.04826157624218e-07,5.249954830455538e-06,heuristic_only,nsga2
0,499,499,train,2.394210994243622,0.248046875,0.677734375,8,64,512,483.2657999941148,75.83321894035393,2.4773563332287463,44.06777599060279,37.52129999338649,5.612345940029673,13.609602833604974,19.221948773634647,0.007800001185387373,0.0,10.605657189755792,8.608491582693468,0,16.554002882253496,1059.4561844642237,2097152.0,2,0.5,0.5,0.0,0.0,0.0,80.49718242821183,0.006999995093792677,0.0,63.58744909372211,16.902733339395937,0,1,0,17.528205260079986,62.96897716813185,0.0,1048576,1048576,0,8,4,0.25,2,0.5,0,1,1.0,0.26061071707684524,3,0,3,0.0,2.0,0.5,2.0,3,0.5,0.5,0.0,0.9384765625,0.0615234375,0.0,256,1024,0,0.0,489.5134050567418,276.07800002442673,0.0,196.1091499147154,17.3262551175997,0,3477.2778865051705,0,2994.0120865110557,1.5166643788070788e-06,9.909425332914987e-07,2.056722194215952e-06,2.8061729700148368e-08,8.165761700162983e-08,9.30909778618382e-07,5.60495823163469e-06,heuristic_only,nsga2
0,500,500,val,2.559297740459442,0.234375,0.654296875,8,64,512,340.4472000111127,62.97913267794054,2.698856177252596,91.18713446114418,0.0,0.0,0.0,0.0,0.0,0.0,0.0,0.0,0,23.498435297172577,1503.899859019045,0.0,0,0.0,0.0,0.0,0.0,0.0,0.0,0.0,0.0,0.0,0.0,0,0,0,0.0,0.0,0.0,0,0,0,8,4,0.25,2,0.5,2,1,1.0,0.17369072493825644,0,0,0,0.0,0.0,0.0,0.0,0,0.5,0.5,0.0,0.955078125,0.044921875,0.0,256,1024,0,0.0,627.4604932653492,223.04770002665464,200.0,188.5665722358002,15.846221002894413,0,3477.2778865051705,0,3136.8306864940578,1.259582653558811e-06,1.0795424709010386e-06,3.706883083107979e-06,0.0,0.0,0.0,6.046008207567829e-06,heuristic_only,nsga2
0,500,500,train,2.5170387029647827,0.224609375,0.673828125,8,64,512,286.70410001359414,47.111831530090996,2.2792397206652515,40.14666871247026,43.251800001598895,6.159417419551547,14.603812117199473,20.76322953675102,0.00790000194683671,0.0,12.402234991452426,8.353094543351757,0,27.903235762533278,1785.8070888021298,2097152.0,2,0.5,0.5,0.0,0.0,0.0,77.33966621239043,0.00750001345295459,0.0,60.36204797414773,16.97011822478975,0,1,0,17.07268901915663,60.2669771932338,0.0,1048576,1048576,0,8,4,0.25,2,0.5,0,1,1.0,0.17369072493825644,3,3,0,1.0,0.0,0.0,1.0,0,0.5,0.5,0.0,0.955078125,0.044921875,0.0,256,1024,0,0.0,358.15095985290606,159.88720004679635,0.0,185.24701732653446,13.016742479575203,0,3477.2778865051705,0,3190.5737864915764,9.422366306018199e-07,9.116958882661007e-07,1.6599672010950747e-06,3.079708709775773e-08,8.762287270319683e-08,8.075420401622175e-07,4.439861719926167e-06,heuristic_only,nsga2
0,501,501,train,2.452617824077606,0.2734375,0.6328125,8,64,512,458.96129999891855,75.57384536190534,2.6307648762935862,41.626005288499556,38.60240000358317,6.003954656692094,15.033291957776408,21.0372466144685,0.01030000566970557,0.0,11.34596531219492,9.680981296603877,0,17.430625565583167,1115.5600361973227,2097152.0,2,0.5,0.0,0.5,0.0,0.0,41.34112159036812,0.009099996532313526,0.0,23.534529281120843,17.79749231271496,0,1,0,16.298450018281972,0.0,25.04267157208615,1048576,0,1048576,8,4,0.25,2,0.5,0,1,1.0,0.19776865982085054,3,0,3,0.0,2.0,0.5,2.0,3,0.5,0.5,0.0,0.947265625,0.052734375,0.0,256,1024,0,0.0,479.322462106794,274.4665000063833,0.0,187.17472983112202,17.681232269288646,0,3477.2778865051705,0,3018.316586506252,1.511476907238107e-06,1.0523059505174347e-06,1.7258793476878913e-06,3.001977328346047e-08,9.019975174665843e-08,4.4600811594024516e-07,4.855889846413797e-06,heuristic_only,nsga2
0,502,502,train,2.616125524044037,0.240234375,0.611328125,8,64,512,6596.759899999597,1289.3294196208099,4.35628105382586,339.02400685096296,51.909499990870245,8.637611396732876,30.500938163284218,39.1385495600171,0.007700000423938036,0.0,11.325207029183357,27.805642530409802,0,1.212716380246628,77.6138483357842,2097152.0,2,0.5,0.5,0.0,0.0,0.0,78.48846781641696,0.006600021151825786,0.0,60.71464985253192,17.76721794273321,0,1,0,15.792481028734926,62.69598678768203,0.0,1048576,1048576,0,8,4,0.25,2,0.5,0,1,1.0,0.2307606527190679,3,3,0,1.0,0.0,0.0,1.0,0,0.5,0.5,0.0,0.9345703125,0.0654296875,0.0,256,1024,0,0.0,6530.838830102393,5124.335199987399,0.0,187.8310130673051,1218.6726170476898,0,6310.967426501296,1,-285.79247349830075,2.5786588392416197e-05,1.7425124215303442e-06,1.5999984702604752e-05,4.318805698366438e-08,1.830056289797053e-07,8.164696402216394e-07,4.45717488427363e-05,heuristic_only,nsga2
0,503,503,train,2.5100825428962708,0.255859375,0.609375,8,64,512,430.527800010168,72.92231057018154,2.435876916345589,41.36663944775132,36.26039999653585,6.245911167261422,16.172954200665593,22.418865367927015,0.00890000956133008,0.0,12.138824080530933,10.271141277834754,0,18.581799869860184,1189.2351916710518,2097152.0,2,0.5,0.5,0.0,0.0,0.0,76.29316549894168,0.009200011845678091,0.0,58.63191621413489,17.652049272961094,0,1,0,16.50916388995615,59.78400160898552,0.0,1048576,1048576,0,8,4,0.25,2,0.5,0,1,1.0,0.241032865595602,3,0,3,0.0,2.0,0.5,2.0,3,0.5,0.5,0.0,0.951171875,0.048828125,0.0,256,1024,0,0.0,466.8993077371139,264.0774000319652,0.0,186.72771144738394,16.09419625776466,0,6310.967426501296,0,5880.439626491128,1.458446211403631e-06,9.743507665382357e-07,1.715325096357035e-06,3.122955583630712e-08,9.703772520399353e-08,7.959499827693289e-07,5.072339338108533e-06,heuristic_only,nsga2
0,504,504,train,2.527769088745117,0.251953125,0.65625,8,64,512,349.92500000225846,61.3516081498892,2.398027790979808,40.20706657994039,37.84560000349302,6.4752537884164525,14.651637141651593,21.126890930068043,0.00960000033956021,0.0,11.458499059826018,9.658791869902467,0,22.861976532033538,1463.1664980501464,2097152.0,2,0.5,0.5,0.0,0.0,0.0,79.08298264355562,0.007499998901039362,0.0,61.178353736618845,17.897128908035732,0,1,0,16.433196917150546,62.64978572640507,0.0,1048576,1048576,0,8,4,0.25,2,0.5,0,1,1.0,0.241032865595602,3,3,0,1.0,0.0,0.0,1.0,0,0.5,0.5,0.0,0.953125,0.046875,0.0,256,1024,0,0.0,415.82681008323755,218.84179995686281,0.0,181.0471762131418,15.937833913232964,0,6310.967426501296,0,5961.042426499038,1.2270321629977841e-06,9.592111163919231e-07,1.665344110127243e-06,3.2376268942082264e-08,8.790982284990954e-08,8.236962202698574e-07,4.7955697015788e-06,heuristic_only,nsga2
0,505,505,train,2.502529501914978,0.2734375,0.640625,8,64,512,106.54749999230262,11.900295927039892,2.44966432246518,48.85107699561707,61.53989999438636,5.996379021331584,14.75918850471849,20.755567526050072,0.008699993486516178,0.0,11.782899435162687,8.96396809740087,0,75.08317808864454,4805.323397673251,2097152.0,2,0.5,0.5,0.0,0.0,0.0,77.08255189491413,0.006699992809444666,0.0,58.73212076618117,18.34373113592351,0,1,0,17.2367029841212,59.845848910792924,0.0,1048576,1048576,0,8,4,0.25,2,0.5,0,1,1.0,0.2091524583687337,3,0,3,0.0,2.0,0.5,2.0,3,0.5,0.5,0.0,0.9521484375,0.0478515625,0.0,256,1024,0,0.0,252.80414898048855,53.31550000119023,0.0,184.52327323733186,14.965375741966485,0,6310.967426501296,0,6204.419926508994,2.3800591854079786e-07,9.79865728986072e-07,2.012411612488071e-06,2.998189510665792e-08,8.855513102831092e-08,8.052989249173838e-07,4.1541192110672935e-06,heuristic_only,nsga2
0,506,506,train,2.4473021030426025,0.287109375,0.658203125,8,64,512,147.17059998656623,11.086768886187874,2.3389051713247913,61.3189934346553,49.90509999333881,5.872335616803307,13.856284284483113,19.72861990128642,0.008700008038431406,0.0,11.558899175926545,8.161020717321442,0,54.35831370135432,3478.9320768866764,2097152.0,2,0.5,0.5,0.0,0.0,0.0,79.3054314649087,0.008300004992634058,0.0,62.386053472547374,16.91107798736868,0,1,0,15.774868754041387,63.5305627108673,0.0,1048576,1048576,0,8,4,0.25,2,0.5,0,1,1.0,0.2307606527190679,3,3,0,1.0,0.0,0.0,1.0,0,0.5,0.5,0.0,0.955078125,0.044921875,0.0,256,1024,0,0.0,298.97866996867185,103.05069999594707,0.0,182.71617015194215,13.211799820782591,0,6310.967426501296,0,6163.79682651473,2.217353777237575e-07,9.355620685299163e-07,2.509191259060116e-06,2.9361678084016535e-08,8.313770570689867e-08,8.246040521571696e-07,4.603592141261874e-06,heuristic_only,nsga2
0,507,507,train,2.4885486364364624,0.2578125,0.66015625,8,64,512,480.03109999990556,77.77233419220101,2.367826813969133,40.241971594588485,35.845799997332506,5.768669652181447,13.860255844508384,19.62892549668983,0.01309998333454132,0.0,11.049137222066406,8.566688291288882,0,16.66555215786939,1066.5953381036409,2097152.0,2,0.5,0.5,0.0,0.0,0.0,76.60777154586341,0.009800001862458885,0.0,57.25446676330538,19.343504780695568,0,1,0,16.36248793683412,60.245283609029286,0.0,1048576,1048576,0,8,4,0.25,2,0.5,0,1,1.0,0.19776865982085054,3,0,3,0.0,2.0,0.5,2.0,3,0.5,0.5,0.0,0.9501953125,0.0498046875,0.0,256,1024,0,0.0,481.52853040303455,283.50659998250194,0.0,183.86248468209723,14.159445738435407,0,6310.967426501296,0,5830.936326501391,1.5554466838440205e-06,9.471307255876532e-07,1.666317512975245e-06,2.8843348260907235e-08,8.316153506705029e-08,7.988026913323024e-07,5.079702497067178e-06,heuristic_only,nsga2
0,508,508,train,2.6662373542785645,0.298828125,0.595703125,8,64,512,174.87370000162628,22.549947546749777,2.7020511292696914,42.03516013015725,52.08530000527389,5.689742296065859,17.31456021598815,23.004302512054007,0.009400013368576765,0.0,10.944742296494008,12.050160202191423,0,45.74704059492655,2927.8105980752994,2097152.0,2,0.5,0.5,0.0,0.0,0.0,81.858373198162,0.010499992640689015,0.0,62.67391198043313,19.17396122508817,0,1,0,17.7821303326653,64.0762428654967,0.0,1048576,1048576,0,8,4,0.25,2,0.5,0,1,1.0,0.2307606283979408,3,3,0,1.0,0.0,0.0,1.0,0,0.5,0.5,0.0,0.9501953125,0.0498046875,0.0,256,1024,0,0.0,269.1486352247069,64.18870002380572,0.0,182.9926394713325,21.9672957295687,0,3477.2778865051705,0,3302.404186503544,4.509989509349956e-07,1.0808204517078767e-06,1.7466208439698005e-06,2.8448711480329295e-08,1.0388736129592888e-07,8.541479926469506e-07,4.264924312035882e-06,heuristic_only,nsga2
0,509,509,train,2.630410611629486,0.259765625,0.630859375,8,64,512,4508.437099997536,931.8954010569286,66.66124029624936,43.275012288927044,36.79930001089815,8.284777499325156,556.7190142603032,565.0037917596284,0.007199996616691351,0.0,11.516438322479345,553.4801534405323,0,1.7744504465979851,113.56482858227105,2097152.0,2,0.5,0.5,0.0,0.0,0.0,74.41984162594477,0.007800001185387373,0.0,56.38472082960558,18.02732079515381,0,1,0,15.966911471767558,58.45293015417722,0.0,1048576,1048576,0,8,4,0.25,2,0.5,0,1,1.0,0.2201412464909665,3,0,3,0.0,2.0,0.5,2.0,3,0.5,0.5,0.0,0.9560546875,0.0439453125,0.0,256,1024,0,0.0,4167.326614568419,3694.6575000038138,0.0,187.79706585912356,284.8720487054827,0,5067.143537500669,0,558.7064375031323,1.8637908021138573e-05,2.666449611849975e-05,1.8080465607794615e-06,4.142388749662578e-08,3.340314085561819e-06,7.76132239202983e-07,5.1268320912679207e-05,heuristic_only,nsga2
0,510,510,train,2.5300894379615784,0.306640625,0.634765625,8,64,512,434.98689999978524,73.50332818413654,2.561533761073078,40.929580213806915,43.94960000354331,6.9643422796883065,15.981041699385704,22.94538397907401,0.007600014214403927,0.0,11.913579642674454,11.024204322185152,0,18.391316172252033,1177.04423502413,2097152.0,2,0.5,0.0,0.5,0.0,0.0,43.429101519576655,0.007799986633472145,0.0,25.48232584883438,17.938975684108804,0,1,0,16.698235580382836,0.0,26.73086593919382,1048576,0,1048576,8,4,0.25,2,0.5,0,1,1.0,0.19776865982085054,3,3,0,1.0,0.0,0.0,1.0,0,0.5,0.5,0.0,0.9384765625,0.0615234375,0.0,256,1024,0,0.0,467.9777686360661,265.83159998699557,0.0,186.39491180442786,15.751256844642706,0,5067.143537500669,0,4632.156637500883,1.4700665636827306e-06,1.0246135044292312e-06,1.6932025814669088e-06,3.4821711398441535e-08,9.588625019631422e-08,4.676874863565322e-07,4.7862780975301595e-06,heuristic_only,nsga2
0,511,511,train,2.685237228870392,0.23828125,0.607421875,8,64,512,448.59500000893604,74.02718943323593,2.5580419403355834,40.48508749850726,37.74390000035055,6.582185115586304,15.731887206766041,22.314072322352345,0.008300004992634058,0.0,12.093103451871084,10.212668865488627,0,17.83341804171379,1141.3387546696827,2097152.0,2,0.5,0.5,0.0,0.0,0.0,75.8795909146191,0.007299997378140688,0.0,56.99543547543559,18.87685544180536,0,1,0,16.43140635095493,59.44818456366417,0.0,1048576,1048576,0,8,4,0.25,2,0.5,0,1,1.0,0.17369072493825644,3,0,3,0.0,2.0,0.5,2.0,3,0.5,0.5,0.0,0.951171875,0.048828125,0.0,256,1024,0,0.0,468.28127548831515,268.3159999724012,0.0,184.33126481706407,15.63401069884986,0,5067.143537500669,0,4618.5485374917325,1.480543788664719e-06,1.0232167761342334e-06,1.6778944744317347e-06,3.291092557793152e-08,9.439132324059624e-08,7.916587218481009e-07,5.100616009897316e-06,heuristic_only,nsga2
0,512,512,train,2.4349560141563416,0.318359375,0.6640625,8,64,512,432.1121000102721,72.07638193098309,2.611189093659554,40.78486977450051,38.70710000046529,5.6001060851461615,16.08643734940303,21.686543434549193,0.008000002708286047,0.0,11.895212992403202,9.783330439437707,0,18.513671536016442,1184.8749783050523,2097152.0,2,0.5,0.5,0.0,0.0,0.0,75.30671550424151,0.007800001185387373,0.0,57.21254951028561,18.08636599277051,0,1,0,16.20612811311082,59.10058739113069,0.0,1048576,1048576,0,8,4,0.25,2,0.5,0,1,1.0,0.2201412464909665,3,3,0,1.0,0.0,0.0,1.0,0,0.5,0.5,0.0,0.9521484375,0.0478515625,0.0,256,1024,0,0.0,461.88976319657263,261.7473999998765,0.0,184.27304173013272,15.869321466563362,0,5067.143537500669,0,4635.0314374903965,1.441527638619662e-06,1.0444756374638216e-06,1.6897017045899175e-06,2.800053042573081e-08,9.651862409641816e-08,7.854794112686368e-07,5.085703546464187e-06,heuristic_only,nsga2
0,513,513,train,2.558444082736969,0.279296875,0.646484375,8,64,512,420.7137000048533,72.24652516074458,2.464771293761816,41.59493535479018,41.52889999386389,6.022905411279416,14.715769358418598,20.738674769698015,0.008799994247965515,0.0,11.475114526911945,9.254760248538105,0,19.01526141089844,1216.9767302975001,2097152.0,2,0.5,0.5,0.0,0.0,0.0,80.04031671474289,0.00790000194683671,0.0,62.031257732146024,18.00115898065002,0,1,0,16.463489885278165,63.576826829464714,0.0,1048576,1048576,0,8,4,0.25,2,0.5,0,1,1.0,0.20915249756217386,3,0,3,0.0,2.0,0.5,2.0,3,0.5,0.5,0.0,0.94921875,0.05078125,0.0,256,1024,0,0.0,465.22492723718636,261.62869996915106,0.0,188.47654461604736,15.119682651987912,0,5067.143537500669,0,4646.429837495815,1.4449305032148918e-06,9.859085175047262e-07,1.7246108509271343e-06,3.011452705639708e-08,8.829461615051157e-08,8.333301469179851e-07,5.107189161771645e-06,heuristic_only,nsga2
0,514,514,train,2.603536903858185,0.2578125,0.6015625,8,64,512,455.76850000361446,75.01880752857991,2.456435665881786,39.97216289392722,38.511999999172986,6.973000409864615,15.400682099533237,22.373682509397852,0.00829999044071883,0.0,11.931025865034737,10.434356653922395,0,17.552732247191962,1123.3748638202856,2097152.0,2,0.0,0.5,0.5,0.0,0.0,84.16211015467988,0.007399998139590025,0.0,66.69232529890762,17.462384857632667,0,1,0,0.0,58.3005375535239,25.861572601155974,0,1048576,1048576,8,4,0.25,2,0.5,0,1,1.0,0.2091524583687337,3,3,0,1.0,0.0,0.0,1.0,0,0.5,0.5,0.0,0.9423828125,0.0576171875,0.0,256,1024,0,0.0,469.7896243535557,272.5502000103006,0.0,180.27806079030853,16.96136355294652,0,3369.4151590017914,0,2913.646658998177,1.5003761505715983e-06,9.825742663527144e-07,1.658846473309998e-06,3.486500204932308e-08,9.24040925971994e-08,8.933442467491107e-07,5.162410231629944e-06,heuristic_only,nsga2
0,515,515,train,2.508962631225586,0.275390625,0.646484375,8,64,512,430.4699999920558,72.55500570476067,2.5147676993525936,41.11683786490956,39.23639999993611,5.868423496197229,17.069353324209498,22.937776820406725,0.010199990356341004,0.0,11.972638879566025,10.95493795048436,0,18.58429487734978,1189.394872150386,2097152.0,2,0.5,0.5,0.0,0.0,0.0,73.02323357421922,0.007800001185387373,0.0,55.9015084002967,17.11392517273713,0,1,0,15.65823929409936,57.36499428011986,0.0,1048576,1048576,0,8,4,0.25,2,0.5,0,1,1.0,0.17369072493825644,3,0,3,0.0,2.0,0.5,2.0,3,0.5,0.5,0.0,0.9599609375,0.0400390625,0.0,256,1024,0,0.0,464.7464450760913,262.48560001840815,0.0,186.26275132231814,15.998093735365005,0,3369.4151590017914,0,2938.9451590097356,1.4511001140952134e-06,1.0059070797410375e-06,1.7050302854317795e-06,2.934211748098615e-08,1.0241611994525698e-07,7.615488143303909e-07,5.055344531024664e-06,heuristic_only,nsga2
0,516,516,train,2.6178033351898193,0.25390625,0.6171875,8,64,512,3586.7918000003556,548.6987525434693,17.496298532370044,144.14353284262273,51.3721000024816,6.538333653915617,141.21854839893308,147.7568820528487,0.007599999662488699,0.0,11.9460462527237,135.80323580046252,0,2.2304048340900002,142.74590938176001,2097152.0,2,0.0,0.5,0.5,0.0,0.0,90.5796695575141,0.007700000423938036,0.0,72.5415746383254,18.030394918764756,0,1,0,0.0,63.937542415168586,26.642127142345505,0,1048576,1048576,8,4,0.25,2,0.5,0,1,1.0,0.16091838189257093,3,3,0,1.0,0.0,0.0,1.0,0,0.5,0.5,0.0,0.9521484375,0.0478515625,0.0,256,1024,0,0.0,2841.354335673848,2165.9504000126617,0.0,185.94152405391227,489.46241160727396,0,4503.066386498683,0,916.2745864983272,1.0973975050869386e-05,6.9985194129480184e-06,6.65056889489476e-06,3.269166826957809e-08,8.473112903935984e-07,9.59080949859832e-07,2.6462147267235172e-05,heuristic_only,nsga2
0,517,517,train,2.6015864610671997,0.263671875,0.62890625,8,64,512,463.99530000053346,76.5857140165524,2.4775534246723625,41.0349259034673,37.18419998767786,6.455208115428523,15.194047835625934,21.649255951054457,0.006300004315562546,0.0,12.341843892417169,9.301112054321726,0,17.24151679655808,1103.4570749797172,2097152.0,2,0.5,0.5,0.0,0.0,0.0,78.52525316664861,0.007399998139590025,0.0,60.06266646633681,18.45518670217222,0,1,0,16.71845337988699,61.806799786761616,0.0,1048576,1048576,0,8,4,0.25,2,0.5,0,1,1.0,0.16091842229213763,3,0,3,0.0,2.0,0.5,2.0,3,0.5,0.5,0.0,0.958984375,0.041015625,0.0,256,1024,0,0.0,480.3927733787682,276.8421000073431,0.0,188.80242224258208,14.748251128843087,0,4503.066386498683,0,4039.0710864981493,1.5317142803310482e-06,9.91021369868945e-07,1.6991803144504662e-06,3.227604057714261e-08,9.11642870137556e-08,8.1868943842626e-07,5.164045730667618e-06,heuristic_only,nsga2
0,518,518,train,2.610806405544281,0.251953125,0.611328125,8,64,512,450.0393000053009,75.99361784907555,2.432362089773119,40.90330253804211,36.083099999814294,6.217204947415446,15.24712817811735,21.464333125532796,0.007899987394921482,0.0,11.24925613910409,10.207176999033784,0,17.776185821371488,1137.6758925677752,2097152.0,2,0.5,0.5,0.0,0.0,0.0,77.92173040761654,0.008899980457499623,0.0,59.97197994253425,17.94085048462479,0,1,0,17.6801567103331,60.241573697283435,0.0,1048576,1048576,0,8,4,0.25,2,0.5,0,1,1.0,0.19776865982085054,3,3,0,1.0,0.0,0.0,1.0,0,0.5,0.5,0.0,0.94921875,0.05078125,0.0,256,1024,0,0.0,477.31712990756307,275.8956999896327,0.0,184.97678399143803,16.444645926492427,0,4503.066386498683,0,4053.027086493382,1.519872356981511e-06,9.729448359092479e-07,1.6966708579693816e-06,3.108602473707723e-08,9.148276906870408e-08,8.145776174968315e-07,5.126634462162754e-06,heuristic_only,nsga2
0,519,519,train,2.5344664454460144,0.26171875,0.646484375,8,64,512,379.81739999668207,67.3214544426731,2.7295725509293494,40.54574482590583,42.11059999943245,5.772225224860137,16.432955922993028,22.205181147853164,0.008899995009414852,0.0,11.106049423163803,11.090231729679948,0,21.062697331329616,1348.0126292050954,2097152.0,2,0.5,0.5,0.0,0.0,0.0,75.59218656006263,0.007700000423938036,0.0,57.65967293241523,17.92481362722345,0,1,0,17.883050639631882,57.70913592043074,0.0,1048576,1048576,0,8,4,0.25,2,0.5,0,1,1.0,0.2091524583687337,3,0,3,0.0,2.0,0.5,2.0,3,0.5,0.5,0.0,0.947265625,0.052734375,0.0,256,1024,0,0.0,442.38708727803316,240.80739998316858,0.0,185.0657834163611,16.51390387850337,0,4503.066386498683,0,4123.248986502001,1.346429088853462e-06,1.0918290203717398e-06,1.6805651131305545e-06,2.886112612430069e-08,9.859773553795815e-08,7.9168796687989e-07,5.037970050897906e-06,heuristic_only,nsga2
0,520,520,train,2.7182693481445312,0.224609375,0.587890625,8,64,512,479.6480000077281,77.32753627855942,2.477099761447623,41.23112852481575,35.71890000603162,6.160913311482951,15.88413627756566,22.04504958904861,0.03999999898951501,0.0,12.120766631004521,9.884282959054573,0,16.67886308502906,1067.44723744186,2097152.0,2,0.5,0.5,0.0,0.0,0.0,78.0293038366756,0.007299997378140688,0.0,59.51459810706952,18.50740573222793,0,1,0,17.364399608196827,60.66490422847877,0.0,1048576,1048576,0,8,4,0.25,2,0.5,0,1,1.0,0.19776865982085054,3,3,0,1.0,0.0,0.0,1.0,0,0.5,0.5,0.0,0.9541015625,0.0458984375,0.0,256,1024,0,0.0,484.14305825929125,281.19690000312403,0.0,185.60209660648982,17.344061649677407,0,4503.066386498683,0,4023.4183864909546,1.5465507255711886e-06,9.908399045790493e-07,1.7123638706780244e-06,3.080456655741476e-08,9.530481766539393e-08,8.150218375831497e-07,5.190885722634221e-06,heuristic_only,nsga2
0,521,521,train,2.5735140442848206,0.267578125,0.64453125,8,64,512,412.53359999973327,71.50515126880796,2.588590027209204,40.43598068005466,40.46500001277309,5.608013241212336,15.451597350999311,21.059610592211648,0.007700000423938036,0.0,11.016324895380944,10.035585696406764,0,19.39231279026092,1241.108018576699,2097152.0,2,0.0,0.5,0.5,0.0,0.0,87.7161806937311,0.007399998139590025,0.0,70.00704005435367,17.701740641237844,0,1,0,0.0,63.07169523003388,24.64448546369722,0,1048576,1048576,8,4,0.25,2,0.5,0,1,1.0,0.18595995617580352,3,0,3,0.0,2.0,0.5,2.0,3,0.5,0.5,0.0,0.951171875,0.048828125,0.0,256,1024,0,0.0,458.1188879042873,258.81170002685394,0.0,182.2089129690987,17.098274908334673,0,4503.066386498683,0,4090.5327864989495,1.4301030253761592e-06,1.0354360108836818e-06,1.6759166020135375e-06,2.804006620606168e-08,9.270958410599585e-08,9.264507778647054e-07,5.188656066450142e-06,heuristic_only,nsga2
0,522,522,train,2.606555998325348,0.22265625,0.619140625,8,64,512,418.16109999490436,72.64645881018265,2.191928534233608,41.09229016065016,42.656699995859526,5.843379539143167,13.438996128158315,19.282375667301483,0.008500006515532732,0.0,11.07125466935714,8.202620991428809,0,19.131336866964958,1224.4055594857573,2097152.0,2,0.5,0.5,0.0,0.0,0.0,80.97751462781001,0.008200004231184721,0.0,63.18799717375808,17.781317449820747,0,1,0,16.494491102279,64.48302352553101,0.0,1048576,1048576,0,8,4,0.25,2,0.5,0,1,1.0,0.16091838189257093,3,3,0,1.0,0.0,0.0,1.0,0,0.5,0.5,0.0,0.9580078125,0.0419921875,0.0,256,1024,0,0.0,463.7227100202657,263.3267000055639,0.0,186.2615004734139,14.134509541287866,0,4503.066386498683,0,4084.9052865037784,1.4529291762036528e-06,8.767714136934432e-07,1.703619914221024e-06,2.9216897695715838e-08,8.063397676894989e-08,8.427641284826581e-07,4.9859355070654444e-06,heuristic_only,nsga2
0,523,523,train,2.575500249862671,0.291015625,0.666015625,8,64,512,421.2760999944294,72.7169328246855,2.5529043802457485,41.65031406427053,38.23819999524858,6.00108956270109,16.62950323994359,22.630592802644678,0.00829999044071883,0.0,12.128531337223633,10.493761474980328,0,18.989876259843665,1215.3520806299946,2097152.0,2,0.5,0.5,0.0,0.0,0.0,82.45517060462302,0.007800001185387373,0.0,64.13776574720272,18.30960485623492,0,1,0,17.943696937501123,64.5114736671219,0.0,1048576,1048576,0,8,4,0.25,2,0.5,0,1,1.0,0.19776865982085054,3,0,3,0.0,2.0,0.5,2.0,3,0.5,0.5,0.0,0.947265625,0.052734375,0.0,256,1024,0,0.0,467.68060507680707,262.7885999827413,0.0,189.23851479929425,15.65349029477156,0,4503.066386498683,0,4081.7902865042533,1.45433865649371e-06,1.0211617520982997e-06,1.7279237776335791e-06,3.0005447813505454e-08,9.977701943966153e-08,8.604390999212325e-07,5.193645753399989e-06,heuristic_only,nsga2
0,524,524,train,2.4172251224517822,0.31640625,0.697265625,8,64,512,467.3717999976361,76.5604216892448,2.4434761831362044,41.30359537553841,37.48569999879692,5.729158875393429,16.058527080039187,21.787685955432615,0.008000002708286047,0.0,11.383572987093306,10.396112965631024,0,17.116956742113498,1095.4852314952639,2097152.0,2,0.5,0.5,0.0,0.0,0.0,79.57076458873198,0.00960000033956021,0.0,62.03613934137178,17.525025247020626,0,1,0,17.375320400682213,62.195444188049755,0.0,1048576,1048576,0,8,4,0.25,2,0.5,0,1,1.0,0.2307606283979408,3,3,0,1.0,0.0,0.0,1.0,0,0.5,0.5,0.0,0.9423828125,0.0576171875,0.0,256,1024,0,0.0,481.2299729916777,277.25569998438004,0.0,187.09358171438694,16.880691292910722,0,4503.066386498683,0,4035.6945865010466,1.5312084337848963e-06,9.77390473254482e-07,1.7142990141158034e-06,2.8645794376967144e-08,9.63511624802351e-08,8.304582866886842e-07,5.178353164701067e-06,heuristic_only,nsga2
0,525,525,train,2.387800395488739,0.302734375,0.6953125,8,64,512,11501.347800003714,2694.932648502051,6.420808049723036,43.266920535028305,37.86849998869002,977.3159455134236,44.89207812487724,1022.2080236383008,0.010799980373121798,0.0,11.197552661835989,1010.9996709960917,0,0.6955705925549721,44.516517923518215,2097152.0,2,0.0,0.5,0.5,0.0,0.0,83.79766077668788,0.006699992809444666,0.0,67.17904151013845,16.61191927373998,0,1,0,0.0,59.476583238162654,24.321077538525216,0,1048576,1048576,8,4,0.25,2,0.5,0,1,1.0,0.14759070521249812,3,0,3,0.0,2.0,0.5,2.0,3,0.5,0.5,0.0,0.9599609375,0.0400390625,0.0,256,1024,0,0.0,10978.48150834721,8946.632699968177,0.0,187.40098115824355,1844.4478272207868,0,6222.716103998531,1,-5278.631696005183,5.3898652970041025e-05,2.568323219889215e-06,1.807205442721716e-06,4.886579727567119e-06,2.693524687492634e-07,8.866187628439292e-07,6.431673259181227e-05,heuristic_only,nsga2
0,526,526,train,2.4830195903778076,0.294921875,0.66796875,8,64,512,468.21669999917503,77.16232122774696,2.40884488932429,41.3261412669682,38.21400000015274,6.113459099480596,14.376222080984077,20.48968118046467,0.007799986633472145,0.0,11.62454863351378,8.85733256031742,0,17.086069151196327,1093.508425676565,2097152.0,2,0.5,0.5,0.0,0.0,0.0,78.11018143637897,0.008400005754083395,0.0,60.32116505975829,17.78061637086659,0,1,0,18.366659074568446,59.74352236181052,0.0,1048576,1048576,0,8,4,0.25,2,0.5,0,1,1.0,0.2091524583687337,3,3,0,1.0,0.0,0.0,1.0,0,0.5,0.5,0.0,0.951171875,0.048828125,0.0,256,1024,0,0.0,483.5892295361578,280.6982999900356,0.0,187.17788768653364,15.713041859588577,0,6222.716103998531,0,5754.499403999356,1.5432464245549393e-06,9.63537955729716e-07,1.7128071427522442e-06,3.056729549740298e-08,8.625733248590445e-08,8.178351325129265e-07,5.154251283533135e-06,heuristic_only,nsga2
0,527,527,train,2.298965096473694,0.33984375,0.697265625,8,64,512,1344.8506999993697,122.43544789831117,13.32282999717303,44.173689079676905,1567.446499990183,6.7604551643458555,95.14221868885504,101.9026738532009,0.008200004231184721,0.0,11.71743701669697,90.17703683227275,0,5.948611285544533,380.7111222748501,2097152.0,2,0.5,0.5,0.0,0.0,0.0,77.62034695787771,0.008100003469735384,0.0,60.306077066426724,17.306169887981262,0,1,0,16.613813718639946,61.00653323923777,0.0,1048576,1048576,0,8,4,0.25,2,0.5,0,1,1.0,0.2509772150348662,3,0,3,0.0,2.0,0.5,2.0,3,0.5,0.5,0.0,0.9462890625,0.0537109375,0.0,256,1024,0,0.0,719.7278679006445,459.6236999932444,0.0,190.29724574152462,69.80692216587543,0,6222.716103998531,0,4877.865403999162,2.4487089579662233e-06,5.329131998869212e-06,1.8424002686845693e-06,3.380227582172928e-08,5.708533121331302e-07,8.094310970160571e-07,1.1034327910490922e-05,heuristic_only,nsga2
0,528,528,train,2.5131081342697144,0.2578125,0.65625,8,64,512,353.2930000073975,61.71254979913198,2.6843327354025743,40.51588679810045,36.25990000728052,6.665375347919675,18.388011072649103,25.053386420568778,0.007400012691505253,0.0,12.219671653155789,12.826314754721484,0,22.644030184018103,1449.2179317771586,2097152.0,2,0.5,0.5,0.0,0.0,0.0,75.26070975344146,0.007599999662488699,0.0,58.12989584027531,17.12321391350367,0,1,0,15.60380719057541,59.65690256286605,0.0,1048576,1048576,0,8,4,0.25,2,0.5,0,1,1.0,0.18595995617580352,3,3,0,1.0,0.0,0.0,1.0,0,0.5,0.5,0.0,0.943359375,0.056640625,0.0,256,1024,0,0.0,419.65107733054003,219.06920001492836,0.0,183.50908613648113,17.07279117913059,0,6222.716103998531,0,5869.423103991134,1.2342509959826397e-06,1.0737330941610298e-06,1.6810424078672845e-06,3.3326876739598377e-08,1.1032806643589461e-07,7.838147119155654e-07,4.916496153102013e-06,heuristic_only,nsga2
0,529,529,train,2.697202146053314,0.224609375,0.626953125,8,64,512,449.18650000181515,76.75280156858793,2.6322633551030377,40.067676527069196,38.83089999726508,6.491696425338395,17.022922759715904,23.5146191850543,0.01030000566970557,0.0,12.304137250755245,11.200181928629348,0,17.809934604074407,1139.835814660762,2097152.0,2,0.5,0.5,0.0,0.0,0.0,79.50670458283695,0.007299997378140688,0.0,61.985070897815916,17.51433368764289,0,1,0,17.806185150086993,61.70051943274995,0.0,1048576,1048576,0,8,4,0.25,2,0.5,0,1,1.0,0.18595995617580352,3,0,3,0.0,2.0,0.5,2.0,3,0.5,0.5,0.0,0.94921875,0.05078125,0.0,256,1024,0,0.0,477.81096580304063,278.51500004180707,0.0,183.6159148432529,15.68005091798062,0,6222.716103998531,0,5773.529603996716,1.5350560313717587e-06,1.0529053420412152e-06,1.6601750444563355e-06,3.2458482126691975e-08,1.0213753655829541e-07,8.306794161285434e-07,5.21341185268284e-06,heuristic_only,nsga2
0,530,530,train,2.391918659210205,0.298828125,0.69921875,8,64,512,145.40049999777693,10.981516111122431,2.406831953488876,63.23575684708749,49.112399996374734,6.878738885375148,14.678737346258128,21.557476231633274,0.007000024197623134,0.0,12.194750061205305,9.355726146230348,0,55.02006513084331,3521.2841683739716,2097152.0,2,0.5,0.0,0.5,0.0,0.0,43.52873949944582,0.008200004231184721,0.0,24.555576617358987,18.964962877855648,0,1,0,16.895074733236186,0.0,26.633664766209634,1048576,0,1048576,8,4,0.25,2,0.5,0,1,1.0,0.16091838189257093,3,3,0,1.0,0.0,0.0,1.0,0,0.5,0.5,0.0,0.95703125,0.04296875,0.0,256,1024,0,0.0,306.4964196467952,106.95610000402667,0.0,185.66040736406256,13.879912278705868,0,6222.716103998531,0,6077.315604000754,2.1963032222244866e-07,9.627327813955503e-07,2.588014946824066e-06,3.4393694426875745e-08,8.807242407754875e-08,4.690775444609306e-07,4.36192171340742e-06,heuristic_only,nsga2
0,531,531,train,2.460980474948883,0.2890625,0.666015625,8,64,512,115.07169999822509,12.244213451155165,3.152119691007549,49.467407148292935,40.355100005399436,6.4343880248215335,21.194265039827364,27.628653064648898,0.008300004992634058,0.0,12.682310606710503,14.938042452945758,0,69.52126786043426,4449.361143067793,2097152.0,2,0.5,0.5,0.0,0.0,0.0,79.17846633150634,0.007300011930055916,0.0,60.86207772969958,18.3090885898767,0,1,0,17.96387634162869,61.21458998987765,0.0,1048576,1048576,0,8,4,0.25,2,0.5,0,1,1.0,0.18595995617580352,3,0,3,0.0,2.0,0.5,2.0,3,0.5,0.5,0.0,0.94921875,0.05078125,0.0,256,1024,0,0.0,259.4549611618226,55.699299948173575,0.0,185.36544115372791,18.390220059921127,0,6222.716103998531,0,6107.644404000306,2.448842690231033e-07,1.2608478764030196e-06,2.03630922698741e-06,3.217194012410767e-08,1.2716559023896418e-07,8.277124159983208e-07,4.529091318774926e-06,heuristic_only,nsga2
0,532,532,train,2.511813521385193,0.291015625,0.638671875,8,64,512,421.9527000095695,73.36715408483775,2.4227617240314894,40.76713204150581,38.13730001274962,6.304539249458821,15.159960502177718,21.464499751636538,0.008899995009414852,0.0,12.411900329778442,9.043699426848683,0,18.95942611670088,1213.4032714688562,2097152.0,2,0.0,0.5,0.5,0.0,0.0,83.22633039316615,0.007499998901039362,0.0,64.60051258057855,18.618317813686563,0,1,0,0.0,59.312975049054145,23.91335534411201,0,1048576,1048576,8,4,0.25,2,0.5,0,1,1.0,0.16091838189257093,3,3,0,1.0,0.0,0.0,1.0,0,0.5,0.5,0.0,0.95703125,0.04296875,0.0,256,1024,0,0.0,466.2281914015002,265.6332000042312,0.0,184.34522725067154,16.249764146597464,0,4503.066386498683,0,4081.113686489113,1.4673430816967551e-06,9.691046896125958e-07,1.6938350950104165e-06,3.152269624729411e-08,9.095976301306629e-08,8.800900146198856e-07,5.132855340200014e-06,heuristic_only,nsga2
0,533,533,train,2.6034393906593323,0.248046875,0.638671875,8,64,512,149.54600000055507,12.398232040742315,2.604757430834474,50.00263982338143,60.35149999661371,6.58323417419229,17.008136547749814,23.591370721942106,0.008399991202168167,0.0,12.919357702955491,10.663613027784443,0,53.494887894577,3423.672825252928,2097152.0,2,0.5,0.5,0.0,0.0,0.0,74.44013190806308,0.006900008884258568,0.0,57.34589493786288,17.087336961315927,0,1,0,16.680072882431823,57.76005902563125,0.0,1048576,1048576,0,8,4,0.25,2,0.5,0,1,1.0,0.2307606527190679,3,0,3,0.0,2.0,0.5,2.0,3,0.5,0.5,0.0,0.9501953125,0.0498046875,0.0,256,1024,0,0.0,260.02251717983296,57.12620000122115,0.0,186.60977024379122,16.286546934820546,0,4503.066386498683,0,4353.520386498128,2.4796464081484633e-07,1.0419029723337898e-06,2.0618246884760165e-06,3.291617087096145e-08,1.0204881928649887e-07,7.777614648454944e-07,4.264418756627607e-06,heuristic_only,nsga2
0,534,534,train,2.669147491455078,0.232421875,0.607421875,8,64,512,284.5419000077527,46.15654217728871,2.4804083462693054,40.75623425698463,39.96740000729915,6.470803002056088,15.016574509093493,21.48737751114958,0.008100003469735384,0.0,12.411728346802223,9.067549160877622,0,28.11526838231434,1799.3771764681178,2097152.0,2,0.5,0.0,0.5,0.0,0.0,41.73682166896285,0.006999995093792677,0.0,24.190648998380176,17.539172675488874,0,1,0,16.682361703545602,0.0,25.054459965417244,1048576,0,1048576,8,4,0.25,2,0.5,0,1,1.0,0.26994862967019156,3,3,0,1.0,0.0,0.0,1.0,0,0.5,0.5,0.0,0.927734375,0.072265625,0.0,256,1024,0,0.0,357.57273912217056,154.13470000203233,0.0,187.66611871290942,15.771920407228814,0,4503.066386498683,0,4218.52448649093,9.231308435457742e-07,9.921633385077221e-07,1.6899938034346556e-06,3.235401501028044e-08,9.009944705456095e-08,4.5073294009671966e-07,4.178474387649713e-06,heuristic_only,nsga2
0,535,535,train,2.811632752418518,0.236328125,0.556640625,8,64,512,104.22609999659471,11.965073647684289,2.3544291732528357,48.49668664063637,49.528699993970804,5.828711824229686,13.6817050730103,19.510416897239985,0.00790000194683671,0.0,11.496175625465197,8.006341269827951,0,76.75546954929547,4912.35005115491,2097152.0,2,0.5,0.5,0.0,0.0,0.0,78.04226735166552,0.009499999578110874,0.0,59.253909643421146,18.77885770866625,0,1,0,17.398158214914602,60.644109136750906,0.0,1048576,1048576,0,8,4,0.25,2,0.5,0,1,1.0,0.17369072493825644,3,0,3,0.0,2.0,0.5,2.0,3,0.5,0.5,0.0,0.9541015625,0.0458984375,0.0,256,1024,0,0.0,251.26475784629397,52.81870000180788,0.0,183.11978347211388,15.326274372372211,0,4503.066386498683,0,4398.840286502088,2.3930147295368575e-07,9.417716693011345e-07,1.9994040529080385e-06,2.914355912114843e-08,8.209023043806179e-08,8.152189899464844e-07,4.106929974668553e-06,heuristic_only,nsga2
0,536,536,train,2.6441611647605896,0.21875,0.59765625,8,64,512,443.36389999079984,75.2684746297258,2.458418263092728,41.52253106589127,37.34239999903366,5.700555475615509,14.220692159824223,19.921247635439734,0.008899995009414852,0.0,10.879925200454633,9.032422439975685,0,18.04382800750805,1154.8049924805152,2097152.0,2,0.5,0.5,0.0,0.0,0.0,76.99150359297298,0.007200011168606579,0.0,57.95248589023481,19.031817691569554,0,1,0,16.516347413686937,60.47515617928603,0.0,1048576,1048576,0,8,4,0.25,2,0.5,0,1,1.0,0.2201412464909665,3,3,0,1.0,0.0,0.0,1.0,0,0.5,0.5,0.0,0.94921875,0.05078125,0.0,256,1024,0,0.0,476.9976958348392,272.44559999962803,0.0,189.54830196525373,15.003793869957427,0,4503.066386498683,0,4059.702486507883,1.505369492594516e-06,9.833673052370914e-07,1.7209127942468372e-06,2.850277737807755e-08,8.532415295894533e-08,8.029477307571036e-07,5.126424253172571e-06,heuristic_only,nsga2
0,537,537,train,2.6106419563293457,0.234375,0.6328125,8,64,512,180.25099999795202,11.454079942835351,3.1227216491010674,63.650488075373424,52.666000003227964,5.578123440909811,18.840339686419306,24.418463127329115,0.006600006599910557,0.0,11.274393865534616,13.13746925519459,0,44.38230921205254,2840.4677895713626,2097152.0,2,0.0,0.5,0.5,0.0,0.0,86.71236944319318,0.011199983418919146,0.0,68.96280535958013,17.73836410019414,0,1,0,0.0,62.498508340317365,24.21386110287582,0,1048576,1048576,8,4,0.25,2,0.5,0,1,1.0,0.18595995617580352,3,0,3,0.0,2.0,0.5,2.0,3,0.5,0.5,0.0,0.9501953125,0.0498046875,0.0,256,1024,0,0.0,312.90915866923933,105.94349999155384,0.0,190.97449499458006,15.991163683105482,0,4503.066386498683,0,4322.815386500731,2.2908159885670705e-07,1.2490886596404269e-06,2.605090807930336e-06,2.7890617204549055e-08,1.1304203811851581e-07,9.155514166376836e-07,5.139745138388218e-06,heuristic_only,nsga2
0,538,538,train,2.5858582258224487,0.25390625,0.615234375,8,64,512,3930.7635000004666,797.1910765695324,5.952631827063694,109.38036764734528,40.11970000283327,16.23536809079455,45.63078906388202,61.86615715467657,0.007199996616691351,0.0,11.260822660272353,50.59813449778753,0,2.035227498365534,130.25455989539418,2097152.0,2,0.5,0.5,0.0,0.0,0.0,77.22649702753108,0.00859999272506684,0.0,58.37962131206335,18.83827572274267,0,1,0,16.78255631044381,60.44394071708727,0.0,1048576,1048576,0,8,4,0.25,2,0.5,0,1,1.0,0.19776865982085054,3,3,0,1.0,0.0,0.0,1.0,0,0.5,0.5,0.0,0.9521484375,0.0478515625,0.0,256,1024,0,0.0,3650.0963041757655,3142.2521000058623,0.0,184.4921368203679,323.35206734953505,0,4673.332377998739,0,742.568877998272,1.5943821531390648e-05,2.3810527308254783e-06,4.9804445184023336e-06,8.117684045397276e-08,2.737847343832921e-07,8.058300828961985e-07,2.4466110438351924e-05,heuristic_only,nsga2
0,539,539,train,2.5307395458221436,0.275390625,0.65234375,8,64,512,421.7293000110658,73.29682024404467,2.5586635434704004,40.94197747247768,36.85129999939818,6.502322128729326,15.301194352709128,21.803516481438454,0.009199997293762863,0.0,12.688455631152037,9.105860852992656,0,18.969469349937835,1214.0460383960215,2097152.0,2,0.5,0.5,0.0,0.0,0.0,75.33678783705827,0.007800001185387373,0.0,57.393921279317055,17.935066556555824,0,1,0,17.446301888833908,57.89048594822436,0.0,1048576,1048576,0,8,4,0.25,2,0.5,0,1,1.0,0.26061071707684524,3,0,3,0.0,2.0,0.5,2.0,3,0.5,0.5,0.0,0.94140625,0.05859375,0.0,256,1024,0,0.0,467.1898450399709,264.7905999911018,0.0,186.6289310882775,15.770313960591691,0,4153.573858500457,0,3731.8445584893916,1.4659364048808932e-06,1.0234654173881603e-06,1.6980620956495444e-06,3.2511610643646634e-08,9.180716611625476e-08,7.882604821482505e-07,5.100043176826749e-06,heuristic_only,nsga2
0,540,540,train,2.492830455303192,0.255859375,0.64453125,8,64,512,351.89550000359304,60.72517964533389,2.355543897399844,40.271357931811934,47.66590001236182,6.6601549165944665,14.252064937094389,20.912219853688853,0.006200003554113209,0.0,11.624365278417178,9.281654571717564,0,22.73395728550388,1454.9732662722483,2097152.0,2,0.5,0.5,0.0,0.0,0.0,76.6293641089595,0.018399994587525725,0.0,57.367286712210195,19.243677402161786,0,1,0,18.063033106356265,58.56633100260324,0.0,1048576,1048576,0,8,4,0.25,2,0.5,0,1,1.0,0.17369070345169255,3,3,0,1.0,0.0,0.0,1.0,0,0.5,0.5,0.0,0.95703125,0.04296875,0.0,256,1024,0,0.0,413.4083258981826,215.7112999848323,0.0,182.43177595877597,15.265249954574411,0,4153.573858500457,0,3801.6783584968643,1.214503592906678e-06,9.422175589599378e-07,1.6721109999780806e-06,3.3300774582972334e-08,8.551238962256632e-08,8.024197073023076e-07,4.750065023352542e-06,heuristic_only,nsga2
0,541,541,train,2.485068142414093,0.2421875,0.654296875,8,64,512,423.8174999918556,73.27905472896337,2.4160406200451265,41.63148834179573,43.083499986096285,5.511286451630583,14.564351984289416,20.07563843592,0.0092999980552122,0.0,10.61267615861572,9.453662279249066,0,18.87600470520691,1208.0643011332422,2097152.0,2,0.5,0.5,0.0,0.0,0.0,74.62411998273221,0.0092999980552122,0.0,58.05588381518605,16.558936169490938,0,1,0,16.78816280011093,57.83595718262128,0.0,1048576,1048576,0,8,4,0.25,2,0.5,0,1,1.0,0.241032865595602,3,0,3,0.0,2.0,0.5,2.0,3,0.5,0.5,0.0,0.943359375,0.056640625,0.0,256,1024,0,0.0,469.306334763217,266.73489999666344,0.0,186.3072479818082,16.264186784745277,0,4153.573858500457,0,3729.756358508602,1.4655810945792676e-06,9.664162480180505e-07,1.7250526378639717e-06,2.7556432258152915e-08,8.738611190573649e-08,7.798175254275439e-07,5.051810050052723e-06,heuristic_only,nsga2
0,542,542,train,2.437846601009369,0.310546875,0.65234375,8,64,512,478.95509999943897,83.94555081207176,2.6270602538289545,44.10701151747931,38.72840000258293,6.41396696194241,16.036771101137866,22.450738063080276,0.006999995093792677,0.0,11.921196106533802,10.522541961452683,0,16.7029921949201,1068.9915004748864,2097152.0,2,0.5,0.5,0.0,0.0,0.0,77.86317142446221,0.008000002708286047,0.0,59.86163247522789,17.99353894652603,0,1,0,15.867079196789193,61.99609222767302,0.0,1048576,1048576,0,8,4,0.25,2,0.5,0,1,1.0,0.26994862967019156,3,3,0,1.0,0.0,0.0,1.0,0,0.5,0.5,0.0,0.9541015625,0.0458984375,0.0,256,1024,0,0.0,522.7184903335201,308.1071000051452,0.0,189.50659393211782,25.10479639625708,0,4153.573858500457,0,3674.6187585010184,1.6789110162414352e-06,1.0508241015315818e-06,1.8441202215638095e-06,3.206983480971205e-08,9.622062660682719e-08,8.103658726382006e-07,5.512511673391568e-06,heuristic_only,nsga2
0,543,543,train,2.4311317801475525,0.27734375,0.68359375,8,64,512,462.7269000047818,76.00548703933354,2.3652231797035137,41.173160066578795,37.208399997325614,5.640727745811075,13.907633163606327,19.548360909417404,0.007299997378140688,0.0,10.977209686333016,8.563851225706246,0,17.28877813487652,1106.4818006320972,2097152.0,2,0.5,0.5,0.0,0.0,0.0,77.78725245777994,0.008000002708286047,0.0,59.62653363271322,18.152718822358437,0,1,0,15.883845683053535,61.903406774726406,0.0,1048576,1048576,0,8,4,0.25,2,0.5,0,1,1.0,0.13364216641330787,3,0,3,0.0,2.0,0.5,2.0,3,0.5,0.5,0.0,0.955078125,0.044921875,0.0,256,1024,0,0.0,478.1754811424634,277.1925999841187,0.0,185.5174215528387,15.46545960550597,0,4153.573858500457,0,3690.8469584956756,1.520109740786671e-06,9.460892718814057e-07,1.7059785310869517e-06,2.820363872905538e-08,8.344579898163796e-08,8.096402159439065e-07,5.0934671974096285e-06,heuristic_only,nsga2
0,544,544,train,2.4361652731895447,0.306640625,0.6875,8,64,512,430.2859999879729,73.07740752082802,2.610837786543029,40.5290818122519,37.936599997919984,6.0644906107439756,16.240368339450278,22.30485895019425,0.007299997378140688,0.0,11.956295862859616,10.341263089956495,0,18.59224192277157,1189.9034830573805,2097152.0,2,0.5,0.5,0.0,0.0,0.0,76.49434142504634,0.007700000423938036,0.0,58.07389220648401,18.412749218138394,0,1,0,17.735885331442688,58.758456093603655,0.0,1048576,1048576,0,8,4,0.25,2,0.5,0,1,1.0,0.18595995617580352,3,3,0,1.0,0.0,0.0,1.0,0,0.5,0.5,0.0,0.9423828125,0.0576171875,0.0,256,1024,0,0.0,464.8693084784918,263.7888000172097,0.0,185.5202959322643,15.560212529017855,0,4153.573858500457,0,3723.2878585124845,1.4615481504165607e-06,1.0443351146172115e-06,1.6788415502989252e-06,3.032245305371988e-08,9.744221003670166e-08,8.004151849133489e-07,5.112904663336468e-06,heuristic_only,nsga2
0,545,545,train,2.613694190979004,0.24609375,0.61328125,8,64,512,430.9876000043005,72.1895985960959,2.5171572915570337,40.1726170555648,37.19689999707043,5.903339630968103,15.183406159025667,21.08674578999377,0.00859999272506684,0.0,12.111289561676088,8.966856235592616,0,18.561975885023816,1187.9664566415242,2097152.0,2,0.5,0.5,0.0,0.0,0.0,79.50980524643289,0.007399998139590025,0.0,62.58284638861879,16.919558859674517,0,1,0,16.116663079321434,63.393142167111456,0.0,1048576,1048576,0,8,4,0.25,2,0.5,0,1,1.0,0.2201412464909665,3,0,3,0.0,2.0,0.5,2.0,3,0.5,0.5,0.0,0.9501953125,0.0498046875,0.0,256,1024,0,0.0,459.5174917728709,261.16509998973925,0.0,184.42868335042553,13.923708432706198,0,4153.573858500457,0,3722.586258496157,1.4437919719219181e-06,1.0068629166228136e-06,1.6644721153508608e-06,2.951669815484052e-08,9.1100436954154e-08,8.273313786229719e-07,5.06307551762756e-06,heuristic_only,nsga2
0,546,546,train,2.4160709381103516,0.318359375,0.673828125,8,64,512,436.58500000310596,75.02898876063614,2.649783826433591,40.55225185442906,52.36950000107754,6.218777456614886,15.57344369366767,21.792221150282558,0.008999995770864189,0.0,11.353296120650384,10.429925033861307,0,18.323995730378634,1172.7357267442326,2097152.0,2,0.5,0.5,0.0,0.0,0.0,78.53351724101412,0.010500007192604244,0.0,60.11573864347097,18.407278590350543,0,1,0,16.37427942266886,62.15923781834526,0.0,1048576,1048576,0,8,4,0.25,2,0.5,0,1,1.0,0.18595995617580352,3,3,0,1.0,0.0,0.0,1.0,0,0.5,0.5,0.0,0.953125,0.046875,0.0,256,1024,0,0.0,472.92409776599516,271.80289998068474,0.0,184.69981632763745,16.421381457672954,0,3043.8130139999625,0,2607.2280139968566,1.500579775212723e-06,1.0599135305734364e-06,1.6821075295458243e-06,3.109388728307443e-08,9.344066216200601e-08,8.180837312554789e-07,5.185219116032543e-06,heuristic_only,nsga2
0,547,547,train,2.5930144786834717,0.267578125,0.62890625,8,64,512,1248.3376000018325,12.317210236357257,18.879721674964433,140.0610935882571,1001.2565000070026,6.4004888521651555,164.9535485775294,171.35403742969456,0.009700001101009548,0.0,11.158970238936636,160.1853671896569,0,6.408517689021438,410.145132097372,2097152.0,2,0.5,0.5,0.0,0.0,0.0,75.70386642965751,0.007599999662488699,0.0,58.07982526300755,17.616441166987475,0,1,0,15.801884232699269,59.90198219695824,0.0,1048576,1048576,0,8,4,0.25,2,0.5,0,1,1.0,0.16091838189257093,3,0,3,0.0,2.0,0.5,2.0,3,0.5,0.5,0.0,0.9560546875,0.0439453125,0.0,256,1024,0,0.0,685.0321019983153,416.9868000317365,0.0,185.38873314271564,82.65656882386307,0,3043.8130139999625,0,1795.47541399813,2.4634420472714515e-07,7.5518886699857735e-06,5.661428773816679e-06,3.200244426082578e-08,9.897212914651762e-07,7.886424327619736e-07,1.5270027817017574e-05,heuristic_only,nsga2
0,548,548,train,2.549529016017914,0.255859375,0.634765625,8,64,512,417.5991999945836,71.610703836652,2.4738400142591015,41.817838070323795,37.38550000707619,5.863943415708096,15.690301216505354,21.55424463221345,0.008800008799880743,0.0,10.829131580988207,10.716313042425362,0,19.157078948007598,1226.0530526724863,2097152.0,2,0.5,0.5,0.0,0.0,0.0,79.55265481775967,0.008000002708286047,0.0,61.04196208172729,18.502692733324082,0,1,0,16.276812192535907,63.27584262522376,0.0,1048576,1048576,0,8,4,0.25,2,0.5,0,1,1.0,0.17369072493825644,3,3,0,1.0,0.0,0.0,1.0,0,0.5,0.5,0.0,0.9482421875,0.0517578125,0.0,256,1024,0,0.0,463.60952768493956,258.75089997134637,0.0,186.62136326714992,18.237264446443312,0,3043.8130139999625,0,2626.213814005379,1.43221407673304e-06,9.895360057036407e-07,1.7378513833608069e-06,2.9319717078540484e-08,9.414180729903212e-08,8.280801725626686e-07,5.111143162737728e-06,heuristic_only,nsga2
0,549,549,train,2.5605597496032715,0.25,0.623046875,8,64,512,430.1962000026833,73.08993287506398,2.4867714351994565,41.19224151074482,37.25280000071507,6.378449993935633,15.004255561494414,21.382705555430046,0.008500006515532732,0.0,11.972297509561056,9.40190803935346,0,18.596122894221768,1190.1518652301932,2097152.0,2,0.5,0.5,0.0,0.0,0.0,80.93645498787342,0.008000002708286047,0.0,62.31337867261283,18.615076312552304,0,1,0,17.81148824657535,63.12496674129807,0.0,1048576,1048576,0,8,4,0.25,2,0.5,0,1,1.0,0.17369072493825644,3,0,3,0.0,2.0,0.5,2.0,3,0.5,0.5,0.0,0.94921875,0.05078125,0.0,256,1024,0,0.0,467.07578328403304,265.07159997709095,0.0,187.19686792680966,14.807315380132414,0,3043.8130139999625,0,2613.616813997279,1.4617986575012798e-06,9.947085740797826e-07,1.7055616961569213e-06,3.1892249969678165e-08,9.002553336896648e-08,8.449875263718849e-07,5.128974237448514e-06,heuristic_only,nsga2
0,550,550,train,2.4559611082077026,0.28125,0.640625,8,64,512,416.0745999979554,70.43398141072953,2.404717212650585,41.441804921260506,35.90560000156984,6.781107951829197,15.058381000017619,21.839488951846818,0.00790000194683671,0.0,11.846733478378411,9.98485547152157,0,19.227275043379887,1230.5456027763128,2097152.0,2,0.5,0.5,0.0,0.0,0.0,78.30597165270015,0.007599985110573471,0.0,61.11915006229519,17.179221605294394,0,1,0,15.624481940508378,62.68148971219178,0.0,1048576,1048576,0,8,4,0.25,2,0.5,0,1,1.0,0.2307606283979408,3,3,0,1.0,0.0,0.0,1.0,0,0.5,0.5,0.0,0.9453125,0.0546875,0.0,256,1024,0,0.0,457.1220141785625,254.61160004488192,0.0,186.85949787049657,15.650916263183996,0,3043.8130139999625,0,2627.738414002007,1.4086796282145907e-06,9.61886885060234e-07,1.719349774210561e-06,3.390553975914599e-08,9.03502860001057e-08,8.143086804080183e-07,5.028480793652656e-06,heuristic_only,nsga2
0,551,551,train,2.3858906626701355,0.30078125,0.6640625,8,64,512,433.4289000107674,74.00091648819752,2.584239062146196,40.068585470443615,38.73229998862371,5.813959272114017,16.038870258360813,21.85282953047483,0.009099996532313526,0.0,11.751894665097801,10.091834868844716,0,18.457425294842977,1181.2752188699505,2097152.0,2,0.5,0.5,0.0,0.0,0.0,79.59151211125383,0.008300004992634058,0.0,62.26650616690422,17.316705939356982,0,1,0,17.130160973235252,62.461351138018586,0.0,1048576,1048576,0,8,4,0.25,2,0.5,0,1,1.0,0.241032865595602,3,0,3,0.0,2.0,0.5,2.0,3,0.5,0.5,0.0,0.9609375,0.0390625,0.0,256,1024,0,0.0,466.6149640831493,268.4360999846831,0.0,182.2476868034006,15.931177295065602,0,3043.8130139999625,0,2610.384113989195,1.4800183297639504e-06,1.0336956248584784e-06,1.6631598622523668e-06,2.906979636057009e-08,9.623322155016486e-08,8.301754430590088e-07,5.13235227784454e-06,heuristic_only,nsga2
0,552,552,train,2.4915528297424316,0.251953125,0.6171875,8,64,512,263.23350000893697,37.89353138463981,2.5527072762429404,41.04967666153518,39.10429999814369,6.552862227951992,15.973807222185489,22.52666945013748,0.007800001185387373,0.0,11.582293132266273,10.936576316685821,0,30.391153134290512,1945.0338005945928,2097152.0,2,0.5,0.5,0.0,0.0,0.0,82.49475303057221,0.010499992640689015,0.0,63.69519116101116,18.78906187692036,0,1,0,18.21626123542331,64.2784917951489,0.0,1048576,1048576,0,8,4,0.25,2,0.5,0,1,1.0,0.25097720212391433,3,3,0,1.0,0.0,0.0,1.0,0,0.5,0.5,0.0,0.9443359375,0.0556640625,0.0,256,1024,0,0.0,325.9836612896717,123.12420000671409,0.0,187.0216546738286,15.837806609128995,0,3043.8130139999625,0,2780.5795139910256,7.578706276927962e-07,1.021082910497176e-06,1.6999607349461196e-06,3.2764311139759964e-08,9.584284333311292e-08,8.613800527765687e-07,4.468901480385533e-06,heuristic_only,nsga2
0,553,553,train,2.3638036251068115,0.283203125,0.6484375,8,64,512,463.37129999301396,77.16697447739338,2.373236797649213,40.910498713799825,46.501699995133094,6.000747870532011,15.108329136039732,21.109077006571745,0.009400013368576765,0.0,11.68035761642247,9.419319376780697,0,17.264735073979633,1104.9430447346965,2097152.0,2,0.5,0.0,0.5,0.0,0.0,43.016265023310694,0.007700000423938036,0.0,25.03624989199904,17.972315130887715,0,1,0,16.277337031226853,0.0,26.73892799208384,1048576,0,1048576,8,4,0.25,2,0.5,0,1,1.0,0.2091524583687337,3,0,3,0.0,2.0,0.5,2.0,3,0.5,0.5,0.0,0.9580078125,0.0419921875,0.0,256,1024,0,0.0,481.8028399553697,280.8810999849811,0.0,184.64644059516158,16.275299375227,0,3043.8130139999625,0,2580.4417140069486,1.5433394895478678e-06,9.492947190596851e-07,1.695991772713029e-06,3.0003739352660065e-08,9.064997481623838e-08,4.6271732429556064e-07,4.771997019785041e-06,heuristic_only,nsga2
0,554,554,train,2.460831940174103,0.283203125,0.65625,8,64,512,430.58310000924394,72.21805445756172,2.5201148674196636,40.70383512434875,37.802600010763854,6.180977511775827,14.999293308546784,21.18027082032261,0.007300011930055916,0.0,11.311655694829668,9.86131511356289,0,18.57941340571622,1189.082457965838,2097152.0,2,0.5,0.5,0.0,0.0,0.0,79.16476908349105,0.008400005754083395,0.0,60.41059156330483,18.745777514432138,0,1,0,17.94782317945137,61.216945904039676,0.0,1048576,1048576,0,8,4,0.25,2,0.5,0,1,1.0,0.19776865982085054,3,3,0,1.0,0.0,0.0,1.0,0,0.5,0.5,0.0,0.9365234375,0.0634765625,0.0,256,1024,0,0.0,461.76801779732057,262.19539999146946,0.0,184.18275555076906,15.389862255082042,0,3043.8130139999625,0,2613.2299139907186,1.4443610891512346e-06,1.0080459469678655e-06,1.6858168442374463e-06,3.090488755887914e-08,8.999575985128069e-08,8.275433371938132e-07,5.086667864960519e-06,heuristic_only,nsga2
0,555,555,train,2.379713773727417,0.29296875,0.6796875,8,64,512,414.41080000367947,72.07214732564027,2.4034944343916775,41.25685365966879,44.06869999365881,5.919603517508467,15.606976299785845,21.526579817294312,0.008300004992634058,0.0,11.999094604825215,9.519185207476463,0,19.304469611939066,1235.4860551641002,2097152.0,2,0.0,0.5,0.5,0.0,0.0,84.62530558262597,0.007399998139590025,0.0,66.84864865936632,17.769256925120068,0,1,0,0.0,57.391061701121714,27.234243881504263,0,1048576,1048576,8,4,0.25,2,0.5,0,1,1.0,0.2307606527190679,3,0,3,0.0,2.0,0.5,2.0,3,0.5,0.5,0.0,0.9521484375,0.0478515625,0.0,256,1024,0,0.0,462.92998167880296,261.3221000356134,0.0,185.89067376949725,15.717207873692292,0,1431.5617855005255,0,1017.150985496846,1.4414429465128056e-06,9.613977737566711e-07,1.7104654389006558e-06,2.9598017587542336e-08,9.364185779871506e-08,9.007215435892683e-07,5.137267578145658e-06,heuristic_only,nsga2
0,556,556,train,2.343295097351074,0.298828125,0.705078125,8,64,512,163.815899999463,11.365082979451895,2.3878007989513383,63.15707719434486,49.57200000353623,6.60998052868239,14.264922072130158,20.874902600812547,0.006499991286545992,0.0,11.685214832987032,9.18318777653897,0,48.83501030739944,3125.4406596735644,2097152.0,2,0.0,0.5,0.5,0.0,0.0,84.15201218783533,0.01030000566970557,0.0,66.29776035887218,17.843951823293438,0,1,0,0.0,57.517842848580585,26.63416933925474,0,1048576,1048576,8,4,0.25,2,0.5,0,1,1.0,0.19776865982085054,3,3,0,1.0,0.0,0.0,1.0,0,0.5,0.5,0.0,0.9462890625,0.0537109375,0.0,256,1024,0,0.0,307.6398438909924,105.360199988354,0.0,188.98008087413263,13.299563028505744,0,1431.5617855005255,0,1267.7458855010625,2.2730165958903795e-07,9.551203195805355e-07,2.585510090811955e-06,3.304990264341195e-08,8.558953243278095e-08,8.947884605568627e-07,4.781359965614584e-06,heuristic_only,nsga2
0,557,557,train,2.253037393093109,0.31640625,0.71484375,8,64,512,8523.201499992865,1904.4092459323501,4.650942818942785,81.17412211386373,47.92149999411777,316.5982997815762,32.07150284766536,348.66980262924153,0.007499998901039362,0.0,12.477592358777024,336.1847102715635,0,0.9386143295324378,60.07131709007602,2097152.0,2,0.5,0.5,0.0,0.0,0.0,81.06800324015306,0.007700000423938036,0.0,62.97343966427232,18.086863575456803,0,1,0,18.230136364423615,62.837866875729446,0.0,1048576,1048576,0,8,4,0.25,2,0.5,0,1,1.0,0.14759074590838162,3,0,3,0.0,2.0,0.5,2.0,3,0.5,0.5,0.0,0.9541015625,0.0458984375,0.0,256,1024,0,0.0,7960.937243460626,7038.938799931202,0.0,186.96844590136192,735.0299976280616,0,2996.039029501181,1,-5527.162470491684,3.8088184918647e-05,1.8603771275771138e-06,3.6278904558624373e-06,1.5829914989078812e-06,1.9242901708599213e-07,8.471403051303778e-07,4.6199013323210796e-05,heuristic_only,nsga2
0,558,558,train,2.1633810997009277,0.357421875,0.75,8,64,512,467.5225000100909,76.25850694972414,2.451409711157818,42.23639257638275,54.69960000482388,6.3906752164528235,15.682559044269908,22.07323426072273,0.008300004992634058,0.0,12.55168693465709,9.51324732107301,0,17.11143931765426,1095.1321163298726,2097152.0,2,0.5,0.5,0.0,0.0,0.0,80.48869369962576,0.008100003469735384,0.0,61.1940180773718,19.286575618784223,0,1,0,16.624832373165603,63.86386132646015,0.0,1048576,1048576,0,8,4,0.25,2,0.5,0,1,1.0,0.2307606527190679,3,3,0,1.0,0.0,0.0,1.0,0,0.5,0.5,0.0,0.9443359375,0.0556640625,0.0,256,1024,0,0.0,483.7852369490588,277.5559000147041,0.0,190.59930359422205,15.630033340132648,0,2996.039029501181,0,2528.5165294910903,1.5251701389944829e-06,9.805638844631272e-07,1.7515275001738246e-06,3.195337608226412e-08,9.409535426561944e-08,8.381366017425889e-07,5.2214468557219075e-06,heuristic_only,nsga2
0,559,559,train,2.458655059337616,0.296875,0.65625,8,64,512,451.5103000012459,76.21492463121157,2.4533364241103484,40.30064389489166,36.116299990681,6.425891191269755,14.908947256350462,21.334838447620218,0.008199989679269493,0.0,11.902063396727883,9.424575061213064,0,17.71827194574737,1133.9694045278318,2097152.0,2,0.5,0.5,0.0,0.0,0.0,74.11546248740271,0.008800008799880743,0.0,55.94375931550729,18.162903163095542,0,1,0,15.51483774310562,58.60062474429709,0.0,1048576,1048576,0,8,4,0.25,2,0.5,0,1,1.0,0.14759070521249812,3,0,3,0.0,2.0,0.5,2.0,3,0.5,0.5,0.0,0.95703125,0.04296875,0.0,256,1024,0,0.0,475.87561980085434,276.87020001758356,0.0,182.9358800608518,16.069539722419012,0,2996.039029501181,0,2544.5287294999353,1.5242984926242317e-06,9.813345696441393e-07,1.6705558871793773e-06,3.2129455956348775e-08,8.945368353810276e-08,7.721843003602385e-07,5.069956389302437e-06,heuristic_only,nsga2
0,560,560,train,2.3127403259277344,0.306640625,0.6953125,8,64,512,426.94510000001173,70.68185435663652,2.657428689384327,40.94485252296831,45.10699999809731,6.16068878174321,16.176857535637204,22.337546317380415,0.00750001345295459,0.0,12.181282929766306,10.148763374161154,0,18.737728251879524,1199.2146081202895,2097152.0,2,0.5,0.5,0.0,0.0,0.0,79.16333211245666,0.008100003469735384,0.0,61.47074896276544,17.684483146221474,0,1,0,16.129570560232494,63.033761552224156,0.0,1048576,1048576,0,8,4,0.25,2,0.5,0,1,1.0,0.2201412464909665,3,3,0,1.0,0.0,0.0,1.0,0,0.5,0.5,0.0,0.9404296875,0.0595703125,0.0,256,1024,0,0.0,457.13654227595663,255.96859998768196,0.0,185.30377852353377,15.864163764740926,0,2996.039029501181,0,2569.0939295011694,1.4136370871327303e-06,1.0629714757537308e-06,1.6946192130726703e-06,3.080344390871605e-08,9.706114521382322e-08,8.238924622450316e-07,5.122984827326703e-06,heuristic_only,nsga2
0,561,561,train,2.4890496730804443,0.248046875,0.6328125,8,64,512,449.58390000101645,74.95804069959017,2.4793578987700955,40.9378619365065,38.33860000304412,6.759418585592359,16.817114368331335,23.576532953923696,0.008700008038431406,0.0,12.667184660961578,10.900648284923685,0,17.794191931227925,1138.8282835985872,2097152.0,2,0.5,0.5,0.0,0.0,0.0,77.80374500376595,0.007999988156370819,0.0,59.15426016540347,18.6414848502061,0,1,0,16.38338766099256,61.420357342773386,0.0,1048576,1048576,0,8,4,0.25,2,0.5,0,1,1.0,0.2201412464909665,3,0,3,0.0,2.0,0.5,2.0,3,0.5,0.5,0.0,0.953125,0.046875,0.0,256,1024,0,0.0,473.5010421394671,273.29879999160767,0.0,183.83900409003945,16.363238057819967,0,2996.039029501181,0,2546.4551295001647,1.4991608139918036e-06,9.917431595080382e-07,1.6997018765599892e-06,3.3797092927961795e-08,1.00902686209988e-07,8.108042253596447e-07,5.136109854557425e-06,heuristic_only,nsga2
0,562,562,train,2.5132367610931396,0.224609375,0.65234375,8,64,512,2651.0257000045385,156.70611447921016,19.11324269951812,196.15679062790318,133.01760000467766,6.266254302646727,133.10885997111185,139.37511427375858,0.008500006515532732,0.0,11.550530028899859,127.8160842383432,0,3.017698765533483,193.13272099414291,2097152.0,2,0.5,0.5,0.0,0.0,0.0,79.93050753937575,0.007999988156370819,0.0,61.737786563524416,18.184720987694966,0,1,0,16.8026548166555,63.12785272272025,0.0,1048576,1048576,0,8,4,0.25,2,0.5,0,1,1.0,0.2201412464909665,3,3,0,1.0,0.0,0.0,1.0,0,0.5,0.5,0.0,0.953125,0.046875,0.0,256,1024,0,0.0,1487.9045912265256,598.8411000289489,0.0,187.17221564838007,701.8912755491967,0,3690.369639002525,0,1039.3439389979867,3.134122289584203e-06,7.645297079807249e-06,8.011148645508701e-06,3.1331271513233636e-08,7.98653159826671e-07,8.329103850270684e-07,2.0453462831267122e-05,heuristic_only,nsga2
0,563,563,train,2.5214239358901978,0.2734375,0.638671875,8,64,512,431.90740000864025,72.73006624223926,2.4047423654120026,40.28376301346937,39.709300006506965,6.485702340248533,14.730513972061846,21.21621631231038,0.00999998883344233,0.0,12.511834002612721,8.694382320864218,0,18.522445962708673,1185.436541613355,2097152.0,2,0.5,0.0,0.5,0.0,0.0,42.284318184737614,0.007700000423938036,0.0,24.057079128393944,18.219539055919732,0,1,0,16.109320394141463,0.0,26.17499779059615,1048576,0,1048576,8,4,0.25,2,0.5,0,1,1.0,0.2307606527190679,3,0,3,0.0,2.0,0.5,2.0,3,0.5,0.5,0.0,0.947265625,0.052734375,0.0,256,1024,0,0.0,461.67428648448254,263.13150000351015,0.0,182.1748043063016,16.367982174670754,0,3690.369639002525,0,3258.462238993885,1.4546013248447855e-06,9.618969461648013e-07,1.6695039489218543e-06,3.242851170124267e-08,8.838308383237107e-08,4.5506182263565904e-07,4.661875638100714e-06,heuristic_only,nsga2
0,564,564,train,2.5595905780792236,0.259765625,0.6484375,8,64,512,163.66730000299867,11.469257130212975,2.344511580375235,61.06865811060587,50.060599998687394,6.540169683000441,14.152217042330447,20.692386725330888,0.007299997378140688,0.0,12.174343890156411,8.510742837796336,0,48.87934926832763,3128.2783531729683,2097152.0,2,0.5,0.5,0.0,0.0,0.0,76.84505664642538,0.00790000194683671,0.0,58.82534802501935,18.011808619459188,0,1,0,17.554757205046087,59.29029944137929,0.0,1048576,1048576,0,8,4,0.25,2,0.5,0,1,1.0,0.14759070521249812,3,3,0,1.0,0.0,0.0,1.0,0,0.5,0.5,0.0,0.94921875,0.05078125,0.0,256,1024,0,0.0,299.52970728477635,102.4483000364853,0.0,183.8447909044673,13.236616343823732,0,3690.369639002525,0,3526.7023389995265,2.2938514260425954e-07,9.378046321500941e-07,2.4972995240069048e-06,3.2700848415002205e-08,8.491330225398267e-08,8.03560080874346e-07,4.585663530304589e-06,heuristic_only,nsga2
0,565,565,train,2.210222065448761,0.3125,0.728515625,8,64,512,294.65400001208764,50.057608959018026,2.4438045971374365,40.6383009891094,37.95479999098461,6.873268386151517,15.646580129552415,22.519848515703934,0.008300004992634058,0.0,12.349480932401088,10.16206757831021,0,27.150396224981137,1737.6253583987927,2097152.0,2,0.0,0.5,0.5,0.0,0.0,87.51318223357089,0.008400005754083395,0.0,69.40238103364729,18.102401194169524,0,1,0,0.0,62.262863353104066,25.25031888046683,0,1048576,1048576,8,4,0.25,2,0.5,0,1,1.0,0.14759070521249812,3,0,3,0.0,2.0,0.5,2.0,3,0.5,0.5,0.0,0.9609375,0.0390625,0.0,256,1024,0,0.0,372.55885818105946,172.50200000125915,0.0,184.62918402868962,15.42767415111069,0,3690.369639002525,0,3395.7156389904376,1.0011521791803605e-06,9.775218388549745e-07,1.6831786946090159e-06,3.4366341930757586e-08,9.387948077731447e-08,9.256324600966426e-07,4.715730995449066e-06,heuristic_only,nsga2
0,566,566,train,2.1919997930526733,0.3203125,0.712890625,8,64,512,106.70289999688976,12.462736333301029,2.393923279480055,50.266591900798325,51.74170000827871,6.348184686781211,15.172509704713104,21.520694391494317,0.00790000194683671,0.0,11.92131504455903,9.591479344988448,0,74.97382944984379,4798.325084790003,2097152.0,2,0.5,0.0,0.5,0.0,0.0,44.08210013102674,0.007399998139590025,0.0,26.749386995891495,17.325313136995657,0,1,0,17.111937774766176,0.0,26.970162356260566,1048576,0,1048576,8,4,0.25,2,0.5,0,1,1.0,0.2307606527190679,3,3,0,1.0,0.0,0.0,1.0,0,0.5,0.5,0.0,0.94140625,0.05859375,0.0,256,1024,0,0.0,260.4930060543177,55.728200008161366,0.0,188.2974775278399,16.467328518316393,0,3690.369639002525,0,3583.6667390056355,2.492547266660206e-07,9.575693117920223e-07,2.0700755190842117e-06,3.174092343390606e-08,9.103505822827861e-08,4.750448768597998e-07,3.87472041606424e-06,heuristic_only,nsga2
0,567,567,train,2.2116090059280396,0.31640625,0.728515625,8,64,512,418.9711999933934,71.77881553204914,2.568737337640582,40.788859158015484,39.55490000953432,6.517596202672221,17.019987779248297,23.53758398192052,0.007800001185387373,0.0,12.556134372173052,10.973649608562077,0,19.094345639462833,1222.0381209256213,2097152.0,2,0.5,0.0,0.5,0.0,0.0,40.23387406538537,0.007800001185387373,0.0,22.96218558177329,17.263888482426697,0,1,0,16.04163317106392,0.0,24.19224089432145,1048576,0,1048576,8,4,0.25,2,0.5,0,1,1.0,0.20915249756217386,3,0,3,0.0,2.0,0.5,2.0,3,0.5,0.5,0.0,0.9404296875,0.0595703125,0.0,256,1024,0,0.0,460.5456481108208,260.16929997422267,0.0,183.49192008289236,16.884428053705797,0,3690.369639002525,0,3271.398439009132,1.4355763106409828e-06,1.0274949350562329e-06,1.690855314495788e-06,3.258798101336111e-08,1.0211992667548978e-07,4.3442200699598154e-07,4.723056474877836e-06,heuristic_only,nsga2
0,568,568,train,2.383370578289032,0.291015625,0.671875,8,64,512,432.02749999181833,72.83577679405116,2.3265611588688646,41.130472214328755,42.27000000537373,6.40711474435516,14.093243066373391,20.500357810728552,0.007100010407157242,0.0,12.246839869388971,8.246417930932422,0,18.517296891643728,1185.1070010651986,2097152.0,2,0.5,0.5,0.0,0.0,0.0,75.42217061375902,0.007499998901039362,0.0,58.02810631569296,17.386564299165023,0,1,0,16.17080534352472,59.2513652702343,0.0,1048576,1048576,0,8,4,0.25,2,0.5,0,1,1.0,0.1859599251701455,3,3,0,1.0,0.0,0.0,1.0,0,0.5,0.5,0.0,0.9453125,0.0546875,0.0,256,1024,0,0.0,465.1712406689951,263.15629997407086,0.0,186.4794159541187,15.53552474080554,0,2221.7976605036483,0,1789.77016051183,1.4567155358810232e-06,9.30624463547546e-07,1.7073974944724224e-06,3.20355737217758e-08,8.455945839824034e-08,7.865633168246397e-07,4.997895842845646e-06,heuristic_only,nsga2
0,569,569,train,2.1556708216667175,0.34765625,0.720703125,8,64,512,425.1436999911675,72.68547417307488,2.701790581224383,40.810536636232804,57.31730000115931,5.828571828331914,16.56448118041743,22.393053008749344,0.009499999578110874,0.0,11.920952965807786,10.462600043363448,0,18.817122735309184,1204.2958550597878,2097152.0,2,0.5,0.5,0.0,0.0,0.0,81.71965976956265,0.007100010407157242,0.0,63.41626904739215,18.29629071176335,0,1,0,17.944441077821356,63.7752186917413,0.0,1048576,1048576,0,8,4,0.25,2,0.5,0,1,1.0,0.14759070521249812,3,0,3,0.0,2.0,0.5,2.0,3,0.5,0.5,0.0,0.9609375,0.0390625,0.0,256,1024,0,0.0,464.7912055621283,263.46520001243334,0.0,186.83677295887628,14.489232590818668,0,2221.7976605036483,0,1796.6539605124808,1.4537094834614978e-06,1.0807162324897533e-06,1.6894123413432034e-06,2.9142859141659576e-08,9.938688708250457e-08,8.530854798512693e-07,5.205453283369888e-06,heuristic_only,nsga2
0,570,570,train,2.3514336347579956,0.291015625,0.6875,8,64,512,436.9810999924084,76.19608302117256,2.5453912217419443,42.71534427592481,38.105400002677925,6.658147937600973,14.329319771603156,20.98746770920413,0.008099988917820156,0.0,11.0192586465789,9.960109073707411,0,18.30738604656571,1171.6727069802055,2097152.0,2,0.5,0.5,0.0,0.0,0.0,81.05753956155235,0.007300011930055916,0.0,62.72388932301594,18.326350226606348,0,1,0,17.436846959609987,63.62069260194236,0.0,1048576,1048576,0,8,4,0.25,2,0.5,0,1,1.0,0.2201412464909665,3,3,0,1.0,0.0,0.0,1.0,0,0.5,0.5,0.0,0.9521484375,0.0478515625,0.0,256,1024,0,0.0,485.8272740753572,274.15800000017043,0.0,188.55927400547907,23.11000006970776,0,2221.7976605036483,0,1784.81656051124,1.5239216604234514e-06,1.018156488696778e-06,1.7722996384517577e-06,3.329073968800487e-08,8.597591862961893e-08,8.454490895347435e-07,5.279093535424355e-06,heuristic_only,nsga2
0,571,571,train,2.4648947715759277,0.2421875,0.6796875,8,64,512,104.09149999031797,12.343060600867783,2.367853072836371,48.937296986869995,61.86040000466164,6.106609285666948,15.436703327112818,21.543312612779765,0.008099988917820156,0.0,12.348183639474204,9.18702898438774,0,76.854720568188,4918.702116364032,2097152.0,2,0.5,0.5,0.0,0.0,0.0,73.27015708949742,0.007800001185387373,0.0,55.564624618489,17.69773246982303,0,1,0,15.834459399924825,57.43569768957259,0.0,1048576,1048576,0,8,4,0.25,2,0.5,0,1,1.0,0.18595995617580352,3,0,3,0.0,2.0,0.5,2.0,3,0.5,0.5,0.0,0.9541015625,0.0458984375,0.0,256,1024,0,0.0,254.5928426422966,54.06219998258166,0.0,185.04281767990207,15.487824979812881,0,2221.7976605036483,0,2117.7061605133304,2.4686121201735563e-07,9.471412291345486e-07,2.0148317361870762e-06,3.053304642833474e-08,9.26202199626769e-08,7.643704896948238e-07,4.096357933424816e-06,heuristic_only,nsga2
0,572,572,train,2.556046485900879,0.232421875,0.638671875,8,64,512,751.8037999980152,73.66627326856201,8.26804511619572,40.767262041164365,50.84019999776501,5.794537351404003,63.32071130387146,69.11524865527547,0.00790000194683671,0.0,11.320493325005202,57.786855328323426,0,10.641060019863028,681.0278412712338,2097152.0,2,0.5,0.5,0.0,0.0,0.0,78.6942534417003,0.012100004823878407,0.0,60.81263590237242,17.869517534504,0,1,0,17.329752335093943,61.364501106606355,0.0,1048576,1048576,0,8,4,0.25,2,0.5,0,1,1.0,0.26061071707684524,3,3,0,1.0,0.0,0.0,1.0,0,0.5,0.5,0.0,0.943359375,0.056640625,0.0,256,1024,0,0.0,490.80632170368835,267.08479996887036,0.0,184.41545371618858,39.306068018629404,0,2221.7976605036483,0,1469.9938605056332,1.47332546537124e-06,3.307218046478289e-06,1.6867515098933858e-06,2.8972686757020017e-08,3.799242678232287e-07,8.216020390871909e-07,7.697794015410353e-06,heuristic_only,nsga2
0,573,573,train,2.2473806142807007,0.298828125,0.712890625,8,64,512,534.3458999996074,95.227974341402,3.450765175440227,43.342269790692534,39.361000002827495,26.572786034316838,23.179365077904862,49.752151112221696,0.146100006531924,0.0,13.030009508403515,36.57604159728626,0,14.971547509690573,958.1790406201967,2097152.0,2,0.5,0.5,0.0,0.0,0.0,81.02498558891715,0.007599999662488699,0.0,63.33071717275774,17.686668416496918,0,1,0,17.25039709063846,63.77458849827868,0.0,1048576,1048576,0,8,4,0.25,2,0.5,0,1,1.0,0.241032865595602,3,0,3,0.0,2.0,0.5,2.0,3,0.5,0.5,0.0,0.947265625,0.052734375,0.0,256,1024,0,0.0,568.0840372301391,318.3458999992581,0.0,184.22447161026565,65.51366562061531,0,2221.7976605036483,0,1687.451760504041,1.90455948682804e-06,1.3803060701760909e-06,1.8137741209982995e-06,1.328639301715842e-07,1.3907619046742917e-07,8.447506500704482e-07,6.215330448711893e-06,heuristic_only,nsga2
0,574,574,train,2.3899085521698,0.28515625,0.6796875,8,64,512,159.79600000719074,11.384284321965197,2.5325166672455772,64.11593796107178,51.54230000334792,6.703110781793981,16.983114763121527,23.68622554491551,0.00890000956133008,0.0,12.772854765464903,10.904470769889276,0,50.06351808632206,3204.065157524612,2097152.0,2,0.0,0.5,0.5,0.0,0.0,84.00104556918049,0.009200011845678091,0.0,66.08091003444046,17.91093552289435,0,1,0,0.0,57.76759059458988,26.2334549745906,0,1048576,1048576,8,4,0.25,2,0.5,0,1,1.0,0.16091838189257093,3,3,0,1.0,0.0,0.0,1.0,0,0.5,0.5,0.0,0.955078125,0.044921875,0.0,256,1024,0,0.0,312.1309558011302,109.94459995708894,0.0,186.96853096303934,15.21782488100197,0,2221.7976605036483,0,2062.0016604964576,2.2768568643930397e-07,1.0130066668982311e-06,2.6224505163867344e-06,3.351555390896991e-08,1.0189868857872916e-07,8.92477365640986e-07,4.891034477852955e-06,heuristic_only,nsga2
0,575,575,train,2.5824605226516724,0.294921875,0.640625,8,64,512,443.804700000328,72.3883348122862,2.58499176141729,41.19678172604313,36.235599996871315,5.802241027291972,16.4145784444798,22.21681947177177,0.009799987310543656,0.0,11.822201984026638,10.384817500434593,0,18.025906381991234,1153.658008447439,2097152.0,2,0.5,0.5,0.0,0.0,0.0,79.73372290057122,0.008000002708286047,0.0,62.02478941856578,17.700933479297152,0,1,0,16.440180658532658,63.29354224203856,0.0,1048576,1048576,0,8,4,0.25,2,0.5,0,1,1.0,0.17369072493825644,3,0,3,0.0,2.0,0.5,2.0,3,0.5,0.5,0.0,0.947265625,0.052734375,0.0,256,1024,0,0.0,464.6804331989865,262.29059998877347,0.0,184.40129366752475,17.98853954268825,0,2221.7976605036483,0,1777.9929605033203,1.447766696245724e-06,1.033996704566916e-06,1.7115983109273807e-06,2.9011205136459863e-08,9.84874706668788e-08,8.302175903227775e-07,5.151077977866137e-06,heuristic_only,nsga2
0,576,576,train,2.4907063841819763,0.265625,0.666015625,8,64,512,306.79159999999683,51.97585286777919,2.5062827880626495,40.05448034583699,52.10810000426136,6.6578856816891605,15.012221728329738,21.6701074100189,0.007800001185387373,0.0,12.18947127022098,9.472836138612532,0,26.07624825370652,1668.8798882372173,2097152.0,2,0.5,0.5,0.0,0.0,0.0,77.41525705665414,0.007700000423938036,0.0,60.75924435682598,16.648312699404222,0,1,0,15.839640537803882,61.57561651885026,0.0,1048576,1048576,0,8,4,0.25,2,0.5,0,1,1.0,0.2091524583687337,3,3,0,1.0,0.0,0.0,1.0,0,0.5,0.5,0.0,0.9560546875,0.0439453125,0.0,256,1024,0,0.0,378.1464640067153,180.89560001681093,0.0,182.08754663907786,15.163317350826567,0,2221.7976605036483,0,1915.0060605036515,1.039517057355584e-06,1.0025131152250598e-06,1.6589100144391879e-06,3.3289428408445804e-08,9.007333036997841e-08,8.058318516421492e-07,4.6301347974404045e-06,heuristic_only,nsga2
0,577,577,train,2.458225667476654,0.2734375,0.654296875,8,64,512,419.24610000569373,72.2020426296381,2.4018793058985977,39.97027493032864,36.02120000869036,5.955444893720409,14.837717672948118,20.793162566668528,0.007399998139590025,0.0,11.514815284012503,9.270947284516435,0,19.081825491199233,1221.236831436751,2097152.0,2,0.5,0.5,0.0,0.0,0.0,79.01908432193896,0.007399998139590025,0.0,60.68637204936461,18.325312274434772,0,1,0,16.209080452525377,62.810003869413585,0.0,1048576,1048576,0,8,4,0.25,2,0.5,0,1,1.0,0.2091524583687337,3,0,3,0.0,2.0,0.5,2.0,3,0.5,0.5,0.0,0.9521484375,0.0478515625,0.0,256,1024,0,0.0,458.2967874634614,262.7914000186138,0.0,180.59583363410306,14.909553810744537,0,1976.0134295017574,0,1556.7673294960637,1.4440408525927622e-06,9.60751722359439e-07,1.657790704884516e-06,2.9777224468602047e-08,8.90263060376887e-08,8.226090041244404e-07,5.003995814467448e-06,heuristic_only,nsga2
0,578,578,train,2.5251529216766357,0.275390625,0.6171875,8,64,512,149.7518999967724,10.972775165007942,2.3570181285675234,61.560791574094864,50.90680001012515,6.09508224558996,14.661972732161901,20.75705497775186,0.008599978173151612,0.0,12.03352296609922,8.714932033479489,0,53.421336082122096,3418.965509255814,2097152.0,2,0.5,0.0,0.5,0.0,0.0,42.0780820376455,0.008199989679269493,0.0,23.876856146642947,18.19302590132329,0,1,0,15.65467946138293,0.0,26.423402576262575,1048576,0,1048576,8,4,0.25,2,0.5,0,1,1.0,0.2091524583687337,3,3,0,1.0,0.0,0.0,1.0,0,0.5,0.5,0.0,0.953125,0.046875,0.0,256,1024,0,0.0,299.5623394706813,103.14919997472316,0.0,182.94572883584223,13.46741066011592,0,1976.0134295017574,0,1826.261529504985,2.1945550330015886e-07,9.428072514270097e-07,2.5185709737230514e-06,3.04754112279498e-08,8.79718363929714e-08,4.520901792992209e-07,4.251371155370362e-06,heuristic_only,nsga2
0,579,579,train,2.388271927833557,0.330078125,0.6875,8,64,512,444.7795999876689,75.67711323638648,2.64173505974493,41.45099924252628,37.04939999443013,6.513133633244092,15.247757472974914,21.760891106219006,0.007499998901039362,0.0,12.579903771034374,9.173487336283593,0,17.986395989892078,1151.129343353093,2097152.0,2,0.5,0.5,0.0,0.0,0.0,78.1571063248814,0.008000017260201275,0.0,60.765289904490395,17.383816403130794,0,1,0,17.14791210747095,61.00919421741044,0.0,1048576,1048576,0,8,4,0.25,2,0.5,0,1,1.0,0.18595995617580352,3,0,3,0.0,2.0,0.5,2.0,3,0.5,0.5,0.0,0.9560546875,0.0439453125,0.0,256,1024,0,0.0,479.0793901546307,276.7928999965079,0.0,186.23602776614484,16.050462391977938,0,1976.0134295017574,0,1531.2338295140885,1.5135422647277294e-06,1.0566940238979722e-06,1.7163709554642426e-06,3.2565668166220464e-08,9.148654483784949e-08,8.158668874637558e-07,5.22652634455777e-06,heuristic_only,nsga2
0,580,580,train,2.4648596048355103,0.27734375,0.681640625,8,64,512,416.123000002699,70.76169800206294,2.583892970404147,41.02586258239623,38.398100004997104,6.11272126625679,16.343484069019603,22.456205335276394,0.008199989679269493,0.0,11.379546247850783,11.06845909774634,0,19.225038690265674,1230.402476177003,2097152.0,2,0.0,0.5,0.5,0.0,0.0,87.92883199423878,0.00790000194683671,0.0,70.9812132590058,16.939718733286142,0,1,0,0.0,60.40448100044961,27.524350993789174,0,1048576,1048576,8,4,0.25,2,0.5,0,1,1.0,0.2201412464909665,3,3,0,1.0,0.0,0.0,1.0,0,0.5,0.5,0.0,0.935546875,0.064453125,0.0,256,1024,0,0.0,457.4858142194533,253.8778000016464,0.0,186.12266648001705,17.485347737789795,0,1976.0134295017574,0,1559.8904294990584,1.415233960041259e-06,1.0335571881616586e-06,1.7027526503241743e-06,3.056360633128395e-08,9.80609044141176e-08,9.343370219299662e-07,5.214505331202459e-06,heuristic_only,nsga2
0,581,581,train,2.612663149833679,0.25390625,0.623046875,8,64,512,282.66189999703784,46.36145550310231,2.3757953044135194,41.28003537523492,39.48389999277424,6.157588175660684,15.465530754874145,21.62311893053483,0.009700001101009548,0.0,11.416252794742963,10.197166134690857,0,28.302263933766465,1811.3448917610538,2097152.0,2,0.5,0.5,0.0,0.0,0.0,76.57441090786278,0.008600007276982069,0.0,58.20768297607277,18.358127924513028,0,1,0,15.766489113374707,60.807921794488074,0.0,1048576,1048576,0,8,4,0.25,2,0.5,0,1,1.0,0.17369070345169255,3,0,3,0.0,2.0,0.5,2.0,3,0.5,0.5,0.0,0.9501953125,0.0498046875,0.0,256,1024,0,0.0,360.0691447310029,156.1923000117531,0.0,187.10489685702046,16.77194786222941,0,1976.0134295017574,0,1693.3515295047196,9.272291100620464e-07,9.503181217654079e-07,1.7129617106096756e-06,3.078794087830342e-08,9.279318452924485e-08,7.972770873053772e-07,4.511367155150055e-06,heuristic_only,nsga2
0,582,582,train,2.4060853123664856,0.287109375,0.677734375,8,64,512,397.8534000052605,67.937827486595,2.7340954566586233,40.54414228943749,36.88289999263361,6.592197907490451,17.512991471980843,24.105189379471295,0.008999995770864189,0.0,12.525138184420207,11.571051199280223,0,20.107858553013926,1286.9029473928913,2097152.0,2,0.5,0.5,0.0,0.0,0.0,76.1520836392796,0.007499998901039362,0.0,59.60485079594451,16.539732844434056,0,1,0,15.358796888631996,60.7932867506476,0.0,1048576,1048576,0,8,4,0.25,2,0.5,0,1,1.0,0.241032865595602,3,3,0,1.0,0.0,0.0,1.0,0,0.5,0.5,0.0,0.9482421875,0.0517578125,0.0,256,1024,0,0.0,444.86426093076443,244.38839996582828,0.0,184.97394418820198,15.501916776734149,0,1976.0134295017574,0,1578.160029496497,1.3587565497318998e-06,1.0936381826634494e-06,1.6809755245259575e-06,3.296098953745226e-08,1.0507794883188504e-07,7.9223843017006e-07,5.063647625460703e-06,heuristic_only,nsga2
0,583,583,train,2.5976712703704834,0.248046875,0.63671875,8,64,512,3854.120200005127,413.5771804313059,5.014842118486845,213.42097765710042,257.499999992433,6.238748793260557,38.48825366504825,44.7270024583088,0.008100003469735384,0.0,12.314873002308321,32.40402945253075,0,2.075700162202828,132.844810380981,2097152.0,2,0.5,0.5,0.0,0.0,0.0,78.62149936766005,0.008199989679269493,0.0,59.42827453999443,19.185024837986354,0,1,0,16.305106736527286,62.31639263113277,0.0,1048576,1048576,0,8,4,0.25,2,0.5,0,1,1.0,0.2201412464909665,3,0,3,0.0,2.0,0.5,2.0,3,0.5,0.5,0.0,0.953125,0.046875,0.0,256,1024,0,0.0,2528.0520008275726,1626.3045999658061,0.0,184.60533746586128,717.1420633959052,0,3644.000442505345,1,-210.11975749978228,8.271543608626118e-06,2.005936847394738e-06,9.97579806192982e-06,3.1193743966302785e-08,2.3092952199028946e-07,8.188252071496551e-07,2.133422699105692e-05,heuristic_only,nsga2
0,584,584,train,2.5556716322898865,0.267578125,0.638671875,8,64,512,415.3457000065828,70.98791157824799,2.6105067777983644,40.12823009659809,36.62630000326317,5.835586920465541,16.018610236863083,21.854197157328624,0.009199997293762863,0.0,12.214095170430085,9.630901989604777,0,19.26101736181655,1232.7051111562591,2097152.0,2,0.5,0.5,0.0,0.0,0.0,77.47859155637063,0.010199990356341004,0.0,59.53567650109043,17.93271506492386,0,1,0,16.078654731213145,61.39993682515748,0.0,1048576,1048576,0,8,4,0.25,2,0.5,0,1,1.0,0.14759070521249812,3,3,0,1.0,0.0,0.0,1.0,0,0.5,0.5,0.0,0.955078125,0.044921875,0.0,256,1024,0,0.0,454.9065938105777,257.36989997676574,0.0,181.95374577247742,15.582948061334573,0,3644.000442505345,0,3228.654742498762,1.41975823156496e-06,1.0442027111193455e-06,1.6629920996950456e-06,2.917793460232771e-08,9.611166142117849e-08,8.069432250261325e-07,5.059185863428991e-06,heuristic_only,nsga2
0,585,585,train,2.86261123418808,0.234375,0.58984375,8,64,512,461.90650000062305,75.24991779861884,2.571884373996052,41.30330012511237,36.1449000047287,6.220199318767747,16.016541183965476,22.236740502733223,0.008000002708286047,0.0,11.156090857964482,11.072649642060455,0,17.319484961792586,1108.4470375547255,2097152.0,2,0.5,0.5,0.0,0.0,0.0,79.41030941812565,0.007800001185387373,0.0,60.91079628575139,18.49171313118887,0,1,0,17.522984859824533,61.88732455830112,0.0,1048576,1048576,0,8,4,0.25,2,0.5,0,1,1.0,0.2201412464909665,3,0,3,0.0,2.0,0.5,2.0,3,0.5,0.5,0.0,0.94921875,0.05078125,0.0,256,1024,0,0.0,476.50040919090907,274.7522000136087,0.0,186.01187490377856,15.736334273521852,0,3644.000442505345,0,3182.093942504722,1.5049983559723767e-06,1.0287537495984208e-06,1.7113660823062831e-06,3.110099659383874e-08,9.609924710379285e-08,8.291490639009056e-07,5.201467495475618e-06,heuristic_only,nsga2
0,586,586,train,2.579400897026062,0.291015625,0.64453125,8,64,512,435.6104000034975,72.80903068024384,2.270912336827451,41.594576817625764,37.10430000501219,6.305500730964951,13.52693999188357,19.83244072284852,0.008000002708286047,0.0,12.184908032237935,7.639532687902298,0,18.36499228426017,1175.3595061926508,2097152.0,2,0.5,0.5,0.0,0.0,0.0,76.47063470554065,0.007599999662488699,0.0,57.66214116377195,18.80089354210621,0,1,0,16.929600400214937,59.54103430532571,0.0,1048576,1048576,0,8,4,0.25,2,0.5,0,1,1.0,0.26994862967019156,3,3,0,1.0,0.0,0.0,1.0,0,0.5,0.5,0.0,0.9423828125,0.0576171875,0.0,256,1024,0,0.0,466.69807933878815,263.336200005142,0.0,188.03178304924822,15.33009628439794,0,3644.000442505345,0,3208.3900425018473,1.4561806136048766e-06,9.083649347309805e-07,1.7275062977241476e-06,3.152750365482476e-08,8.116163995130142e-08,7.985655478558364e-07,5.0033065375219674e-06,heuristic_only,nsga2
0,587,587,train,2.535641074180603,0.25,0.65234375,8,64,512,356.5893000049982,63.17158970850021,2.3003248919145496,40.83223751060483,42.458399999304675,6.18714711390875,14.548966976117187,20.736114090025936,0.009799987310543656,0.0,11.188040639902251,9.538273462813143,0,22.434710085742285,1435.8214454875063,2097152.0,2,0.5,0.5,0.0,0.0,0.0,77.09678403664228,0.007299997378140688,0.0,60.14273032954952,16.946753709714613,0,1,0,15.35821246740016,61.73857156924211,0.0,1048576,1048576,0,8,4,0.25,2,0.5,0,1,1.0,0.24103284089209526,3,0,3,0.0,2.0,0.5,2.0,3,0.5,0.5,0.0,0.9521484375,0.0478515625,0.0,256,1024,0,0.0,425.21660844407836,224.8305999673903,0.0,184.66858457004597,15.717423906642045,0,1976.0134295017574,0,1619.4241294967592,1.2634317941700041e-06,9.201299567658199e-07,1.6916917331675313e-06,3.0935735569543754e-08,8.729380185670312e-08,8.01684265301223e-07,4.795167286830825e-06,heuristic_only,nsga2
0,588,588,train,2.6046491861343384,0.248046875,0.642578125,8,64,512,426.6731000097934,70.69089189675698,2.3911285628821526,41.25309914231602,37.312899992684834,6.270125927915822,15.068332027567799,21.33845795548362,0.008499991963617504,0.0,12.299101723432058,9.030856240087946,0,18.749673345104323,1199.9790940866767,2097152.0,2,0.5,0.5,0.0,0.0,0.0,76.0210393105261,0.007600014214403927,0.0,57.48032256680837,18.53311672950334,0,1,0,17.520526750015527,58.500512560510586,0.0,1048576,1048576,0,8,4,0.25,2,0.5,0,1,1.0,0.2201412464909665,3,3,0,1.0,0.0,0.0,1.0,0,0.5,0.5,0.0,0.9541015625,0.0458984375,0.0,256,1024,0,0.0,457.34047840782057,256.37720002850983,0.0,185.0446002364156,15.918678142895168,0,1976.0134295017574,0,1549.340329491964,1.4138178379351398e-06,9.564514251528612e-07,1.7123398729279046e-06,3.135062963957911e-08,9.040999216540678e-08,7.952514466052922e-07,4.9996212044261836e-06,heuristic_only,nsga2
0,589,589,train,2.5318562388420105,0.271484375,0.625,8,64,512,428.68169999565,72.82963657452856,2.549183501369095,41.03052577128693,38.804800002253614,5.803735234445634,14.736373537201459,20.54010877164709,0.008699993486516178,0.0,10.86055016366507,9.670858614495508,0,18.6618214359506,1194.3565719008384,2097152.0,2,0.5,0.5,0.0,0.0,0.0,77.66814049608237,0.007700000423938036,0.0,60.11764892211471,17.54279157354372,0,1,0,17.19045844235994,60.47768205372243,0.0,1048576,1048576,0,8,4,0.25,2,0.5,0,1,1.0,0.17369070345169255,3,0,3,0.0,2.0,0.5,2.0,3,0.5,0.5,0.0,0.943359375,0.056640625,0.0,256,1024,0,0.0,465.63738338873844,264.11119995464105,0.0,186.3496971661775,15.1764862679199,0,1976.0134295017574,0,1547.3317295061074,1.4565927314905716e-06,1.0196734005476384e-06,1.6996373808652067e-06,2.901867617222817e-08,8.841824122320875e-08,8.110623218455436e-07,5.1044027521443975e-06,heuristic_only,nsga2
0,590,590,train,2.5994837880134583,0.23046875,0.62890625,8,64,512,444.20569999783766,74.25198102018966,2.5141002901886362,40.52432752175754,40.369100010138936,6.205891432451742,16.05169853619745,22.257589968649192,0.008200004231184721,0.0,11.53987653957108,10.709513424846929,0,18.009633803449933,1152.6165634207957,2097152.0,2,0.5,0.5,0.0,0.0,0.0,77.31623562113614,0.007599999662488699,0.0,59.13890844124083,18.16972718023284,0,1,0,18.421162384751725,58.89507323638443,0.0,1048576,1048576,0,8,4,0.25,2,0.5,0,1,1.0,0.14759070521249812,3,3,0,1.0,0.0,0.0,1.0,0,0.5,0.5,0.0,0.9501953125,0.0498046875,0.0,256,1024,0,0.0,469.1616353285433,266.7232999956468,0.0,185.38122319981272,17.057112133083777,0,1976.0134295017574,0,1531.8077295039197,1.4850396204037934e-06,1.0056401160754545e-06,1.6822514704287409e-06,3.102945716225871e-08,9.63101912171847e-08,8.100046809808649e-07,5.110275536268297e-06,heuristic_only,nsga2
0,591,591,train,2.590536952018738,0.2578125,0.640625,8,64,512,351.36299999430776,62.96854869534566,2.4649252388212712,41.35670920723098,37.61129999475088,6.507592136955101,14.53361436750424,21.041206504459343,0.007600014214403927,0.0,12.363420419491105,8.670186070753832,0,22.768411106799796,1457.178310835187,2097152.0,2,0.5,0.5,0.0,0.0,0.0,75.33493631038161,0.00890000956133008,0.0,56.28368221819877,19.042354082621525,0,1,0,17.21986261821865,58.115073692162966,0.0,1048576,1048576,0,8,4,0.25,2,0.5,0,1,1.0,0.14759074590838162,3,0,3,0.0,2.0,0.5,2.0,3,0.5,0.5,0.0,0.9501953125,0.0498046875,0.0,256,1024,0,0.0,427.1607325655916,223.793899975135,0.0,187.56106264086677,15.805769949589898,0,1976.0134295017574,0,1624.6504295074496,1.2593709739069133e-06,9.859700955285085e-07,1.7138977957008939e-06,3.253796068477551e-08,8.720168620502544e-08,7.877890883402535e-07,4.8667676003663705e-06,heuristic_only,nsga2
0,592,592,train,2.465505599975586,0.3203125,0.677734375,8,64,512,8668.810600007419,1858.1604662053835,3.474973648824484,69.04954383215382,42.23610000917688,351.0831136757969,23.72711317752117,374.81022685331806,0.010599993402138352,0.0,11.749020247626554,363.05060661228936,0,0.9228485251649897,59.06230561055934,2097152.0,2,0.5,0.5,0.0,0.0,0.0,75.75911443909456,0.006900008884258568,0.0,57.98249301160599,17.769721418604295,0,1,0,18.028254055689835,57.73086038340472,0.0,1048576,1048576,0,8,4,0.25,2,0.5,0,1,1.0,0.18595995617580352,3,3,0,1.0,0.0,0.0,1.0,0,0.5,0.5,0.0,0.947265625,0.052734375,0.0,256,1024,0,0.0,7722.739934745447,6721.281400037697,0.0,190.18297770942678,811.2755569983237,0,2703.8856020021094,1,-5964.924998005309,3.716320932410767e-05,1.3899894595297937e-06,3.0369895742691193e-06,1.7554155683789845e-06,1.42362679065127e-07,7.936476525023252e-07,4.428161425785302e-05,heuristic_only,nsga2
0,593,593,train,2.6208444237709045,0.236328125,0.615234375,8,64,512,414.49420001299586,72.78023989071718,2.53340652635555,40.84704567875362,36.68659999675583,6.284370208751769,15.922862969616457,22.207233178368227,0.008200004231184721,0.0,12.326297349145488,9.872735824991553,0,19.300585386149642,1235.237464713577,2097152.0,2,0.0,0.5,0.5,0.0,0.0,87.29570871999555,0.007399998139590025,0.0,68.79255913465244,18.495749587203527,0,1,0,0.0,59.279309151565,28.016399568430543,0,1048576,1048576,8,4,0.25,2,0.5,0,1,1.0,0.2307606527190679,3,0,3,0.0,2.0,0.5,2.0,3,0.5,0.5,0.0,0.9462890625,0.0537109375,0.0,256,1024,0,0.0,464.6427683833054,263.2758000108879,0.0,183.55723975141336,17.809728621004147,0,2703.8856020021094,0,2289.3914019891135,1.4556047978143436e-06,1.01336261054222e-06,1.6962201707910935e-06,3.1421851043758844e-08,9.553717781769872e-08,9.289898863368166e-07,5.22113649434593e-06,heuristic_only,nsga2
0,594,594,train,2.599503815174103,0.265625,0.62109375,8,64,512,420.622400008142,73.47541554477311,2.476165998855362,41.163182947747835,37.135100006707944,5.652663683693058,16.730148234621286,22.382811918314346,0.010100004146806896,0.0,11.391027077439272,10.981684836728267,0,19.01938884010054,1217.2408857664345,2097152.0,2,0.5,0.5,0.0,0.0,0.0,79.89339313386253,0.007399998139590025,0.0,60.37913782527841,19.506855310444532,0,1,0,16.69564604898448,63.19774708487806,0.0,1048576,1048576,0,8,4,0.25,2,0.5,0,1,1.0,0.2201412464909665,3,3,0,1.0,0.0,0.0,1.0,0,0.5,0.5,0.0,0.962890625,0.037109375,0.0,256,1024,0,0.0,468.4590579655053,266.111400022055,0.0,186.29939866927958,16.048259274170647,0,2703.8856020021094,0,2283.2632019939674,1.4695083108954624e-06,9.904663995421448e-07,1.705800071132459e-06,2.8263318418465294e-08,1.003808894077277e-07,8.323252234365943e-07,5.126744212832852e-06,heuristic_only,nsga2
0,595,595,train,2.656649649143219,0.255859375,0.583984375,8,64,512,432.1129000018118,73.29230043466038,2.6270406514454483,41.26408992168692,38.032900003599934,5.570282861220604,14.54352778611935,20.113810647339953,0.00750001345295459,0.0,11.036307814409955,9.070002819477045,0,18.513637260839,1184.872784693696,2097152.0,2,0.5,0.5,0.0,0.0,0.0,81.45977146518823,0.00969998654909432,0.0,62.95394864702757,18.496122831611544,0,1,0,16.54530155102342,64.9144699141648,0.0,1048576,1048576,0,8,4,0.25,2,0.5,0,1,1.0,0.241032865595602,3,0,3,0.0,2.0,0.5,2.0,3,0.5,0.5,0.0,0.9443359375,0.0556640625,0.0,256,1024,0,0.0,468.73372403117094,266.8443000293337,0.0,186.83644078096546,15.052983220871802,0,2703.8856020021094,0,2271.7727020002976,1.4658460086932078e-06,1.0508162605781795e-06,1.7079602733260643e-06,2.7851414306103022e-08,8.726116671671609e-08,8.47688317753929e-07,5.187423441374199e-06,heuristic_only,nsga2
0,596,596,train,2.5085927844047546,0.244140625,0.654296875,8,64,512,519.2169999936596,74.98419826208125,3.9648782319134463,41.17329293141938,67.0998999994481,6.177569096041968,28.621021236333533,34.798590332375504,0.009199997293762863,0.0,12.158407640533841,22.630982694547896,0,15.407786325007399,986.0983248004735,2097152.0,2,0.5,0.5,0.0,0.0,0.0,77.67077494643621,0.007700000423938036,0.0,59.91043751097978,17.752637435032504,0,1,0,15.769965313989083,61.900809632447135,0.0,1048576,1048576,0,8,4,0.25,2,0.5,0,1,1.0,0.18595995617580352,3,3,0,1.0,0.0,0.0,1.0,0,0.5,0.5,0.0,0.9541015625,0.0458984375,0.0,256,1024,0,0.0,480.4894777016563,274.1043999994872,0.0,182.87777723212398,23.507300470045067,0,2703.8856020021094,0,2184.66860200845,1.499683965241625e-06,1.5859512927653786e-06,1.7106598178744724e-06,3.088784548020984e-08,1.7172612741800117e-07,8.082476800923404e-07,5.807156728872028e-06,heuristic_only,nsga2
0,597,597,train,2.5658333897590637,0.244140625,0.62890625,8,64,512,4293.344899997464,869.8201595701601,46.950657569596004,46.97183650287848,43.14560000784695,275.88540042258404,427.5953914354219,703.4807918580059,0.010400006431154907,0.0,13.15176764703198,690.3186242045429,0,1.8633485832121572,119.25430932557806,2097152.0,2,0.5,0.5,0.0,0.0,0.0,79.88755952049135,0.008200004231184721,0.0,61.914771000974795,17.964588515285367,0,1,0,15.627993944925691,64.25956557556566,0.0,1048576,1048576,0,8,4,0.25,2,0.5,0,1,1.0,0.19776865982085054,3,0,3,0.0,2.0,0.5,2.0,3,0.5,0.5,0.0,0.9560546875,0.0439453125,0.0,256,1024,0,0.0,3854.9706145705377,2974.3949999829056,0.0,181.14544823089113,699.4301663567416,0,4505.263163501003,0,211.91826350353858,1.73964031914032e-05,1.8780263027838404e-05,1.9896474542509707e-06,1.3794270021129203e-06,2.565572348612531e-06,8.301315830947649e-07,4.294144460731279e-05,heuristic_only,nsga2
0,598,598,train,2.554122745990753,0.267578125,0.646484375,8,64,512,415.16170000249986,72.377263337675,2.429367868885278,41.50651609176188,43.641399999614805,6.525652534711601,16.921406894513794,23.447059429225394,0.007499984349124134,0.0,12.368585271551005,11.070974173325267,0,19.269553839860443,1233.2514457510683,2097152.0,2,0.5,0.5,0.0,0.0,0.0,77.45007279019701,0.010499992640689015,0.0,58.001381841605905,19.438190955950418,0,1,0,16.769980531729686,60.680092258467326,0.0,1048576,1048576,0,8,4,0.25,2,0.5,0,1,1.0,0.2201412464909665,3,3,0,1.0,0.0,0.0,1.0,0,0.5,0.5,0.0,0.951171875,0.048828125,0.0,256,1024,0,0.0,465.2525891932886,260.5580000090413,0.0,187.56441987054163,17.130169313705707,0,4505.263163501003,0,4090.101463498503,1.4475452667535e-06,9.717471475541111e-07,1.7211450536956696e-06,3.262826267355801e-08,1.0152844136708275e-07,8.080406889654294e-07,5.082634861009351e-06,heuristic_only,nsga2
0,599,599,train,2.4870909452438354,0.244140625,0.65625,8,64,512,449.8405000049388,76.52437480254237,2.680327477687426,40.42676734586553,35.981399996671826,5.709224415938099,17.691140145584725,23.400364561522824,0.007700000423938036,0.0,11.885142571796607,11.50752198930228,0,17.784041712274586,1138.1786695855735,2097152.0,2,0.5,0.5,0.0,0.0,0.0,77.33748618043447,0.008100003469735384,0.0,58.60153746638596,18.727848710578776,0,1,0,17.8979646196443,59.439521560790176,0.0,1048576,1048576,0,8,4,0.25,2,0.5,0,1,1.0,0.2201412464909665,3,0,3,0.0,2.0,0.5,2.0,3,0.5,0.5,0.0,0.9521484375,0.0478515625,0.0,256,1024,0,0.0,478.52587850438124,279.0087999892421,0.0,182.8094931802002,16.707585334938955,0,4505.263163501003,0,4055.422663496064,1.5304874960508473e-06,1.0721309910749704e-06,1.6784890879467309e-06,2.8546122079690496e-08,1.0614684087350834e-07,8.091707910436334e-07,5.22497132906938e-06,heuristic_only,nsga2
0,600,600,val,2.462393283843994,0.28125,0.6484375,8,64,512,387.5810999888927,63.13353716823654,4.3237512676722405,92.22107870565853,0.0,0.0,0.0,0.0,0.0,0.0,0.0,0.0,0,20.64078810716301,1321.0104388584327,0.0,0,0.0,0.0,0.0,0.0,0.0,0.0,0.0,0.0,0.0,0.0,0,0,0,0.0,0.0,0.0,0,0,0,8,4,0.25,2,0.5,2,1,1.0,0.20915249756217386,0,0,0,0.0,0.0,0.0,0.0,0,0.5,0.5,0.0,0.947265625,0.052734375,0.0,256,1024,0,0.0,638.7134685662693,225.51039997779299,210.0,176.02710185266068,27.175966735815567,0,4505.263163501003,0,4117.68206351211,1.262670743364731e-06,1.7295005070688963e-06,3.688843148226341e-06,0.0,0.0,0.0,6.681014398659968e-06,heuristic_only,nsga2
0,600,600,train,2.6035165190696716,0.228515625,0.625,8,64,512,1994.7780000075,466.6300974070382,77.6219475251271,141.56805773970447,38.79700000106823,6.571449800132532,235.74712921405037,242.31857901418292,0.009399998816661537,220.0,12.092755630931855,10.216423384434387,0,4.010469330171373,256.6700371309679,2097152.0,2,0.5,0.5,0.0,0.0,0.0,80.88603397282463,0.010599993402138352,0.0,59.601881247899655,21.273552731522848,0,1,0,17.796286203905783,63.089747768918855,0.0,1048576,1048576,0,8,4,0.25,2,0.5,0,1,1.0,0.19776865982085054,3,3,0,1.0,0.0,0.0,1.0,0,0.5,0.5,0.0,0.9462890625,0.0537109375,0.0,256,1024,0,0.0,2743.2804106874787,1638.4926000173436,910.0,175.29666984003592,19.491140830099358,0,4505.263163501003,0,2510.485163493503,9.332601948140765e-06,3.104877901005084e-05,5.662722309588178e-06,3.285724900066266e-08,1.4144827752843022e-06,8.088603397282465e-07,4.8300303631793e-05,heuristic_only,nsga2
0,601,601,train,2.6038233637809753,0.287109375,0.6328125,8,64,512,416.1005999922054,72.88252563110811,2.512311093878137,39.645093556265856,45.991399994818494,5.817808602577356,15.439876104322309,21.257684706899667,0.009800001862458885,0.0,11.928101682193073,9.319783022844133,0,19.22607363237695,1230.4687124721247,2097152.0,2,0.5,0.5,0.0,0.0,0.0,77.38603784586942,0.008000002708286047,0.0,57.655258898928494,19.722778944232644,0,1,0,16.975540197585314,60.41049764828411,0.0,1048576,1048576,0,8,4,0.25,2,0.5,0,1,1.0,0.17369072493825644,3,0,3,0.0,2.0,0.5,2.0,3,0.5,0.5,0.0,0.9482421875,0.0517578125,0.0,256,1024,0,0.0,460.15972112500845,263.23249998677056,0.0,178.5761196866585,18.35110145157939,0,4505.263163501003,0,4089.1625635087976,1.4576505126221623e-06,1.0049244375512547e-06,1.5858037422506344e-06,2.9089043012886783e-08,9.263925662593384e-08,7.738603784586942e-07,4.943967370521566e-06,heuristic_only,nsga2
0,602,602,train,2.7249706387519836,0.21875,0.6015625,8,64,512,2664.263300001039,564.6231730320162,2.5705483741583866,129.59403997436115,53.14790000556968,6.506225141296677,17.1413017605557,23.647526901852377,0.006599992047995329,0.0,11.44814569644161,12.192781213362771,0,3.0027050994891455,192.17312636730531,2097152.0,2,0.5,0.5,0.0,0.0,0.0,79.37696669163257,0.010500007192604244,0.0,59.65171342483162,19.71475325960835,0,1,0,17.39233094458937,61.98463574704321,0.0,1048576,1048576,0,8,4,0.25,2,0.5,0,1,1.0,0.18595995617580352,3,3,0,1.0,0.0,0.0,1.0,0,0.5,0.5,0.0,0.9580078125,0.0419921875,0.0,256,1024,0,0.0,2787.151045522143,2230.4625999968266,0.0,179.7530796373499,376.9353658879663,0,4505.263163501003,0,1840.9998634999638,1.1292463460640325e-05,1.0282193496633546e-06,5.183761598974446e-06,3.253112570648339e-08,1.0284781056333419e-07,7.937696669163259e-07,1.843359301246427e-05,heuristic_only,nsga2
0,603,603,train,2.6278299689292908,0.224609375,0.603515625,8,64,512,413.76120000495575,70.62575437972163,2.5377095219499206,39.33601880794676,52.49760000151582,6.354637964695032,15.102146996651756,21.456784961346788,0.009700001101009548,0.0,11.716103705287983,9.730981254957795,0,19.334777318721194,1237.4257483981564,2097152.0,2,0.5,0.5,0.0,0.0,0.0,78.26990432721385,0.008100003469735384,0.0,58.33112933887817,19.930674984865934,0,1,0,17.583105273638445,60.6867990535754,0.0,1048576,1048576,0,8,4,0.25,2,0.5,0,1,1.0,0.241032865595602,3,0,3,0.0,2.0,0.5,2.0,3,0.5,0.5,0.0,0.953125,0.046875,0.0,256,1024,0,0.0,449.9979308384732,254.1032999579329,0.0,175.69286766700833,20.20176321353197,0,4505.263163501003,0,4091.501963496047,1.4125150875944327e-06,1.0150838087799682e-06,1.5734407523178704e-06,3.177318982347516e-08,9.061288197991052e-08,7.826990432721385e-07,4.906124763767794e-06,heuristic_only,nsga2
0,604,604,train,2.590377449989319,0.287109375,0.6484375,8,64,512,421.29230000136886,71.49923083284719,2.7827704875788317,39.784665811645745,51.31989999790676,6.381692602254189,16.680447847529347,23.062140449783534,0.008399991202168167,0.0,11.79791669275168,11.255823765829689,0,18.989146041425315,1215.3053466512201,2097152.0,2,0.5,0.5,0.0,0.0,0.0,79.20239463962567,0.007700000423938036,0.0,57.7499827458756,21.444711893326133,0,1,0,19.51068823225198,59.69170640737369,0.0,1048576,1048576,0,8,4,0.25,2,0.5,0,1,1.0,0.26061071707684524,3,3,0,1.0,0.0,0.0,1.0,0,0.5,0.5,0.0,0.943359375,0.056640625,0.0,256,1024,0,0.0,456.2666685282871,258.0152000009548,0.0,179.45302149784314,18.798447029489118,0,4505.263163501003,0,4083.970863499634,1.4299846166569439e-06,1.1131081950315327e-06,1.5913866324658297e-06,3.190846301127095e-08,1.0008268708517607e-07,7.920239463962567e-07,5.05849454064701e-06,heuristic_only,nsga2
0,605,605,train,2.607553005218506,0.263671875,0.61328125,8,64,512,447.62329998775385,74.87254106563691,2.5111960425148245,39.489578593020155,47.53769999661017,6.035005485383112,16.255609711599515,22.29061519698263,0.008999995770864189,0.0,11.95082132357469,10.330793877637072,0,17.87213071367856,1143.8163656754277,2097152.0,2,0.5,0.5,0.0,0.0,0.0,78.65909274917131,0.007599999662488699,0.0,59.03210705074529,19.61938569876353,0,1,0,16.86729750927248,61.791795239898825,0.0,1048576,1048576,0,8,4,0.25,2,0.5,0,1,1.0,0.16091838189257093,3,0,3,0.0,2.0,0.5,2.0,3,0.5,0.5,0.0,0.958984375,0.041015625,0.0,256,1024,0,0.0,467.49326280468756,270.62229996954557,0.0,177.97836066895275,18.892602166189263,0,4505.263163501003,0,4057.639863513249,1.4974508213127384e-06,1.0044784170059297e-06,1.5795831437208062e-06,3.0175027426915566e-08,9.753365826959708e-08,7.865909274917131e-07,4.9958119952277e-06,heuristic_only,nsga2
0,606,606,train,2.6161035895347595,0.23828125,0.642578125,8,64,512,415.8429000090109,71.69163256014318,2.2819129187712446,39.145775038610836,47.54590000084136,6.084107995330543,14.657147662383423,20.741255657713964,0.06669999856967479,0.0,12.520049110939858,8.154506548204433,0,19.237988100406543,1231.2312384260188,2097152.0,2,0.5,0.5,0.0,0.0,0.0,78.47014943302403,0.007499998901039362,0.0,58.30642887592377,20.15622055819923,0,1,0,16.879545149681835,61.5906042833422,0.0,1048576,1048576,0,8,4,0.25,2,0.5,0,1,1.0,0.2963165802149685,3,3,0,1.0,0.0,0.0,1.0,0,0.5,0.5,0.0,0.94140625,0.05859375,0.0,256,1024,0,0.0,452.477282070101,259.00440000987146,0.0,177.55443404313564,15.918448017093924,0,4505.263163501003,0,4089.420263491992,1.4338326512028637e-06,9.127651675084978e-07,1.5658310015444332e-06,3.042053997665272e-08,8.794288597430052e-08,7.847014943302405e-07,4.815493740536988e-06,heuristic_only,nsga2
0,607,607,train,2.5290663838386536,0.2890625,0.662109375,8,64,512,417.7659999986645,72.56729265685415,2.4493666433779504,39.628338763825084,38.91039999143686,6.572377006328817,16.425585438436677,22.997962444765495,0.007800001185387373,0.0,12.634771511917197,10.35539093166291,0,19.14943018482928,1225.563531829074,2097152.0,2,0.5,0.0,0.5,0.0,0.0,43.46147388325772,0.007299997378140688,0.0,22.85825262445934,20.595921261420237,0,1,0,18.134965070275108,0.0,25.32650881298261,1048576,0,1048576,8,4,0.25,2,0.5,0,1,1.0,0.17369072493825644,3,0,3,0.0,2.0,0.5,2.0,3,0.5,0.5,0.0,0.9599609375,0.0400390625,0.0,256,1024,0,0.0,458.5799922562287,263.155699998606,0.0,176.91174409394677,18.51254816367597,0,4505.263163501003,0,4087.4971635023385,1.4513458531370832e-06,9.797466573511801e-07,1.5851335505530035e-06,3.2861885031644085e-08,9.855351263062004e-08,4.346147388325772e-07,4.582256197536109e-06,heuristic_only,nsga2
0,608,608,train,2.5230554938316345,0.248046875,0.6640625,8,64,512,106.41639999812469,11.362456918850647,2.474775870656952,47.89948565817576,48.97010000422597,6.320194642529952,14.87956945363058,21.199764096160532,0.010000003385357559,0.0,11.784329451426984,9.405434641348192,0,75.17567615954701,4811.243274211009,2097152.0,2,0.5,0.5,0.0,0.0,0.0,76.05345843202907,0.007100010407157242,0.0,55.80329069925022,20.2430677223717,0,1,0,18.043313393995458,58.01014503803361,0.0,1048576,1048576,0,8,4,0.25,2,0.5,0,1,1.0,0.16091838189257093,3,3,0,1.0,0.0,0.0,1.0,0,0.5,0.5,0.0,0.943359375,0.056640625,0.0,256,1024,0,0.0,246.94687379073343,53.71079996984918,0.0,176.42619408554805,16.809879735336228,0,4505.263163501003,0,4398.846763502878,2.2724913837701296e-07,9.899103482627808e-07,1.9159794263270306e-06,3.160097321264976e-08,8.927741672178347e-08,7.605345843202907e-07,4.014551887221548e-06,heuristic_only,nsga2
0,609,609,train,2.509819746017456,0.23046875,0.65625,8,64,512,416.79699999804143,71.31894203682533,2.6583823100556105,38.912445442642124,37.243800004944205,5.564721967403572,15.732289592641443,21.297011560045014,0.007700000423938036,0.0,11.693811161866545,9.595500397754533,0,19.193950067029096,1228.4128042898622,2097152.0,2,0.0,0.5,0.5,0.0,0.0,85.71024641548762,0.007199996616691351,0.0,64.45471163184781,21.248334787023126,0,1,0,0.0,60.438672481082335,25.271573934405286,0,1048576,1048576,8,4,0.25,2,0.5,0,1,1.0,0.2307606527190679,3,0,3,0.0,2.0,0.5,2.0,3,0.5,0.5,0.0,0.9443359375,0.0556640625,0.0,256,1024,0,0.0,451.5590791580923,257.63080002798233,0.0,176.90486620075197,17.023412929357942,0,4505.263163501003,0,4088.4661635029615,1.426378840736507e-06,1.0633529240222443e-06,1.556497817705685e-06,2.7823609837017864e-08,9.439373755584865e-08,8.571024641548762e-07,5.025549394012179e-06,heuristic_only,nsga2
0,610,610,train,2.5091169476509094,0.31640625,0.62890625,8,64,512,442.9327999969246,70.37376866752732,3.0826408753372294,40.38855562817461,73.4439000079874,6.034240656436514,19.29054886686312,25.324789523299632,0.007499998901039362,0.0,10.922284928864878,14.395004595533715,0,18.06138976085263,1155.9289446945684,2097152.0,2,0.5,0.5,0.0,0.0,0.0,79.01299954097095,0.008600007276982069,0.0,59.260303591133635,19.744095942560328,0,1,0,16.622630547056495,62.39036899391445,0.0,1048576,1048576,0,8,4,0.25,2,0.5,0,1,1.0,0.18595995617580352,3,3,0,1.0,0.0,0.0,1.0,0,0.5,0.5,0.0,0.939453125,0.060546875,0.0,256,1024,0,0.0,455.3798606841566,254.15539999085013,0.0,174.6411102762922,26.58335041701426,0,4505.263163501003,0,4062.3303635040784,1.4074753733505463e-06,1.2330563501348918e-06,1.6155422251269842e-06,3.017120328218257e-08,1.1574329320117871e-07,7.901299954097095e-07,5.192118440505493e-06,heuristic_only,nsga2
0,611,611,train,2.4531776905059814,0.279296875,0.6796875,8,64,512,479.2876999999862,82.46204397306636,3.465851222032426,47.95745049977258,54.1493999917293,7.158556781735559,22.42273880086335,29.58129558259891,0.007700000423938036,0.0,10.94117601204225,18.63241957013272,0,16.69140123687504,1068.2496791600026,2097152.0,2,0.5,0.5,0.0,0.0,0.0,79.67831946099767,0.008800008799880743,0.0,60.325020109499526,19.344499342698256,0,1,0,16.59224112340025,63.086078337597414,0.0,1048576,1048576,0,8,4,0.25,2,0.5,0,1,1.0,0.19776869931901056,3,0,3,0.0,2.0,0.5,2.0,3,0.5,0.5,0.0,0.947265625,0.052734375,0.0,256,1024,0,0.0,535.5413827794855,300.52190001879353,0.0,177.67260414654302,57.34687861414885,0,4505.263163501003,0,4025.9754635010167,1.6492408794613274e-06,1.3863404888129707e-06,1.9182980199909032e-06,3.57927839086778e-08,1.3453643280518008e-07,7.967831946099768e-07,5.920991799589036e-06,heuristic_only,nsga2
0,612,612,train,2.526225745677948,0.267578125,0.640625,8,64,512,302.2659999987809,51.65254782887506,2.5495483544361925,39.124400853552444,42.82600000442471,5.6222098161534895,15.993811762603928,21.61602157875742,0.009800016414374113,0.0,11.27305382622042,10.333167736122624,0,26.466666887328973,1693.8666807890543,2097152.0,2,0.5,0.5,0.0,0.0,0.0,76.75927851772789,0.007399998139590025,0.0,57.053778510191265,19.69810000939703,0,1,0,18.411505327896066,58.34777318983182,0.0,1048576,1048576,0,8,4,0.25,2,0.5,0,1,1.0,0.18595995617580352,3,3,0,1.0,0.0,0.0,1.0,0,0.5,0.5,0.0,0.9580078125,0.0419921875,0.0,256,1024,0,0.0,373.3059881474548,180.14699999184813,0.0,176.05225026443796,17.1067378911687,0,3916.283997998976,0,3614.017998000195,1.0330509565775012e-06,1.019819341774477e-06,1.564976034142098e-06,2.8111049080767452e-08,9.596287057562356e-08,7.67592785177279e-07,4.509513037327746e-06,heuristic_only,nsga2
0,613,613,train,2.5105538964271545,0.279296875,0.669921875,8,64,512,451.0837999987416,75.71068698204671,2.424413258737188,40.10183659755701,38.00399998726789,6.3896697203108985,14.232395025989433,20.62206474630033,0.007800001185387373,0.0,11.408743286544276,9.20552145857067,0,17.735024545323448,1135.0415709007007,2097152.0,2,0.5,0.5,0.0,0.0,0.0,77.62746941889893,0.007400012691505253,0.0,57.0650317735773,20.555037632630125,0,1,0,18.764866797348482,58.86260262155045,0.0,1048576,1048576,0,8,4,0.25,2,0.5,0,1,1.0,0.19776865982085054,3,0,3,0.0,2.0,0.5,2.0,3,0.5,0.5,0.0,0.9482421875,0.0517578125,0.0,256,1024,0,0.0,472.94774735336364,276.4902000199072,0.0,181.03539380966606,15.422153523790367,0,3916.283997998976,0,3465.200198000234,1.5142137396409344e-06,9.697653034948752e-07,1.6040734639022805e-06,3.1948348601554495e-08,8.539437015593659e-08,7.762746941889894e-07,4.981669919984571e-06,heuristic_only,nsga2
0,614,614,train,2.581750452518463,0.259765625,0.623046875,8,64,512,411.58980000182055,71.29208927062706,2.46214036995878,39.21495491206946,34.914799995021895,5.568529246299894,15.862673265001877,21.43120251130177,0.007399998139590025,0.0,10.987741003118426,10.436061510043755,0,19.43678041385914,1243.953946486985,2097152.0,2,0.0,0.5,0.5,0.0,0.0,80.00595707660379,0.008300004992634058,0.0,60.89361544903365,19.104041622577505,0,1,0,0.0,56.8180050129278,23.18795206367599,0,1048576,1048576,8,4,0.25,2,0.5,0,1,1.0,0.13364216641330787,3,3,0,1.0,0.0,0.0,1.0,0,0.5,0.5,0.0,0.947265625,0.052734375,0.0,256,1024,0,0.0,451.87673821062117,258.30720001249574,0.0,177.50822683086645,16.06131136725901,0,3916.283997998976,0,3504.6941979971552,1.4258417854125413e-06,9.84856147983512e-07,1.5685981964827786e-06,2.784264623149947e-08,9.517603959001126e-08,8.00059570766038e-07,4.90237438646638e-06,heuristic_only,nsga2
0,615,615,train,2.4768035411834717,0.30078125,0.671875,8,64,512,412.44369999913033,71.55736621562306,2.4852375806824547,39.584825417099765,35.725099995033816,6.868532856613734,15.580509470504442,22.449042327118175,0.008200004231184721,0.0,12.714575325402441,9.726266997484549,0,19.396539705848735,1241.378541174319,2097152.0,2,0.5,0.5,0.0,0.0,0.0,75.2253077111389,0.006599992047995329,0.0,55.592939311142395,19.625768407948506,0,1,0,16.119257342435148,59.10605036870375,0.0,1048576,1048576,0,8,4,0.25,2,0.5,0,1,1.0,0.2307606283979408,3,0,3,0.0,2.0,0.5,2.0,3,0.5,0.5,0.0,0.947265625,0.052734375,0.0,256,1024,0,0.0,454.50971685362117,258.03340000857133,0.0,177.84586465884774,18.630452186202067,0,3916.283997998976,0,3503.8402979998455,1.4311473243124614e-06,9.94095032272982e-07,1.5833930166839906e-06,3.4342664283068674e-08,9.348305682302664e-08,7.52253077111389e-07,4.888714171486919e-06,heuristic_only,nsga2
0,616,616,train,2.683764338493347,0.263671875,0.609375,8,64,512,448.51719999860507,79.5396545557355,3.430444006498674,40.38215844254275,36.43659999943338,6.530764824381254,23.92963246025071,30.460397284631963,0.007600014214403927,0.0,11.395839597086432,19.056957673331127,0,17.836511428131303,1141.5367314004034,2097152.0,2,0.5,0.5,0.0,0.0,0.0,76.6802854772055,0.007000009645707905,0.0,57.19191555293661,19.481369914623176,0,1,0,17.976492819838413,58.70379265736709,0.0,1048576,1048576,0,8,4,0.25,2,0.5,0,1,1.0,0.17369072493825644,3,3,0,1.0,0.0,0.0,1.0,0,0.5,0.5,0.0,0.9482421875,0.0517578125,0.0,256,1024,0,0.0,493.4090280191077,289.8616000020411,0.0,178.56232793947356,24.985100077593092,0,3916.283997998976,0,3467.7667980003707,1.59079309111471e-06,1.3721776025994698e-06,1.6152863377017104e-06,3.265382412190628e-08,1.4357779476150423e-07,7.668028547720551e-07,5.521291505071356e-06,heuristic_only,nsga2
0,617,617,train,2.4389842748641968,0.294921875,0.673828125,8,64,512,323.71570001123473,55.614970041680955,2.4414412605040696,38.936015054884706,37.56359999533743,6.295958724321939,15.376990177743982,21.672948902065922,0.008300004992634058,0.0,11.52952937810744,10.135119518965846,0,24.712966614704637,1581.6298633410968,2097152.0,2,0.0,0.5,0.5,0.0,0.0,84.62132836765949,0.007399998139590025,0.0,63.89825171537185,20.715676654148048,0,1,0,0.0,59.178285487106315,25.443042880553172,0,1048576,1048576,8,4,0.25,2,0.5,0,1,1.0,0.2201412464909665,3,0,3,0.0,2.0,0.5,2.0,3,0.5,0.5,0.0,0.9482421875,0.0517578125,0.0,256,1024,0,0.0,387.9697054282789,194.781599988346,0.0,174.64625369275083,18.5418517471821,0,3916.283997998976,0,3592.568297987741,1.1122994008336192e-06,9.76576504201628e-07,1.5574406021953883e-06,3.14797936216097e-08,9.226194106646389e-08,8.462132836765949e-07,4.616271525595304e-06,heuristic_only,nsga2
0,618,618,train,2.549836277961731,0.255859375,0.607421875,8,64,512,273.69430000544526,42.036031063563286,2.311583553247921,41.95372098911125,35.619099988252856,5.638404910776894,14.046454215997581,19.684859126774477,0.007099995855242014,0.0,11.515763543898409,8.161995587020824,0,29.229584869893046,1870.693431673155,2097152.0,2,0.5,0.5,0.0,0.0,0.0,78.59759562252327,0.007299997378140688,0.0,58.15810856002791,20.43218706511722,0,1,0,17.639150821454077,60.95844480106919,0.0,1048576,1048576,0,8,4,0.25,2,0.5,0,1,1.0,0.2307606283979408,3,3,0,1.0,0.0,0.0,1.0,0,0.5,0.5,0.0,0.9404296875,0.0595703125,0.0,256,1024,0,0.0,345.2053424236899,141.49460005864967,0.0,174.76090920052766,28.949833164512526,0,3916.283997998976,0,3642.5896979935305,8.407206212712659e-07,9.246334212991683e-07,1.6781488395644504e-06,2.8192024553884476e-08,8.427872529598548e-08,7.859759562252327e-07,4.341949588209988e-06,heuristic_only,nsga2
0,619,619,train,2.539059579372406,0.263671875,0.662109375,8,64,512,451.5419999952428,79.18435710812463,2.533305438536352,41.04434650203919,51.52169999200851,6.084008374371698,16.91305954443599,22.997067918807687,0.008699993486516178,0.0,11.349118824485771,11.639249100835402,0,17.717028057315215,1133.8897956681737,2097152.0,2,0.5,0.5,0.0,0.0,0.0,79.73922457854447,0.006900008884258568,0.0,59.52971430113614,20.20261026852407,0,1,0,18.029336014630058,61.70988856391441,0.0,1048576,1048576,0,8,4,0.25,2,0.5,0,1,1.0,0.2201412464909665,3,0,3,0.0,2.0,0.5,2.0,3,0.5,0.5,0.0,0.9404296875,0.0595703125,0.0,256,1024,0,0.0,491.0480361948007,289.0750999940792,0.0,175.22074972129315,26.75218647942836,0,3916.283997998976,0,3464.741998003733,1.583687142162493e-06,1.0133221754145406e-06,1.6417738600815675e-06,3.042004187185849e-08,1.014783572666159e-07,7.973922457854447e-07,5.168073822582521e-06,heuristic_only,nsga2
0,620,620,train,2.5917136669158936,0.25,0.638671875,8,64,512,347.2621999972034,61.37827358211685,2.494649035460409,39.05749726689184,37.32499999750871,5.880042731196061,16.51142769289953,22.39147042409559,0.008600007276982069,0.0,11.474100549522165,10.908769867296444,0,23.037281232403625,1474.385998873832,2097152.0,2,0.5,0.5,0.0,0.0,0.0,77.26188015954571,0.008100003469735384,0.0,56.5749825736972,20.67879758237877,0,1,0,18.13974143684697,59.122138722698736,0.0,1048576,1048576,0,8,4,0.25,2,0.5,0,1,1.0,0.11898847320993522,3,3,0,1.0,0.0,0.0,1.0,0,0.5,0.5,0.0,0.9521484375,0.0478515625,0.0,256,1024,0,0.0,411.7216795378764,217.35459998308215,0.0,177.5112631610233,16.855816393770958,0,3916.283997998976,0,3569.0217980017724,1.227565471642337e-06,9.978596141841636e-07,1.5622998906756742e-06,2.9400213655980305e-08,9.906856615739718e-08,7.726188015954571e-07,4.68881255791101e-06,heuristic_only,nsga2
0,621,621,train,2.693552613258362,0.2421875,0.599609375,8,64,512,380.4307999962475,66.86224422021408,7.169077849682558,41.70004354733125,79.56820000254083,5.683877165838739,52.60537641995618,58.28925358579492,0.008100003469735384,0.0,11.146194826768543,47.13495875555664,0,21.028736294071397,1345.8391228205694,2097152.0,2,0.5,0.5,0.0,0.0,0.0,77.13915305041257,0.010100004146806896,0.0,57.40468792068641,19.724365125579354,0,1,0,18.95028198339427,58.188871067018304,0.0,1048576,1048576,0,8,4,0.25,2,0.5,0,1,1.0,0.2201412464909665,3,0,3,0.0,2.0,0.5,2.0,3,0.5,0.5,0.0,0.9462890625,0.0537109375,0.0,256,1024,0,0.0,462.92546246891163,240.84869997750502,0.0,177.8800228957253,44.196739595681265,0,2599.2944065043393,0,2218.863606508092,1.337244884404282e-06,2.867631139873023e-06,1.6680017418932503e-06,2.8419385829193697e-08,3.1563225851973705e-07,7.713915305041258e-07,6.988320941023611e-06,heuristic_only,nsga2
0,622,622,train,2.447335720062256,0.265625,0.67578125,8,64,512,787.0840999967186,140.67895297803005,4.144226733349093,54.57831127128976,39.073699997970834,9.026317147481489,30.783099648196178,39.80941679567766,0.009800001862458885,0.0,11.922411679927517,27.87720511388769,0,10.164085179650018,650.5014514976011,2097152.0,2,0.5,0.0,0.5,0.0,0.0,42.61583907040532,0.007499998901039362,0.0,21.950684482595662,20.657654588908628,0,1,0,19.234911664124695,0.0,23.380927406280627,1048576,0,1048576,8,4,0.25,2,0.5,0,1,1.0,0.2201412464909665,3,3,0,1.0,0.0,0.0,1.0,0,0.5,0.5,0.0,0.9462890625,0.0537109375,0.0,256,1024,0,0.0,797.6059639306756,528.3212999929674,0.0,177.90966206832599,91.37500186938213,0,2599.2944065043393,0,1812.2103065076208,2.813579059560601e-06,1.6576906933396372e-06,2.1831324508515905e-06,4.513158573740745e-08,1.8469859788917704e-07,4.2615839070405324e-07,7.310390778082468e-06,heuristic_only,nsga2
0,623,623,train,2.569297432899475,0.263671875,0.63671875,8,64,512,436.50789999810513,74.03468450016607,2.4534685541499615,39.242123155953834,37.5344999920344,6.754790377934435,16.580371373219265,23.3351617511537,0.009700015652924776,0.0,12.764117915674227,10.561343819826547,0,18.327232274152323,1172.9428655457486,2097152.0,2,0.5,0.5,0.0,0.0,0.0,77.6624018081568,0.008699993486516178,0.0,56.546506927060534,21.107194887609758,0,1,0,17.972334058777125,59.69006774937968,0.0,1048576,1048576,0,8,4,0.25,2,0.5,0,1,1.0,0.26994866698852693,3,0,3,0.0,2.0,0.5,2.0,3,0.5,0.5,0.0,0.953125,0.046875,0.0,256,1024,0,0.0,462.9211048410794,269.5743000222137,0.0,175.70581662259877,17.640988196266928,0,2599.2944065043393,0,2162.786506506234,1.4806936900033215e-06,9.813874216599844e-07,1.5696849262381534e-06,3.377395188967218e-08,9.948222823931558e-08,7.76624018081568e-07,4.941646236112016e-06,heuristic_only,nsga2
0,624,624,train,2.562167763710022,0.228515625,0.65625,8,64,512,466.4394999999786,76.44337441385932,2.5418506536640297,39.36303442132295,37.741099993581884,6.0212665982162665,16.10627724468261,22.127543842898874,0.007700000423938036,0.0,11.495707508891147,10.624136333583792,0,17.151169334567577,1097.674837412325,2097152.0,2,0.0,0.5,0.5,0.0,0.0,87.30446826690078,0.008499991963617504,0.0,69.03790572138146,18.258062553555696,0,1,0,0.0,61.616444884410605,25.68802338249018,0,1048576,1048576,8,4,0.25,2,0.5,0,1,1.0,0.19776865982085054,3,3,0,1.0,0.0,0.0,1.0,0,0.5,0.5,0.0,0.947265625,0.052734375,0.0,256,1024,0,0.0,473.3930379553851,279.5454000297468,0.0,174.17869190808767,19.668946017550688,0,2599.2944065043393,0,2132.8549065043608,1.5288674882771863e-06,1.0167402614656119e-06,1.5745213768529183e-06,3.0106332991081334e-08,9.663766346809565e-08,8.73044682669008e-07,5.1199178057239015e-06,heuristic_only,nsga2
0,625,625,train,2.536220967769623,0.25,0.634765625,8,64,512,147.5362000055611,11.535015886924512,2.4148984540853258,59.49386504014589,49.3140000035055,6.3118565557111275,15.03266361534085,21.344520171051975,0.007399983587674797,0.0,12.485562864785042,8.851557322679259,0,54.22361275460329,3470.3112162946104,2097152.0,2,0.5,0.5,0.0,0.0,0.0,78.50871079444815,0.007299997378140688,0.0,59.037326992258116,19.4640838048119,0,1,0,17.60229117221876,60.90641962222939,0.0,1048576,1048576,0,8,4,0.25,2,0.5,0,1,1.0,0.16091842229213763,3,0,3,0.0,2.0,0.5,2.0,3,0.5,0.5,0.0,0.947265625,0.052734375,0.0,256,1024,0,0.0,293.77511752462294,102.36640002403874,0.0,175.09297984630868,16.315737654275505,0,2599.2944065043393,0,2451.7582064987782,2.3070031773849023e-07,9.659593816341305e-07,2.3797546016058357e-06,3.155928277855564e-08,9.019598169204509e-08,7.850871079444816e-07,4.483256673393539e-06,heuristic_only,nsga2
0,626,626,train,2.5646026134490967,0.255859375,0.615234375,8,64,512,442.11629999335855,74.72901068718214,2.711899135245662,41.05569820502652,52.760499995201826,6.303812306696561,18.775574913286995,25.079387219983555,0.008000002708286047,0.0,12.737915624617237,12.33347159265803,0,18.09474544452383,1158.0637084495252,2097152.0,2,0.5,0.0,0.5,0.0,0.0,41.698371301322894,0.007599999662488699,0.0,21.590455878267434,20.100315423392978,0,1,0,18.279320015193264,0.0,23.419051286129633,1048576,0,1048576,8,4,0.25,2,0.5,0,1,1.0,0.2091524583687337,3,3,0,1.0,0.0,0.0,1.0,0,0.5,0.5,0.0,0.953125,0.046875,0.0,256,1024,0,0.0,473.9864321098173,273.0027999787126,0.0,180.11574147043146,20.86789066067326,0,1596.4473195029095,0,1154.331019509551,1.494580213743643e-06,1.0847596540982649e-06,1.6422279282010613e-06,3.1519061533482806e-08,1.1265344947972195e-07,4.1698371301322905e-07,4.782724020069403e-06,heuristic_only,nsga2
0,627,627,train,2.503198206424713,0.2734375,0.650390625,8,64,512,419.9655999982497,72.85021384931014,2.3925317801411725,39.493242158994256,36.47009999258444,6.454196839878111,14.560278327231527,21.014475167109637,0.008300004992634058,0.0,12.022866800321614,8.983308361795391,0,19.04913390739488,1219.1445700732722,2097152.0,2,0.5,0.5,0.0,0.0,0.0,80.5935466879844,0.006799993570894003,0.0,59.74429765918271,20.842449035230796,0,1,0,17.804187546873777,62.78935914111062,0.0,1048576,1048576,0,8,4,0.25,2,0.5,0,1,1.0,0.241032865595602,3,0,3,0.0,2.0,0.5,2.0,3,0.5,0.5,0.0,0.9482421875,0.0517578125,0.0,256,1024,0,0.0,458.9439511537823,264.50689999910537,0.0,177.26348211683,17.173569037846892,0,1596.4473195029095,0,1176.4817195046598,1.457004276986203e-06,9.570127120564692e-07,1.5797296863597703e-06,3.2270984199390556e-08,8.736166996338915e-08,8.05935466879844e-07,4.919314796445066e-06,heuristic_only,nsga2
0,628,628,train,2.5109320282936096,0.234375,0.650390625,8,64,512,418.7365999969188,72.13345686399941,2.5122071416787977,39.41603887073564,35.79199999512639,5.71148444481221,15.456807973578243,21.168292418390454,0.007199996616691351,0.0,11.304787164845276,9.856305256928485,0,19.105043349483942,1222.7227743669723,2097152.0,2,0.0,0.5,0.5,0.0,0.0,87.39028519536589,0.006999995093792677,0.0,68.84955953427011,18.533725666001978,0,1,0,0.0,61.072557970798556,26.317727224567328,0,1048576,1048576,8,4,0.25,2,0.5,0,1,1.0,0.17369072493825644,3,3,0,1.0,0.0,0.0,1.0,0,0.5,0.5,0.0,0.9599609375,0.0400390625,0.0,256,1024,0,0.0,456.2468115056554,260.6181999872206,0.0,178.76415338075827,16.864458137676582,0,1596.4473195029095,0,1177.7107195059907,1.4426691372799884e-06,1.004882856671519e-06,1.5766415548294257e-06,2.855742222406105e-08,9.274084784146945e-08,8.73902851953659e-07,5.019394670800123e-06,heuristic_only,nsga2
0,629,629,train,2.505845785140991,0.24609375,0.640625,8,64,512,436.63360000937246,72.97317917455605,2.412355168825526,39.91895974219901,36.52850000071339,6.142707388114019,16.360053812372474,22.502761200486493,0.008300004992634058,0.0,12.463446945936386,10.03101424955747,0,18.321956161578306,1172.6051943410116,2097152.0,2,0.5,0.5,0.0,0.0,0.0,79.68881547197319,0.011900017852894962,0.0,58.937429355038596,20.739486099081695,0,1,0,18.270288541602458,61.41852693037073,0.0,1048576,1048576,0,8,4,0.25,2,0.5,0,1,1.0,0.18595995617580352,3,0,3,0.0,2.0,0.5,2.0,3,0.5,0.5,0.0,0.9658203125,0.0341796875,0.0,256,1024,0,0.0,461.21797634232234,266.1433000030229,0.0,178.3435281122338,16.731148227065624,0,1596.4473195029095,0,1159.813719493537,1.459463583491121e-06,9.649420675302105e-07,1.5967583896879604e-06,3.07135369405701e-08,9.816032287423483e-08,7.968881547197319e-07,4.946926055243829e-06,heuristic_only,nsga2
0,630,630,train,2.5848244428634644,0.25390625,0.6484375,8,64,512,465.09909999440424,74.53892846402181,2.5140772568863574,39.2606807065924,38.46499999053776,6.400392526305348,16.18288832208073,22.583280848386075,0.007299997378140688,0.0,11.760196150489989,10.815784700517947,0,17.200598323019605,1100.8382926732547,2097152.0,2,0.0,0.5,0.5,0.0,0.0,85.46227715596709,0.006799993570894003,0.0,64.7591591383375,20.6963180240587,0,1,0,0.0,59.229573089292714,26.232704066674376,0,1048576,1048576,8,4,0.25,2,0.5,0,1,1.0,0.14759070521249812,3,3,0,1.0,0.0,0.0,1.0,0,0.5,0.5,0.0,0.9443359375,0.0556640625,0.0,256,1024,0,0.0,465.2547457100023,271.3163999724202,0.0,175.66811173746567,18.27023400011642,0,713.433291998007,0,248.33419200360277,1.4907785692804364e-06,1.005630902754543e-06,1.5704272282636959e-06,3.200196263152674e-08,9.709732993248437e-08,8.54622771559671e-07,5.050558764422357e-06,heuristic_only,nsga2
0,631,631,train,2.5159202218055725,0.263671875,0.65625,8,64,512,417.7505999978166,73.09984590191874,2.6229406805227025,40.90879353137659,41.66540000005625,6.393766845507002,17.19252492691519,23.586291772422193,0.009799987310543656,0.0,12.790617040387417,10.785874744724232,0,19.15013610969249,1225.6087110203193,2097152.0,2,0.5,0.5,0.0,0.0,0.0,80.05692411768578,0.007700000423938036,0.0,60.429566565341574,19.61965755192027,0,1,0,16.957075076334455,63.09984904135132,0.0,1048576,1048576,0,8,4,0.25,2,0.5,0,1,1.0,0.2201412464909665,3,0,3,0.0,2.0,0.5,2.0,3,0.5,0.5,0.0,0.9443359375,0.0556640625,0.0,256,1024,0,0.0,466.5263204552721,265.37909999024123,0.0,174.1798511564151,26.96736930861581,0,713.433291998007,0,295.6826920001904,1.461996918038375e-06,1.049176272209081e-06,1.636351741255064e-06,3.196883422753501e-08,1.0315514956149114e-07,8.005692411768579e-07,5.083218156468404e-06,heuristic_only,nsga2
0,632,632,train,2.606104552745819,0.232421875,0.609375,8,64,512,8686.083500011591,1862.5935800049526,3.0283982049195006,318.8269312184258,38.025300003937446,6.369774528416797,20.441645556789826,26.811420085206624,0.008899995009414852,0.0,12.372838158172591,14.429681932024618,0,0.921013374897438,58.94485599343603,2097152.0,2,0.5,0.0,0.5,0.0,0.0,42.20932709564932,0.00689999433234334,0.0,23.308673216088266,18.89375388522872,0,1,0,17.055859947497538,0.0,25.153467148151783,1048576,0,1048576,8,4,0.25,2,0.5,0,1,1.0,0.19776865982085054,3,3,0,1.0,0.0,0.0,1.0,0,0.5,0.5,0.0,0.953125,0.046875,0.0,256,1024,0,0.0,8737.79563771319,7421.675899997354,0.0,177.0119554691203,1139.1077822467182,0,713.433291998007,1,-7972.650208013584,3.725187160009905e-05,1.2113592819678003e-06,1.2753077248737033e-05,3.184887264208399e-08,1.2264987334073895e-07,4.220932709564933e-07,5.1792900147743204e-05,heuristic_only,nsga2
0,633,633,train,2.582181453704834,0.236328125,0.6171875,8,64,512,452.39170000422746,76.96887089327795,2.460278293644034,38.52018224441187,37.48499999346677,6.498027202734125,16.0362244404583,22.534251643192427,0.010100004146806896,0.0,12.722607295731194,9.801544343314426,0,17.683751307050805,1131.7600836512515,2097152.0,2,0.5,0.5,0.0,0.0,0.0,80.11882565611813,0.006999995093792677,0.0,60.35359299917587,19.758232661848467,0,1,0,17.873833465304628,62.244992190813505,0.0,1048576,1048576,0,8,4,0.25,2,0.5,0,1,1.0,0.19776865982085054,3,0,3,0.0,2.0,0.5,2.0,3,0.5,0.5,0.0,0.9521484375,0.0478515625,0.0,256,1024,0,0.0,471.79732572533544,280.9281000372721,0.0,172.9120945853198,17.95713110274355,0,713.433291998007,0,261.04159199377955,1.5393774178655592e-06,9.841113174576137e-07,1.5408072897764751e-06,3.249013601367063e-08,9.62173466427498e-08,8.011882565611814e-07,4.99419176431725e-06,heuristic_only,nsga2
0,634,634,train,2.565016984939575,0.232421875,0.630859375,8,64,512,416.86669999035075,69.9390910043601,2.515182587616634,38.845065147486814,37.82610000052955,6.010373105529584,15.679977557766492,21.690350663296076,0.009599985787644982,0.0,11.908041340943763,9.772709336564668,0,19.19074085179825,1228.207414515088,2097152.0,2,0.5,0.5,0.0,0.0,0.0,80.48840692920894,0.007099995855242014,0.0,59.13317872173585,21.34812821161784,0,1,0,18.208262834861543,62.280144094347385,0.0,1048576,1048576,0,8,4,0.25,2,0.5,0,1,1.0,0.17369070345169255,3,3,0,1.0,0.0,0.0,1.0,0,0.5,0.5,0.0,0.9541015625,0.0458984375,0.0,256,1024,0,0.0,445.1973549578542,252.14760001108516,0.0,175.57439886038105,17.475356086387983,0,713.433291998007,0,296.56659200765625,1.3987818200872022e-06,1.0060730350466534e-06,1.5538026058994726e-06,3.005186552764792e-08,9.407986534659893e-08,8.048840692920894e-07,4.887673261199665e-06,heuristic_only,nsga2
0,635,635,train,2.5050214529037476,0.251953125,0.642578125,8,64,512,463.02189999551047,77.03962235102554,2.5638824212137035,39.17029734245862,38.724800004274584,6.430326315803326,15.828161912217372,22.258488228020695,0.00969998654909432,0.0,12.358616106579383,9.89017213489222,0,17.27776315183886,1105.7768417176871,2097152.0,2,0.5,0.5,0.0,0.0,0.0,82.4352200324441,0.006699992809444666,0.0,61.66047745055627,20.768042589078377,0,1,0,18.919461793459877,63.51575823898422,0.0,1048576,1048576,0,8,4,0.25,2,0.5,0,1,1.0,0.241032865595602,3,0,3,0.0,2.0,0.5,2.0,3,0.5,0.5,0.0,0.9423828125,0.0576171875,0.0,256,1024,0,0.0,475.0952084587915,281.6430999810109,0.0,176.55485208634536,16.89725639143525,0,713.433291998007,0,250.41139200249654,1.5407924470205113e-06,1.0255529684854814e-06,1.566811893698345e-06,3.215163157901663e-08,9.496897147330422e-08,8.24352200324441e-07,5.0846301125811e-06,heuristic_only,nsga2
0,636,636,train,2.4689749479293823,0.2578125,0.677734375,8,64,512,421.472600006382,72.7275039341389,2.456729340897141,40.84913909902395,39.33990000223275,6.7210832738962445,14.09853138316228,20.819614657058523,0.008099988917820156,0.0,12.05008093563578,8.761433732504925,0,18.981022773143714,1214.7854574811977,2097152.0,2,0.5,0.5,0.0,0.0,0.0,74.57943190356985,0.007499998901039362,0.0,54.09686320040761,20.475068704261194,0,1,0,18.075773364495653,56.503658539074195,0.0,1048576,1048576,0,8,4,0.25,2,0.5,0,1,1.0,0.17369072493825644,3,3,0,1.0,0.0,0.0,1.0,0,0.5,0.5,0.0,0.958984375,0.041015625,0.0,256,1024,0,0.0,464.13348949624,263.06270000350196,0.0,182.26754937529077,18.80324011744723,0,713.433291998007,0,291.960691991625,1.454550078682778e-06,9.826917363588563e-07,1.6339655639609583e-06,3.360541636948123e-08,8.459118829897367e-08,7.457943190356985e-07,4.935198302706745e-06,heuristic_only,nsga2
0,637,637,train,2.532767951488495,0.27734375,0.625,8,64,512,2554.292100001476,144.58726383439839,46.02211417102771,240.84495255477935,166.53790000418667,6.8068593698869,407.6363953823015,414.4432547521884,0.009499985026195645,0.0,13.033092639959339,401.40066212720285,0,3.131981995329893,200.44684770111314,2097152.0,2,0.5,0.5,0.0,0.0,0.0,76.01049168519451,0.00689999433234334,0.0,55.63816169991362,20.365429990948552,0,1,0,18.250951838481754,57.759539846712755,0.0,1048576,1048576,0,8,4,0.25,2,0.5,0,1,1.0,0.241032865595602,3,0,3,0.0,2.0,0.5,2.0,3,0.5,0.5,0.0,0.9482421875,0.0517578125,0.0,256,1024,0,0.0,1725.8173222408218,549.2758999898797,0.0,178.68125563843125,997.860166612511,0,1934.953349999263,1,-619.3387500022127,2.891745276687968e-06,1.8408845668411085e-05,9.633798102191175e-06,3.4034296849434505e-08,2.4458183722938087e-06,7.601049168519451e-07,3.417434663328542e-05,heuristic_only,nsga2
0,638,638,train,2.49323308467865,0.234375,0.6484375,8,64,512,106.18470000918023,11.679168094076617,2.547308734677499,46.75522006611757,52.00320000585634,6.529170525594536,15.478131135719781,22.007301661314315,0.00750001345295459,0.0,12.631975579388154,9.36782606847321,0,75.33971146122654,4821.741533518499,2097152.0,2,0.5,0.5,0.0,0.0,0.0,75.70305471607166,0.00859999272506684,0.0,56.31309053895682,19.381364184389767,0,1,0,16.936585107450927,58.76646960862073,0.0,1048576,1048576,0,8,4,0.25,2,0.5,0,1,1.0,0.18595995617580352,3,3,0,1.0,0.0,0.0,1.0,0,0.5,0.5,0.0,0.9501953125,0.0498046875,0.0,256,1024,0,0.0,243.92678757948676,52.76819998107385,0.0,175.19508801365146,15.963499584761438,0,1934.953349999263,0,1828.7686499900828,2.3358336188153235e-07,1.0189234938709996e-06,1.8702088026447029e-06,3.2645852627972683e-08,9.286878681431868e-08,7.570305471607166e-07,4.005260845000243e-06,heuristic_only,nsga2
0,639,639,train,2.4158535599708557,0.251953125,0.69140625,8,64,512,449.99100000131875,77.29071231054894,2.4307781477497485,40.32421090548432,37.17500000493601,5.724862066276313,15.365668527839084,21.090530594115396,0.007399998139590025,0.0,11.590269722898306,9.4928608730775,0,17.77809383272715,1137.7980052945377,2097152.0,2,0.5,0.5,0.0,0.0,0.0,75.86409389259875,0.006799993570894003,0.0,55.670376332278664,20.186917566749184,0,1,0,18.27964949001161,57.58444440258713,0.0,1048576,1048576,0,8,4,0.25,2,0.5,0,1,1.0,0.2201412464909665,3,0,3,0.0,2.0,0.5,2.0,3,0.5,0.5,0.0,0.9453125,0.0546875,0.0,256,1024,0,0.0,480.18280545513204,281.03560001181904,0.0,179.62091895587804,19.526286487435026,0,1934.953349999263,0,1484.9623499979443,1.5458142462109789e-06,9.723112590998993e-07,1.612968436219373e-06,2.8624310331381568e-08,9.21940111670345e-08,7.586409389259875e-07,5.010553201954654e-06,heuristic_only,nsga2
0,640,640,train,2.5480624437332153,0.248046875,0.630859375,8,64,512,429.3261999991955,70.73222937186819,2.4641876568082894,38.96118893053335,38.217299996176735,6.262441515701854,14.23215821893586,20.494599734637713,0.008500006515532732,0.0,11.12905445676796,9.357045271354218,0,18.633806569942436,1192.563620476316,2097152.0,2,0.0,0.5,0.5,0.0,0.0,81.24684468900111,0.007000009645707905,0.0,61.50835069172709,19.73149398762831,0,1,0,0.0,58.23538496672483,23.01145972227628,0,1048576,1048576,8,4,0.25,2,0.5,0,1,1.0,0.17369072493825644,3,3,0,1.0,0.0,0.0,1.0,0,0.5,0.5,0.0,0.9541015625,0.0458984375,0.0,256,1024,0,0.0,448.6304238368393,254.8119999555638,0.0,176.99691529439244,16.821508586883095,0,1934.953349999263,0,1505.6271500000676,1.414644587437364e-06,9.856750627233158e-07,1.5584475572213342e-06,3.131220757850927e-08,8.539294931361514e-08,8.124684468900111e-07,4.887940811164149e-06,heuristic_only,nsga2
0,641,641,train,2.5450186133384705,0.263671875,0.626953125,8,64,512,158.54319999925792,11.289472329954718,2.4482828413058693,61.969180735196005,48.626900010276586,6.5966922933726275,15.602533035678837,22.199225329051465,0.007399998139590025,0.0,12.548185532563197,9.643639798348678,0,50.45911487167266,3229.3833517870503,2097152.0,2,0.5,0.5,0.0,0.0,0.0,75.20183482045847,0.006400005077011883,0.0,56.31021190481432,18.88522291056714,0,1,0,18.400827357222695,56.80100746323578,0.0,1048576,1048576,0,8,4,0.25,2,0.5,0,1,1.0,0.17369068483706285,3,0,3,0.0,2.0,0.5,2.0,3,0.5,0.5,0.0,0.95703125,0.04296875,0.0,256,1024,0,0.0,302.82774362582643,108.15679996449035,0.0,178.85498061796937,15.815963043366656,0,1934.953349999263,0,1776.4101500000052,2.2578944659909437e-07,9.793131365223477e-07,2.4787672294078408e-06,3.298346146686314e-08,9.3615198214073e-08,7.520183482045848e-07,4.562486820414803e-06,heuristic_only,nsga2
0,642,642,train,2.620063066482544,0.2109375,0.62890625,8,64,512,406.319200003054,71.80177189411674,3.4149149537691077,39.91182626276016,37.270500004524365,6.656074085600718,22.770661978756035,29.426736064356753,0.007199996616691351,0.0,11.392460663001014,18.027075404739048,0,19.688905449298044,1260.0899487550748,2097152.0,2,0.5,0.5,0.0,0.0,0.0,80.39051887493639,0.009100011084228754,0.0,59.30920184469021,21.072217019161954,0,1,0,18.53920190125649,61.8513169736799,0.0,1048576,1048576,0,8,4,0.25,2,0.5,0,1,1.0,0.14759070521249812,3,3,0,1.0,0.0,0.0,1.0,0,0.5,0.5,0.0,0.947265625,0.052734375,0.0,256,1024,0,0.0,460.514052442584,258.56160002877004,0.0,178.88677420097497,23.065678212839018,0,1934.953349999263,0,1528.634149996209,1.4360354378823347e-06,1.3659659815076432e-06,1.5964730505104065e-06,3.3280370428003594e-08,1.366239718725362e-07,8.039051887493639e-07,5.3722840009502894e-06,heuristic_only,nsga2
0,643,643,train,2.5957374572753906,0.23046875,0.638671875,8,64,512,447.39210000261664,76.49333292469063,2.495099953381736,39.275582729044984,37.01300000830088,6.625008276140441,16.07438972877589,22.699398004916333,0.007800001185387373,0.0,12.07622195779528,10.615376045935664,0,17.881366520746994,1144.4074573278076,2097152.0,2,0.5,0.5,0.0,0.0,0.0,77.9208578186367,0.007399983587674797,0.0,58.66993648339481,19.243521351654238,0,1,0,17.214126135287763,60.70673168334895,0.0,1048576,1048576,0,8,4,0.25,2,0.5,0,1,1.0,0.16091838189257093,3,0,3,0.0,2.0,0.5,2.0,3,0.5,0.5,0.0,0.95703125,0.04296875,0.0,256,1024,0,0.0,473.05606242846943,277.4296999705257,0.0,178.66351256598745,16.962849891956292,0,1934.953349999263,0,1487.5612499966464,1.529866658493813e-06,9.980399813526945e-07,1.5710233091617998e-06,3.312504138070221e-08,9.644633837265535e-08,7.792085781863672e-07,5.007709906948033e-06,heuristic_only,nsga2
0,644,644,train,2.519475042819977,0.275390625,0.63671875,8,64,512,434.10619998758193,72.90880244009203,2.6721650507022665,39.05405624762501,39.86220000660978,5.663169449887624,17.208094513708506,22.871263963596128,0.007700000423938036,0.0,10.840770966738415,12.022792996433779,0,18.428627768046347,1179.4321771549662,2097152.0,2,0.5,0.5,0.0,0.0,0.0,80.46256018173611,0.006799993570894003,0.0,60.53989502935561,19.915865158809616,0,1,0,18.588748178204405,61.87381200353171,0.0,1048576,1048576,0,8,4,0.25,2,0.5,0,1,1.0,0.30459390115263907,3,3,0,1.0,0.0,0.0,1.0,0,0.5,0.5,0.0,0.9404296875,0.0595703125,0.0,256,1024,0,0.0,458.5400949536772,265.0518999726046,0.0,174.01785989253588,19.470335088536793,0,1934.953349999263,0,1500.8471500116812,1.4581760488018408e-06,1.0688660202809066e-06,1.5621622499050007e-06,2.831584724943812e-08,1.0324856708225103e-07,8.046256018173612e-07,5.025394335136799e-06,heuristic_only,nsga2
0,645,645,train,2.5044201016426086,0.27734375,0.658203125,8,64,512,459.44529998814687,75.83799187761407,2.570495185271976,39.654598992772286,38.11629999836441,5.989882196585496,14.374849331234547,20.36473152782004,0.00960000033956021,0.0,10.95975245818181,9.39537906929867,0,17.412263414040748,1114.3848584986079,2097152.0,2,0.5,0.5,0.0,0.0,0.0,81.17287207679213,0.00850002106744796,0.0,60.03610717169529,21.1282648840294,0,1,0,19.31807818995806,61.854793886834074,0.0,1048576,1048576,0,8,4,0.25,2,0.5,0,1,1.0,0.2307606527190679,3,0,3,0.0,2.0,0.5,2.0,3,0.5,0.5,0.0,0.955078125,0.044921875,0.0,256,1024,0,0.0,472.2523442226334,275.0527000025613,0.0,178.90322865529356,18.296415564778478,0,1934.953349999263,0,1475.5080500111162,1.5167598375522815e-06,1.0281980741087905e-06,1.5861839597108916e-06,2.994941098292748e-08,8.624909598740728e-08,8.117287207679214e-07,5.0590690991102195e-06,heuristic_only,nsga2
0,646,646,train,2.514307737350464,0.26171875,0.6796875,8,64,512,459.86119999724906,74.46525568179786,2.5301204114991265,39.31470397655287,39.323199991486035,6.942166275207193,14.897913415491399,21.84007969069859,0.008000002708286047,0.0,12.003902894974384,9.828176793015922,0,17.396515738949315,1113.3770072927562,2097152.0,2,0.5,0.5,0.0,0.0,0.0,77.55435398541728,0.008699993486516178,0.0,58.188606473631204,19.35704751829956,0,1,0,16.883008221060585,60.671345764356694,0.0,1048576,1048576,0,8,4,0.25,2,0.5,0,1,1.0,0.16091838189257093,3,3,0,1.0,0.0,0.0,1.0,0,0.5,0.5,0.0,0.95703125,0.04296875,0.0,256,1024,0,0.0,465.2403202793994,270.03770001465455,0.0,177.24537276014738,17.957247504597476,0,1934.953349999263,0,1475.092150002014,1.489305113635957e-06,1.0120481645996506e-06,1.5725881590621147e-06,3.471083137603597e-08,8.938748049294839e-08,7.755435398541728e-07,4.973583289020879e-06,heuristic_only,nsga2
0,647,647,train,2.461688458919525,0.271484375,0.669921875,8,64,512,3927.1776999958092,838.620211166535,6.636081627117301,45.68140636929457,60.47229999967385,13.293719013621045,47.16849077549003,60.46220978911107,0.008100003469735384,0.0,11.375832571616188,49.07827721402515,0,2.0370858092117214,130.37349178955017,2097152.0,2,0.5,0.5,0.0,0.0,0.0,76.80538489168697,0.008400005754083395,0.0,56.58745000938565,20.20953487654723,0,1,0,17.80131989016808,59.00406500151888,0.0,1048576,1048576,0,8,4,0.25,2,0.5,0,1,1.0,0.2091524583687337,3,0,3,0.0,2.0,0.5,2.0,3,0.5,0.5,0.0,0.9375,0.0625,0.0,256,1024,0,0.0,3563.750796651787,3313.974299977417,0.0,178.81444382292284,70.96205285144731,0,3640.3170979981915,1,-286.8606019976178,1.67724042233307e-05,2.6544326508469207e-06,1.827256254771783e-06,6.646859506810523e-08,2.8301094465294014e-07,7.680538489168697e-07,2.2371626517587318e-05,heuristic_only,nsga2
0,648,648,train,2.4487357139587402,0.28125,0.66796875,8,64,512,412.99110000545625,71.97901059041357,2.286543281749431,39.720195794564646,36.426100006792694,5.81481647250154,14.129231295133021,19.94404776763456,0.00969998654909432,0.0,10.750104617650166,9.184243163435301,0,19.37083057979634,1239.7331571069658,2097152.0,2,0.5,0.5,0.0,0.0,0.0,74.4302357563772,0.008100003469735384,0.0,54.158559019312634,20.263576733594824,0,1,0,17.589916343634297,56.8403194127429,0.0,1048576,1048576,0,8,4,0.25,2,0.5,0,1,1.0,0.2201412464909665,3,3,0,1.0,0.0,0.0,1.0,0,0.5,0.5,0.0,0.9375,0.0625,0.0,256,1024,0,0.0,455.9429986669106,259.8853999952553,0.0,179.71110380861742,16.34649486303792,0,3640.3170979981915,0,3227.325997992735,1.4395802118082715e-06,9.146173126997725e-07,1.5888078317825859e-06,2.9074082362507704e-08,8.477538777079812e-08,7.443023575637721e-07,4.801157183987707e-06,heuristic_only,nsga2
0,649,649,train,2.5154070258140564,0.244140625,0.63671875,8,64,512,451.18200000433717,76.31062941927556,2.710594974656494,38.501833568384846,41.85910000524018,6.3368970873083805,15.645036713346215,21.981933800654595,0.008200004231184721,0.0,12.033814374915274,9.939919421508138,0,17.731164516223124,1134.79452903828,2097152.0,2,0.5,0.5,0.0,0.0,0.0,82.252981769278,0.008100003469735384,0.0,61.13522907152934,21.109652694278914,0,1,0,18.762474992857996,63.49050677641999,0.0,1048576,1048576,0,8,4,0.25,2,0.5,0,1,1.0,0.11898847320993522,3,0,3,0.0,2.0,0.5,2.0,3,0.5,0.5,0.0,0.9580078125,0.0419921875,0.0,256,1024,0,0.0,470.0922318492676,278.47860001202207,0.0,174.55972145380917,17.05391038343632,0,3640.3170979981915,0,3189.1350979938543,1.5262125883855112e-06,1.0842379898625978e-06,1.540073342735394e-06,3.16844854365419e-08,9.387022028007729e-08,8.225298176927799e-07,5.098608444392902e-06,heuristic_only,nsga2
0,650,650,train,2.590876281261444,0.25390625,0.642578125,8,64,512,113.3135999989463,12.290556658904052,2.4455410356581395,48.42604852167835,67.45909999881405,7.098839151695372,14.646994845056733,21.745833996752104,0.010099989594891667,0.0,12.234867895941127,9.500866111216087,0,70.59990504378422,4518.39392280219,2097152.0,2,0.5,0.5,0.0,0.0,0.0,75.33951708356992,0.007199996616691351,0.0,54.848553979686386,20.48376310726683,0,1,0,19.048416832766144,56.291100250803765,0.0,1048576,1048576,0,8,4,0.25,2,0.5,0,1,1.0,0.19776865982085054,3,3,0,1.0,0.0,0.0,1.0,0,0.5,0.5,0.0,0.9560546875,0.0439453125,0.0,256,1024,0,0.0,252.64858486496215,56.9859000534052,0.0,177.8395928856985,17.82309192585847,0,3640.3170979981915,0,3527.003497999245,2.458111331780811e-07,9.782164142632558e-07,1.9370419408671342e-06,3.549419575847686e-08,8.788196907034038e-08,7.533951708356991e-07,4.037840823972988e-06,heuristic_only,nsga2
0,651,651,train,2.5027095675468445,0.234375,0.640625,8,64,512,465.7867000059923,76.85328521815578,2.3555825660183687,39.722497554263995,39.06070000084583,6.025414153478994,13.737015601799616,19.76242975527861,0.007700000423938036,0.0,11.478439700462001,8.27629005439267,0,17.17520664435124,1099.2132252384793,2097152.0,2,0.5,0.5,0.0,0.0,0.0,78.91981031183022,0.007200011168606579,0.0,58.12942352534779,20.78318677531383,0,1,0,18.06933534026897,60.850474971561255,0.0,1048576,1048576,0,8,4,0.25,2,0.5,0,1,1.0,0.26061071707684524,3,0,3,0.0,2.0,0.5,2.0,3,0.5,0.5,0.0,0.9462890625,0.0537109375,0.0,256,1024,0,0.0,475.7254613537525,280.5448999570217,0.0,178.48026097793326,16.700300418797582,0,3640.3170979981915,0,3174.530397992199,1.5370657043631156e-06,9.422330264073475e-07,1.5888999021705598e-06,3.012707076739497e-08,8.242209361079768e-08,7.891981031183023e-07,4.9699459004375185e-06,heuristic_only,nsga2
0,652,652,train,2.497827887535095,0.26953125,0.666015625,8,64,512,445.32129999424797,75.11340717904338,2.543020119365051,38.864701434922296,37.725999995018356,6.5806901621838705,15.297219060354127,21.877909222537998,0.008099988917820156,0.0,12.014152702831762,9.855656530788417,0,17.964516935494434,1149.7290838716438,2097152.0,2,0.5,0.5,0.0,0.0,0.0,79.02684036918535,0.007299997378140688,0.0,59.98414501527136,19.03539535653586,0,1,0,18.07947834243234,60.94736202675302,0.0,1048576,1048576,0,8,4,0.25,2,0.5,0,1,1.0,0.2307606527190679,3,3,0,1.0,0.0,0.0,1.0,0,0.5,0.5,0.0,0.9521484375,0.0478515625,0.0,256,1024,0,0.0,466.0845149333229,272.65579999948386,0.0,177.00767098347737,16.421043950361653,0,3640.3170979981915,0,3194.9957980039435,1.5022681435808674e-06,1.0172080477460205e-06,1.554588057396892e-06,3.290345081091936e-08,9.178331436212475e-08,7.902684036918537e-07,4.989019417588678e-06,heuristic_only,nsga2
0,653,653,train,2.434560000896454,0.255859375,0.71484375,8,64,512,143.0623999913223,11.633717340303548,2.3573385627064423,60.91211087538997,47.628400003304705,6.684017335053871,14.240668054465537,20.924685389519407,0.00790000194683671,0.0,12.683068150542667,8.233717237029904,0,55.9192637703651,3578.8328813033663,2097152.0,2,0.5,0.5,0.0,0.0,0.0,77.77948501703969,0.008200004231184721,0.0,59.004000994172664,18.76728401863584,0,1,0,16.71543048199991,61.06405453503979,0.0,1048576,1048576,0,8,4,0.25,2,0.5,0,1,1.0,0.2307606283979408,3,0,3,0.0,2.0,0.5,2.0,3,0.5,0.5,0.0,0.955078125,0.044921875,0.0,256,1024,0,0.0,299.6126671135998,106.19099999894388,0.0,177.4526790035655,15.968988111090429,0,3640.3170979981915,0,3497.254698006869,2.3267434680607093e-07,9.42935425082577e-07,2.436484435015599e-06,3.3420086675269355e-08,8.544400832679322e-08,7.777948501703971e-07,4.508753152076707e-06,heuristic_only,nsga2
0,654,654,train,2.4886354804039,0.234375,0.642578125,8,64,512,421.6904000059003,72.02271811533583,2.559335935387,39.187358676310275,37.34189999522641,5.784748457324308,14.39792913557649,20.1826775929008,0.006699992809444666,0.0,10.731881429946522,9.444096170144833,0,18.97121923730971,1214.1580311878215,2097152.0,2,0.5,0.5,0.0,0.0,0.0,80.01827865672949,0.007800001185387373,0.0,60.87774483232387,19.132733823220235,0,1,0,17.79971088146166,62.218567775267836,0.0,1048576,1048576,0,8,4,0.25,2,0.5,0,1,1.0,0.2091524583687337,3,3,0,1.0,0.0,0.0,1.0,0,0.5,0.5,0.0,0.9501953125,0.0498046875,0.0,256,1024,0,0.0,455.07765090813245,261.236700011068,0.0,174.63905078766103,19.20190010940337,0,3640.3170979981915,0,3218.626697992291,1.4404543623067168e-06,1.0237343741548001e-06,1.5674943470524112e-06,2.8923742286621542e-08,8.638757481345893e-08,8.00182786567295e-07,4.9471771871813025e-06,heuristic_only,nsga2
0,655,655,train,2.6352977752685547,0.20703125,0.623046875,8,64,512,494.96900000667665,72.50850540400161,3.206301619999356,40.11358938766344,81.66380001057405,6.006784460154666,19.994788386568196,26.001572846722862,0.011600001016631722,0.0,11.101114863826052,14.888857981880177,0,16.16259571265347,1034.406125609822,2097152.0,2,0.5,0.5,0.0,0.0,0.0,75.97742978914874,0.008499991963617504,0.0,55.35320397915684,20.615725818028288,0,1,0,17.73408585467805,58.2433439344707,0.0,1048576,1048576,0,8,4,0.25,2,0.5,0,1,1.0,0.18595995617580352,3,0,3,0.0,2.0,0.5,2.0,3,0.5,0.5,0.0,0.94140625,0.05859375,0.0,256,1024,0,0.0,463.31358564665754,263.08330001484137,0.0,177.54161111205488,22.688674519761364,0,3640.3170979981915,0,3145.348097991515,1.4501701080800324e-06,1.2825206479997427e-06,1.6045435755065374e-06,3.003392230077334e-08,1.1996873031940917e-07,7.597742978914875e-07,5.247011282097983e-06,heuristic_only,nsga2
0,656,656,train,2.517925798892975,0.21484375,0.65625,8,64,512,4600.61599999608,857.0950681517514,91.57519156686635,42.80596069789199,52.72550000518095,7.344197130776877,739.216690954893,746.5608880856698,0.007800001185387373,0.0,12.492583965168476,734.0605041193161,0,1.7388971957471826,111.28942052781969,2097152.0,2,0.0,0.5,0.5,0.0,0.0,86.22510780382014,0.00750001345295459,0.0,67.22551891975078,18.9920888706164,0,1,0,0.0,60.6647801485893,25.560327655230832,0,1048576,1048576,8,4,0.25,2,0.5,0,1,1.0,0.13364216641330787,3,3,0,1.0,0.0,0.0,1.0,0,0.5,0.5,0.0,0.9560546875,0.0439453125,0.0,256,1024,0,0.0,3965.904881666039,3397.446500050137,0.0,175.35300624470437,393.1053753711978,0,4727.325641495552,0,126.70964149947213,1.714190136303503e-05,3.663007662674653e-05,1.7122384279156797e-06,3.672098565388439e-08,4.435300145729358e-06,8.622510780382014e-07,6.081848862711869e-05,heuristic_only,nsga2
0,657,657,train,2.5453476309776306,0.234375,0.640625,8,64,512,346.85639999224804,62.11355798993709,2.3184269952615795,38.849152901936144,38.80320000462234,6.189855672566941,15.486016578574244,21.675872251141186,0.008500006515532732,0.0,12.336225523182106,9.331146721443545,0,23.064233313686817,1476.1109320759563,2097152.0,2,0.5,0.5,0.0,0.0,0.0,73.65263936464152,0.007099995855242014,0.0,55.16812052015843,18.47741884862783,0,1,0,16.29371146632021,57.3589278983213,0.0,1048576,1048576,0,8,4,0.25,2,0.5,0,1,1.0,0.2091524583687337,3,0,3,0.0,2.0,0.5,2.0,3,0.5,0.5,0.0,0.9609375,0.0390625,0.0,256,1024,0,0.0,413.1245515485393,222.01170001062565,0.0,174.22889940265745,16.883952135256173,0,4727.325641495552,0,4380.469241503304,1.242271159798742e-06,9.273707981046318e-07,1.553966116077446e-06,3.094927836283471e-08,9.291609947144545e-08,7.365263936464152e-07,4.583999845461515e-06,heuristic_only,nsga2
0,658,658,train,2.506014585494995,0.236328125,0.642578125,8,64,512,104.22179999295622,11.862856582397292,2.4908775030018653,47.520735122327935,49.39329999615438,6.707484891356352,15.646139299321003,22.353624190677355,0.008400005754083395,0.0,12.748514051038963,9.596710133884308,0,76.75863631125503,4912.552723920322,2097152.0,2,0.5,0.5,0.0,0.0,0.0,73.7668738018663,0.008100003469735384,0.0,54.58573671573445,19.17303708266211,0,1,0,17.144012951500986,56.622860850365306,0.0,1048576,1048576,0,8,4,0.25,2,0.5,0,1,1.0,0.2307606527190679,3,3,0,1.0,0.0,0.0,1.0,0,0.5,0.5,0.0,0.955078125,0.044921875,0.0,256,1024,0,0.0,247.49787683090835,51.163299998734146,0.0,178.18387097775047,18.150705854423688,0,4727.325641495552,0,4623.103841502596,2.372571316479459e-07,9.96351001200746e-07,1.9008294048931173e-06,3.353742445678176e-08,9.3876835795926e-08,7.376687380186629e-07,3.99952053601318e-06,heuristic_only,nsga2
0,659,659,train,2.5343108773231506,0.259765625,0.654296875,8,64,512,445.8924000064144,75.5043694112012,2.5262234121201796,38.468136740468054,39.04940000211354,6.003523100935506,15.584069055468516,21.58759215640402,0.007900016498751938,0.0,12.277805254850533,9.301886885054738,0,17.941507992459446,1148.2565115174045,2097152.0,2,0.5,0.5,0.0,0.0,0.0,79.99491305132719,0.008099988917820156,0.0,59.485581072220754,20.501231990188614,0,1,0,18.26111178378143,61.73380126754576,0.0,1048576,1048576,0,8,4,0.25,2,0.5,0,1,1.0,0.2201412464909665,3,0,3,0.0,2.0,0.5,2.0,3,0.5,0.5,0.0,0.9462890625,0.0537109375,0.0,256,1024,0,0.0,465.99491825515776,273.24669997324236,0.0,177.77502202106183,14.973196260853587,0,4727.325641495552,0,4281.433241489138,1.5100873882240243e-06,1.010489364848072e-06,1.5387254696187224e-06,3.0017615504677534e-08,9.350441433281108e-08,7.999491305132719e-07,4.982773383041579e-06,heuristic_only,nsga2
0,660,660,train,2.5174177289009094,0.26171875,0.662109375,8,64,512,441.519200001494,75.11866292144032,2.497807922544847,39.51856002253692,37.16500000155065,5.755975175025949,14.990797258380464,20.746772433406413,0.007499998901039362,0.0,11.321887539945678,9.417384894559696,0,18.11921628947652,1159.6298425264972,2097152.0,2,0.5,0.5,0.0,0.0,0.0,74.32508517808016,0.007800001185387373,0.0,55.32318005820144,18.994105118693334,0,1,0,16.731611539453503,57.593473638626655,0.0,1048576,1048576,0,8,4,0.25,2,0.5,0,1,1.0,0.18595995617580352,3,3,0,1.0,0.0,0.0,1.0,0,0.5,0.5,0.0,0.9453125,0.0546875,0.0,256,1024,0,0.0,468.54012346608835,270.1438999938546,0.0,181.22940366924087,17.1668198029929,0,4727.325641495552,0,4285.806441494058,1.5023732584288066e-06,9.991231690179389e-07,1.5807424009014769e-06,2.8779875875129745e-08,8.994478355028277e-08,7.432508517808016e-07,4.944214339554436e-06,heuristic_only,nsga2
0,661,661,train,2.5235446095466614,0.263671875,0.642578125,8,64,512,466.6702999966219,77.01376413278857,2.4704218068001547,39.08096210949108,48.15040000539739,5.461304421061403,13.63304728035963,19.094351701421033,0.0092999980552122,0.0,10.769824674312805,8.315227029053014,0,17.142686940589467,1097.131964197726,2097152.0,2,0.5,0.5,0.0,0.0,0.0,78.15576123855843,0.007599999662488699,0.0,57.25261747347395,20.89554376542199,0,1,0,18.073277825850198,60.08248341270823,0.0,1048576,1048576,0,8,4,0.25,2,0.5,0,1,1.0,0.16091838189257093,3,0,3,0.0,2.0,0.5,2.0,3,0.5,0.5,0.0,0.958984375,0.041015625,0.0,256,1024,0,0.0,474.2605921963192,280.7798000430921,0.0,176.66282541273284,16.81796674049424,0,4727.325641495552,0,4260.65534149893,1.5402752826557714e-06,9.881687227200618e-07,1.5632384843796435e-06,2.7306522105307018e-08,8.179828368215777e-08,7.815576123855843e-07,4.982344907928525e-06,heuristic_only,nsga2
0,662,662,train,2.510121464729309,0.28125,0.669921875,8,64,512,559.392499999376,71.65574274281904,4.037307190679856,40.714663301799234,210.08099999744445,6.181720175030295,31.388061267505645,37.56978144253594,0.008499991963617504,0.0,12.265695636610392,25.29558581396193,0,14.30120299933575,915.276991957488,2097152.0,2,0.5,0.0,0.5,0.0,0.0,42.034036606748316,0.01060000795405358,0.0,21.792802060053944,20.230634538740315,0,1,0,17.049033749600632,0.0,24.985002857147684,1048576,0,1048576,8,4,0.25,2,0.5,0,1,1.0,0.2201412464909665,3,3,0,1.0,0.0,0.0,1.0,0,0.5,0.5,0.0,0.947265625,0.052734375,0.0,256,1024,0,0.0,465.6308529411926,257.2892000025604,0.0,180.07108965341155,28.270563285220632,0,3640.3170979981915,0,3080.9245979988154,1.433114854856381e-06,1.6149228762719424e-06,1.6285865320719697e-06,3.090860087515148e-08,1.8832836760503383e-07,4.203403660674832e-07,5.316201597747962e-06,heuristic_only,nsga2
0,663,663,train,2.477144479751587,0.220703125,0.662109375,8,64,512,461.2475000030827,74.8739489516885,3.0398635655465203,40.02443130187033,49.228000003495254,8.405239770159511,20.331392648947126,28.736632419106638,0.00829999044071883,0.0,12.257704860370156,16.47062756829576,0,17.344229845618,1110.030710119552,2097152.0,2,0.5,0.0,0.5,0.0,0.0,44.32670806210419,0.008300004992634058,0.0,22.775726785264798,21.542681271846757,0,1,0,18.20889988000411,0.0,26.117808182100077,1048576,0,1048576,8,4,0.25,2,0.5,0,1,1.0,0.14759070521249812,3,0,3,0.0,2.0,0.5,2.0,3,0.5,0.5,0.0,0.95703125,0.04296875,0.0,256,1024,0,0.0,471.75297527642147,268.5922000237042,0.0,175.0132357066948,28.147539546022443,0,3640.3170979981915,0,3179.069597995109,1.4974789790337703e-06,1.215945426218608e-06,1.6009772520748132e-06,4.202619885079756e-08,1.2198835589368274e-07,4.4326708062104193e-07,4.921683292692713e-06,heuristic_only,nsga2
0,664,664,train,2.5068472623825073,0.265625,0.642578125,8,64,512,417.2236000013072,71.03326959570448,2.483515618721785,39.10336943907595,34.87579998909496,6.618545840390531,15.514344187196508,22.132890027587038,0.008000002708286047,0.0,12.574870565946929,9.550019458931823,0,19.174324812043526,1227.1567879707857,2097152.0,2,0.5,0.5,0.0,0.0,0.0,80.90418971553255,0.007700000423938036,0.0,60.935419169099326,19.96107054600928,0,1,0,18.944082286966236,61.96010742856632,0.0,1048576,1048576,0,8,4,0.25,2,0.5,0,1,1.0,0.17369072493825644,3,3,0,1.0,0.0,0.0,1.0,0,0.5,0.5,0.0,0.9501953125,0.0498046875,0.0,256,1024,0,0.0,450.48061861400885,255.8949000085704,0.0,177.7537787841785,16.83193982125995,0,3640.3170979981915,0,3223.0934979968843,1.4206653919140897e-06,9.93406247488714e-07,1.5641347775630383e-06,3.309272920195265e-08,9.308606512317904e-08,8.090418971553256e-07,4.913427108446299e-06,heuristic_only,nsga2
0,665,665,train,2.517947733402252,0.2265625,0.671875,8,64,512,108.52110000269022,12.407998655137803,2.2892036133070315,47.558557860079766,36.096900003030896,6.352622299898669,13.665751391973592,20.01837369187226,0.007800001185387373,0.0,11.862973461067956,8.147600229618917,0,73.7177035811294,4717.9330291922815,2097152.0,2,0.5,0.0,0.5,0.0,0.0,42.68982477857774,0.007399998139590025,0.0,23.23600646628624,19.446418314151906,0,1,0,17.16863308247718,0.0,25.52119169610056,1048576,0,1048576,8,4,0.25,2,0.5,0,1,1.0,0.2091524583687337,3,0,3,0.0,2.0,0.5,2.0,3,0.5,0.5,0.0,0.958984375,0.041015625,0.0,256,1024,0,0.0,249.0230405140984,55.19210001511965,0.0,175.0496593509257,18.781281148053022,0,3640.3170979981915,0,3531.7959979955012,2.481599731027561e-07,9.156814453228126e-07,1.9023423144031904e-06,3.176311149949335e-08,8.199450835184154e-08,4.268982477857774e-07,3.6068396004658715e-06,heuristic_only,nsga2
0,666,666,train,2.428402900695801,0.298828125,0.693359375,8,64,512,413.9004000026034,71.33076768887703,2.5339573939077584,39.25397129901532,36.78940000827424,5.6612945409976785,17.440787128693046,23.102081669690726,0.007599999662488699,0.0,11.357219783503819,11.737261886524417,0,19.328274801558248,1237.0095872997279,2097152.0,2,0.5,0.5,0.0,0.0,0.0,80.12773826330773,0.007800001185387373,0.0,59.22404001479849,20.895898247323863,0,1,0,18.838351321981406,61.28938694132633,0.0,1048576,1048576,0,8,4,0.25,2,0.5,0,1,1.0,0.2091524583687337,3,3,0,1.0,0.0,0.0,1.0,0,0.5,0.5,0.0,0.947265625,0.052734375,0.0,256,1024,0,0.0,452.4747855272004,257.0279999927152,0.0,176.2722547539994,19.17453078048583,0,3640.3170979981915,0,3226.416697995588,1.4266153537775408e-06,1.0135829575631035e-06,1.570158851960613e-06,2.8306472704988398e-08,1.0464472277215826e-07,8.012773826330775e-07,4.944585741411482e-06,heuristic_only,nsga2
0,667,667,train,2.488585114479065,0.25,0.666015625,8,64,512,474.6560999919893,76.06365907089048,2.75070154004844,39.13753045381649,49.79829999501817,6.136752944923465,16.881700725684748,23.018453670608213,0.00890000956133008,0.0,12.242933975737486,10.766619685309395,0,16.85427227388996,1078.6734255289575,2097152.0,2,0.0,0.5,0.5,0.0,0.0,86.05734759952222,0.007299997378140688,0.0,65.47774723031819,20.57230037182589,0,1,0,0.0,61.60065820032534,24.45668939919687,0,1048576,1048576,8,4,0.25,2,0.5,0,1,1.0,0.2091524583687337,3,0,3,0.0,2.0,0.5,2.0,3,0.5,0.5,0.0,0.947265625,0.052734375,0.0,256,1024,0,0.0,471.80756425902155,275.96399998583365,0.0,175.69833256731474,20.14523170587323,0,2652.8417959971453,0,2178.185696005156,1.5212731814178098e-06,1.1002806160193762e-06,1.5655012181526597e-06,3.068376472461733e-08,1.0129020435410848e-07,8.605734759952222e-07,5.179602460663795e-06,heuristic_only,nsga2
0,668,668,train,2.459006428718567,0.291015625,0.65625,8,64,512,455.8931999927154,77.79432779585441,2.4160239178834537,38.05331912719071,42.695500000263564,6.6789594817720435,17.07839201134987,23.757351493121913,0.007300011930055916,0.0,12.492447544695686,11.25760393649617,0,17.547931077271503,1123.0675889453762,2097152.0,2,0.5,0.5,0.0,0.0,0.0,78.52321816755263,0.007100010407157242,0.0,57.64878818701121,20.867329970134257,0,1,0,18.477630916436382,60.045587251116245,0.0,1048576,1048576,0,8,4,0.25,2,0.5,0,1,1.0,0.2307606527190679,3,3,0,1.0,0.0,0.0,1.0,0,0.5,0.5,0.0,0.9521484375,0.0478515625,0.0,256,1024,0,0.0,473.05468336371433,283.66299999470357,0.0,171.847852078441,17.54383129056977,0,2652.8417959971453,0,2196.94859600443,1.5558865559170883e-06,9.664095671533814e-07,1.5221327650876285e-06,3.3394797408860217e-08,1.0247035206809921e-07,7.852321816755263e-07,4.965526219310584e-06,heuristic_only,nsga2
0,669,669,train,2.4585665464401245,0.279296875,0.65625,8,64,512,150.92170001298655,11.291255224719308,2.4331008827015155,60.65402219220927,50.42269999103155,6.2551404486751165,15.514267403588878,21.769407852263996,0.009900002623908222,0.0,12.720530640614243,9.038977209025843,0,53.007267954466876,3392.46514908588,2097152.0,2,0.5,0.5,0.0,0.0,0.0,80.87370872585431,0.007300011930055916,0.0,61.09484635042345,19.77156236350081,0,1,0,19.238013195184894,61.63569553066942,0.0,1048576,1048576,0,8,4,0.25,2,0.5,0,1,1.0,0.18595995617580352,3,0,3,0.0,2.0,0.5,2.0,3,0.5,0.5,0.0,0.9609375,0.0390625,0.0,256,1024,0,0.0,297.51351319852034,104.69389999343548,0.0,177.4001112685861,15.419501936498778,0,2652.8417959971453,0,2501.9200959841587,2.2582510449438616e-07,9.732403530806062e-07,2.426160887688371e-06,3.127570224337559e-08,9.308560442153325e-08,8.087370872585432e-07,4.558324739186816e-06,heuristic_only,nsga2
0,670,670,train,2.4570561051368713,0.279296875,0.681640625,8,64,512,416.7837999993935,69.61345221032342,2.5013552938141728,39.72312226654425,38.15229999599978,6.352895885709081,15.458853650515701,21.81174953622478,0.009700001101009548,0.0,11.279963374207513,10.52208616091626,0,19.194557958955418,1228.4517093731467,2097152.0,2,0.5,0.5,0.0,0.0,0.0,78.69955493222541,0.006999995093792677,0.0,59.392638433231454,19.299916503900164,0,1,0,17.334378603971345,61.365176328254066,0.0,1048576,1048576,0,8,4,0.25,2,0.5,0,1,1.0,0.2091524583687337,3,3,0,1.0,0.0,0.0,1.0,0,0.5,0.5,0.0,0.94921875,0.05078125,0.0,256,1024,0,0.0,447.35171908272736,251.03409997245762,0.0,176.85920935133538,19.458409758934376,0,2652.8417959971453,0,2236.0579959977517,1.3922690442064684e-06,1.0005421175256693e-06,1.5889248906617703e-06,3.176447942854541e-08,9.27531219030942e-08,7.869955493222541e-07,4.893249203047801e-06,heuristic_only,nsga2
0,671,671,train,2.5347647666931152,0.23046875,0.681640625,8,64,512,107.75890000513755,11.865853617935347,2.6003851614047404,48.23386301579352,39.473099997849204,6.541190509180189,15.765152963378336,22.306343472558524,0.008100003469735384,0.0,12.177734866455477,10.120508602633311,0,74.23911862964417,4751.303592297227,2097152.0,2,0.5,0.5,0.0,0.0,0.0,79.9309944216821,0.007299997378140688,0.0,60.57407410545609,19.349620318847883,0,1,0,17.331732741675772,62.599261680006336,0.0,1048576,1048576,0,8,4,0.25,2,0.5,0,1,1.0,0.19776865982085054,3,0,3,0.0,2.0,0.5,2.0,3,0.5,0.5,0.0,0.9482421875,0.0517578125,0.0,256,1024,0,0.0,250.80040718053442,55.87589999777265,0.0,176.16559988985324,18.758907292908496,0,2652.8417959971453,0,2545.0828959920077,2.37317072358707e-07,1.0401540645618965e-06,1.929354520631741e-06,3.270595254590095e-08,9.459091778027e-08,7.993099442168211e-07,4.133432472095337e-06,heuristic_only,nsga2
0,672,672,train,2.50150728225708,0.248046875,0.658203125,8,64,512,387.14760000584647,68.03548077231822,2.5340767445529946,39.90527767552862,40.25169998931233,6.002577104317761,16.1911299617811,22.193707066098863,0.00829999044071883,0.0,11.282482085894937,10.902924989763205,0,20.663900114527575,1322.4896073297648,2097152.0,2,0.5,0.0,0.5,0.0,0.0,43.550032701578935,0.007499998901039362,0.0,24.14778917336644,19.394743529311455,0,1,0,18.407360057499393,0.0,25.142672644079543,1048576,0,1048576,8,4,0.25,2,0.5,0,1,1.0,0.19776869931901056,3,3,0,1.0,0.0,0.0,1.0,0,0.5,0.5,0.0,0.94921875,0.05078125,0.0,256,1024,0,0.0,441.89934076959935,245.30109993065707,0.0,176.47973368635684,20.11850715258545,0,2652.8417959971453,0,2265.694195991299,1.3607096154463648e-06,1.0136306978211978e-06,1.5962111070211447e-06,3.001288552158881e-08,9.71467797706866e-08,4.3550032701578935e-07,4.5332114125967715e-06,heuristic_only,nsga2
0,673,673,train,2.5908164978027344,0.234375,0.62890625,8,64,512,811.1381999915466,77.2821152963152,2.9716000700513936,44.38267748845518,54.6226000005845,6.418211536426883,18.881817757348397,25.30002929377528,0.008400005754083395,0.0,12.20172422325312,13.089905064768077,0,9.862672153045215,631.2110177948938,2097152.0,2,0.0,0.5,0.5,0.0,0.0,82.46942157573102,0.03220001235604286,0.0,62.032022822897254,20.40519874047773,0,1,0,0.0,57.87376756760444,24.595654008126587,0,1048576,1048576,8,4,0.25,2,0.5,0,1,1.0,0.2091524583687337,3,0,3,0.0,2.0,0.5,2.0,3,0.5,0.5,0.0,0.9541015625,0.0458984375,0.0,256,1024,0,0.0,498.5455714192871,282.36110002035275,0.0,177.08502835058255,39.09944304835176,0,2777.45591749327,0,1966.3177175017236,1.545642305926304e-06,1.1886400280205576e-06,1.775307099538207e-06,3.209105768213442e-08,1.1329090654409038e-07,8.246942157573103e-07,5.479665613468603e-06,heuristic_only,nsga2
0,674,674,train,2.49007385969162,0.255859375,0.658203125,8,64,512,390.54290000058245,63.39467812676239,5.423901420908596,41.25566284054702,54.35550000402145,6.456913160265386,42.05569509731626,48.51260825758165,0.00790000194683671,0.0,12.517688374071632,35.98701988156318,0,20.48425285861095,1310.9921829511009,2097152.0,2,0.5,0.5,0.0,0.0,0.0,80.75947260661083,0.006799993570894003,0.0,59.94025902947915,20.81241358356079,0,1,0,17.130357969602667,63.629114637008165,0.0,1048576,1048576,0,8,4,0.25,2,0.5,0,1,1.0,0.241032865595602,3,3,0,1.0,0.0,0.0,1.0,0,0.5,0.5,0.0,0.9580078125,0.0419921875,0.0,256,1024,0,0.0,440.29696955287204,225.19779998401646,0.0,177.96689197525703,37.13227759359851,0,2777.45591749327,0,2386.9130174926877,1.2678935625352479e-06,2.1695605683634386e-06,1.6502265136218808e-06,3.2284565801326935e-08,2.523341705838975e-07,8.075947260661084e-07,6.1798941069718995e-06,heuristic_only,nsga2
0,675,675,train,2.5410656929016113,0.224609375,0.671875,8,64,512,434.5952000003308,73.73325639096596,2.6303920208929488,39.20078894526981,55.17980000877287,6.085374726194162,18.647164040339124,24.73253876653329,0.008100003469735384,0.0,12.282051123322134,12.442387639741419,0,18.40789219968769,1178.1051007800122,2097152.0,2,0.5,0.0,0.5,0.0,0.0,41.67680937510378,0.007599999662488699,0.0,21.027798662194776,20.641410713246515,0,1,0,17.116441251120058,0.0,24.56036812398372,1048576,0,1048576,8,4,0.25,2,0.5,0,1,1.0,0.241032865595602,3,0,3,0.0,2.0,0.5,2.0,3,0.5,0.5,0.0,0.94921875,0.05078125,0.0,256,1024,0,0.0,462.2577494285149,268.2496999914292,0.0,173.7633627499339,20.244686687151738,0,2777.45591749327,0,2342.8607174929393,1.4746651278193194e-06,1.0521568083571795e-06,1.5680315578107923e-06,3.042687363097081e-08,1.1188298424203473e-07,4.1676809375103787e-07,4.653931445611334e-06,heuristic_only,nsga2
0,676,676,train,2.479223608970642,0.24609375,0.666015625,8,64,512,354.45440000330564,63.23322221333885,2.4557039603138815,39.37522323826174,40.25999999430496,6.461131360634337,15.562361279681063,22.0234926403154,0.007900016498751938,0.0,12.730449034685515,9.285143589131135,0,22.569835302058856,1444.4694593317668,2097152.0,2,0.5,0.5,0.0,0.0,0.0,78.57969742307563,0.006699992809444666,0.0,58.482714830743,20.09028259952318,0,1,0,18.45118522842356,60.12851219465206,0.0,1048576,1048576,0,8,4,0.25,2,0.5,0,1,1.0,0.241032865595602,3,3,0,1.0,0.0,0.0,1.0,0,0.5,0.5,0.0,0.9345703125,0.0654296875,0.0,256,1024,0,0.0,420.2565976476579,224.42200002842583,0.0,178.35803992393946,17.476557695292616,0,2777.45591749327,0,2423.0015174899645,1.264664444266777e-06,9.822815841255525e-07,1.5750089295304695e-06,3.230565680317169e-08,9.337416767808637e-08,7.857969742307563e-07,4.733431756634814e-06,heuristic_only,nsga2
0,677,677,train,2.3876829147338867,0.291015625,0.708984375,8,64,512,432.97850000089966,76.43813153288617,2.513431540740931,38.55880034320231,37.62309999729041,6.028484350163396,15.215586808124819,21.244071158288214,0.008999995770864189,0.0,11.909387094084147,9.325684068433205,0,18.476625336726975,1182.5040215505264,2097152.0,2,0.5,0.5,0.0,0.0,0.0,78.21268248512919,0.007199996616691351,0.0,58.88685308203376,19.318629406478735,0,1,0,16.65473944049132,61.55794304463787,0.0,1048576,1048576,0,8,4,0.25,2,0.5,0,1,1.0,0.18595995617580352,3,0,3,0.0,2.0,0.5,2.0,3,0.5,0.5,0.0,0.9501953125,0.0498046875,0.0,256,1024,0,0.0,470.0414536673176,279.270600003656,0.0,174.07204435216067,16.698809311500945,0,767.6378984945761,0,334.65939849367646,1.5287626306577237e-06,1.0053726162963723e-06,1.5423520137280923e-06,3.014242175081698e-08,9.12935208487489e-08,7.821268248512919e-07,4.980050028133046e-06,heuristic_only,nsga2
0,678,678,train,2.5366706252098083,0.216796875,0.666015625,8,64,512,468.26510000391863,76.79576381714944,2.45979805798491,39.180380723441914,37.88300001178868,6.054882181696824,15.72880184473145,21.783684026428276,0.009800001862458885,0.0,12.042259909302237,9.731624115263578,0,17.084303134335485,1093.395400597471,2097152.0,2,0.5,0.5,0.0,0.0,0.0,74.79634299275811,0.006399990525096655,0.0,55.13817927550234,19.65176372673067,0,1,0,17.644550078810514,57.151792913947595,0.0,1048576,1048576,0,8,4,0.25,2,0.5,0,1,1.0,0.2201412464909665,3,3,0,1.0,0.0,0.0,1.0,0,0.5,0.5,0.0,0.94921875,0.05078125,0.0,256,1024,0,0.0,473.743770394305,280.61219993105624,0.0,175.417264052337,17.714306410911753,0,767.6378984945761,0,299.3727984906575,1.5359152763429888e-06,9.839192231939642e-07,1.5672152289376767e-06,3.027441090848412e-08,9.437281106838868e-08,7.479634299275812e-07,4.959660380379083e-06,heuristic_only,nsga2
0,679,679,train,2.5243387818336487,0.21875,0.66015625,8,64,512,421.72450000362005,72.4301734507707,2.450455394361336,39.39355066010296,35.587399994255975,5.827474776929749,13.22617116937733,19.05364594630708,0.008500006515532732,0.0,10.811607189490783,8.233538750300767,0,18.969685257190587,1214.0598564601976,2097152.0,2,0.5,0.5,0.0,0.0,0.0,80.76914532265238,0.007199996616691351,0.0,60.14932981844919,20.61261550758649,0,1,0,19.47514459366675,61.29400072898562,0.0,1048576,1048576,0,8,4,0.25,2,0.5,0,1,1.0,0.10351650354811201,3,0,3,0.0,2.0,0.5,2.0,3,0.5,0.5,0.0,0.9677734375,0.0322265625,0.0,256,1024,0,0.0,457.09671802094,263.8830999931088,0.0,173.76560322702866,19.448014800802497,0,767.6378984945761,0,345.91339849095607,1.448603469015414e-06,9.801821577445343e-07,1.5757420264041184e-06,2.9137373884648745e-08,7.935702701626396e-08,8.076914532265239e-07,4.920713507291503e-06,heuristic_only,nsga2
0,680,680,train,2.484296977519989,0.23046875,0.671875,8,64,512,99.78679999767337,12.655645180457604,2.399919354010238,46.3945431119,50.224699996761046,6.226789370695471,14.840173237745528,21.066962608441,0.007399998139590025,0.0,12.297670061388843,8.761892548912567,0,80.17012099862434,5130.887743911958,2097152.0,2,0.5,0.5,0.0,0.0,0.0,76.87615689552297,0.007000024197623134,0.0,58.0003160978422,18.868840773483154,0,1,0,17.208635531074314,59.66752136444866,0.0,1048576,1048576,0,8,4,0.25,2,0.5,0,1,1.0,0.17369072493825644,3,3,0,1.0,0.0,0.0,1.0,0,0.5,0.5,0.0,0.9541015625,0.0458984375,0.0,256,1024,0,0.0,245.80043058547136,52.729000002727844,0.0,175.37343997740484,17.69799060533869,0,767.6378984945761,0,667.8510984969028,2.5311290360915207e-07,9.599677416040953e-07,1.855781724476e-06,3.1133946853477355e-08,8.904103942647315e-08,7.687615689552298e-07,3.9577989249244276e-06,heuristic_only,nsga2
0,681,681,train,2.4941412210464478,0.248046875,0.64453125,8,64,512,289.3523999955505,51.77993528825561,2.67823844642552,39.660549716150214,37.423100002342835,5.799018338159839,15.923544233162598,21.722562571322438,0.008699993486516178,0.0,11.647076255016469,10.066786322819453,0,27.647852073357424,1769.462532694875,2097152.0,2,0.5,0.5,0.0,0.0,0.0,78.35429009592477,0.006700007361359894,0.0,58.756994785736154,19.59059530282725,0,1,0,16.70044164129767,61.653848454627095,0.0,1048576,1048576,0,8,4,0.25,2,0.5,0,1,1.0,0.19776865982085054,3,0,3,0.0,2.0,0.5,2.0,3,0.5,0.5,0.0,0.951171875,0.048828125,0.0,256,1024,0,0.0,376.47489380332536,177.98619996756315,0.0,180.87975184876433,17.608941986997863,0,767.6378984945761,0,478.2854984990256,1.0355987057651123e-06,1.0712953785702084e-06,1.5864219886460088e-06,2.8995091690799198e-08,9.554126539897558e-08,7.835429009592477e-07,4.6013953310303515e-06,heuristic_only,nsga2
0,682,682,train,2.5226035118103027,0.25,0.634765625,8,64,512,419.4214000017382,71.76494608606762,2.476459031942679,39.50072911871542,39.554400005727075,5.856603909273057,14.478126462605132,20.334730371878187,0.007499998901039362,0.0,12.086910325684958,8.24032004729219,0,19.07385013286569,1220.7264085034042,2097152.0,2,0.5,0.5,0.0,0.0,0.0,77.56655795685099,0.008000017260201275,0.0,57.50062401836832,20.05793392122247,0,1,0,18.157066572913653,59.409491383937336,0.0,1048576,1048576,0,8,4,0.25,2,0.5,0,1,1.0,0.16091842229213763,3,3,0,1.0,0.0,0.0,1.0,0,0.5,0.5,0.0,0.9462890625,0.0537109375,0.0,256,1024,0,0.0,454.9685369469029,260.92309998057317,0.0,175.8896837987163,18.15575316761342,0,767.6378984945761,0,348.2164984928379,1.4352989217213526e-06,9.905836127770716e-07,1.580029164748617e-06,2.9283019546365283e-08,8.686875877563079e-08,7.756655795685099e-07,4.8977290571375475e-06,heuristic_only,nsga2
0,683,683,train,2.483920097351074,0.236328125,0.638671875,8,64,512,448.26520000060555,76.3916183005748,2.440247481098405,39.20606423375792,37.05759999866132,5.858787459678481,14.918234009655942,20.77702146933442,0.007700000423938036,0.0,11.06085954779931,9.708461921111175,0,17.846538507675113,1142.1784644912073,2097152.0,2,0.0,0.5,0.5,0.0,0.0,86.35514223164414,0.010900010238401592,0.0,66.23656831700896,20.10767390439677,0,1,0,0.0,60.84195769897081,25.51318453267333,0,1048576,1048576,8,4,0.25,2,0.5,0,1,1.0,0.29631656414490637,3,0,3,0.0,2.0,0.5,2.0,3,0.5,0.5,0.0,0.9365234375,0.0634765625,0.0,256,1024,0,0.0,472.1517200617245,276.28550001827534,0.0,178.45947619279724,17.406743850651935,0,767.6378984945761,0,319.3726984939706,1.5278323660114962e-06,9.76098992439362e-07,1.568242569350317e-06,2.9293937298392407e-08,8.950940405793564e-08,8.635514223164414e-07,5.054528691473944e-06,heuristic_only,nsga2
0,684,684,train,2.4404417276382446,0.255859375,0.66015625,8,64,512,5405.6702999951085,1186.9321660425437,10.53889348005936,43.9123212639696,46.10060001141392,582.9470457849716,76.21262323354068,659.1596690185122,0.010299991117790341,0.0,12.642995640268062,646.5063733871264,0,1.4799272016423268,94.71534090510892,2097152.0,2,0.5,0.5,0.0,0.0,0.0,77.2606487615171,0.00689999433234334,0.0,57.54495721106065,19.708791556124126,0,1,0,18.372193296200223,58.88845546531689,0.0,1048576,1048576,0,8,4,0.25,2,0.5,0,1,1.0,0.26994866698852693,3,3,0,1.0,0.0,0.0,1.0,0,0.5,0.5,0.0,0.94921875,0.05078125,0.0,256,1024,0,0.0,4965.5335231462905,3539.8662999941735,0.0,175.53359672979155,1250.1336264223253,0,3184.886088993432,1,-2220.7842110016763,2.3738643320850877e-05,4.2155573920237436e-06,1.7564928505587842e-06,2.914735228924858e-06,4.5727573940124404e-07,7.726064876151712e-07,3.385531101937468e-05,heuristic_only,nsga2
0,685,685,train,2.3281710147857666,0.3125,0.69140625,8,64,512,420.8727999939583,72.84145061643106,2.489808032096015,39.329769034679025,37.01159999764059,6.728634925682135,15.43498693175024,22.163621857432375,0.008000002708286047,0.0,12.106862967602066,10.048758887122025,0,19.008073204164386,1216.5166850665207,2097152.0,2,0.5,0.5,0.0,0.0,0.0,79.30433650224376,0.007299997378140688,0.0,57.98901219852428,21.30802430634134,0,1,0,18.000781617876154,61.30355488436761,0.0,1048576,1048576,0,8,4,0.25,2,0.5,0,1,1.0,0.2091524583687337,3,0,3,0.0,2.0,0.5,2.0,3,0.5,0.5,0.0,0.951171875,0.048828125,0.0,256,1024,0,0.0,458.6441107328244,264.63229999353644,0.0,175.5768426127969,18.434968126491086,0,3184.886088993432,0,2764.013288999474,1.4568290123286214e-06,9.959232128384063e-07,1.5731907613871613e-06,3.3643174628410675e-08,9.260992159050143e-08,7.930433650224376e-07,4.945239447795538e-06,heuristic_only,nsga2
0,686,686,train,2.3713820576667786,0.279296875,0.67578125,8,64,512,415.84750000038184,70.928220253087,2.6251405659743936,39.46135753463605,38.163000004715286,6.01034548248796,17.178850945040747,23.189196427528707,0.007399998139590025,0.0,12.275201308587352,10.906595120801764,0,19.23777529555272,1231.217618915374,2097152.0,2,0.5,0.5,0.0,0.0,0.0,80.77761057175454,0.007199996616691351,0.0,60.546397118863055,20.224013456274786,0,1,0,17.522379280531702,63.25523129122283,0.0,1048576,1048576,0,8,4,0.25,2,0.5,0,1,1.0,0.13364216641330787,3,3,0,1.0,0.0,0.0,1.0,0,0.5,0.5,0.0,0.9609375,0.0390625,0.0,256,1024,0,0.0,452.0588734147898,257.6104000036139,0.0,176.33594350407805,18.112529907097866,0,767.6378984945761,0,351.7903984941943,1.41856440506174e-06,1.0500562263897575e-06,1.5784543013854423e-06,3.00517274124398e-08,1.0307310567024446e-07,8.077761057175454e-07,4.98797587163717e-06,heuristic_only,nsga2
0,687,687,train,2.4912989139556885,0.263671875,0.65625,8,64,512,469.0028000040911,76.63943459474629,2.4949624373815005,39.283227152297314,42.61459999543149,6.238951314889999,15.950661756884568,22.189613071774566,0.007100010407157242,0.0,12.37221660362867,9.810296457738739,0,17.05743109102787,1091.6755898257836,2097152.0,2,0.0,0.5,0.5,0.0,0.0,80.0302075638598,0.010099989594891667,0.0,60.815484542092236,19.204623032172684,0,1,0,0.0,55.94039309628308,24.089814467576726,0,1048576,1048576,8,4,0.25,2,0.5,0,1,1.0,0.18595995617580352,3,0,3,0.0,2.0,0.5,2.0,3,0.5,0.5,0.0,0.958984375,0.041015625,0.0,256,1024,0,0.0,473.67049673770043,279.78779998375103,0.0,175.1066532448495,18.77604350909992,0,767.6378984945761,0,298.635098490485,1.532788691894926e-06,9.979849749526003e-07,1.5713290860918924e-06,3.119475657445e-08,9.57039705413074e-08,8.003020756385981e-07,5.029303555693774e-06,heuristic_only,nsga2
0,688,688,train,2.426563024520874,0.296875,0.662109375,8,64,512,436.91049999324605,72.8359179821194,2.491545733291485,39.35743394585588,37.469100003363565,6.444894185122703,15.697621290201045,22.142515475323748,0.00750001345295459,0.0,11.886061595824843,10.24895386604595,0,18.31034431486392,1171.8620361512908,2097152.0,2,0.0,0.0,1.0,0.0,0.0,50.82129708873766,0.007700000423938036,0.0,29.688800483609818,21.124796604703903,0,1,0,0.0,0.0,25.41064854436883,0,0,2097152,8,4,0.25,2,0.5,0,1,1.0,0.20915249756217386,3,3,0,1.0,0.0,0.0,1.0,0,0.5,0.5,0.0,0.9541015625,0.0458984375,0.0,256,1024,0,0.0,458.73959064506704,263.07899998209905,0.0,178.0639658692689,17.596624793699135,0,767.6378984945761,0,330.7273985013301,1.456718359642388e-06,9.96618293316594e-07,1.574297357834235e-06,3.222447092561351e-08,9.418572774120626e-08,5.082129708873766e-07,4.662257180347414e-06,heuristic_only,nsga2
0,689,689,train,2.5001314282417297,0.267578125,0.671875,8,64,512,419.6267000079388,72.36875778395444,2.422820260686034,39.43245709569693,45.27659999439493,6.6336178014503915,16.438438534713363,23.072056336163755,0.008300004992634058,0.0,12.25885299861027,10.80490333256085,0,19.064518381052185,1220.1291763873398,2097152.0,2,0.5,0.5,0.0,0.0,0.0,74.53666805099195,0.007999988156370819,0.0,55.46349240108711,19.06517566174847,0,1,0,17.277809742585102,57.25885830840685,0.0,1048576,1048576,0,8,4,0.25,2,0.5,0,1,1.0,0.241032865595602,3,0,3,0.0,2.0,0.5,2.0,3,0.5,0.5,0.0,0.94140625,0.05859375,0.0,256,1024,0,0.0,456.8961405613496,261.86380002764054,0.0,176.51418009974049,18.518160433968596,0,767.6378984945761,0,348.01119848663734,1.4473751556790888e-06,9.691281042744137e-07,1.5772982838278774e-06,3.316808900725196e-08,9.863063120828016e-08,7.453666805099196e-07,4.870966944506832e-06,heuristic_only,nsga2
0,690,690,train,2.5547690391540527,0.2265625,0.64453125,8,64,512,347.581000009086,13.050651430539514,5.485301525582206,62.20350398958328,209.45080000092275,6.333504044233422,35.33166360830519,41.665167652538614,0.00859999272506684,0.0,12.016218822160383,29.640348837653164,0,23.016151583772682,1473.0337013614517,2097152.0,2,0.5,0.5,0.0,0.0,0.0,77.62367816472108,0.009200011845678091,0.0,57.46878909582375,20.14568905705165,0,1,0,18.361094427188057,59.26258373753303,0.0,1048576,1048576,0,8,4,0.25,2,0.5,0,1,1.0,0.14759074590838162,3,3,0,1.0,0.0,0.0,1.0,0,0.5,0.5,0.0,0.958984375,0.041015625,0.0,256,1024,0,0.0,322.95782778282,111.52369997580536,0.0,177.68534128367446,33.748786523340186,0,767.6378984945761,0,420.05689848549014,2.610130286107903e-07,2.1941206102328823e-06,2.4881401595833317e-06,3.1667520221167114e-08,2.1198998164983112e-07,7.762367816472109e-07,5.963168081945213e-06,heuristic_only,nsga2
0,691,691,train,2.5923731327056885,0.220703125,0.666015625,8,64,512,4208.00290000625,776.0793541429006,10.069317188116203,229.80742720707758,50.85499999404419,8.224443481870502,74.28951763528718,82.51396111715769,0.007000009645707905,0.0,11.45596536946584,71.05099573804614,0,1.9011389224207036,121.67289103492503,2097152.0,2,0.5,0.5,0.0,0.0,0.0,74.48436270927124,0.007800001185387373,0.0,55.709079895617286,18.767482812468558,0,1,0,18.160785785982185,56.323576923289046,0.0,1048576,1048576,0,8,4,0.25,2,0.5,0,1,1.0,0.19776865982085054,3,0,3,0.0,2.0,0.5,2.0,3,0.5,0.5,0.0,0.9482421875,0.0517578125,0.0,256,1024,0,0.0,4063.824394152378,3072.527699972852,0.0,177.6355485457836,813.6611456337415,0,2947.355163499586,1,-1260.6477365066635,1.552158708285801e-05,4.027726875246482e-06,9.192297088283102e-06,4.112221740935251e-08,4.4573710581172306e-07,7.448436270927124e-07,2.9973313996701384e-05,heuristic_only,nsga2
0,692,692,train,2.441811442375183,0.267578125,0.640625,8,64,512,348.8357000023825,60.107047623104314,2.62132624512436,39.34877912055184,49.411300002248026,6.704578071994839,15.643111985677665,22.347690057672505,0.00790000194683671,0.0,11.676073970335054,10.663716085390613,0,22.933366815892256,1467.7354762171044,2097152.0,2,0.5,0.5,0.0,0.0,0.0,79.62660458829629,0.00750001345295459,0.0,60.40495668673542,19.214147888107924,0,1,0,18.033673038158838,61.59293155013745,0.0,1048576,1048576,0,8,4,0.25,2,0.5,0,1,1.0,0.2091524583687337,3,3,0,1.0,0.0,0.0,1.0,0,0.5,0.5,0.0,0.9462890625,0.0537109375,0.0,256,1024,0,0.0,408.30861195512205,212.11439996841364,0.0,175.5107549373654,20.68345704934298,0,2947.355163499586,0,2598.5194634972036,1.2021409524620863e-06,1.0485304980497442e-06,1.5739511648220734e-06,3.35228903599742e-08,9.385867191406599e-08,7.96266045882963e-07,4.748270223490907e-06,heuristic_only,nsga2
0,693,693,train,2.5240854620933533,0.25,0.6484375,8,64,512,419.0912999911234,72.00320971310722,2.5100046063705994,39.68137262207746,38.56729999824893,5.86082698466999,15.117118700887305,20.977945685557295,0.008400005754083395,0.0,10.942838465124371,10.02670721467884,0,19.088873740150905,1221.687919369658,2097152.0,2,0.5,0.5,0.0,0.0,0.0,79.93750514942113,0.007599999662488699,0.0,60.5971531220381,19.332752027720538,0,1,0,18.196812668017053,61.74069248140408,0.0,1048576,1048576,0,8,4,0.25,2,0.5,0,1,1.0,0.2307606283979408,3,0,3,0.0,2.0,0.5,2.0,3,0.5,0.5,0.0,0.9404296875,0.0595703125,0.0,256,1024,0,0.0,456.77834776622115,260.39580001088325,0.0,180.46070196913868,15.921845786199228,0,2947.355163499586,0,2528.2638635084627,1.4400641942621445e-06,1.0040018425482397e-06,1.5872549048830987e-06,2.9304134923349953e-08,9.070271220532382e-08,7.993750514942114e-07,4.950702840316368e-06,heuristic_only,nsga2
0,694,694,train,2.6231842637062073,0.228515625,0.62890625,8,64,512,421.6897999867797,72.88919157729723,2.4275786158909947,39.47663682729706,35.63220000069123,5.864671431499246,16.258179997254082,22.12285142875333,0.010100004146806896,0.0,11.91021363111186,10.20253779349466,0,18.971246231245278,1214.1597587996978,2097152.0,2,0.5,0.5,0.0,0.0,0.0,75.23912559508364,0.007199996616691351,0.0,56.09754396287968,19.134381635587275,0,1,0,17.368435074752597,57.870690520331046,0.0,1048576,1048576,0,8,4,0.25,2,0.5,0,1,1.0,0.2091524583687337,3,3,0,1.0,0.0,0.0,1.0,0,0.5,0.5,0.0,0.94921875,0.05078125,0.0,256,1024,0,0.0,459.17362808194116,264.70210003026295,0.0,177.97990575679125,16.49162229488691,0,2947.355163499586,0,2525.6653635128064,1.4577838315459449e-06,9.71031446356398e-07,1.5790654730918824e-06,2.932335715749623e-08,9.754907998352449e-08,7.523912559508364e-07,4.887144444086083e-06,heuristic_only,nsga2
0,695,695,train,2.410975933074951,0.28515625,0.681640625,8,64,512,418.53419999824837,72.1018442560152,2.4831218886521738,38.56303123752049,37.10280000814237,6.254419280200647,16.323276315791635,22.57769559599228,0.01069999416358769,0.0,12.013150911845372,10.553844689983322,0,19.114282383019354,1223.3140725132387,2097152.0,2,0.5,0.5,0.0,0.0,0.0,73.05119249515258,0.009700001101009548,0.0,54.39492832213221,18.64656417191936,0,1,0,16.95591595689872,56.095276538253856,0.0,1048576,1048576,0,8,4,0.25,2,0.5,0,1,1.0,0.2790043706260659,3,0,3,0.0,2.0,0.5,2.0,3,0.5,0.5,0.0,0.9365234375,0.0634765625,0.0,256,1024,0,0.0,452.59198952875147,261.1798000289127,0.0,173.39339433621657,18.01879516362213,0,2947.355163499586,0,2528.8209635013377,1.442036885120304e-06,9.932487554608696e-07,1.5425212495008194e-06,3.127209640100324e-08,9.79396578947498e-08,7.305119249515258e-07,4.837530569329272e-06,heuristic_only,nsga2
0,696,696,train,2.6992838978767395,0.232421875,0.60546875,8,64,512,418.23770001064986,72.19217233752437,2.567816020497905,39.58472157584068,38.455600006273016,5.920744243639191,16.48292009065018,22.40366433428937,0.008300004992634058,0.0,11.035014209700972,11.360350119595765,0,19.127832981013693,1224.1813107848764,2097152.0,2,0.5,0.5,0.0,0.0,0.0,77.6195057867119,0.007300011930055916,0.0,56.9407855219102,20.67142025287164,0,1,0,18.04586076985475,59.57364501685715,0.0,1048576,1048576,0,8,4,0.25,2,0.5,0,1,1.0,0.1859599251701455,3,3,0,1.0,0.0,0.0,1.0,0,0.5,0.5,0.0,0.9501953125,0.0498046875,0.0,256,1024,0,0.0,457.37883973545183,261.37250001193024,0.0,176.65463912639402,19.351700597127525,0,2947.355163499586,0,2529.117463488936,1.4438434467504872e-06,1.0271264081991618e-06,1.583388863033627e-06,2.9603721218195957e-08,9.889752054390107e-08,7.761950578671191e-07,4.959055017612492e-06,heuristic_only,nsga2
0,697,697,train,2.6419050097465515,0.232421875,0.6328125,8,64,512,283.37720000126865,47.00935355185388,2.702529738859013,39.58523938993065,36.310499999672174,6.418240928368862,15.580265590865128,21.99850651923399,0.008799994247965515,0.0,11.251095258568911,10.738611266417113,0,28.23082368355853,1806.772715747746,2097152.0,2,0.5,0.5,0.0,0.0,0.0,74.29839234118191,0.007299997378140688,0.0,54.801298190788266,19.489794153015502,0,1,0,17.487070037770994,56.81132230341091,0.0,1048576,1048576,0,8,4,0.25,2,0.5,0,1,1.0,0.25097720212391433,3,0,3,0.0,2.0,0.5,2.0,3,0.5,0.5,0.0,0.947265625,0.052734375,0.0,256,1024,0,0.0,357.1884907225742,159.6296999778133,0.0,178.94367690628428,18.615113838476567,0,2947.355163499586,0,2663.9779634983174,9.401870710370776e-07,1.0810118955436054e-06,1.583409575597226e-06,3.209120464184431e-08,9.348159354519077e-08,7.429839234118191e-07,4.473165263776764e-06,heuristic_only,nsga2
0,698,698,train,2.5147815346717834,0.2734375,0.642578125,8,64,512,1823.121399997035,168.58065932099504,15.898614199450849,113.53633521633867,1250.5585000035353,5.740410301411592,120.86006070991635,126.60047101132794,0.00859999272506684,0.0,11.467591890604204,115.12427912799868,0,4.388076192806918,280.83687633964274,2097152.0,2,0.5,0.5,0.0,0.0,0.0,78.25644097695798,0.007700000423938036,0.0,58.25910519114416,19.989635785389883,0,1,0,18.526298115323574,59.730142861634405,0.0,1048576,1048576,0,8,4,0.25,2,0.5,0,1,1.0,0.19776865982085054,3,3,0,1.0,0.0,0.0,1.0,0,0.5,0.5,0.0,0.9521484375,0.0478515625,0.0,256,1024,0,0.0,1192.0624349471382,646.491799983778,0.0,176.19255339032287,369.37808157303743,0,3448.286847502306,0,1625.165447505271,3.371613186419901e-06,6.359445679780339e-06,4.541453408653548e-06,2.8702051507057964e-08,7.25160364259498e-07,7.825644097695797e-07,1.5808939100389925e-05,heuristic_only,nsga2
0,699,699,train,2.622850239276886,0.236328125,0.625,8,64,512,432.91070000850596,72.82218582558092,2.3339681560498367,40.12313395502131,36.90360000473447,6.684374596809672,15.244179678705898,21.92855427551557,0.008100003469735384,0.0,12.867260096013325,9.053194176032509,0,18.479519033195025,1182.6892181244816,2097152.0,2,0.0,0.5,0.5,0.0,0.0,87.90640489721113,0.01030000566970557,0.0,68.97407146377185,18.922033427769573,0,1,0,0.0,61.54829088484603,26.358114012365093,0,1048576,1048576,8,4,0.25,2,0.5,0,1,1.0,0.2201412464909665,3,0,3,0.0,2.0,0.5,2.0,3,0.5,0.5,0.0,0.955078125,0.044921875,0.0,256,1024,0,0.0,461.1171517466082,264.82900002156384,0.0,177.31748048565814,18.97067123938625,0,3448.286847502306,0,3015.3761474938,1.4564437165116184e-06,9.335872624199346e-07,1.6049253582008524e-06,3.342187298404836e-08,9.146507807223538e-08,8.790640489721113e-07,4.9989073371608e-06,heuristic_only,nsga2
0,700,700,val,2.694130301475525,0.24609375,0.607421875,8,64,512,353.38709999632556,49.42090117631011,2.382212568844275,104.8962705462322,0.0,0.0,0.0,0.0,0.0,0.0,0.0,0.0,0,22.63800054411335,1448.8320348232544,0.0,0,0.0,0.0,0.0,0.0,0.0,0.0,0.0,0.0,0.0,0.0,0,0,0,0.0,0.0,0.0,0,0,0,8,4,0.25,2,0.5,2,1,1.0,0.2963165802149685,0,0,0,0.0,0.0,0.0,0.0,0,0.5,0.5,0.0,0.9306640625,0.0693359375,0.0,256,1024,0,0.0,626.7975371655464,170.44459999306127,250.0,188.92779577296838,17.42514139951669,0,3448.286847502306,0,3094.8997475059805,9.884180235262025e-07,9.528850275377101e-07,4.195850821849289e-06,0.0,0.0,0.0,6.137153872913201e-06,heuristic_only,nsga2
0,700,700,train,2.568414628505707,0.263671875,0.6484375,8,64,512,318.08679999085143,47.876574370271705,2.4899251212323037,41.811983327583725,38.76810001384001,6.433198794669766,14.503824725585389,20.937023520255156,0.007400012691505253,0.0,12.152400012800252,8.7772234947634,0,25.1502886945997,1609.6184764543807,2097152.0,2,0.5,0.5,0.0,0.0,0.0,79.68375648117456,0.006799993570894003,0.0,59.8664297470492,19.810526740554465,0,1,0,17.489324892186637,62.194431588987925,0.0,1048576,1048576,0,8,4,0.25,2,0.5,0,1,1.0,0.2307606527190679,3,3,0,1.0,0.0,0.0,1.0,0,0.5,0.5,0.0,0.9501953125,0.0498046875,0.0,256,1024,0,0.0,368.7139312763509,163.9479999867035,0.0,187.91701438121223,16.848916908435214,0,3448.286847502306,0,3130.2000475114546,9.575314874054341e-07,9.959700484929216e-07,1.6724793331033492e-06,3.216599397334884e-08,8.702294835351232e-08,7.968375648117457e-07,4.542007376140311e-06,heuristic_only,nsga2
0,701,701,train,2.6794859170913696,0.240234375,0.619140625,8,64,512,371.5874000045005,64.6064956002117,2.4922285367781307,43.077304073372915,42.499300005147234,6.270087645398442,15.265722172863278,21.53580981826172,0.008399991202168167,0.0,12.216702510767377,9.310707316292175,0,21.529197358967902,1377.8686309739458,2097152.0,2,0.5,0.5,0.0,0.0,0.0,83.51007038497254,0.007599999662488699,0.0,63.20558261228123,20.29688777302883,0,1,0,19.080493017558936,64.4295773674136,0.0,1048576,1048576,0,8,4,0.25,2,0.5,0,1,1.0,0.26994866698852693,3,0,3,0.0,2.0,0.5,2.0,3,0.5,0.5,0.0,0.935546875,0.064453125,0.0,256,1024,0,0.0,440.704112841451,229.82860000047367,0.0,190.715613800661,20.159899040316375,0,3448.286847502306,0,3076.6994474978055,1.2921299120042343e-06,9.968914147112522e-07,1.7230921629349167e-06,3.135043822699222e-08,9.159433303717966e-08,8.351007038497254e-07,4.9701589647643e-06,heuristic_only,nsga2
0,702,702,train,2.668785035610199,0.2734375,0.634765625,8,64,512,308.9341000013519,51.653990103362,2.252658475605787,41.39972456080031,37.06080000847578,6.214086944902257,14.558315903954181,20.772402848856437,0.008000002708286047,0.0,11.531879177048094,9.232523669100058,0,25.89540651083348,1657.3060166933428,2097152.0,2,0.5,0.5,0.0,0.0,0.0,81.91287753315174,0.007800001185387373,0.0,60.936247621413855,20.968829910552493,0,1,0,18.269256210922876,63.64362132222886,0.0,1048576,1048576,0,8,4,0.25,2,0.5,0,1,1.0,0.2091524583687337,3,3,0,1.0,0.0,0.0,1.0,0,0.5,0.5,0.0,0.9501953125,0.0498046875,0.0,256,1024,0,0.0,381.22549255907245,179.66620001243427,0.0,184.7787067617687,16.780585784869437,0,3448.286847502306,0,3139.352747500954,1.0330798020672401e-06,9.010633902423149e-07,1.6559889824320126e-06,3.1070434724511285e-08,8.734989542372508e-08,8.191287753315175e-07,4.527681280221322e-06,heuristic_only,nsga2
0,703,703,train,2.5464513897895813,0.267578125,0.625,8,64,512,282.63490000972524,48.968422706941425,2.3887683218558284,42.9505058897246,38.38870000618044,5.707039704138101,15.73577327355086,21.44281297768896,0.008999995770864189,0.0,11.667679445124499,9.766133536793596,0,28.30496762698839,1811.517928127257,2097152.0,2,0.5,0.5,0.0,0.0,0.0,78.90159146796307,0.00790000194683671,0.0,60.2484415076069,18.64524995840933,0,1,0,16.161895418383587,62.739696049579486,0.0,1048576,1048576,0,8,4,0.25,2,0.5,0,1,1.0,0.2201412464909665,3,0,3,0.0,2.0,0.5,2.0,3,0.5,0.5,0.0,0.9443359375,0.0556640625,0.0,256,1024,0,0.0,377.2307876740874,168.3465000387514,0.0,190.9516375632931,17.93265007204291,0,3448.286847502306,0,3165.651947492581,9.793684541388285e-07,9.555073287423313e-07,1.718020235588984e-06,2.8535198520690506e-08,9.441463964130515e-08,7.890159146796309e-07,4.56486177131177e-06,heuristic_only,nsga2
0,704,704,train,2.6401026844978333,0.197265625,0.603515625,8,64,512,288.401799989515,50.25754781922854,2.2465818334058305,41.35335312690127,36.172499996609986,5.919457239031421,13.818831963220036,19.738289202251458,0.007599999662488699,0.0,12.076386698873254,7.654302503715716,0,27.73898173072815,1775.2948307666015,2097152.0,2,0.5,0.5,0.0,0.0,0.0,81.71274282267085,0.00790000194683671,0.0,62.317029026618044,19.38781379410596,0,1,0,17.853169047808674,63.85957377486217,0.0,1048576,1048576,0,8,4,0.25,2,0.5,0,1,1.0,0.17369072493825644,3,3,0,1.0,0.0,0.0,1.0,0,0.5,0.5,0.0,0.951171875,0.048828125,0.0,256,1024,0,0.0,375.4299311181426,172.61160003545228,0.0,186.74880995840326,16.06952112428702,0,3448.286847502306,0,3159.885047512791,1.0051509563845708e-06,8.986327333623323e-07,1.6541341250760508e-06,2.9597286195157108e-08,8.291299177932021e-08,8.171274282267084e-07,4.4875555210241395e-06,heuristic_only,nsga2
0,705,705,train,2.6386196613311768,0.220703125,0.62109375,8,64,512,287.51749999355525,50.81931885105,2.3268826416341577,43.330833706557364,36.732099993969314,6.231744182384011,13.990964843213966,20.22270902559798,0.00899998121894896,0.0,11.828542015232788,8.385167029146238,0,27.824296524151737,1780.7549775457112,2097152.0,2,0.0,0.5,0.5,0.0,0.0,89.51493062699251,0.007300011930055916,0.0,70.24288353919277,19.264747075869685,0,1,0,0.0,62.960667724162285,26.554262902830228,0,1048576,1048576,8,4,0.25,2,0.5,0,1,1.0,0.19776865982085054,3,0,3,0.0,2.0,0.5,2.0,3,0.5,0.5,0.0,0.9580078125,0.0419921875,0.0,256,1024,0,0.0,385.9081407969661,174.75130001548678,0.0,192.25728047753722,18.89956030394207,0,3448.286847502306,0,3160.769347508751,1.0163863770210002e-06,9.30753056653663e-07,1.7332333482622948e-06,3.1158720911920056e-08,8.394578905928379e-08,8.951493062699252e-07,4.690626598178087e-06,heuristic_only,nsga2
0,706,706,train,2.4653250575065613,0.27734375,0.6796875,8,64,512,378.9058999973349,65.93107355297064,2.450175534697391,41.477112772887665,36.798600005568005,6.421016129628611,15.439116902145052,21.860133031773664,0.008099988917820156,0.0,12.66002676485109,9.192006278004753,0,21.113365842786894,1351.2554139383612,2097152.0,2,0.5,0.5,0.0,0.0,0.0,81.47202428941,0.007100010407157242,0.0,60.99248042820223,20.47244385080061,0,1,0,17.767463990553644,63.70456029885635,0.0,1048576,1048576,0,8,4,0.25,2,0.5,0,1,1.0,0.17369072493825644,3,3,0,1.0,0.0,0.0,1.0,0,0.5,0.5,0.0,0.953125,0.046875,0.0,256,1024,0,0.0,439.4334474422228,236.24599998584017,0.0,187.67414637235498,15.513301084027649,0,3448.286847502306,0,3069.380947504971,1.318621471059413e-06,9.800702138789563e-07,1.659084510915507e-06,3.2105080648143054e-08,9.26347014128703e-08,8.147202428941e-07,4.8972362208089884e-06,heuristic_only,nsga2
0,707,707,train,2.5213299989700317,0.234375,0.6484375,8,64,512,340.8281000010902,56.49421561241851,2.4040182749607517,42.5503862577213,39.182599997729994,6.0789780980249715,13.825698000384772,19.904676098409745,0.008600007276982069,0.0,11.104367244176093,8.79170884695667,0,23.472174177540623,1502.2191473625999,2097152.0,2,0.5,0.5,0.0,0.0,0.0,77.46951361402466,0.01069999416358769,0.0,57.321610336702825,20.13720328315825,0,1,0,17.676092759386155,59.79342085463851,0.0,1048576,1048576,0,8,4,0.25,2,0.5,0,1,1.0,0.2201412464909665,3,0,3,0.0,2.0,0.5,2.0,3,0.5,0.5,0.0,0.9462890625,0.0537109375,0.0,256,1024,0,0.0,405.79448058040225,198.7218000285793,0.0,190.48172838377997,16.590952168042968,0,3448.286847502306,0,3107.458747501216,1.1298843122483702e-06,9.616073099843007e-07,1.7020154503088522e-06,3.039489049012486e-08,8.295418800230862e-08,7.746951361402467e-07,4.6815512871742035e-06,heuristic_only,nsga2
0,708,708,train,2.644548237323761,0.255859375,0.611328125,8,64,512,1337.24429999711,58.23326028898743,6.812560067846325,56.722881909331576,1301.961500008474,5.901432267868611,48.872471367692256,54.77390363556087,0.010200004908256233,0.0,11.306898805178303,43.45680482547431,0,5.982447648174415,382.87664948316257,2097152.0,2,0.5,0.5,0.0,0.0,0.0,80.88977605836743,0.00999998883344233,0.0,61.31644066403542,19.56333540549857,0,1,0,17.607684091190663,63.28209196717677,0.0,1048576,1048576,0,8,4,0.25,2,0.5,0,1,1.0,0.17369072493825644,3,3,0,1.0,0.0,0.0,1.0,0,0.5,0.5,0.0,0.9521484375,0.0478515625,0.0,256,1024,0,0.0,487.07480906466134,205.76389999769162,0.0,190.0708958290271,91.24001323794258,0,3448.286847502306,0,2111.042547505196,1.1646652057797488e-06,2.7250240271385303e-06,2.268915276373263e-06,2.9507161339343057e-08,2.932348282061535e-07,8.088977605836744e-07,7.2902442594207135e-06,heuristic_only,nsga2
0,709,709,train,2.5586337447166443,0.255859375,0.6328125,8,64,512,305.09039999742527,50.66865434339293,2.586326801844028,43.493995780886436,144.69139999710023,6.457779293679774,16.509278783307952,22.967058076987726,0.011899988749064505,0.0,12.637230674516257,10.317927413722407,0,26.22165029911533,1678.185619143381,2097152.0,2,0.5,0.5,0.0,0.0,0.0,83.31936470156106,0.007399998139590025,0.0,62.06972128802394,21.24224341539752,0,1,0,19.23593097415919,64.08343372740187,0.0,1048576,1048576,0,8,4,0.25,2,0.5,0,1,1.0,0.241032865595602,3,0,3,0.0,2.0,0.5,2.0,3,0.5,0.5,0.0,0.9404296875,0.0595703125,0.0,256,1024,0,0.0,386.99590770449356,174.51120000623632,0.0,189.54772010254175,22.936987595715483,0,3448.286847502306,0,3143.196447504881,1.0133730868678588e-06,1.0345307207376112e-06,1.7397598312354573e-06,3.2288896468398876e-08,9.90556726998477e-08,8.331936470156107e-07,4.7522018550247855e-06,heuristic_only,nsga2
0,710,710,train,2.499958574771881,0.267578125,0.630859375,8,64,512,289.7171999939019,49.010950969171844,2.1527193933313176,42.19520571771572,39.63369999837596,5.971395922815824,14.42549841758634,20.396894340402163,0.009399998816661537,0.0,12.170286791611986,8.217207549973518,0,27.613039153799754,1767.2345058431843,2097152.0,2,0.5,0.5,0.0,0.0,0.0,83.64374531678641,0.008499991963617504,0.0,63.363557585396855,20.271687739425946,0,1,0,19.025535348398257,64.61820996838816,0.0,1048576,1048576,0,8,4,0.25,2,0.5,0,1,1.0,0.2091524583687337,3,3,0,1.0,0.0,0.0,1.0,0,0.5,0.5,0.0,0.951171875,0.048828125,0.0,256,1024,0,0.0,373.43550432087557,169.9522000271827,0.0,186.36693167169216,17.116372622000675,0,3448.286847502306,0,3158.569647508404,9.80219019383437e-07,8.610877573325271e-07,1.687808228708629e-06,2.9856979614079124e-08,8.655299050551804e-08,8.364374531678642e-07,4.481962428712055e-06,heuristic_only,nsga2
0,711,711,train,2.504539668560028,0.27734375,0.66015625,8,64,512,297.7595999982441,45.54254464578976,2.550716860548039,44.57687740714074,36.43400000873953,6.982692569255786,15.752214508835056,22.734907078090842,0.00829999044071883,0.0,11.914003669715845,10.812603417934278,0,26.86722151972819,1719.5021772626042,2097152.0,2,0.5,0.5,0.0,0.0,0.0,79.96165378341124,0.008200004231184721,0.0,59.298293422683756,20.6551603564963,0,1,0,18.391108695188976,61.57054508822227,0.0,1048576,1048576,0,8,4,0.25,2,0.5,0,1,1.0,0.26061071707684524,3,0,3,0.0,2.0,0.5,2.0,3,0.5,0.5,0.0,0.94140625,0.05859375,0.0,256,1024,0,0.0,370.6805556539142,155.2219999866793,0.0,185.41096281391847,30.04759285331646,0,3448.286847502306,0,3150.527247504062,9.108508929157953e-07,1.0202867442192157e-06,1.78307509628563e-06,3.4913462846278934e-08,9.451328705301034e-08,7.996165378341124e-07,4.643256021154043e-06,heuristic_only,nsga2
0,712,712,train,2.523434102535248,0.25390625,0.646484375,8,64,512,292.63260000152513,50.860098683807195,2.2212331710076234,42.52717342006635,38.43019998748787,6.505477846052782,13.296545604795647,19.802023450848427,0.07480000203941017,0.0,12.013827828457543,7.7133956203514735,0,27.33794068746141,1749.6282039975301,2097152.0,2,0.5,0.5,0.0,0.0,0.0,80.59471577741206,0.008300004992634058,0.0,61.1364253760306,19.44999039638883,0,1,0,17.358188679864174,63.23652709754789,0.0,1048576,1048576,0,8,4,0.25,2,0.5,0,1,1.0,0.2201412464909665,3,3,0,1.0,0.0,0.0,1.0,0,0.5,0.5,0.0,0.9482421875,0.0517578125,0.0,256,1024,0,0.0,382.43402109952467,177.19459999352694,0.0,187.1906295859394,18.04879152005834,0,3448.286847502306,0,3155.654247500781,1.0172019736761437e-06,8.884932684030494e-07,1.701086936802654e-06,3.2527389230263914e-08,7.977927362877387e-08,8.059471577741207e-07,4.525035999515006e-06,heuristic_only,nsga2
0,713,713,train,2.49178284406662,0.25,0.640625,8,64,512,354.28899999533314,56.38176523526785,2.2583600441558254,41.34194994426997,39.9563999962993,6.169739124239651,14.071561306252718,20.24130043049237,0.010799994925037026,0.0,12.418292698982587,7.812207736584746,0,22.580372011926332,1445.1438087632853,2097152.0,2,0.5,0.5,0.0,0.0,0.0,84.8082697456565,0.007399998139590025,0.0,63.97798480191122,20.822884945605693,0,1,0,18.71241420403444,66.09585554162206,0.0,1048576,1048576,0,8,4,0.25,2,0.5,0,1,1.0,0.17369070345169255,3,0,3,0.0,2.0,0.5,2.0,3,0.5,0.5,0.0,0.9609375,0.0390625,0.0,256,1024,0,0.0,399.92830089477457,199.019599967869,0.0,184.48507462134225,16.423626305563268,0,1764.9243754967742,0,1410.635375501441,1.1276353047053571e-06,9.033440176623302e-07,1.6536779977707986e-06,3.084869562119826e-08,8.44293678375163e-08,8.480826974565652e-07,4.648018081053766e-06,heuristic_only,nsga2
0,714,714,train,2.5269973278045654,0.25,0.66015625,8,64,512,338.75530000659637,56.07745674391268,2.348885641643696,42.83997850930133,35.403499990934506,5.969211902563468,15.206192595953285,21.17540449851675,0.007099995855242014,0.0,11.751336416837898,9.416968085823612,0,23.615796960364197,1511.4110054633086,2097152.0,2,0.5,0.5,0.0,0.0,0.0,79.20414708764402,0.008200004231184721,0.0,58.141298724240116,21.05464835917271,0,1,0,17.496176959773837,61.707970127870176,0.0,1048576,1048576,0,8,4,0.25,2,0.5,0,1,1.0,0.11898847320993522,3,3,0,1.0,0.0,0.0,1.0,0,0.5,0.5,0.0,0.9501953125,0.0498046875,0.0,256,1024,0,0.0,405.0652835794308,196.72199996421114,0.0,191.44279886033155,16.900484754888144,0,1764.9243754967742,0,1426.1690754901779,1.1215491348782536e-06,9.395542566574785e-07,1.7135991403720536e-06,2.984605951281734e-08,9.12371555757197e-08,7.920414708764402e-07,4.6878272178727635e-06,heuristic_only,nsga2
0,715,715,train,2.544550061225891,0.26171875,0.6640625,8,64,512,292.59409999940544,51.00093423449751,2.3117679512583,42.10016924457865,35.60410000500269,6.269348883561258,13.999617971888743,20.26896685545,0.007399983587674797,0.0,11.425838331745531,8.835728540116794,0,27.341537845357823,1749.8584221029007,2097152.0,2,0.5,0.5,0.0,0.0,0.0,81.48036658090386,0.02570002106949687,0.0,62.75028572902418,18.704380830810184,0,1,0,17.534760076495278,63.94560650440858,0.0,1048576,1048576,0,8,4,0.25,2,0.5,0,1,1.0,0.16091842229213763,3,0,3,0.0,2.0,0.5,2.0,3,0.5,0.5,0.0,0.9560546875,0.0439453125,0.0,256,1024,0,0.0,381.65148572133785,177.1120999910636,0.0,188.43921463325677,16.10017109701743,0,1764.9243754967742,0,1472.3302754973688,1.0200186846899503e-06,9.247071805033199e-07,1.684006769783146e-06,3.1346744417806294e-08,8.399770783133244e-08,8.148036658090387e-07,4.558880753034594e-06,heuristic_only,nsga2
0,716,716,train,2.530911087989807,0.263671875,0.6171875,8,64,512,370.97539998649154,64.61521646862695,2.5289675963953018,43.015087875698384,34.34019999986049,6.824918533290711,16.087574545748474,22.912493079039187,0.007599999662488699,0.0,12.980484468358743,9.924408611017952,0,21.564714090414665,1380.1417017865385,2097152.0,2,0.5,0.5,0.0,0.0,0.0,76.35412133210417,0.007400012691505253,0.0,56.69247516350485,19.654246155907806,0,1,0,16.001844684918368,60.3522766471858,0.0,1048576,1048576,0,8,4,0.25,2,0.5,0,1,1.0,0.19776865982085054,3,3,0,1.0,0.0,0.0,1.0,0,0.5,0.5,0.0,0.953125,0.046875,0.0,256,1024,0,0.0,440.6370877628826,230.95399998419452,0.0,188.102028166681,21.58105961200706,0,1764.9243754967742,0,1393.9489755102827,1.2923043293725393e-06,1.0115870385581208e-06,1.7206035150279356e-06,3.412459266645356e-08,9.652544727449084e-08,7.635412133210417e-07,4.9186861362205815e-06,heuristic_only,nsga2
0,717,717,train,2.4806910157203674,0.25,0.681640625,8,64,512,196.0801000095671,27.05318407509339,2.4461046504085004,42.813888302999004,44.74869999103248,5.485387765703676,13.564083234962553,19.04947100066623,0.007499998901039362,0.0,11.131962013789582,7.910008987975606,0,40.7994447175667,2611.164461924269,2097152.0,2,0.5,0.5,0.0,0.0,0.0,78.67147034974127,0.007299997378140688,0.0,58.07484152708487,20.58932882527826,0,1,0,18.92285149821236,59.7486188515289,0.0,1048576,1048576,0,8,4,0.25,2,0.5,0,1,1.0,0.2963165802149685,3,0,3,0.0,2.0,0.5,2.0,3,0.5,0.5,0.0,0.943359375,0.056640625,0.0,256,1024,0,0.0,289.25270811400355,81.53830001538154,0.0,189.155674533685,18.55873356493703,0,1764.9243754967742,0,1568.8442754872071,5.410636815018678e-07,9.784418601634003e-07,1.7125555321199606e-06,2.7426938828518383e-08,8.13844994097753e-08,7.867147034974127e-07,4.127587215520935e-06,heuristic_only,nsga2
0,718,718,train,2.579226076602936,0.232421875,0.638671875,8,64,512,291.5084999985993,49.192480178344105,2.7042382744780378,42.146465943405914,103.17099999519996,5.5477357256797575,15.953158926321219,21.500894652000976,0.016999998479150236,0.0,11.10333668797816,10.380557965543668,0,27.443359478982472,1756.3750066548782,2097152.0,2,0.5,0.5,0.0,0.0,0.0,82.08497920777553,0.009700001101009548,0.0,61.18467848377142,20.890600722903102,0,1,0,18.050073860346217,64.03490534742932,0.0,1048576,1048576,0,8,4,0.25,2,0.5,0,1,1.0,0.19776865982085054,3,3,0,1.0,0.0,0.0,1.0,0,0.5,0.5,0.0,0.9423828125,0.0576171875,0.0,256,1024,0,0.0,376.1727375849122,170.36990002088714,0.0,186.58316783895216,19.219669725072897,0,1764.9243754967742,0,1473.415875498175,9.838496035668821e-07,1.0816953097912152e-06,1.6858586377362366e-06,2.773867862839879e-08,9.57189535579273e-08,8.208497920777553e-07,4.6957109753584155e-06,heuristic_only,nsga2
0,719,719,train,2.529222846031189,0.26953125,0.642578125,8,64,512,8307.003499998245,1812.9639256243174,2.5982652629668275,124.65176727747127,49.868400004925206,65.56262857496684,15.356397672108985,80.91902624707582,0.006699992809444666,0.0,11.64594327673759,69.26638297752879,0,0.9630426948729461,61.63473247186855,2097152.0,2,0.5,0.5,0.0,0.0,0.0,83.21771375271797,0.007299997378140688,0.0,62.212019315954066,20.998394439385752,0,1,0,18.3720817886551,64.84563196406286,0.0,1048576,1048576,0,8,4,0.25,2,0.5,0,1,1.0,0.2091524583687337,3,0,3,0.0,2.0,0.5,2.0,3,0.5,0.5,0.0,0.9580078125,0.0419921875,0.0,256,1024,0,0.0,7760.855832659023,7119.641199999023,0.0,193.0919982293265,448.12263443067235,0,3448.286847502306,1,-4858.716652495939,3.6259278512486355e-05,1.039306105186731e-06,4.986070691098851e-06,3.278131428748342e-07,9.21383860326539e-08,8.321771375271797e-07,4.353678397520661e-05,heuristic_only,nsga2
0,720,720,train,2.5902737379074097,0.234375,0.61328125,8,64,512,286.3079000089783,49.68751602311205,2.2045970926924245,41.97744451596466,50.94049999024719,6.193823132210698,14.467859169038219,20.661682301248916,0.007700000423938036,0.0,12.122476589545446,8.53150571127953,0,27.941848820449277,1788.2783245087537,2097152.0,2,0.5,0.5,0.0,0.0,0.0,80.84641814293227,0.006800008122809231,0.0,61.26709685113743,19.572521283672014,0,1,0,17.35202245304331,63.49439568988895,0.0,1048576,1048576,0,8,4,0.25,2,0.5,0,1,1.0,0.17369072493825644,3,3,0,1.0,0.0,0.0,1.0,0,0.5,0.5,0.0,0.94921875,0.05078125,0.0,256,1024,0,0.0,375.47823052707656,170.43709999416023,0.0,188.0849180807585,16.956212452157875,0,1764.9243754967742,0,1478.616475487796,9.937503204622412e-07,8.818388370769698e-07,1.6790977806385868e-06,3.096911566105349e-08,8.68071550142293e-08,8.084641814293226e-07,4.4809273902824035e-06,heuristic_only,nsga2
0,721,721,train,2.4800114035606384,0.310546875,0.658203125,8,64,512,289.26960000535473,49.742550497382425,2.3847866361844376,42.15218178973106,57.8830000013113,6.451886234940819,13.977721604828565,20.429607839769382,0.007599999662488699,0.0,12.915595728248938,7.506412111857956,0,27.655765915554195,1769.9690185954685,2097152.0,2,0.5,0.5,0.0,0.0,0.0,78.30781516037669,0.008199975127354264,0.0,58.90191738216964,19.397697803079687,0,1,0,15.898829762981089,62.4089853973956,0.0,1048576,1048576,0,8,4,0.25,2,0.5,0,1,1.0,0.18595995617580352,3,0,3,0.0,2.0,0.5,2.0,3,0.5,0.5,0.0,0.947265625,0.052734375,0.0,256,1024,0,0.0,377.1180756931917,173.27209998620674,0.0,187.08912888769248,16.756846819292473,0,1764.9243754967742,0,1475.6547754914195,9.948510099476487e-07,9.53914654473775e-07,1.6860872715892426e-06,3.22594311747041e-08,8.386632962897138e-08,7.830781516037669e-07,4.534056848418109e-06,heuristic_only,nsga2
0,722,722,train,2.5438128113746643,0.259765625,0.62890625,8,64,512,147.321299999021,26.744834001561628,2.2663720217246683,42.31997179875823,46.1209999921266,6.43826422670623,13.726642485885929,20.16490671259216,0.009099996532313526,0.0,12.241794120777413,7.914012595282431,0,54.302709094639184,3475.3733820569078,2097152.0,2,0.5,0.5,0.0,0.0,0.0,83.07363782885473,0.009500014130026102,0.0,62.19745922682509,20.866678587899614,0,1,0,18.205852012012787,64.86778581684194,0.0,1048576,1048576,0,8,4,0.25,2,0.5,0,1,1.0,0.17369068483706285,3,3,0,1.0,0.0,0.0,1.0,0,0.5,0.5,0.0,0.955078125,0.044921875,0.0,256,1024,0,0.0,285.3247112881781,78.09540003654547,0.0,191.07355627147018,16.155754980162435,0,1764.9243754967742,0,1617.6030754977533,5.348966800312326e-07,9.065488086898674e-07,1.6927988719503294e-06,3.219132113353115e-08,8.235985491531557e-08,8.307363782885474e-07,4.079531915008824e-06,heuristic_only,nsga2
0,723,723,train,2.460604667663574,0.26953125,0.677734375,8,64,512,367.8292000113288,63.675615062159586,2.32851557064311,42.949344670961736,36.64789999311324,6.599196156461037,14.879967131232567,21.479163287693602,0.007300011930055916,0.0,12.380152389671938,9.09171088609161,0,21.749165782890064,1391.946610104964,2097152.0,2,0.5,0.5,0.0,0.0,0.0,81.94288884988288,0.010400006431154907,0.0,61.43963711446319,20.492851728988537,0,1,0,17.82594653023471,64.11694231964816,0.0,1048576,1048576,0,8,4,0.25,2,0.5,0,1,1.0,0.26061071707684524,3,0,3,0.0,2.0,0.5,2.0,3,0.5,0.5,0.0,0.94140625,0.05859375,0.0,256,1024,0,0.0,435.81390121505774,227.13240003213286,0.0,190.5424169289126,18.13908425401229,0,1764.9243754967742,0,1397.0951754854455,1.2735123012431918e-06,9.314062282572441e-07,1.7179737868384698e-06,3.2995980782305184e-08,8.92798027873954e-08,8.194288884988288e-07,4.864596988407434e-06,heuristic_only,nsga2
0,724,724,train,2.6550437808036804,0.23046875,0.603515625,8,64,512,3507.996500004083,721.2467981627658,4.016248300626684,111.46130111055668,59.309500007657334,291.3606635485825,32.578475703583855,323.9391392521664,0.012699994840659201,0.0,12.202855421071192,311.72358383625453,0,2.2805033355898026,145.95221347774736,2097152.0,2,0.5,0.5,0.0,0.0,0.0,78.0762956408053,0.006999995093792677,0.0,57.94796120333343,20.121334442378078,0,1,0,18.654406603792378,59.421889037012924,0.0,1048576,1048576,0,8,4,0.25,2,0.5,0,1,1.0,0.18595995617580352,3,3,0,1.0,0.0,0.0,1.0,0,0.5,0.5,0.0,0.947265625,0.052734375,0.0,256,1024,0,0.0,3346.897390295797,2355.486899992684,0.0,190.68970768174984,800.7207826213631,0,3024.782975500998,1,-483.21352450308495,1.4424935963255318e-05,1.6064993202506738e-06,4.458452044422269e-06,1.4568033177429127e-06,1.954708542215031e-07,7.807629564080531e-07,2.292292445630073e-05,heuristic_only,nsga2
0,725,725,train,2.518054485321045,0.265625,0.640625,8,64,512,325.6097999983467,55.96714511757722,2.240894093980388,42.449306415024424,61.20999999984633,6.570034791868056,13.416841359708645,19.986876151576702,0.009700001101009548,0.0,12.883053686125475,7.094122464350216,0,24.569209620935855,1572.4294157398947,2097152.0,2,0.5,0.0,0.5,0.0,0.0,45.90732656109738,0.007300026481971145,0.0,26.51016018117782,19.38986635343759,0,1,0,17.622444240001833,0.0,28.284882321095548,1048576,0,1048576,8,4,0.25,2,0.5,0,1,1.0,0.2201412464909665,3,0,3,0.0,2.0,0.5,2.0,3,0.5,0.5,0.0,0.9521484375,0.0478515625,0.0,256,1024,0,0.0,402.6293825063281,194.85749999876134,0.0,191.0511184701184,16.720764037448408,0,3024.782975500998,0,2699.1731755026512,1.1193429023515445e-06,8.963576375921551e-07,1.697972256600977e-06,3.285017395934028e-08,8.050104815825186e-08,4.5907326561097384e-07,4.286097284273242e-06,heuristic_only,nsga2
0,726,726,train,2.4970248341560364,0.265625,0.66015625,8,64,512,209.91869999852497,27.008041913469796,2.2368078311652075,43.43240842663279,59.567900010733865,6.357191326898333,15.09887876263895,21.456070089537285,0.010399991879239678,0.0,12.716213756726315,8.729456340931728,0,38.109810561163215,2439.0278759144458,2097152.0,2,0.0,0.5,0.5,0.0,0.0,89.1775543462675,0.007499998901039362,0.0,69.9989226214584,19.17113172590804,0,1,0,0.0,64.61634522424185,24.561209122025645,0,1048576,1048576,8,4,0.25,2,0.5,0,1,1.0,0.19776865982085054,3,3,0,1.0,0.0,0.0,1.0,0,0.5,0.5,0.0,0.9541015625,0.0458984375,0.0,256,1024,0,0.0,290.7090326850712,79.40679998137057,0.0,192.27896139564234,19.023271308058277,0,3024.782975500998,0,2814.864275502473,5.40160838269396e-07,8.947231324660831e-07,1.7372963370653118e-06,3.1785956634491665e-08,9.059327257583369e-08,8.91775543462675e-07,4.1863350804737915e-06,heuristic_only,nsga2
0,727,727,train,2.5259520411491394,0.265625,0.62890625,8,64,512,371.4530000142986,64.14277766621345,2.462814254281498,42.87045012861058,38.955699987127446,6.549671074404682,15.681737126237095,22.231408200641777,0.008199975127354264,0.0,12.357715430181315,9.865492795333108,0,21.536987082362963,1378.3671732712296,2097152.0,2,0.5,0.5,0.0,0.0,0.0,78.74158970452346,0.007999988156370819,0.0,57.55775194824909,21.175837768118004,0,1,0,19.159735729068547,59.58185397545491,0.0,1048576,1048576,0,8,4,0.25,2,0.5,0,1,1.0,0.19776865982085054,3,0,3,0.0,2.0,0.5,2.0,3,0.5,0.5,0.0,0.953125,0.046875,0.0,256,1024,0,0.0,437.9041681964221,228.08519999671262,0.0,192.05515241269666,17.76381578701288,0,2784.2738110010328,0,2412.820810986734,1.2828555533242693e-06,9.851257017125991e-07,1.7148180051444234e-06,3.2748355372023416e-08,9.409042275742255e-08,7.874158970452347e-07,4.897053935355973e-06,heuristic_only,nsga2
0,728,728,train,2.4414485692977905,0.291015625,0.64453125,8,64,512,213.01779999339487,26.634065595917455,3.2762066751986048,43.15028975950995,43.515299999853596,5.751595161411531,21.792495260855475,27.544090422267004,0.006999995093792677,0.0,10.73596888341897,16.801121543754242,0,37.55537070083982,2403.5437248537487,2097152.0,2,0.5,0.0,0.5,0.0,0.0,43.87753231316233,0.007000009645707905,0.0,23.98670783666532,19.883824466851298,0,1,0,17.30343932705025,0.0,26.574092986112078,1048576,0,1048576,8,4,0.25,2,0.5,0,1,1.0,0.2091524583687337,3,3,0,1.0,0.0,0.0,1.0,0,0.5,0.5,0.0,0.94921875,0.05078125,0.0,256,1024,0,0.0,292.242248122504,80.80519999202807,0.0,191.58144648903186,19.855601641444107,0,2784.2738110010328,0,2571.256011007638,5.326813119183492e-07,1.310482670079442e-06,1.7260115903803982e-06,2.875797580705766e-08,1.3075497156513282e-07,4.387753231316233e-07,4.167463842882004e-06,heuristic_only,nsga2
0,729,729,train,2.414188504219055,0.263671875,0.677734375,8,64,512,287.87679999368265,50.665399456294864,2.239098916545492,41.48357096200656,57.01430000772234,6.050281815782943,13.402256903682044,19.45253871946499,0.008100018021650612,0.0,11.190188843251333,8.254249858192004,0,27.789569046920455,1778.5324190029091,2097152.0,2,0.5,0.5,0.0,0.0,0.0,75.10260693098293,0.010100004146806896,0.0,56.55478632043782,18.5377206063983,0,1,0,15.988596314180498,59.11401061680243,0.0,1048576,1048576,0,8,4,0.25,2,0.5,0,1,1.0,0.25097720212391433,3,0,3,0.0,2.0,0.5,2.0,3,0.5,0.5,0.0,0.9365234375,0.0634765625,0.0,256,1024,0,0.0,377.5522773393876,175.29459994693752,0.0,184.96786134337418,17.28981604907592,0,2784.2738110010328,0,2496.39701100735,1.0133079891258972e-06,8.956395666181969e-07,1.6593428384802627e-06,3.0251409078914717e-08,8.041354142209225e-08,7.510260693098294e-07,4.429981414035193e-06,heuristic_only,nsga2
0,730,730,train,2.470328211784363,0.255859375,0.638671875,8,64,512,306.98509998910595,51.39453736049964,2.348650358400202,42.21507960334916,38.38849999010563,6.490498971496753,15.258514230798895,21.749013202295647,0.007199996616691351,0.0,12.00070829860834,9.741104907070616,0,26.05981182953853,1667.8279570904658,2097152.0,2,0.5,0.5,0.0,0.0,0.0,78.9819105645733,0.008100003469735384,0.0,58.27608795262749,20.697722608476063,0,1,0,17.55382912074149,61.4280814438318,0.0,1048576,1048576,0,8,4,0.25,2,0.5,0,1,1.0,0.2307606527190679,3,3,0,1.0,0.0,0.0,1.0,0,0.5,0.5,0.0,0.9453125,0.0546875,0.0,256,1024,0,0.0,383.83306928899606,177.41200000455137,0.0,187.5295600553913,18.89150922905336,0,2784.2738110010328,0,2477.288711011927,1.027890747209993e-06,9.394601433600809e-07,1.6886031841339664e-06,3.245249485748377e-08,9.155108538479336e-08,7.898191056457329e-07,4.569776760592051e-06,heuristic_only,nsga2
0,731,731,train,2.4948402047157288,0.23828125,0.65625,8,64,512,356.85550000926014,59.57331838808691,2.355602810283643,42.663158745476785,36.798600005568005,5.915954441418064,14.424785657695715,20.34074009911378,0.007599999662488699,0.0,11.36125697668577,8.971883122765522,0,22.417974731558502,1434.7503828197441,2097152.0,2,0.5,0.0,0.5,0.0,0.0,42.61110160597846,0.007299997378140688,0.0,23.478457835794227,19.125343772806097,0,1,0,17.951192111014866,0.0,24.6599094949636,1048576,0,1048576,8,4,0.25,2,0.5,0,1,1.0,0.2307606527190679,3,0,3,0.0,2.0,0.5,2.0,3,0.5,0.5,0.0,0.943359375,0.056640625,0.0,256,1024,0,0.0,418.3683197753893,209.98239998880308,0.0,188.47758807296472,19.908331713621557,0,2784.2738110010328,0,2427.4183109917726,1.1914663677617382e-06,9.422411241134573e-07,1.7065263498190714e-06,2.9579772207090322e-08,8.654871394617428e-08,4.2611101605978467e-07,4.3824733439073175e-06,heuristic_only,nsga2
0,732,732,train,2.543725073337555,0.28125,0.630859375,8,64,512,271.9935000059195,50.61871796637794,2.6166219770827235,42.467390047214366,38.797200002591126,5.671708827424779,17.52469235056299,23.19640117798777,0.007299997378140688,0.0,12.012092242927665,11.177008937681963,0,29.412359440451535,1882.3910041888983,2097152.0,2,0.5,0.0,0.5,0.0,0.0,44.05748534891774,0.015299985534511507,0.0,23.188568261316753,20.853617102066472,0,1,0,18.318951767449562,0.0,25.738533581468175,1048576,0,1048576,8,4,0.25,2,0.5,0,1,1.0,0.25097720212391433,3,3,0,1.0,0.0,0.0,1.0,0,0.5,0.5,0.0,0.94140625,0.05859375,0.0,256,1024,0,0.0,382.81091996270015,174.30409997177776,0.0,189.03807261661592,19.468747374306453,0,2784.2738110010328,0,2512.2803109951133,1.012374359327559e-06,1.0466487908330895e-06,1.6986956018885748e-06,2.8358544137123897e-08,1.0514815410337792e-07,4.405748534891774e-07,4.331800303778903e-06,heuristic_only,nsga2
0,733,733,train,2.537162125110626,0.251953125,0.662109375,8,64,512,825.6904000008944,75.38454485628468,4.868514573312773,43.99674338478616,1908.4925000061048,5.803579330728008,33.40546977359534,39.20904910432335,0.026699999580159783,0.0,11.197178620998482,27.985170483744714,0,9.688849853578871,620.0863906290477,2097152.0,2,0.5,0.5,0.0,0.0,0.0,79.62350826127211,0.012899981811642647,0.0,61.13556409186415,18.475044187596318,0,1,0,16.24509701348889,63.37841124778321,0.0,1048576,1048576,0,8,4,0.25,2,0.5,0,1,1.0,0.2201412464909665,3,0,3,0.0,2.0,0.5,2.0,3,0.5,0.5,0.0,0.9541015625,0.0458984375,0.0,256,1024,0,0.0,496.99921125753445,272.7757999964524,0.0,186.8043423290856,37.41906893199645,0,2784.2738110010328,0,1958.5834110001383,1.5076908971256936e-06,1.947405829325109e-06,1.7598697353914464e-06,2.901789665364004e-08,2.00432818641572e-07,7.96235082612721e-07,6.2406522597501815e-06,heuristic_only,nsga2
0,734,734,train,2.4895278811454773,0.240234375,0.658203125,8,64,512,289.0992000029655,50.83039362061851,2.2733618554592745,42.56921337387865,36.14860000379849,5.765634531423292,15.140667059286624,20.906301590709916,0.007299997378140688,0.0,12.055528784763315,8.843472808568462,0,27.672066639587033,1771.0122649335701,2097152.0,2,0.5,0.5,0.0,0.0,0.0,83.75186135911804,0.007200011168606579,0.0,64.04870143139047,19.69595991655897,0,1,0,18.516697359819823,65.23516399929822,0.0,1048576,1048576,0,8,4,0.25,2,0.5,0,1,1.0,0.2091524583687337,3,3,0,1.0,0.0,0.0,1.0,0,0.5,0.5,0.0,0.947265625,0.052734375,0.0,256,1024,0,0.0,382.6918753998258,175.41619997064117,0.0,189.7215266697158,17.554148759468795,0,2784.2738110010328,0,2495.1746109980672,1.0166078724123703e-06,9.093447421837098e-07,1.7027685349551461e-06,2.882817265711646e-08,9.084400235571974e-08,8.375186135911806e-07,4.585911938155243e-06,heuristic_only,nsga2
0,735,735,train,2.5431371331214905,0.234375,0.611328125,8,64,512,389.3662000045879,64.09794870484717,2.1593216971177784,42.28909287100082,36.404700003913604,6.418511481328765,12.218808166491195,18.63731964781996,0.008699993486516178,0.0,11.564076689565649,7.064542964767796,0,20.546157970948084,1314.9541101406774,2097152.0,2,0.5,0.5,0.0,0.0,0.0,81.49148077661293,0.008100003469735384,0.0,61.410109958732264,20.073270814410925,0,1,0,17.188254428791353,64.30322634782158,0.0,1048576,1048576,0,8,4,0.25,2,0.5,0,1,1.0,0.14759070521249812,3,0,3,0.0,2.0,0.5,2.0,3,0.5,0.5,0.0,0.953125,0.046875,0.0,256,1024,0,0.0,434.18545309186305,230.04070000024512,0.0,186.56662669427953,17.578126397338348,0,2784.2738110010328,0,2394.907610996445,1.2819589740969436e-06,8.637286788471114e-07,1.6915637148400328e-06,3.2092557406643825e-08,7.331284899894716e-08,8.149148077661295e-07,4.757571581955808e-06,heuristic_only,nsga2
0,736,736,train,2.457084894180298,0.27734375,0.67578125,8,64,512,404.85540000372566,69.60850027527866,2.2825846226899618,42.992883684483644,34.79380000499077,6.303652201844778,12.770184749431593,19.07383695127637,0.007499998901039362,0.0,11.412092749878253,7.654244202497078,0,19.760092714173176,1264.6459337070833,2097152.0,2,0.5,0.5,0.0,0.0,0.0,81.39342588087374,0.008300004992634058,0.0,62.18737657309969,19.197749302781425,0,1,0,16.842008704631752,64.55141717624198,0.0,1048576,1048576,0,8,4,0.25,2,0.5,0,1,1.0,0.2201412464909665,3,3,0,1.0,0.0,0.0,1.0,0,0.5,0.5,0.0,0.9541015625,0.0458984375,0.0,256,1024,0,0.0,459.5358743298091,249.64790004014503,0.0,192.52692713674165,17.36104715292242,0,2784.2738110010328,0,2379.418410997307,1.3921700055055736e-06,9.130338490759848e-07,1.719715347379346e-06,3.151826100922389e-08,7.662110849658956e-08,8.139342588087373e-07,4.946992830275455e-06,heuristic_only,nsga2
0,737,737,train,2.4414793848991394,0.28125,0.66015625,8,64,512,309.95150000671856,51.67699826945373,2.3576570499986422,42.31506994464378,39.906099991640076,5.65986137092996,15.430119302137545,21.089980673067505,0.007999988156370819,0.0,11.899709147577394,9.182271537333742,0,25.81040643268434,1651.8660116917977,2097152.0,2,0.5,0.5,0.0,0.0,0.0,79.22894548577904,0.00750001345295459,0.0,58.94557175926709,20.275873713058992,0,1,0,16.034033558251743,63.19491192752729,0.0,1048576,1048576,0,8,4,0.25,2,0.5,0,1,1.0,0.2307606283979408,3,0,3,0.0,2.0,0.5,2.0,3,0.5,0.5,0.0,0.9462890625,0.0537109375,0.0,256,1024,0,0.0,385.3989010563846,179.2286999989301,0.0,190.10045059105408,16.06975046640043,0,2784.2738110010328,0,2474.322310994314,1.0335399653890748e-06,9.43062819999457e-07,1.6926027977857514e-06,2.82993068546498e-08,9.258071581282526e-08,7.922894548577905e-07,4.5823750606995485e-06,heuristic_only,nsga2
0,738,738,train,2.5746071338653564,0.2578125,0.65625,8,64,512,287.8807999950368,50.08529812510122,2.3473094126129284,41.78378982914519,42.850099998759106,6.518599430799675,14.305706757483154,20.82430618828283,0.008500006515532732,0.0,12.786205068583877,8.029601113183418,0,27.78918292208095,1778.5077070131808,2097152.0,2,0.5,0.5,0.0,0.0,0.0,79.79175988577573,0.007000009645707905,0.0,59.299548254551425,20.4852116215786,0,1,0,17.445406567903063,62.34635331787267,0.0,1048576,1048576,0,8,4,0.25,2,0.5,0,1,1.0,0.20915249756217386,3,3,0,1.0,0.0,0.0,1.0,0,0.5,0.5,0.0,0.9560546875,0.0439453125,0.0,256,1024,0,0.0,376.8655894674374,171.82929994305596,0.0,188.1050171125245,16.931272411856906,0,2531.0546305029047,0,2243.173830507868,1.0017059625020245e-06,9.389237650451714e-07,1.6713515931658082e-06,3.259299715399838e-08,8.583424054489891e-08,7.979175988577573e-07,4.528326157269659e-06,heuristic_only,nsga2
0,739,739,train,2.496081233024597,0.28515625,0.615234375,8,64,512,276.16009999474045,48.11193931876823,2.5595321574215406,42.37766141576476,37.290699998266064,6.253567642072062,15.889479054603495,22.143046696675555,0.006799993570894003,0.0,12.050570047961212,10.085676655143448,0,28.968598401992036,1853.9902977274903,2097152.0,2,0.5,0.0,0.5,0.0,0.0,46.307694323779415,0.008099988917820156,0.0,26.516109283160226,19.78348505170137,0,1,0,18.34372111594001,0.0,27.96397320783941,1048576,0,1048576,8,4,0.25,2,0.5,0,1,1.0,0.2201412464909665,3,0,3,0.0,2.0,0.5,2.0,3,0.5,0.5,0.0,0.94921875,0.05078125,0.0,256,1024,0,0.0,372.19653156781817,166.4743999717757,0.0,188.5775799791543,17.1445516168881,0,2531.0546305029047,0,2254.8945305081643,9.622387863753647e-07,1.0238128629686162e-06,1.6951064566305904e-06,3.1267838210360315e-08,9.533687432762094e-08,4.630769432377943e-07,4.270839761750346e-06,heuristic_only,nsga2
0,740,740,train,2.49854576587677,0.24609375,0.6484375,8,64,512,175.93940001097508,25.073739346005745,2.3955357788908973,42.51908168926792,50.29449998983182,6.556883875809381,14.178728606236595,20.735612482045976,0.006999995093792677,0.0,11.316838694677038,9.411773792275145,0,45.46994322793948,2910.076366588127,2097152.0,2,0.5,0.5,0.0,0.0,0.0,80.38359585326099,0.007800001185387373,0.0,60.21212548924746,20.163670362828135,0,1,0,18.234592048112326,62.14900380514866,0.0,1048576,1048576,0,8,4,0.25,2,0.5,0,1,1.0,0.2091524583687337,3,3,0,1.0,0.0,0.0,1.0,0,0.5,0.5,0.0,0.9560546875,0.0439453125,0.0,256,1024,0,0.0,279.95342725665824,72.81670001975726,0.0,190.63116695800284,16.50556027889815,0,2531.0546305029047,0,2355.1152304919297,5.01474786920115e-07,9.582143115563591e-07,1.700763267570717e-06,3.27844193790469e-08,8.507237163741956e-08,8.038359585326099e-07,4.082145115596268e-06,heuristic_only,nsga2
0,741,741,train,2.4635192155838013,0.271484375,0.68359375,8,64,512,148.17020000191405,26.46603611587604,2.2146155644638617,42.26138495984614,38.90250000404194,5.642796046403012,13.246232133031608,18.889028179434618,0.008800008799880743,0.0,11.085451490345642,7.794776680289096,0,53.99159890651258,3455.462330016805,2097152.0,2,0.5,0.5,0.0,0.0,0.0,80.46525034266608,0.007199996616691351,0.0,61.32307822557992,19.134972120469477,0,1,0,17.22621095287873,63.23903938978736,0.0,1048576,1048576,0,8,4,0.25,2,0.5,0,1,1.0,0.18595995617580352,3,0,3,0.0,2.0,0.5,2.0,3,0.5,0.5,0.0,0.958984375,0.041015625,0.0,256,1024,0,0.0,283.7681465607442,79.42930002172943,0.0,187.61671781164142,16.722128727373324,0,2531.0546305029047,0,2382.8844305009907,5.293207223175208e-07,8.858462257855447e-07,1.690455398393846e-06,2.8213980232015063e-08,7.947739279818964e-08,8.04652503426661e-07,4.017966222953778e-06,heuristic_only,nsga2
0,742,742,train,2.3826056122779846,0.2890625,0.697265625,8,64,512,146.13809999718796,26.319696461586688,2.339505742145509,42.54026021620932,37.50570000556763,6.372827454537721,14.001962371525249,20.37478982606297,0.007800001185387373,0.0,11.531950951593963,8.835038873283619,0,54.742365322859776,3503.5113806630256,2097152.0,2,0.5,0.5,0.0,0.0,0.0,80.45020350210284,0.007800001185387373,0.0,60.302410486081364,20.13999301483608,0,1,0,17.13719669831418,63.31300680378865,0.0,1048576,1048576,0,8,4,0.25,2,0.5,0,1,1.0,0.2091524583687337,3,3,0,1.0,0.0,0.0,1.0,0,0.5,0.5,0.0,0.9541015625,0.0458984375,0.0,256,1024,0,0.0,284.79784967976605,77.75009999750182,0.0,189.81008750247,17.237662179794256,0,2531.0546305029047,0,2384.9165305057168,5.263939292317339e-07,9.358022968582037e-07,1.7016104086483732e-06,3.1864137272688606e-08,8.401177422915147e-08,8.045020350210284e-07,4.084184581261179e-06,heuristic_only,nsga2
0,743,743,train,2.5240007042884827,0.236328125,0.65234375,8,64,512,285.21919999911916,47.2409542648563,2.391069186806397,41.40940390141773,36.86269999889191,6.430354984152014,14.092288972786333,20.522643956938346,0.007399998139590025,0.0,11.59783468416561,8.917409274633147,0,28.048504278535347,1795.1042738262622,2097152.0,2,0.5,0.5,0.0,0.0,0.0,83.76991238018216,0.008399991202168167,0.0,64.73740777528363,19.024104613696366,0,1,0,17.174321628771324,66.59559075141084,0.0,1048576,1048576,0,8,4,0.25,2,0.5,0,1,1.0,0.14759070521249812,3,0,3,0.0,2.0,0.5,2.0,3,0.5,0.5,0.0,0.9560546875,0.0439453125,0.0,256,1024,0,0.0,364.16570941232175,161.41219998826273,0.0,185.32133014454502,17.432179279513967,0,2531.0546305029047,0,2245.8354305037856,9.448190852971262e-07,9.56427674722559e-07,1.6563761560567093e-06,3.215177492076007e-08,8.455373383671799e-08,8.376991238018215e-07,4.512027548635694e-06,heuristic_only,nsga2
0,744,744,train,2.578063189983368,0.25390625,0.630859375,8,64,512,825.8786999940639,58.8589762653294,2.966244087436116,81.31289801491684,1082.3101999994833,8.654738291809652,20.381545195689764,29.036283487499418,0.010100004146806896,0.0,11.896734103829694,17.129449379522914,0,9.686640802598127,619.9450113662801,2097152.0,2,0.5,0.5,0.0,0.0,0.0,80.38959791562186,0.012599994079209864,0.0,61.320434785655216,19.05656313588743,0,1,0,17.178766213751164,63.210831701870696,0.0,1048576,1048576,0,8,4,0.25,2,0.5,0,1,1.0,0.18595995617580352,3,3,0,1.0,0.0,0.0,1.0,0,0.5,0.5,0.0,0.955078125,0.044921875,0.0,256,1024,0,0.0,572.5524734707294,200.67150001705159,0.0,190.1029408133949,181.77803264028296,0,2531.1478389995236,0,1705.2691390054597,1.177179525306588e-06,1.1864976349744463e-06,3.2525159205966737e-06,4.327369145904826e-08,1.2228927117413856e-07,8.038959791562187e-07,6.585652022667112e-06,heuristic_only,nsga2
0,745,745,train,2.566743016242981,0.232421875,0.646484375,8,64,512,280.35619998991024,43.78856136748471,2.4312570629965595,42.2679815820898,51.24950000026729,6.057052346480625,14.54866141610264,20.605713762583264,0.00859999272506684,0.0,12.167127567416447,8.42998620244175,0,28.535026032104444,1826.2416660546844,2097152.0,2,0.5,0.5,0.0,0.0,0.0,76.54908798887854,0.014700010069645941,0.0,57.54673575095523,18.98765222785366,0,1,0,16.090178199588337,60.458909789290196,0.0,1048576,1048576,0,8,4,0.25,2,0.5,0,1,1.0,0.17369072493825644,3,0,3,0.0,2.0,0.5,2.0,3,0.5,0.5,0.0,0.947265625,0.052734375,0.0,256,1024,0,0.0,353.9512000502843,147.69919999525882,0.0,189.75038108392965,16.501618971095823,0,2531.1478389995236,0,2250.7916390096134,8.757712273496942e-07,9.72502825198624e-07,1.690719263283592e-06,3.028526173240313e-08,8.729196849661583e-08,7.654908798887853e-07,4.422061425949714e-06,heuristic_only,nsga2
0,746,746,train,2.5917064547538757,0.24609375,0.6484375,8,64,512,287.12480000103824,49.49448171234262,2.245632682052146,41.750465961384464,37.86489999038167,6.412828438823721,13.199631842076808,19.612460280900528,0.009199997293762863,0.0,11.726982379466488,7.876277904140277,0,27.862351624169868,1783.1905039468716,2097152.0,2,0.5,0.5,0.0,0.0,0.0,79.40714350530547,0.008999995770864189,0.0,60.081130967413905,19.3170125421207,0,1,0,17.269589805086085,62.137553700219385,0.0,1048576,1048576,0,8,4,0.25,2,0.5,0,1,1.0,0.18595995617580352,3,3,0,1.0,0.0,0.0,1.0,0,0.5,0.5,0.0,0.9501953125,0.0498046875,0.0,256,1024,0,0.0,373.9623214231169,170.72359996382147,0.0,187.30656158676044,15.932159872535031,0,2531.1478389995236,0,2244.0230389984854,9.898896342468524e-07,8.982530728208583e-07,1.6700186384553788e-06,3.206414219411861e-08,7.919779105246084e-08,7.940714350530547e-07,4.4634947138227234e-06,heuristic_only,nsga2
0,747,747,train,2.552072763442993,0.27734375,0.654296875,8,64,512,289.31680000096094,49.93575210022567,2.3061945755949314,42.591532485476435,36.84400000202004,5.800460716354371,14.686707412799485,20.487168129153858,0.007399998139590025,0.0,11.942000241570668,8.537767889443598,0,27.651254087973257,1769.6802616302884,2097152.0,2,0.5,0.5,0.0,0.0,0.0,78.02489355817077,0.006999995093792677,0.0,57.90130386409183,20.11658969898515,0,1,0,17.37827722833293,60.64661632983784,0.0,1048576,1048576,0,8,4,0.25,2,0.5,0,1,1.0,0.18595995617580352,3,0,3,0.0,2.0,0.5,2.0,3,0.5,0.5,0.0,0.94921875,0.05078125,0.0,256,1024,0,0.0,379.3339166451882,172.35909998998977,0.0,190.35049256360577,16.62432409159266,0,2531.1478389995236,0,2241.8310389985627,9.987150420045134e-07,9.224778302379725e-07,1.7036612994190577e-06,2.9002303581771852e-08,8.812024447679691e-08,7.802489355817078e-07,4.52222565530182e-06,heuristic_only,nsga2
0,748,748,train,2.5448096990585327,0.24609375,0.63671875,8,64,512,304.5332000037888,51.17721692226547,2.1681548196306917,41.92635561874043,39.908499995362945,6.379346077989133,14.323961387124346,20.70330746511348,0.00859999272506684,0.0,12.586512034941476,8.108195437446936,0,26.269627516057213,1681.2561610276616,2097152.0,2,0.5,0.5,0.0,0.0,0.0,80.2334322246171,0.008100003469735384,0.0,60.08247117270601,20.142861048441368,0,1,0,16.836154915472747,63.39727730914436,0.0,1048576,1048576,0,8,4,0.25,2,0.5,0,1,1.0,0.18595995617580352,3,3,0,1.0,0.0,0.0,1.0,0,0.5,0.5,0.0,0.958984375,0.041015625,0.0,256,1024,0,0.0,381.08690944254636,176.3665999751538,0.0,188.81015728249056,15.910152184901996,0,2531.1478389995236,0,2226.614638995735,1.0235443384453095e-06,8.672619278522767e-07,1.6770542247496174e-06,3.189673038994567e-08,8.594376832274607e-08,8.023343222461711e-07,4.488035312006067e-06,heuristic_only,nsga2
0,749,749,train,2.5639570355415344,0.255859375,0.64453125,8,64,512,217.37679999205284,28.337134245719056,2.399409154089676,42.43092361629091,38.25630000210367,5.893680430395703,13.690205786270685,19.583886216666386,0.007700000423938036,0.0,10.930462653501266,8.645723562741185,0,36.8022861593616,2355.3463141991424,2097152.0,2,0.5,0.5,0.0,0.0,0.0,84.45434619927646,0.007099995855242014,0.0,63.21100997100126,21.236236232419945,0,1,0,18.806773546752037,65.64757265252442,0.0,1048576,1048576,0,8,4,0.25,2,0.5,0,1,1.0,0.18595995617580352,3,0,3,0.0,2.0,0.5,2.0,3,0.5,0.5,0.0,0.955078125,0.044921875,0.0,256,1024,0,0.0,292.6698680643986,85.30760002031457,0.0,189.38711726699347,17.975150777090548,0,908.3733614968515,0,690.9965615047987,5.667426849143812e-07,9.597636616358705e-07,1.6972369446516366e-06,2.9468402151978515e-08,8.21412347176241e-08,8.445434619927646e-07,4.179896390064255e-06,heuristic_only,nsga2
0,750,750,train,2.5754883885383606,0.244140625,0.650390625,8,64,512,287.6381000096444,47.9315790421157,2.2604199823256965,43.0521106039202,38.255200008279644,6.660302119789497,15.360491906708624,22.020794026498123,0.0092999980552122,0.0,12.64586722291503,9.36562680552788,0,27.812630479415922,1780.008350682619,2097152.0,2,0.5,0.5,0.0,0.0,0.0,79.42503516241592,0.008300004992634058,0.0,59.92782407702557,19.48891108039772,0,1,0,17.31339777198682,62.1116373904291,0.0,1048576,1048576,0,8,4,0.25,2,0.5,0,1,1.0,0.19776865982085054,3,3,0,1.0,0.0,0.0,1.0,0,0.5,0.5,0.0,0.962890625,0.037109375,0.0,256,1024,0,0.0,372.9764385134464,164.32349999377038,0.0,189.23052663340036,19.42241188627563,0,908.3733614968515,0,620.7352614872071,9.58631580842314e-07,9.041679929302786e-07,1.7220844241568076e-06,3.3301510598947484e-08,9.216295144025172e-08,7.942503516241593e-07,4.504598811592759e-06,heuristic_only,nsga2
0,751,751,train,2.5204097032546997,0.27734375,0.6796875,8,64,512,348.7135999894235,61.8157687725497,2.3206045006293765,41.814882657202055,36.777200002688915,6.275321487022963,14.562735588512432,20.838057075535396,0.010200004908256233,0.0,11.969777529120005,8.858079541507136,0,22.94139677616779,1468.2493936747385,2097152.0,2,0.5,0.0,0.5,0.0,0.0,41.566788613308844,0.007700000423938036,0.0,21.82243251751272,19.736656095372183,0,1,0,16.947836038307848,0.0,24.618952575000993,1048576,0,1048576,8,4,0.25,2,0.5,0,1,1.0,0.17369072493825644,3,0,3,0.0,2.0,0.5,2.0,3,0.5,0.5,0.0,0.9541015625,0.0458984375,0.0,256,1024,0,0.0,423.80502372152455,219.42710000439547,0.0,187.87498623997118,16.502937477157857,0,908.3733614968515,0,559.659761507428,1.2363153754509941e-06,9.282418002517507e-07,1.6725953062880823e-06,3.137660743511482e-08,8.737641353107459e-08,4.1566788613308843e-07,4.3715733890901045e-06,heuristic_only,nsga2
0,752,752,train,2.3791414499282837,0.302734375,0.69140625,8,64,512,321.1548999970546,55.45916979984577,2.412857532623379,42.19846022576783,60.658399990643375,6.062716982028562,13.886368701090698,19.949085683119257,0.008200004231184721,0.0,11.181888043937313,8.758997634950761,0,24.91002033614631,1594.2413015133639,2097152.0,2,0.5,0.0,0.5,0.0,0.0,42.88353903674769,0.008200004231184721,0.0,22.926449274138992,19.948889758377515,0,1,0,18.564531661978222,0.0,24.31900737476947,1048576,0,1048576,8,4,0.25,2,0.5,0,1,1.0,0.2201412464909665,3,3,0,1.0,0.0,0.0,1.0,0,0.5,0.5,0.0,0.9462890625,0.0537109375,0.0,256,1024,0,0.0,400.2819502329479,194.84089997422416,0.0,187.79743871238207,17.643611546341695,0,908.3733614968515,0,587.218461499797,1.1091833959969153e-06,9.651430130493515e-07,1.6879384090307137e-06,3.0313584910142814e-08,8.331821220654417e-08,4.2883539036747696e-07,4.3047320055611445e-06,heuristic_only,nsga2
0,753,753,train,2.476958930492401,0.224609375,0.671875,8,64,512,340.70519999659155,56.11929704964904,2.4613402234335022,41.346498488933584,42.14669999782927,6.8810902965804095,15.818692471461933,22.699782768042343,0.0092999980552122,0.0,12.370804120730448,10.319678649256684,0,23.480641092178637,1502.7610298994327,2097152.0,2,0.5,0.5,0.0,0.0,0.0,83.15428199495705,0.007399998139590025,0.0,62.61975192678872,20.527130070028747,0,1,0,17.729045307864915,65.42523668709214,0.0,1048576,1048576,0,8,4,0.25,2,0.5,0,1,1.0,0.19776865982085054,3,0,3,0.0,2.0,0.5,2.0,3,0.5,0.5,0.0,0.9541015625,0.0458984375,0.0,256,1024,0,0.0,399.7085430480645,197.10450001002755,0.0,184.29761251538696,18.30643052265003,0,908.3733614968515,0,567.66816150026,1.1223859409929808e-06,9.84536089373401e-07,1.6538599395573432e-06,3.440545148290205e-08,9.491215482877159e-08,8.315428199495705e-07,4.721642396184969e-06,heuristic_only,nsga2
0,754,754,train,2.5024508237838745,0.248046875,0.66796875,8,64,512,290.6864999968093,51.5569887636201,2.229161070649969,41.869345102122885,37.69379999721423,6.081668680623416,14.726493260707484,20.8081619413309,0.010199990356341004,0.0,12.006634068204981,8.791327882769579,0,27.520963234015266,1761.341646976977,2097152.0,2,0.5,0.5,0.0,0.0,0.0,77.99461895612359,0.00829999044071883,0.0,58.05038177348543,19.935937192197425,0,1,0,16.688230000499395,61.306388955624186,0.0,1048576,1048576,0,8,4,0.25,2,0.5,0,1,1.0,0.16091838189257093,3,3,0,1.0,0.0,0.0,1.0,0,0.5,0.5,0.0,0.9580078125,0.0419921875,0.0,256,1024,0,0.0,382.6219797455718,177.63139997259714,0.0,188.79847843033386,16.19210134264084,0,699.9461150023841,0,409.2596150055748,1.0311397752724021e-06,8.916644282599877e-07,1.6747738040849156e-06,3.0408343403117085e-08,8.83589595642449e-08,7.799461895612359e-07,4.496291500145903e-06,heuristic_only,nsga2
0,755,755,train,2.4889200925827026,0.28515625,0.640625,8,64,512,5099.143300001742,946.4760771226709,2.8460248231853336,227.75072367547347,46.420900005614385,12.119251163232196,18.154798981028513,30.27405014426071,0.008300004992634058,0.0,12.141505933155841,18.124244206112234,0,1.568890686226955,100.40900391852512,2097152.0,2,0.5,0.5,0.0,0.0,0.0,79.36324585051642,0.00790000194683671,0.0,60.90115116460523,18.454194683964353,0,1,0,16.18240133569914,63.18084451481729,0.0,1048576,1048576,0,8,4,0.25,2,0.5,0,1,1.0,0.16091838189257093,3,0,3,0.0,2.0,0.5,2.0,3,0.5,0.5,0.0,0.94921875,0.05078125,0.0,256,1024,0,0.0,4708.291302485319,3748.627100008889,0.0,189.71312776783975,769.9510747085897,0,908.3733614968515,1,-4190.769938504891,1.8929521542453418e-05,1.1384099292741334e-06,9.11002894701894e-06,6.059625581616099e-08,1.0892879388617106e-07,7.936324585051643e-07,3.014111792695399e-05,heuristic_only,nsga2
0,756,756,train,2.4612998962402344,0.267578125,0.6796875,8,64,512,304.52710000099614,51.18923992526219,2.233399270578879,42.782283023879614,37.92980000434909,6.6069220879039845,13.463875515050436,20.07079760295442,0.008899995009414852,0.0,12.335630771952875,7.726266835992131,0,26.27015372300235,1681.2898382721503,2097152.0,2,0.5,0.5,0.0,0.0,0.0,83.05536448287984,0.007399998139590025,0.0,63.461677742876205,19.586286741864047,0,1,0,17.274631491235905,65.78073299164393,0.0,1048576,1048576,0,8,4,0.25,2,0.5,0,1,1.0,0.2307606283979408,3,3,0,1.0,0.0,0.0,1.0,0,0.5,0.5,0.0,0.958984375,0.041015625,0.0,256,1024,0,0.0,384.8196888788828,176.4814999914961,0.0,190.1074625168693,18.23072637051734,0,908.3733614968515,0,603.8462614958554,1.0237847985052439e-06,8.933597082315519e-07,1.7112913209551845e-06,3.303461043951993e-08,8.078325309030261e-08,8.305536448287984e-07,4.572807336050601e-06,heuristic_only,nsga2
0,757,757,train,2.429961383342743,0.26171875,0.69140625,8,64,512,197.32140000269283,26.437714678095944,2.424445929724028,41.118834416473256,55.03859999589622,5.9926418059661435,15.666191211881655,21.658833017847797,0.006800008122809231,0.0,12.044552896982108,9.60748011274288,0,40.54278682952785,2594.7383570897823,2097152.0,2,0.5,0.5,0.0,0.0,0.0,83.59451238836985,0.007099995855242014,0.0,64.56230861261707,19.025103779897538,0,1,0,17.448685407683037,66.14582698068682,0.0,1048576,1048576,0,8,4,0.25,2,0.5,0,1,1.0,0.19776865982085054,3,0,3,0.0,2.0,0.5,2.0,3,0.5,0.5,0.0,0.9501953125,0.0498046875,0.0,256,1024,0,0.0,279.92398009717294,78.5083000373561,0.0,184.3875807208272,17.028099338989627,0,908.3733614968515,0,711.0519614941587,5.287542935619188e-07,9.697783718896112e-07,1.6447533766589302e-06,2.996320902983072e-08,9.399714727128992e-08,8.359451238836986e-07,4.103191522295279e-06,heuristic_only,nsga2
0,758,758,train,2.5278648138046265,0.24609375,0.666015625,8,64,512,388.8933999987785,68.37986639657348,2.478866174930976,42.52908064481178,38.92269999778364,6.211138583233684,15.86122936146646,22.072367944700144,0.007100010407157242,0.0,11.686358896316111,10.378909037976875,0,20.571137049093863,1316.5527711420073,2097152.0,2,0.5,0.5,0.0,0.0,0.0,79.59326152128946,0.006599992047995329,0.0,60.0651192436219,19.52154228561956,0,1,0,17.85648796423693,61.73677355705253,0.0,1048576,1048576,0,8,4,0.25,2,0.5,0,1,1.0,0.16091838189257093,3,3,0,1.0,0.0,0.0,1.0,0,0.5,0.5,0.0,0.95703125,0.04296875,0.0,256,1024,0,0.0,453.55125286526487,245.62229997536633,0.0,186.8375148605505,21.09143802934804,0,908.3733614968515,0,519.4799614980731,1.3675973279314696e-06,9.915464699723905e-07,1.7011632257924711e-06,3.1055692916168416e-08,9.516737616879875e-08,7.959326152128947e-07,4.9824627079941936e-06,heuristic_only,nsga2
0,759,759,train,2.432492196559906,0.298828125,0.66796875,8,64,512,311.7405999946641,52.26311956209907,2.404751137063095,41.019028648424595,42.656300007365644,6.323669813960117,13.430755154921716,19.754424968881832,0.007899987394921482,0.0,11.492769102727017,8.253755878759895,0,25.66227927275966,1642.3858734566181,2097152.0,2,0.5,0.5,0.0,0.0,0.0,78.90442417407036,0.008300004992634058,0.0,58.177751093067876,20.718373076009847,0,1,0,17.484552327638703,61.419871846431654,0.0,1048576,1048576,0,8,4,0.25,2,0.5,0,1,1.0,0.241032865595602,3,0,3,0.0,2.0,0.5,2.0,3,0.5,0.5,0.0,0.9482421875,0.0517578125,0.0,256,1024,0,0.0,382.747597390347,180.25479998323135,0.0,186.97085950581797,15.52193790129772,0,908.3733614968515,0,596.6327615021875,1.0452623912419817e-06,9.619004548252382e-07,1.6407611459369838e-06,3.1618349069800585e-08,8.058453092953028e-08,7.890442417407036e-07,4.549171113744238e-06,heuristic_only,nsga2
0,760,760,train,2.6011641025543213,0.24609375,0.619140625,8,64,512,148.05849999538623,24.79524396851279,2.1973461249243855,41.853469959236186,51.4238000032492,5.769296682440707,11.972494021611439,17.741790704052146,0.006600006599910557,0.0,10.640788638834156,7.094402058618079,0,54.03233159810274,3458.0692222785756,2097152.0,2,0.5,0.5,0.0,0.0,0.0,78.91932541563942,0.007399998139590025,0.0,57.57774290276366,21.334182514736163,0,1,0,18.121739683846723,60.7975857317927,0.0,1048576,1048576,0,8,4,0.25,2,0.5,0,1,1.0,0.2091524583687337,3,3,0,1.0,0.0,0.0,1.0,0,0.5,0.5,0.0,0.9462890625,0.0537109375,0.0,256,1024,0,0.0,275.3842402106934,72.73980000172742,0.0,186.3110406195271,16.333399589438955,0,908.3733614968515,0,760.3148615014653,4.959048793702559e-07,8.789384499697541e-07,1.6741387983694475e-06,2.884648341220354e-08,7.183496412966862e-08,7.891932541563943e-07,3.938856829407724e-06,heuristic_only,nsga2
0,761,761,train,2.515324592590332,0.265625,0.62890625,8,64,512,292.0440000016242,51.02209226228568,2.430839674266105,42.786458365347094,37.65690000727773,6.882002494183935,14.006781191325587,20.888783685509523,0.00750001345295459,0.0,11.947788571909186,8.933495100147383,0,27.39303874387683,1753.154479608117,2097152.0,2,0.5,0.5,0.0,0.0,0.0,77.55378198480471,0.006999995093792677,0.0,58.023396416042196,19.523385573668733,0,1,0,17.56360731337063,59.99017467143409,0.0,1048576,1048576,0,8,4,0.25,2,0.5,0,1,1.0,0.25097720212391433,3,0,3,0.0,2.0,0.5,2.0,3,0.5,0.5,0.0,0.953125,0.046875,0.0,256,1024,0,0.0,384.9575612075955,176.2373999954434,0.0,190.18051874335663,18.539642468795506,0,908.3733614968515,0,616.3293614952273,1.0204418452457137e-06,9.72335869706442e-07,1.711458334613884e-06,3.441001247091968e-08,8.404068714795352e-08,7.755378198480473e-07,4.5982245690329605e-06,heuristic_only,nsga2
0,762,762,train,2.535517692565918,0.291015625,0.64453125,8,64,512,334.01120000053197,55.046997965983465,2.3154261477281786,42.54966901336132,38.67379999428522,5.885438351317039,14.507649162718373,20.39308751403541,0.007599999662488699,0.0,11.766640143909608,8.618847370463314,0,23.951220943388474,1532.8781403768623,2097152.0,2,0.0,0.5,0.5,0.0,0.0,88.15750732000956,0.007700000423938036,0.0,67.34037090242721,20.809436417158395,0,1,0,0.0,63.97807309340272,24.17943422660683,0,1048576,1048576,8,4,0.25,2,0.5,0,1,1.0,0.2091524583687337,3,3,0,1.0,0.0,0.0,1.0,0,0.5,0.5,0.0,0.9541015625,0.0458984375,0.0,256,1024,0,0.0,399.64837250829186,192.39379998180084,0.0,189.68514988111752,17.569422645373503,0,908.3733614968515,0,574.3621614963196,1.1009399593196695e-06,9.261704590912715e-07,1.7019867605344528e-06,2.9427191756585198e-08,8.704589497631022e-08,8.815750732000957e-07,4.727145338878386e-06,heuristic_only,nsga2
0,763,763,train,2.4759925603866577,0.259765625,0.654296875,8,64,512,310.91109999397304,51.86925841802778,2.3635403353169777,42.46611083548292,53.08850000437815,6.38505751591912,14.704094517526535,21.089152033445654,0.008799994247965515,0.0,12.412283292236154,8.668068746961534,0,25.730745121065016,1646.767687748161,2097152.0,2,0.5,0.5,0.0,0.0,0.0,83.1606098763374,0.010400006431154907,0.0,64.21676340542247,18.93344646448378,0,1,0,17.389086024350615,65.77152385198679,0.0,1048576,1048576,0,8,4,0.25,2,0.5,0,1,1.0,0.25097716417141425,3,0,3,0.0,2.0,0.5,2.0,3,0.5,0.5,0.0,0.9501953125,0.0498046875,0.0,256,1024,0,0.0,386.79563835531076,180.05939999420661,0.0,188.55636012090596,18.179878240198168,0,700.0600364982516,0,389.1489365042786,1.0373851683605557e-06,9.45416134126791e-07,1.6986444334193172e-06,3.19252875795956e-08,8.82245671051592e-08,8.31606098763374e-07,4.633201689354793e-06,heuristic_only,nsga2
0,764,764,train,2.476700186729431,0.29296875,0.673828125,8,64,512,505.7133999944199,95.58057245286608,3.0809676474370744,44.1364066839986,1378.605100006098,6.5491436778009,21.275772214924146,27.824915892725045,0.009499985026195645,0.0,11.788936313187687,16.026479594511162,0,15.819205464760886,1012.4291497446967,2097152.0,2,0.5,0.5,0.0,0.0,0.0,81.10218417417092,0.009399998816661537,0.0,60.807721505293244,20.285062670061016,0,1,0,16.44389077128569,64.65829340288522,0.0,1048576,1048576,0,8,4,0.25,2,0.5,0,1,1.0,0.2201412464909665,3,3,0,1.0,0.0,0.0,1.0,0,0.5,0.5,0.0,0.955078125,0.044921875,0.0,256,1024,0,0.0,571.191787137207,355.488500019419,0.0,187.10514709306105,28.598140024726934,0,749.9847464936456,0,244.27134649922573,1.9116114490573216e-06,1.2323870589748298e-06,1.765456267359944e-06,3.2745718389004504e-08,1.2765463328954485e-07,8.110218417417091e-07,5.880876968812355e-06,heuristic_only,nsga2
0,765,765,train,2.4631506204605103,0.29296875,0.673828125,8,64,512,349.3697000085376,55.83022324642697,2.7474986129124,43.21450694960515,51.85899999924004,6.815892370613513,15.938789726587608,22.75468209720112,0.009099996532313526,0.0,12.24210278673252,10.503479313936287,0,22.898314025201607,1465.4920976129029,2097152.0,2,0.5,0.5,0.0,0.0,0.0,80.90849788977852,0.010100004146806896,0.0,59.64804108395952,21.250356801672197,0,1,0,18.66526991325079,62.243227976527734,0.0,1048576,1048576,0,8,4,0.25,2,0.5,0,1,1.0,0.2091524583687337,3,0,3,0.0,2.0,0.5,2.0,3,0.5,0.5,0.0,0.94921875,0.05078125,0.0,256,1024,0,0.0,407.1689152357781,194.60410003375728,0.0,191.29749305357677,21.267322148444027,0,749.9847464936456,0,400.615046485108,1.1166044649285395e-06,1.09899944516496e-06,1.7285802779842065e-06,3.407946185306757e-08,9.563273835952563e-08,8.090849788977853e-07,4.882981367188085e-06,heuristic_only,nsga2
0,766,766,train,2.490591049194336,0.275390625,0.64453125,8,64,512,284.5547000033548,50.740828526052226,2.444402237395793,41.54814168525601,59.142799989786,6.022149125410723,14.550962367545516,20.57311149295624,0.008600007276982069,0.0,11.157234451898915,9.40727703378034,0,28.114003690334382,1799.2962361814004,2097152.0,2,0.5,0.5,0.0,0.0,0.0,81.98042580251833,0.008100003469735384,0.0,61.94701967898214,20.025306120066453,0,1,0,19.035472993666048,62.94495280885228,0.0,1048576,1048576,0,8,4,0.25,2,0.5,0,1,1.0,0.241032865595602,3,3,0,1.0,0.0,0.0,1.0,0,0.5,0.5,0.0,0.9501953125,0.0498046875,0.0,256,1024,0,0.0,378.9334897948162,174.36109996924642,0.0,185.8422360723835,18.7301537531862,0,749.9847464936456,0,465.4300464902908,1.0148165705210447e-06,9.777608949583174e-07,1.6619256674102409e-06,3.011074562705362e-08,8.730577420527308e-08,8.198042580251833e-07,4.591723910747113e-06,heuristic_only,nsga2
0,767,767,train,2.417361795902252,0.267578125,0.703125,8,64,512,146.96709999407176,26.298261112022715,2.277604979546881,40.77795181127769,37.52070000336971,5.681732161855454,13.963218838240646,19.6449510000961,0.006999995093792677,0.0,11.276205143816055,8.361745861186252,0,54.43358116708793,3483.7491946936275,2097152.0,2,0.5,0.5,0.0,0.0,0.0,81.37231930274508,0.007099995855242014,0.0,61.37943825464853,19.985781052241315,0,1,0,17.870283745778938,63.50203555696615,0.0,1048576,1048576,0,8,4,0.25,2,0.5,0,1,1.0,0.2201412853775118,3,0,3,0.0,2.0,0.5,2.0,3,0.5,0.5,0.0,0.951171875,0.048828125,0.0,256,1024,0,0.0,277.41527161138913,77.0613999775378,0.0,184.50853692669094,15.84533470716038,0,749.9847464936456,0,603.0176464995739,5.259652222404543e-07,9.110419918187526e-07,1.6311180724511076e-06,2.840866080927727e-08,8.377931302944387e-08,8.13723193027451e-07,3.994036453376487e-06,heuristic_only,nsga2
0,768,768,train,2.4217981696128845,0.263671875,0.6953125,8,64,512,290.7431000057841,50.67888256127767,2.341231103220985,42.23919266693088,39.8873999947682,6.703221294598332,14.958841729649215,21.662063024247548,0.008400005754083395,0.0,12.932211034636012,8.721451983857452,0,27.515605647168243,1760.9987614187676,2097152.0,2,0.5,0.5,0.0,0.0,0.0,82.34535330620169,0.00750001345295459,0.0,61.21616459390997,21.121688698838756,0,1,0,17.029371825827948,65.31598148037374,0.0,1048576,1048576,0,8,4,0.25,2,0.5,0,1,1.0,0.3425321588692544,3,3,0,1.0,0.0,0.0,1.0,0,0.5,0.5,0.0,0.9365234375,0.0634765625,0.0,256,1024,0,0.0,381.03722532571817,175.29430001741275,0.0,188.99839181635895,16.744533491946424,0,749.9847464936456,0,459.24164648786154,1.0135776512255535e-06,9.364924412883939e-07,1.6895677066772355e-06,3.351610647299166e-08,8.975305037789528e-08,8.234535330620169e-07,4.586360489104088e-06,heuristic_only,nsga2
0,769,769,train,2.5025634169578552,0.27734375,0.654296875,8,64,512,291.64379999565426,51.24436017958977,2.3908842396992327,42.42183024303685,39.77290001057554,6.691710642260112,14.734974171783845,21.42668481404396,0.007400012691505253,0.0,12.942757789330258,8.476527012022194,0,27.430627942343587,1755.5601883099896,2097152.0,2,0.5,0.5,0.0,0.0,0.0,77.07738931001634,0.008899995009414852,0.0,57.68452434616988,19.383964968837056,0,1,0,17.594926913362627,59.48246239665372,0.0,1048576,1048576,0,8,4,0.25,2,0.5,0,1,1.0,0.19776869931901056,3,0,3,0.0,2.0,0.5,2.0,3,0.5,0.5,0.0,0.939453125,0.060546875,0.0,256,1024,0,0.0,384.2282986493034,177.41229996317998,0.0,189.1374953624326,17.67850332369083,0,749.9847464936456,0,458.34094649799135,1.0248872035917956e-06,9.56353695879693e-07,1.6968732097214742e-06,3.345855321130056e-08,8.840984503070307e-08,7.707738931001636e-07,4.57075640053513e-06,heuristic_only,nsga2
0,770,770,train,2.5076603293418884,0.251953125,0.640625,8,64,512,294.1265999979805,51.347841151718264,2.4886498448564653,43.25471403948555,37.920299990219064,6.084369477648176,14.756135061551724,20.840504539199898,0.008000002708286047,0.0,11.097106224287828,9.735398312203786,0,27.199079583333656,1740.741093333354,2097152.0,2,0.5,0.5,0.0,0.0,0.0,81.76581636485786,0.006900008884258568,0.0,61.774836902378176,19.98407945359542,0,1,0,18.381107790027887,63.38470857482997,0.0,1048576,1048576,0,8,4,0.25,2,0.5,0,1,1.0,0.2307606527190679,3,3,0,1.0,0.0,0.0,1.0,0,0.5,0.5,0.0,0.9404296875,0.0595703125,0.0,256,1024,0,0.0,388.3648201442411,178.30740002682433,0.0,191.5910403020366,18.466379815380193,0,749.9847464936456,0,455.8581464956651,1.0269568230343652e-06,9.954599379425862e-07,1.730188561579422e-06,3.042184738824088e-08,8.853681036931033e-08,8.176581636485787e-07,4.689222143962503e-06,heuristic_only,nsga2
0,771,771,train,2.53610360622406,0.26953125,0.623046875,8,64,512,399.33539999765344,64.8737855695766,2.579131666313563,43.19768584092396,36.30769999290351,6.3358912280599835,15.458799571746816,21.7946907998068,0.008200004231184721,0.0,12.73009090718927,9.056399888386343,0,20.033235137210156,1282.12704878145,2097152.0,2,0.5,0.0,0.5,0.0,0.0,41.4471716234601,0.009300012607127428,0.0,22.221050810169586,19.216820800683386,0,1,0,16.450286361818875,0.0,24.996885261641225,1048576,0,1048576,8,4,0.25,2,0.5,0,1,1.0,0.25097720212391433,3,0,3,0.0,2.0,0.5,2.0,3,0.5,0.5,0.0,0.9423828125,0.0576171875,0.0,256,1024,0,0.0,442.6024123072565,231.16310003388207,0.0,192.4656277759488,18.973684497425623,0,749.9847464936456,0,350.6493464959922,1.2974757113915322e-06,1.031652666525425e-06,1.7279074336369584e-06,3.167945614029992e-08,9.275279743048089e-08,4.1447171623460103e-07,4.595939781359298e-06,heuristic_only,nsga2
0,772,772,train,2.5126665234565735,0.228515625,0.64453125,8,64,512,318.9369000028819,54.15425959526338,2.2934101499607813,44.74850028424221,47.97569999936968,5.488069465733708,13.91611491713168,19.404184382865388,0.008500006515532732,0.0,11.582485175645967,7.813199200703886,0,25.08325288379874,1605.3281845631193,2097152.0,2,0.5,0.5,0.0,0.0,0.0,81.96029511361739,0.01160001556854695,0.0,60.90729566091386,21.04139943713498,0,1,0,17.51923449205729,64.4410606215601,0.0,1048576,1048576,0,8,4,0.25,2,0.5,0,1,1.0,0.2201412464909665,3,3,0,1.0,0.0,0.0,1.0,0,0.5,0.5,0.0,0.9453125,0.0546875,0.0,256,1024,0,0.0,404.78468011786555,189.45900001563132,0.0,187.72650875456998,27.59917134766424,0,749.9847464936456,0,431.04784649076373,1.0830851919052678e-06,9.173640599843125e-07,1.7899400113696888e-06,2.744034732866854e-08,8.349668950279007e-08,8.19602951136174e-07,4.720929251226901e-06,heuristic_only,nsga2
0,773,773,train,2.5541505813598633,0.255859375,0.634765625,8,64,512,279.6820000075968,42.94812300749268,2.3706369125148155,41.94164434303977,40.106300002662465,6.07697842401689,14.904946565140161,20.98192498915705,0.009800001862458885,0.0,11.226609429560858,9.745515557733732,0,28.603812172290425,1830.6439790265872,2097152.0,2,0.5,0.5,0.0,0.0,0.0,80.94950563817548,0.007199996616691351,0.0,61.9917933718864,18.950512269672384,0,1,0,16.34220205100243,64.60730358717305,0.0,1048576,1048576,0,8,4,0.25,2,0.5,0,1,1.0,0.19776865982085054,3,0,3,0.0,2.0,0.5,2.0,3,0.5,0.5,0.0,0.95703125,0.04296875,0.0,256,1024,0,0.0,349.04161705218905,144.0784000005806,0.0,186.1715870409206,18.79163001068787,0,749.9847464936456,0,470.3027464860488,8.589624601498538e-07,9.482547650059263e-07,1.6776657737215908e-06,3.038489212008445e-08,8.942967939084096e-08,8.094950563817549e-07,4.414192626770051e-06,heuristic_only,nsga2
0,774,774,train,2.474497973918915,0.2734375,0.65625,8,64,512,368.49500000244007,62.18839022287866,2.5618006960832354,42.83397015230268,74.67200000246521,6.206074905129476,14.363538708581112,20.569613613710587,0.008300004992634058,0.0,11.298439139747625,9.26287446897033,0,21.70986930644302,1389.4316356123534,2097152.0,2,0.5,0.5,0.0,0.0,0.0,82.22791535293256,0.0109999964479357,0.0,62.53100820066452,19.685907155820097,0,1,0,16.741304161675203,65.48661119125735,0.0,1048576,1048576,0,8,4,0.25,2,0.5,0,1,1.0,0.2091524583687337,3,3,0,1.0,0.0,0.0,1.0,0,0.5,0.5,0.0,0.9521484375,0.0478515625,0.0,256,1024,0,0.0,430.3366442850583,220.39000001677778,0.0,190.25102564401564,19.695618624264895,0,503.6276299954622,0,135.13262999302214,1.2437678044575733e-06,1.0247202784332942e-06,1.713358806092107e-06,3.1030374525647386e-08,8.618123225148667e-08,8.222791535293257e-07,4.921337649289434e-06,heuristic_only,nsga2
0,775,775,train,2.383296251296997,0.27734375,0.68359375,8,64,512,2692.5491000001784,571.3648294018703,2.7317881429499256,45.11536225727902,36.15929999796208,7.174968709120326,17.14065071216355,24.315619421283873,0.00829999044071883,0.0,12.045021382425984,12.26229804841717,0,2.971161056575872,190.1543076208558,2097152.0,2,0.5,0.5,0.0,0.0,0.0,81.8942307644152,0.007299997378140688,0.0,62.23403241366635,19.652898353370716,0,1,0,16.817835328412464,65.07639543600274,0.0,1048576,1048576,0,8,4,0.25,2,0.5,0,1,1.0,0.25097720212391433,3,0,3,0.0,2.0,0.5,2.0,3,0.5,0.5,0.0,0.9443359375,0.0556640625,0.0,256,1024,0,0.0,2476.8479192083973,2258.262899995316,0.0,189.77506566818818,28.80995354489319,0,1879.320338497339,1,-813.2287615028395,1.1427296588037408e-05,1.0927152571799703e-06,1.8046144902911607e-06,3.587484354560164e-08,1.0284390427298128e-07,8.189423076441522e-07,1.5282287390971274e-05,heuristic_only,nsga2
0,776,776,train,2.4743996262550354,0.248046875,0.646484375,8,64,512,217.43469999637455,28.427589714200437,3.202375451253121,42.597556332548265,50.76070000359323,6.076347536739689,21.82798110379526,27.90432864053495,0.00790000194683671,0.0,11.52764112615799,16.368787512430124,0,36.792486239073845,2354.719119300726,2097152.0,2,0.5,0.5,0.0,0.0,0.0,79.89154386014106,0.007000009645707905,0.0,61.50835219267549,18.376191657819856,0,1,0,16.173655190445217,63.71788866969584,0.0,1048576,1048576,0,8,4,0.25,2,0.5,0,1,1.0,0.2606107547134336,3,3,0,1.0,0.0,0.0,1.0,0,0.5,0.5,0.0,0.9453125,0.0546875,0.0,256,1024,0,0.0,296.9100859920073,85.74290000251494,0.0,190.04395313066928,21.123232858823037,0,1879.320338497339,0,1661.8856385009644,5.685517942840089e-07,1.2809501805012485e-06,1.7039022533019307e-06,3.038173768369845e-08,1.3096788662277155e-07,7.989154386014106e-07,4.513669290995069e-06,heuristic_only,nsga2
0,777,777,train,2.5672834515571594,0.25390625,0.62890625,8,64,512,357.8916999977082,61.00595060710142,2.603772553670286,44.54768474865514,36.17979999398813,6.2735660915791085,15.99023917537438,22.26380526695349,0.008400005754083395,0.0,11.64023987996993,10.615165381229476,0,22.353068391870607,1430.5963770797189,2097152.0,2,0.0,0.5,0.5,0.0,0.0,86.41390140673028,0.00790000194683671,0.0,65.95184465059498,20.454156754188453,0,1,0,0.0,61.859527761365094,24.554373645365175,0,1048576,1048576,8,4,0.25,2,0.5,0,1,1.0,0.16091838189257093,3,0,3,0.0,2.0,0.5,2.0,3,0.5,0.5,0.0,0.955078125,0.044921875,0.0,256,1024,0,0.0,432.6296316377074,217.66739996382967,0.0,187.45624994229465,27.50598173158306,0,1879.320338497339,0,1521.4286384996308,1.2201190121420287e-06,1.0415090214681144e-06,1.781907389946206e-06,3.136783045789554e-08,9.594143505224628e-08,8.641390140673028e-07,5.034983703133794e-06,heuristic_only,nsga2
0,778,778,train,2.511709749698639,0.267578125,0.62890625,8,64,512,292.1593000064604,50.42051767192733,2.4687806547031714,41.34553948230817,38.36289999890141,5.519573681740502,13.85432173311155,19.37389541485205,0.006700007361359894,0.0,11.221509669429205,8.145685738061488,0,27.382228180293833,1752.4626035388053,2097152.0,2,0.5,0.5,0.0,0.0,0.0,82.88317808683033,0.00960000033956021,0.0,64.01985090026216,18.853727186228618,0,1,0,16.980740445794382,65.90243764103595,0.0,1048576,1048576,0,8,4,0.25,2,0.5,0,1,1.0,0.20915249756217386,3,3,0,1.0,0.0,0.0,1.0,0,0.5,0.5,0.0,0.953125,0.046875,0.0,256,1024,0,0.0,376.93935123575466,174.77369995322078,0.0,185.9264226302411,16.239228652292823,0,1879.320338497339,0,1587.1610384908786,1.0084103534385468e-06,9.875122618812685e-07,1.6538215792923267e-06,2.759786840870251e-08,8.312593039866929e-08,8.288317808683033e-07,4.589299774287817e-06,heuristic_only,nsga2
0,779,779,train,2.4922470450401306,0.267578125,0.654296875,8,64,512,389.6253999992041,64.91428419846497,2.1701427441066232,41.97931490840711,36.21960000600666,6.253373280410415,12.240632267475029,18.494005547885443,0.008200004231184721,0.0,11.26994818933113,7.21585735432313,0,20.532489584936602,1314.0793334359425,2097152.0,2,0.5,0.5,0.0,0.0,0.0,78.01596835599742,0.007599999662488699,0.0,59.10218971230923,18.906178644025687,0,1,0,17.112142219139006,60.903826136858406,0.0,1048576,1048576,0,8,4,0.25,2,0.5,0,1,1.0,0.18595995617580352,3,0,3,0.0,2.0,0.5,2.0,3,0.5,0.5,0.0,0.955078125,0.044921875,0.0,256,1024,0,0.0,436.25496740391486,231.82580001594033,0.0,187.633576360243,16.795591027731493,0,1879.320338497339,0,1489.694938498135,1.2982856839692994e-06,8.680570976426494e-07,1.6791725963362846e-06,3.126686640205208e-08,7.344379360485016e-08,7.801596835599743e-07,4.730385721515109e-06,heuristic_only,nsga2
0,780,780,train,2.5667879581451416,0.2265625,0.619140625,8,64,512,306.0330000007525,50.052397371065275,2.306440936874737,42.636054329047745,35.2878999983659,6.572975525815598,16.025606238854433,22.59858176467003,0.007599999662488699,0.0,12.73093181773136,9.860049947276181,0,26.140886306685953,1673.016723627901,2097152.0,2,0.5,0.5,0.0,0.0,0.0,81.17723262059094,0.008000002708286047,0.0,59.82353735958554,21.345695258297113,0,1,0,18.077421595846516,63.099811024744426,0.0,1048576,1048576,0,8,4,0.25,2,0.5,0,1,1.0,0.241032865595602,3,3,0,1.0,0.0,0.0,1.0,0,0.5,0.5,0.0,0.951171875,0.048828125,0.0,256,1024,0,0.0,379.979570547951,172.41919999651145,0.0,187.09311946074783,20.467251090691754,0,1879.320338497339,0,1573.2873384965865,1.0010479474213055e-06,9.225763747498951e-07,1.70544217316191e-06,3.286487762907799e-08,9.615363743312659e-08,8.117723262059095e-07,4.569857336601225e-06,heuristic_only,nsga2
0,781,781,train,2.475302815437317,0.267578125,0.65234375,8,64,512,197.78649999352638,27.582267035304177,2.3965022955959885,42.37548052146789,37.072799997986294,6.9836850819209175,14.970238790997405,21.953923872918324,0.007299997378140688,0.0,13.096726810146595,8.849897065393586,0,40.44744991600501,2588.636794624321,2097152.0,2,0.5,0.5,0.0,0.0,0.0,82.54577992765486,0.00790000194683671,0.0,62.39277134137189,20.145108584336132,0,1,0,18.75570814886285,63.79007177879201,0.0,1048576,1048576,0,8,4,0.25,2,0.5,0,1,1.0,0.25097720212391433,3,0,3,0.0,2.0,0.5,2.0,3,0.5,0.5,0.0,0.9365234375,0.0634765625,0.0,256,1024,0,0.0,289.4169994094722,82.34340000490192,0.0,187.25559448753665,19.818004917033655,0,1879.320338497339,0,1681.5338385038126,5.516453407060836e-07,9.586009182383955e-07,1.695019220858716e-06,3.4918425409604595e-08,8.982143274598442e-08,8.254577992765486e-07,4.155463137235333e-06,heuristic_only,nsga2
0,782,782,train,2.5286223888397217,0.2578125,0.65234375,8,64,512,147.9547999915667,26.025924865868113,2.3319549589179207,42.23828307161233,37.479499995242804,5.735482497215613,15.448157387650298,21.18363988486591,0.007299997378140688,0.0,12.138787148329737,9.037552739158034,0,54.07020204990944,3460.492931194204,2097152.0,2,0.5,0.5,0.0,0.0,0.0,81.37366371966455,0.007999988156370819,0.0,61.79500313531365,19.570660596194525,0,1,0,16.39886129992612,64.97480241973842,0.0,1048576,1048576,0,8,4,0.25,2,0.5,0,1,1.0,0.14759070521249812,3,3,0,1.0,0.0,0.0,1.0,0,0.5,0.5,0.0,0.9599609375,0.0400390625,0.0,256,1024,0,0.0,282.3846515855935,76.63890000549145,0.0,188.58942367264996,17.15632790745206,0,1879.320338497339,0,1731.3655385057723,5.205184973173623e-07,9.327819835671682e-07,1.6895313228644933e-06,2.8677412486078064e-08,9.268894432590178e-08,8.137366371966454e-07,4.077934797757649e-06,heuristic_only,nsga2
0,783,783,train,2.4910205006599426,0.265625,0.66015625,8,64,512,389.1587999969488,69.73177878799423,2.520660127098127,42.85535517213696,43.237599995336495,5.967454799817279,15.252255783388788,21.219710583206066,0.007499998901039362,0.0,12.268271930564744,8.943938653740283,0,20.557107902878776,1315.6549057842417,2097152.0,2,0.5,0.0,0.5,0.0,0.0,44.19973341888181,0.008200004231184721,0.0,24.974318123094513,19.217215291556116,0,1,0,17.60932981457467,0.0,26.59040360430714,1048576,0,1048576,8,4,0.25,2,0.5,0,1,1.0,0.17369072493825644,3,0,3,0.0,2.0,0.5,2.0,3,0.5,0.5,0.0,0.9521484375,0.0478515625,0.0,256,1024,0,0.0,460.43117634891723,250.1969000149984,0.0,191.0128646435277,19.221411690391147,0,1879.320338497339,0,1490.1615385003902,1.3946355757598844e-06,1.0082640508392508e-06,1.7142142068854786e-06,2.9837273999086395e-08,9.151353470033273e-08,4.4199733418881813e-07,4.680461976372851e-06,heuristic_only,nsga2
0,784,784,train,2.45591938495636,0.24609375,0.640625,8,64,512,326.6944999922998,47.192692633008605,2.7254675264251143,45.82127815385885,295.92370000318624,6.809570315042088,17.688651764440486,24.498222079482574,0.00829999044071883,0.0,11.320097816063814,13.169824272978042,0,24.487634510388297,1567.208608664851,2097152.0,2,0.5,0.5,0.0,0.0,0.0,83.0079234338859,0.012999997125007212,0.0,63.64111300087563,19.353810435885265,0,1,0,17.278768354255767,65.72915507963013,0.0,1048576,1048576,0,8,4,0.25,2,0.5,0,1,1.0,0.19776865982085054,3,3,0,1.0,0.0,0.0,1.0,0,0.5,0.5,0.0,0.94921875,0.05078125,0.0,256,1024,0,0.0,382.95775325317027,158.389200019883,0.0,190.10130063655026,34.46725259673699,0,1879.320338497339,0,1552.6258385050392,9.43853852660172e-07,1.0901870105700458e-06,1.8328511261543542e-06,3.404785157521044e-08,1.061319105866429e-07,8.300792343388591e-07,4.8371509858852845e-06,heuristic_only,nsga2
0,785,785,train,2.493763267993927,0.265625,0.642578125,8,64,512,751.9156000053044,51.450025582420466,11.504476572845434,64.01345666347916,54.8547999933362,8.847821101024337,96.4090455967999,105.25686669782424,0.008300004992634058,0.0,12.390086131747122,92.85848056108448,0,10.639477835631721,680.9265814804302,2097152.0,2,0.5,0.5,0.0,0.0,0.0,80.79379418037942,0.008399991202168167,0.0,60.96857124531359,19.816822943863663,0,1,0,17.528738556735586,63.26505562364383,0.0,1048576,1048576,0,8,4,0.25,2,0.5,0,1,1.0,0.17369072493825644,3,0,3,0.0,2.0,0.5,2.0,3,0.5,0.5,0.0,0.951171875,0.048828125,0.0,256,1024,0,0.0,507.8718352749803,173.63779997685924,0.0,185.20542506484946,149.02861023327156,0,705.2370710004463,1,-46.67852900485809,1.0290005116484093e-06,4.6017906291381734e-06,2.560538266539167e-06,4.4239105505121686e-08,5.784542735807994e-07,8.079379418037943e-07,9.621960728215466e-06,heuristic_only,nsga2
0,786,786,train,2.5168890357017517,0.2578125,0.65625,8,64,512,291.2151999917114,49.34430335333796,2.517884921822703,41.47671792870312,37.77330000593793,6.077570916455541,15.632223487036935,21.709794403492477,0.008700008038431406,0.0,12.312872178427243,9.388222217026803,0,27.47099921030388,1758.1439494594483,2097152.0,2,0.5,0.5,0.0,0.0,0.0,81.022962699452,0.008499991963617504,0.0,59.999274279621574,21.015188427866796,0,1,0,17.994003563001563,63.028959136450425,0.0,1048576,1048576,0,8,4,0.25,2,0.5,0,1,1.0,0.16091838189257093,3,3,0,1.0,0.0,0.0,1.0,0,0.5,0.5,0.0,0.943359375,0.056640625,0.0,256,1024,0,0.0,373.35562481545514,171.3307000027271,0.0,184.8633631698849,17.16156164284313,0,705.2370710004463,0,414.02187100873493,9.868860670667595e-07,1.0071539687290812e-06,1.6590687171481247e-06,3.038785458227771e-08,9.37933409222216e-08,8.1022962699452e-07,4.587519575442985e-06,heuristic_only,nsga2
0,787,787,train,2.3687201142311096,0.2890625,0.70703125,8,64,512,388.139400005457,64.46806498976298,2.5653552392681096,42.76360288739329,58.68420000479091,6.881460050652291,17.434159580277505,24.315619630929795,0.008100003469735384,0.0,12.994858829707377,11.312660797752685,0,20.611098457897004,1319.1103013054083,2097152.0,2,0.5,0.0,0.5,0.0,0.0,41.62096086677679,0.008600007276982069,0.0,21.497309724909268,20.11505113459054,0,1,0,16.48903034547338,0.0,25.13193052130341,1048576,0,1048576,8,4,0.25,2,0.5,0,1,1.0,0.16091838189257093,3,0,3,0.0,2.0,0.5,2.0,3,0.5,0.5,0.0,0.9609375,0.0390625,0.0,256,1024,0,0.0,439.18809246569754,228.27710000274237,0.0,191.06778904292628,19.843203420028892,0,705.2370710004463,0,317.09767099498936,1.2893612997952598e-06,1.0261420957072438e-06,1.710544115495732e-06,3.4407300253261456e-08,1.0460495748166501e-07,4.162096086677679e-07,4.581269377400931e-06,heuristic_only,nsga2
0,788,788,train,2.440549671649933,0.287109375,0.703125,8,64,512,354.3518999940716,63.52054296867266,2.5185083780387405,44.140504539517906,37.21690000384115,6.567790068651555,15.718426097769573,22.286216166421127,0.007700000423938036,0.0,12.232304411562911,10.046211754434278,0,22.57636384557271,1444.8872861166535,2097152.0,2,0.5,0.5,0.0,0.0,0.0,83.62557188426146,0.007299997378140688,0.0,64.3458988845015,19.272373002381826,0,1,0,17.71229812378959,65.91327376047187,0.0,1048576,1048576,0,8,4,0.25,2,0.5,0,1,1.0,0.11898847320993522,3,3,0,1.0,0.0,0.0,1.0,0,0.5,0.5,0.0,0.94921875,0.05078125,0.0,256,1024,0,0.0,440.71822354491724,227.618100005202,0.0,188.48043514103597,24.6196883986792,0,705.2370710004463,0,350.8851710063748,1.2704108593734533e-06,1.0074033512154963e-06,1.7656201815807166e-06,3.283895034325778e-08,9.431055658661744e-08,8.362557188426146e-07,5.006839617942156e-06,heuristic_only,nsga2
0,789,789,train,2.4952974915504456,0.267578125,0.71875,8,64,512,411.7597000004025,70.449990159252,2.3620821695197414,42.54091549898878,38.249900011578575,6.696956100546486,13.829304197419509,20.526260297965994,0.010200004908256233,0.0,11.812380566407889,8.70367972664985,0,19.42876044263617,1243.440668328715,2097152.0,2,0.5,0.5,0.0,0.0,0.0,82.03661827398113,0.006799993570894003,0.0,60.52541037716223,21.504407903248016,0,1,0,18.192214604258037,63.8444036697231,0.0,1048576,1048576,0,8,4,0.25,2,0.5,0,1,1.0,0.2790043706260659,3,0,3,0.0,2.0,0.5,2.0,3,0.5,0.5,0.0,0.9375,0.0625,0.0,256,1024,0,0.0,461.41195131104206,253.87150001188274,0.0,189.69310376038987,17.847347538769434,0,705.2370710004463,0,293.47737100004383,1.4089998031850399e-06,9.448328678078965e-07,1.7016366199595512e-06,3.348478050273243e-08,8.297582518451704e-08,8.203661827398114e-07,4.992296079379549e-06,heuristic_only,nsga2
0,790,790,train,2.448442280292511,0.298828125,0.673828125,8,64,512,358.67940000025555,64.05516628805363,2.5000995508424597,43.17360469042006,38.09249999176245,6.816594091702352,15.247736944928146,22.0643310366305,0.010700008715502918,0.0,12.061538684220269,9.992092343694727,0,22.30397869522366,1427.4546364943142,2097152.0,2,0.5,0.5,0.0,0.0,0.0,78.38867055539032,0.00689999433234334,0.0,58.841587475979,19.540183085078986,0,1,0,17.85940787016135,60.52926268522898,0.0,1048576,1048576,0,8,4,0.25,2,0.5,0,1,1.0,0.241032865595602,3,3,0,1.0,0.0,0.0,1.0,0,0.5,0.5,0.0,0.94921875,0.05078125,0.0,256,1024,0,0.0,438.91548211726456,228.61510002985597,0.0,190.49812535717112,19.802256730237477,0,705.2370710004463,0,346.5576710001908,1.2811033257610727e-06,1.0000398203369838e-06,1.7269441876168024e-06,3.4082970458511764e-08,9.148642166956886e-08,7.838867055539034e-07,4.917543431396843e-06,heuristic_only,nsga2
0,791,791,train,2.6695609092712402,0.275390625,0.6640625,8,64,512,342.31089999957476,55.98010593124729,2.2143622295111136,43.21484077773828,35.915800006478094,5.834801836804559,13.887687200330674,19.722489037135233,0.007099995855242014,0.0,11.970807505405443,7.744581535874547,0,23.370499243555187,1495.711951587532,2097152.0,2,0.5,0.5,0.0,0.0,0.0,81.74385109427493,0.009399998816661537,0.0,62.4399231920378,19.29452790342046,0,1,0,16.864426775908083,64.87942431836684,0.0,1048576,1048576,0,8,4,0.25,2,0.5,0,1,1.0,0.2201412464909665,3,0,3,0.0,2.0,0.5,2.0,3,0.5,0.5,0.0,0.951171875,0.048828125,0.0,256,1024,0,0.0,405.6372357539868,196.04240002809092,0.0,192.27679992898186,17.318035796913982,0,705.2370710004463,0,362.9261710008716,1.1196021186249459e-06,8.857448918044455e-07,1.7285936311095319e-06,2.9174009184022795e-08,8.332612320198404e-08,8.174385109427493e-07,4.6638792848676795e-06,heuristic_only,nsga2
0,792,792,train,2.4765706658363342,0.27734375,0.677734375,8,64,512,293.303599988576,51.15311539887334,2.325899687744932,41.74416666594312,39.242400001967326,6.263346660691416,14.65663754444121,20.919984205132625,0.007199996616691351,0.0,12.0055278329842,8.907256375531734,0,27.275399023102924,1745.6255374785871,2097152.0,2,0.5,0.5,0.0,0.0,0.0,82.41455517943885,0.007999988156370819,0.0,61.57886377464847,20.827691416634003,0,1,0,17.491918391064285,64.92263678837456,0.0,1048576,1048576,0,8,4,0.25,2,0.5,0,1,1.0,0.2201412464909665,3,3,0,1.0,0.0,0.0,1.0,0,0.5,0.5,0.0,0.9443359375,0.0556640625,0.0,256,1024,0,0.0,380.8927270102455,177.78789998556022,0.0,184.47337786365225,18.631449161033068,0,705.2370710004463,0,411.9334710118703,1.0230623079774669e-06,9.303598750979728e-07,1.6697666666377248e-06,3.1316733303457083e-08,8.793982526664726e-08,8.241455517943885e-07,4.5665909600776575e-06,heuristic_only,nsga2
0,793,793,train,2.51629239320755,0.251953125,0.69140625,8,64,512,390.1687000034144,67.32512966836558,2.436749491603823,42.59580026006575,37.178500002482906,6.677713257792859,13.870734675672761,20.54844793346562,0.008499991963617504,0.0,12.032752172370287,8.507195769131716,0,20.50389868800676,1312.2495160324327,2097152.0,2,0.5,0.5,0.0,0.0,0.0,84.35992570889553,0.00790000194683671,0.0,64.15074837167622,20.201277335272483,0,1,0,16.652415314789685,67.70751039410584,0.0,1048576,1048576,0,8,4,0.25,2,0.5,0,1,1.0,0.1859599251701455,3,0,3,0.0,2.0,0.5,2.0,3,0.5,0.5,0.0,0.951171875,0.048828125,0.0,256,1024,0,0.0,449.43071768014056,241.10120002296753,0.0,190.32413108553214,18.005386571640877,0,705.2370710004463,0,315.06837099703193,1.3465025933673115e-06,9.746997966415293e-07,1.7038320104026303e-06,3.33885662889643e-08,8.322440805403656e-08,8.435992570889554e-07,4.985246631843427e-06,heuristic_only,nsga2
0,794,794,train,2.627516448497772,0.23828125,0.62890625,8,64,512,2422.0423999940977,26.292397038867946,32.708829149367794,246.34844725228157,70.33859999501146,6.0722543687163535,250.20701523345517,256.2792696021715,0.008799994247965515,0.0,11.160613349269466,245.10985625865408,0,3.302996139548736,211.3917529311191,2097152.0,2,0.0,0.5,0.5,0.0,0.0,86.98300716415437,0.007399998139590025,0.0,68.52423757762388,18.451369588390904,0,1,0,0.0,61.72603004843209,25.256977115722286,0,1048576,1048576,8,4,0.25,2,0.5,0,1,1.0,0.19776869931901056,3,3,0,1.0,0.0,0.0,1.0,0,0.5,0.5,0.0,0.955078125,0.044921875,0.0,256,1024,0,0.0,1221.3986937620693,78.35440000053495,0.0,187.9029788927619,955.1413148687724,0,1837.5338739990498,1,-584.5085259950479,5.258479407773589e-07,1.3083531659747116e-05,9.853937890091264e-06,3.036127184358177e-08,1.5012420914007309e-06,8.698300716415439e-07,2.5864750925501595e-05,heuristic_only,nsga2
0,795,795,train,2.6449190378189087,0.240234375,0.6328125,8,64,512,198.0531000008341,27.777181739789906,2.484194527369249,42.58079905175078,61.55899999430403,6.939601290877253,14.88428256631602,21.823883857193273,0.010300020221620798,0.0,12.637817022029289,9.175766814942365,0,40.39300372961887,2585.1522386956076,2097152.0,2,0.0,0.0,1.0,0.0,0.0,51.23232881272763,0.008000002708286047,0.0,31.123847762570186,20.100481047449158,0,1,0,0.0,0.0,25.616164406363815,0,0,2097152,8,4,0.25,2,0.5,0,1,1.0,0.25097720212391433,3,0,3,0.0,2.0,0.5,2.0,3,0.5,0.5,0.0,0.9443359375,0.0556640625,0.0,256,1024,0,0.0,291.36870127563975,83.82030000211671,0.0,189.8353403901016,17.713060883421463,0,1837.5338739990498,0,1639.4807739982157,5.555436347957982e-07,9.936778109476997e-07,1.7032319620700314e-06,3.4698006454386264e-08,8.930569539789611e-08,5.123232881272764e-07,3.888780397793088e-06,heuristic_only,nsga2
0,796,796,train,2.5373281836509705,0.271484375,0.6640625,8,64,512,354.1163000045344,59.5851353185209,2.7991313633108703,43.55191869772234,37.45280001021456,6.609315380881688,19.096809370567602,25.706124751449288,0.008500006515532732,0.0,12.696359033078373,13.001265711855384,0,22.59138426701424,1445.8485930889115,2097152.0,2,0.5,0.0,0.5,0.0,0.0,46.5111453935893,0.008000002708286047,0.0,25.290439301755324,21.21270608912569,0,1,0,18.343018858086623,0.0,28.168126535502676,1048576,0,1048576,8,4,0.25,2,0.5,0,1,1.0,0.17369072493825644,3,3,0,1.0,0.0,0.0,1.0,0,0.5,0.5,0.0,0.9599609375,0.0400390625,0.0,256,1024,0,0.0,423.7447415182164,209.99719999963418,0.0,190.68499370451462,23.06254781406765,0,1837.5338739990498,0,1483.4175739945154,1.1917027063704183e-06,1.1196525453243482e-06,1.7420767479088935e-06,3.304657690440844e-08,1.145808562234056e-07,4.65111453935893e-07,4.666170886667366e-06,heuristic_only,nsga2
0,797,797,train,2.644063889980316,0.220703125,0.60546875,8,64,512,395.34719999937806,66.7333841930261,2.2585959397505326,43.22618624306193,36.239200009731576,5.7198657665264525,13.344883962484593,19.064749729011044,0.007699985872022808,0.0,10.799123464030203,8.257926279108819,0,20.235326732264333,1295.0609108649173,2097152.0,2,0.5,0.5,0.0,0.0,0.0,81.08110820047284,0.007499998901039362,0.0,60.514084083718245,20.559524117853556,0,1,0,19.078037566794933,62.00307063367791,0.0,1048576,1048576,0,8,4,0.25,2,0.5,0,1,1.0,0.2091524583687337,3,0,3,0.0,2.0,0.5,2.0,3,0.5,0.5,0.0,0.94921875,0.05078125,0.0,256,1024,0,0.0,448.87266550335426,239.31269999593496,0.0,192.31320334493947,17.246762162479765,0,1837.5338739990498,0,1442.1866739996717,1.3346676838605218e-06,9.034383759002133e-07,1.7290474497224773e-06,2.8599328832632268e-08,8.006930377490754e-08,8.108110820047285e-07,4.886633224095481e-06,heuristic_only,nsga2
0,798,798,train,2.4307904839515686,0.294921875,0.693359375,8,64,512,352.25850000279024,62.771558084922916,2.503098581312465,42.36423127040486,36.84070000599604,6.26677092015466,14.92252973500737,21.18930065516203,0.00829999044071883,0.0,12.23078728451241,8.950213380208902,0,22.71053016295269,1453.4739304289722,2097152.0,2,0.5,0.5,0.0,0.0,0.0,83.1763127159908,0.009700015652924776,0.0,62.82596514759347,20.340647552744393,0,1,0,16.7125539783845,66.4637587376063,0.0,1048576,1048576,0,8,4,0.25,2,0.5,0,1,1.0,0.16091838189257093,3,3,0,1.0,0.0,0.0,1.0,0,0.5,0.5,0.0,0.9521484375,0.0478515625,0.0,256,1024,0,0.0,430.5555517465609,223.6099000001559,0.0,188.6387515730571,18.306900173347945,0,1837.5338739990498,0,1485.2753739962595,1.2554311616984584e-06,1.0012394325249859e-06,1.6945692508161947e-06,3.1333854600773306e-08,8.95351784100442e-08,8.31763127159908e-07,4.9038720052103655e-06,heuristic_only,nsga2
0,799,799,train,2.4916067123413086,0.224609375,0.666015625,8,64,512,387.9940000042552,67.32241252310472,2.25621803598975,41.82791036818902,34.38290000485722,5.522648463330872,14.522072478112245,20.044720941443117,0.009500014130026102,0.0,11.842044081811036,8.193176845502055,0,20.618822407279122,1319.6046340658638,2097152.0,2,0.0,0.5,0.5,0.0,0.0,88.39451420889318,0.008000017260201275,0.0,67.63382656052195,20.75268763111103,0,1,0,0.0,63.49750214335302,24.897012065540167,0,1048576,1048576,8,4,0.25,2,0.5,0,1,1.0,0.19776865982085054,3,0,3,0.0,2.0,0.5,2.0,3,0.5,0.5,0.0,0.953125,0.046875,0.0,256,1024,0,0.0,445.62616370913395,242.00870000640862,0.0,186.26104323993854,17.356420462786833,0,1837.5338739990498,0,1449.5398739947946,1.3464482504620944e-06,9.024872143959e-07,1.6731164147275612e-06,2.7613242316654362e-08,8.713243486867346e-08,8.83945142088932e-07,4.920742698859815e-06,heuristic_only,nsga2
0,800,800,val,2.5940685272216797,0.255859375,0.64453125,8,64,512,349.6101000055205,61.49786214834711,2.5594892159684566,81.9025047908498,0.0,0.0,0.0,0.0,0.0,0.0,0.0,0.0,0,22.882568659501022,1464.4843942080654,0.0,0,0.0,0.0,0.0,0.0,0.0,0.0,0.0,0.0,0.0,0.0,0,0,0,0.0,0.0,0.0,0,0,0,8,4,0.25,2,0.5,2,1,1.0,0.19776865982085054,0,0,0,0.0,0.0,0.0,0.0,0,0.5,0.5,0.0,0.9482421875,0.0517578125,0.0,256,1024,0,0.0,583.8394246206615,216.15499998733867,150.0,198.2444757045161,19.439948928806682,0,1837.5338739990498,0,1487.9237739935293,1.229957242966942e-06,1.023795686387383e-06,3.871235808583573e-06,0.0,0.0,0.0,6.124988737937898e-06,heuristic_only,nsga2
