epoch,step,step_in_epoch,phase,loss,acc_top1,acc_top5,batch_size,seq_len,tokens,step_time_ms,pre_fwd_ms,post_fwd_ms,expert_comm_ms,bwd_total_ms,pre_bwd_ms,post_bwd_ms,bwd_inv_total_ms,bwd_inv_queue_ms,bwd_inv_cold_ms,bwd_inv_net_ms,bwd_inv_compute_ms,bwd_inv_retry_cnt,samples_per_s,tokens_per_s,grad_bytes,grad_total,grad_mode_hot_frac,grad_mode_cold_frac,grad_mode_http_frac,grad_mode_local_frac,grad_mode_fallback_frac,grad_inv_total_ms,grad_inv_queue_ms,grad_inv_cold_ms,grad_inv_net_ms,grad_inv_compute_ms,grad_inv_retry_cnt,grad_nsga2_feasible,grad_fallback_cnt,grad_lat_hot_ms,grad_lat_cold_ms,grad_lat_http_ms,grad_bytes_hot,grad_bytes_cold,grad_bytes_http,dispatch_count,expert_inst_cnt,hot_ratio,active_expert_cnt,active_hot_ratio,hot_flip_cnt,hot_set_size,hot_set_jaccard,expert_load_entropy,cold_total_cnt,cold_skipped_cnt,cold_updated_cnt,cold_skip_ratio,cold_apply_steps_avg,cold_grad_scale_avg,cold_pending_steps_avg,cold_update_hit_cnt,fwd_mode_hot_frac,fwd_mode_cold_frac,fwd_mode_local_frac,fwd_mode_hot_frac_tok,fwd_mode_cold_frac_tok,fwd_mode_local_frac_tok,capacity,overflow_total_assignments,overflow_dropped_assignments,overflow_drop_ratio,inv_total_ms,inv_queue_ms,inv_cold_ms,inv_net_ms,inv_compute_ms,inv_retry_cnt,deadline_ms,deadline_miss,deadline_slack_ms,cost_usd_pre_fwd,cost_usd_post_fwd,cost_usd_expert_fwd,cost_usd_pre_bwd,cost_usd_post_bwd,cost_usd_grad_apply,cost_usd_step,ablation_mode,grad_selector
0,0,0,train,7.846090793609619,0.0,0.0,8,64,512,878.786700006458,126.53386012029493,127.44491942756653,425.68133298887284,37.68899998976849,1.7779168529749274,3.3041734620570837,5.082090315032011,0.006000016583129764,0.0,2.450192795002539,2.6258975034463425,0,9.103450127876403,582.6208081840898,2097152.0,2,0.5,0.5,0.0,0.0,0.0,481.1213844998462,0.02139998832717538,400.0,63.632778525416306,17.46720598610276,0,1,0,268.50270791845526,212.61867658139096,0.0,1048576,1048576,0,8,4,0.25,2,0.5,1,1,1.0,0.24103284089209526,3,3,0,1.0,0.0,0.0,1.0,0,0.5,0.5,0.0,0.9560546875,0.0439453125,0.0,256,1024,0,0.0,2718.640450146937,0.055199998314492404,2600.0,108.95925579392738,9.625994354695415,0,200.0,1,-678.786700006458,5.061354404811797e-05,5.097796777102662e-05,0.00025540879979332374,1.7779168529749277e-07,3.304173462057084e-07,5.2364511981612445e-06,0.0003627449718421328,predictor_only,nsga2
0,1,1,train,6.636596441268921,0.115234375,0.255859375,8,64,512,387.1501999965403,1.8998208919030746,2.8830266055011897,44.92303116671655,131.98479999846313,2.406508747578246,3.7587827170257855,6.1652914646040315,0.0092999980552122,0.0,2.235852705459605,3.9201387610892144,0,20.663761342006666,1322.4807258884266,2097152.0,2,0.5,0.5,0.0,0.0,0.0,82.88515360937646,0.010099989594891667,0.0,65.82733172480772,17.04772189497385,0,1,0,17.27692898604149,65.60822462333496,0.0,1048576,1048576,0,8,4,0.25,2,0.5,0,1,1.0,0.2307606283979408,3,0,3,0.0,2.0,0.5,2.0,3,0.5,0.5,0.0,0.9501953125,0.0498046875,0.0,256,1024,0,0.0,198.82351465648324,0.06119997124187648,0.0,109.77250676620501,88.98980791903635,0,200.0,1,-187.15019999654032,7.599283567612299e-07,1.1532106422004759e-06,2.6953818700029924e-05,2.406508747578246e-07,3.7587827170257855e-07,9.600679853404343e-07,3.0443554830792468e-05,predictor_only,nsga2
0,2,2,train,5.701040506362915,0.2109375,0.478515625,8,64,512,352.25090000312775,1.3752325710991755,12.117522681011053,26.579043417147915,107.99470001074951,1.437071162988199,23.30480118413803,24.74187234712623,0.00829999044071883,0.0,2.341448005191531,22.39212435149398,0,22.71102015327374,1453.5052898095194,2097152.0,2,0.5,0.5,0.0,0.0,0.0,84.73979073029398,0.006199989002197981,0.0,67.18194536859988,17.551645372691887,0,1,0,19.043439707825165,65.6963510224688,0.0,1048576,1048576,0,8,4,0.25,2,0.5,0,1,1.0,0.2201412464909665,3,3,0,1.0,0.0,0.0,1.0,0,0.5,0.5,0.0,0.947265625,0.052734375,0.0,256,1024,0,0.0,160.28719467703257,0.06620000931434333,0.0,110.09552440170071,50.12547026601751,0,200.0,1,-152.25090000312775,5.500930284396702e-07,4.847009072404421e-06,1.594742605028875e-05,1.437071162988199e-07,2.3304801184138028e-06,9.787906093478773e-07,2.479750599519334e-05,predictor_only,nsga2
0,3,3,train,5.053674936294556,0.23046875,0.53515625,8,64,512,79.36079999490175,1.317833401540595,2.5354484497479466,33.8566027413302,50.35560000396799,1258.1797319751904,1368.8581673817896,2627.0378993569802,0.007000009645707905,2500.0,123.03168452655642,3.9992148207779845,0,100.80416523458294,6451.466575013308,2097152.0,2,0.5,0.5,0.0,0.0,0.0,77.72574775087348,0.008300004992634058,0.0,59.028865921533644,18.688581824347196,0,1,0,17.608295599577428,60.11745215129605,0.0,1048576,1048576,0,8,4,0.25,2,0.5,0,1,1.0,0.2091524583687337,3,0,3,0.0,2.0,0.5,2.0,3,0.5,0.5,0.0,0.9609375,0.0390625,0.0,256,1024,0,0.0,150.83953837047497,11.08469998871442,0.0,126.01885724455605,13.735981137204494,0,200.0,0,120.63920000509825,5.27133360616238e-07,1.0141793798991786e-06,1.4705322290973549e-05,2.516359463950381e-05,3.0114879682399376e-05,8.974923818113268e-07,7.242260173520349e-05,predictor_only,nsga2
0,4,4,train,4.8292624950408936,0.205078125,0.533203125,8,64,512,105.73690000455827,1.2350649160794926,2.2898083469633597,25.46937085070961,49.289900009171106,50.918638227751174,68.30906048395921,119.22769871171039,0.008899980457499623,0.0,115.72100304514052,3.4977956861123807,0,75.65877513791297,4842.16160882643,2097152.0,2,0.0,0.5,0.5,0.0,0.0,85.1294713737779,0.007399998139590025,0.0,66.00843309745592,19.113638278182385,0,1,0,0.0,59.61204313904242,25.517428234735476,0,1048576,1048576,8,4,0.25,2,0.5,0,1,1.0,0.08706732569954011,3,3,0,1.0,0.0,0.0,1.0,0,0.5,0.5,0.0,0.9599609375,0.0400390625,0.0,256,1024,0,0.0,115.97697645500985,0.05240002064965665,0.0,109.2796459698441,6.644930464516094,0,200.0,0,94.26309999544173,4.94025966431797e-07,9.159233387853439e-07,1.5281622510425767e-05,1.0183727645550236e-06,1.5027993306471028e-06,9.705188000158637e-07,2.0183262710860895e-05,predictor_only,nsga2
0,5,5,train,4.4759087562561035,0.201171875,0.56640625,8,64,512,104.27280000294559,1.2326521134571573,2.4179896211645606,25.469268095364264,56.7970999982208,205.8651394976965,235.67539961057912,441.54053910827565,0.007899987394921482,420.0,11.657672855618468,9.874966265262223,0,76.72109388718941,4910.150008780122,2097152.0,2,0.0,0.5,0.5,0.0,0.0,85.51847667561856,0.007699985872022808,0.0,68.5574828761046,16.953293813641928,0,1,0,0.0,61.176509341805925,24.341967333812633,0,1048576,1048576,8,4,0.25,2,0.5,0,1,1.0,0.18595995617580352,3,0,3,0.0,2.0,0.5,2.0,3,0.5,0.5,0.0,0.951171875,0.048828125,0.0,256,1024,0,0.0,116.47963931994393,0.06520003080368042,0.0,109.55927362651363,6.855165662626618,0,200.0,0,95.72719999705441,4.930608453828629e-07,9.671958484658243e-07,1.5281560857218556e-05,1.0293256974884826e-06,1.4140523976634745e-06,9.775377854397974e-07,2.0162733431659e-05,predictor_only,nsga2
0,6,6,train,4.129040420055389,0.208984375,0.572265625,8,64,512,94.26620000158437,1.2983321449813918,2.182557669716089,25.541765170074676,51.799300010316074,1.2591717194108814,13.699443006301228,14.95861472571211,0.006999995093792677,0.0,7.856549362870126,7.095065367748191,0,84.86514927637124,5431.369553687759,2097152.0,2,0.5,0.5,0.0,0.0,0.0,77.65571491460032,0.007499998901039362,0.0,60.01600155025953,17.632213365439746,0,1,0,18.003463984199303,59.65225093040102,0.0,1048576,1048576,0,8,4,0.25,2,0.5,0,1,1.0,0.18595995617580352,3,3,0,1.0,0.0,0.0,1.0,0,0.5,0.5,0.0,0.951171875,0.048828125,0.0,256,1024,0,0.0,116.09061993908861,0.05389998841565102,0.0,109.88864646725875,6.148073483414219,0,200.0,0,105.73379999841563,5.193328579925568e-07,8.730230678864355e-07,1.53250591020448e-05,1.2591717194108813e-07,8.219665803780736e-08,8.958616510068052e-07,1.7821390508909495e-05,predictor_only,nsga2
0,7,7,train,3.834236800670624,0.265625,0.595703125,8,64,512,80.16159999533556,1.2520829154055784,2.5123174675624753,25.33981539641502,50.41509999136906,55.585734414500564,57.30635343651461,112.89208785101518,0.006499991286545992,0.0,108.91698212312727,3.9686057366013654,0,99.79716227349783,6387.018385503861,2097152.0,2,0.5,0.5,0.0,0.0,0.0,82.95712833363649,0.006599992047995329,0.0,65.6434022847221,17.307126056866387,0,1,0,18.05177939769957,64.90534893593691,0.0,1048576,1048576,0,8,4,0.25,2,0.5,0,1,1.0,0.26994862967019156,3,0,3,0.0,2.0,0.5,2.0,3,0.5,0.5,0.0,0.927734375,0.072265625,0.0,256,1024,0,0.0,116.41686311753229,0.05039996176492423,0.0,109.1906499696419,7.175813186125483,0,200.0,0,119.83840000466444,5.008331661622313e-07,1.0049269870249903e-06,1.520388923784901e-05,1.1117146882900114e-06,1.2607397756033217e-06,9.593819812082384e-07,2.0041485836137803e-05,predictor_only,nsga2
0,8,8,train,3.687128186225891,0.236328125,0.5546875,8,64,512,84.52060000854544,1.2610244636873684,2.2829680570011153,25.50545956980196,52.86750000959728,48.20332379133955,57.077052879580854,105.2803766709204,0.006099988240748644,0.0,101.92373602904864,3.350540653631015,0,94.65036155481168,6057.623139507948,2097152.0,2,0.5,0.5,0.0,0.0,0.0,78.52131867954306,0.006800008122809231,0.0,60.99065479210089,17.523863879319354,0,1,0,18.82277995956206,59.698538719980995,0.0,1048576,1048576,0,8,4,0.25,2,0.5,0,1,1.0,0.26994862967019156,3,3,0,1.0,0.0,0.0,1.0,0,0.5,0.5,0.0,0.94140625,0.05859375,0.0,256,1024,0,0.0,116.19780836196176,0.0447999918833375,0.0,109.66800592725338,6.485002442825062,0,200.0,0,115.47939999145456,5.044097854749474e-07,9.13187222800446e-07,1.5303275741881174e-05,9.64066475826791e-07,1.255695163350779e-06,9.046102642353925e-07,1.9845244653569533e-05,predictor_only,nsga2
0,9,9,train,3.3906925320625305,0.2421875,0.583984375,8,64,512,77.74920000520069,1.2633038033908652,2.3375359730415095,25.349521623908416,52.52860000473447,55.32052229358417,65.74540067935332,121.0659229729375,0.006000016583129764,0.0,117.72762714884875,3.332295807505602,0,102.89362599022101,6585.192063374145,2097152.0,2,0.5,0.5,0.0,0.0,0.0,86.85627492466797,0.008000002708286047,0.0,68.19245244422741,18.65582247773226,0,1,0,19.803031798882145,67.05324312578583,0.0,1048576,1048576,0,8,4,0.25,2,0.5,0,1,1.0,0.2307606527190679,3,0,3,0.0,2.0,0.5,2.0,3,0.5,0.5,0.0,0.9384765625,0.0615234375,0.0,256,1024,0,0.0,115.80144560136318,0.04469999112188816,0.0,109.25377881438304,6.502966795858258,0,200.0,0,122.25079999479931,5.053215213563461e-07,9.350143892166038e-07,1.5209712974345049e-05,1.1064104458716835e-06,1.4463988149457732e-06,1.0026692354982513e-06,2.0205527381233706e-05,predictor_only,nsga2
0,10,10,train,3.386213779449463,0.27734375,0.583984375,8,64,512,777.4228000052972,1.2646647381949663,3.2532607432962806,37.4012702726357,89.37729999888688,51.87493029394756,21.98526264079881,73.86019293474637,0.007399998139590025,0.0,58.064865862043305,15.78792707456347,1,10.290397592594271,658.5854459260333,2097152.0,2,0.5,0.5,0.0,0.0,0.0,78.26469089642825,0.008100003469735384,0.0,61.334101939984066,16.922488952974447,0,1,0,17.26681286147367,60.99787803495458,0.0,1048576,1048576,0,8,4,0.25,2,0.5,0,1,1.0,0.26994862967019156,3,3,0,1.0,0.0,0.0,1.0,0,0.5,0.5,0.0,0.9443359375,0.0556640625,0.0,256,1024,0,0.0,167.67678301650776,0.05889998283237219,0.0,110.69140150094734,56.92648153272807,0,200.0,1,-577.4228000052972,5.058658952779865e-07,1.3013042973185123e-06,2.2440762163581415e-05,1.0374986058789512e-06,1.3191157584479283e-07,9.046426650341916e-07,2.632198520293585e-05,predictor_only,nsga2
0,11,11,train,3.0636168122291565,0.279296875,0.62890625,8,64,512,79.25319999048952,1.2401107298748184,2.327300176333763,25.710831273171355,50.14419999497477,58.91626456600008,65.35135168768886,124.26761625368894,0.005999987479299307,0.0,120.77836478066297,3.4832514855466736,0,100.94102269608422,6460.22545254939,2097152.0,2,0.5,0.5,0.0,0.0,0.0,83.87304824792389,0.006799993570894003,0.0,66.08625373893634,17.77999451541666,0,1,0,18.606243348728192,65.2668048991957,0.0,1048576,1048576,0,8,4,0.25,2,0.5,0,1,1.0,0.19776865982085054,3,0,3,0.0,2.0,0.5,2.0,3,0.5,0.5,0.0,0.962890625,0.037109375,0.0,256,1024,0,0.0,117.11296871751975,0.045500026317313313,0.0,109.75664281718636,7.3108258740160705,0,200.0,0,120.74680000951048,4.960442919499274e-07,9.30920070533505e-07,1.542649876390281e-05,1.1783252913200018e-06,1.4377297371291552e-06,9.692640922776302e-07,2.043878224711303e-05,predictor_only,nsga2
0,12,12,train,3.066011130809784,0.26171875,0.615234375,8,64,512,76.57220000692178,1.2992726518769842,2.4603625667957068,25.456437222412326,50.56439999316353,50.26389304229414,57.26314997490155,107.5270430171957,0.0052000104915350676,0.0,103.97214728250373,3.5496957242004203,0,104.47519496738867,6686.412477912875,2097152.0,2,0.5,0.5,0.0,0.0,0.0,77.98071126214069,0.006100002792663872,0.0,60.14110130902914,17.83350995031889,0,1,0,19.373407717108826,58.60730354503187,0.0,1048576,1048576,0,8,4,0.25,2,0.5,0,1,1.0,0.241032865595602,3,3,0,1.0,0.0,0.0,1.0,0,0.5,0.5,0.0,0.9521484375,0.0478515625,0.0,256,1024,0,0.0,116.86428976434007,0.05360001523513347,0.0,109.74875122566498,7.061938523439954,0,200.0,0,123.42779999307822,5.197090607507937e-07,9.841450267182828e-07,1.5273862333447394e-05,1.005277860845883e-06,1.2597892994478344e-06,8.970217197114706e-07,1.9939805300921657e-05,predictor_only,nsga2
0,13,13,train,2.9133179783821106,0.234375,0.62890625,8,64,512,78.12770000600722,1.2987779818931826,2.271651384657867,25.4472857379517,49.8096999945119,51.96988627747369,65.25942679239921,117.2293130698729,0.006000002031214535,0.0,114.12801485284638,3.0952982149953083,0,102.39515055779617,6553.289635698955,2097152.0,2,0.5,0.5,0.0,0.0,0.0,76.75986802084955,0.006299989763647318,0.0,59.10705654471212,17.646511486373782,0,1,0,17.190662355877492,59.56920566497205,0.0,1048576,1048576,0,8,4,0.25,2,0.5,0,1,1.0,0.19776869931901056,3,0,3,0.0,2.0,0.5,2.0,3,0.5,0.5,0.0,0.9423828125,0.0576171875,0.0,256,1024,0,0.0,116.070860418011,0.0454999681096524,0.0,109.21645505058774,6.808905399313599,0,200.0,0,121.87229999399278,5.195111927572731e-07,9.086605538631468e-07,1.5268371442771018e-05,1.039397725549474e-06,1.435707389432783e-06,8.867370915384395e-07,2.005838539591213e-05,predictor_only,nsga2
0,14,14,train,2.907444417476654,0.267578125,0.6015625,8,64,512,90.32040000602137,1.2405879961459831,3.2419754198499513,25.308303092022882,52.387899995665066,1.2900914228955365,5.2888437016552965,6.578935124550833,0.006799993570894003,0.0,2.391201839510341,4.180933291469597,0,88.57258633575954,5668.6455254886105,2097152.0,2,0.5,0.5,0.0,0.0,0.0,84.11800906023434,0.006599992047995329,0.0,66.03966842894812,18.07174063923823,0,1,0,18.31202936859556,65.80597969163878,0.0,1048576,1048576,0,8,4,0.25,2,0.5,0,1,1.0,0.2307606527190679,3,3,0,1.0,0.0,0.0,1.0,0,0.5,0.5,0.0,0.947265625,0.052734375,0.0,256,1024,0,0.0,119.16346603207526,0.047299996367655694,0.0,109.13347320964928,9.982692826058338,0,200.0,0,109.67959999397863,4.962351984583933e-07,1.2967901679399807e-06,1.518498185521373e-05,1.2900914228955366e-07,5.288843701655297e-07,9.72792049985621e-07,1.860869278405281e-05,predictor_only,nsga2
0,15,15,train,2.8899441361427307,0.22265625,0.60546875,8,64,512,82.23249998991378,1.423016008117653,2.4183803410095233,25.624207227263597,50.68770000070799,1.3607998009313271,3.4504392666554833,4.81123906758681,0.007099995855242014,0.0,2.425009652633173,2.3791294190983954,0,97.28395363180732,6226.173032435669,2097152.0,2,0.5,0.5,0.0,0.0,0.0,84.29830021149193,0.007700000423938036,0.0,66.18610452105949,18.104495690008513,0,1,0,18.30557604935122,65.99272416214072,0.0,1048576,1048576,0,8,4,0.25,2,0.5,0,1,1.0,0.16091838189257093,3,0,3,0.0,2.0,0.5,2.0,3,0.5,0.5,0.0,0.9609375,0.0390625,0.0,256,1024,0,0.0,117.86241430556308,0.05050002073403448,0.0,109.61681285576816,8.195101429060898,0,200.0,0,117.76750001008622,5.692064032470612e-07,9.673521364038093e-07,1.5374524336358158e-05,1.3607998009313272e-07,3.4504392666554833e-07,9.749684504392007e-07,1.836717523320691e-05,predictor_only,nsga2
0,16,16,train,2.793895721435547,0.267578125,0.63671875,8,64,512,103.1819999916479,1.2879616051067186,2.5004106846471648,25.34362962318403,53.35580000246409,1.169311574349796,3.3544014827637247,4.523713057113521,0.006400019628927112,0.0,2.241521656665462,2.2757913808191317,0,77.53215162039828,4962.05770370549,2097152.0,2,0.5,0.0,0.5,0.0,0.0,45.041001883209624,0.006599992047995329,0.0,25.712555028565703,19.32184686259593,0,1,0,19.38060861327859,0.0,25.660393269931035,1048576,0,1048576,8,4,0.25,2,0.5,0,1,1.0,0.08706732569954011,3,3,0,1.0,0.0,0.0,1.0,0,0.5,0.5,0.0,0.9736328125,0.0263671875,0.0,256,1024,0,0.0,116.52800765175164,0.04849999095313251,0.0,109.06267118495207,7.416836475846451,0,200.0,0,96.8180000083521,5.151846420426875e-07,1.0001642738588659e-06,1.5206177773910415e-05,1.169311574349796e-07,3.354401482763725e-07,5.017308053719583e-07,1.7675628800895277e-05,predictor_only,nsga2
0,17,17,train,2.9115070700645447,0.23046875,0.5625,8,64,512,93.46139999979641,1.261894720115392,2.628120453111399,25.823763673631987,52.201300000888295,1.358338557768383,3.7186702861624177,5.077008843930801,0.006700007361359894,0.0,2.541129147201171,2.529179689368269,0,85.59591878677871,5478.1388023538375,2097152.0,2,0.5,0.5,0.0,0.0,0.0,82.1021291860763,0.006800008122809231,0.0,63.053522412297035,19.04180676565646,0,1,0,19.69146836863107,62.41066081744523,0.0,1048576,1048576,0,8,4,0.25,2,0.5,0,1,1.0,0.18595995617580352,3,0,3,0.0,2.0,0.5,2.0,3,0.5,0.5,0.0,0.9541015625,0.0458984375,0.0,256,1024,0,0.0,118.85511538743512,0.047900015488266945,0.0,110.4451359852044,8.362079386742444,0,200.0,0,106.53860000020359,5.047578880461569e-07,1.0512481812445595e-06,1.5494258204179193e-05,1.3583385577683832e-07,3.718670286162418e-07,9.458426134956535e-07,1.850380777135864e-05,predictor_only,nsga2
0,18,18,train,2.7355589866638184,0.26171875,0.61328125,8,64,512,94.99189999769442,1.3104324786419765,2.7983402114321754,25.239589503746394,52.249500004108995,1.2601106004175096,4.127697432195164,5.387808032612673,0.007899987394921482,0.0,2.470662490881851,2.909245554335901,0,84.21682041704346,5389.876506690782,2097152.0,2,0.5,0.5,0.0,0.0,0.0,85.79353339908529,0.00650000583846122,0.0,67.73211978562261,18.054913607624208,0,1,0,19.459830486207057,66.33370291287824,0.0,1048576,1048576,0,8,4,0.25,2,0.5,0,1,1.0,0.26994862967019156,3,3,0,1.0,0.0,0.0,1.0,0,0.5,0.5,0.0,0.9462890625,0.0537109375,0.0,256,1024,0,0.0,117.3934487752822,0.04679996345657855,0.0,108.83560307819234,8.511045733633273,0,200.0,0,105.00810000230558,5.241729914567906e-07,1.11933608457287e-06,1.5143753702247837e-05,1.2601106004175098e-07,4.127697432195164e-07,9.906027398166094e-07,1.8316646321355375e-05,predictor_only,nsga2
0,19,19,train,3.0575255155563354,0.23828125,0.548828125,8,64,512,103.50610000023153,1.2214237008357491,2.3233398179675504,25.579944649449203,53.94040000101086,1.2651446423331059,3.2846789414519835,4.5498235837850896,0.006099988240748644,0.0,2.2585647126918555,2.2851588828524854,0,77.2893840130977,4946.520576838253,2097152.0,2,0.5,0.5,0.0,0.0,0.0,82.51456964368006,0.008700008038431406,0.0,64.88425223231798,17.62161740332367,0,1,0,18.19781599670668,64.31675364697338,0.0,1048576,1048576,0,8,4,0.25,2,0.5,0,1,1.0,0.26994866698852693,3,0,3,0.0,2.0,0.5,2.0,3,0.5,0.5,0.0,0.9423828125,0.0576171875,0.0,256,1024,0,0.0,116.49883267301,0.046299988753162324,0.0,109.39800143550654,7.054531248750283,0,200.0,0,96.49389999976847,4.885694803342998e-07,9.293359271870201e-07,1.5347966789669518e-05,1.265144642333106e-07,3.2846789414519835e-07,9.537792037307473e-07,1.8174633759300094e-05,predictor_only,nsga2
0,20,20,train,2.8410855531692505,0.26953125,0.615234375,8,64,512,86.1358999973163,1.303896869810425,2.448739029544284,25.572768239123064,51.0950000025332,1.291629243895605,3.121129037293292,4.412758281188896,0.006900008884258568,0.0,2.3535847527152027,2.0522735195894355,0,92.87541112170568,5944.026311789164,2097152.0,2,0.0,0.5,0.5,0.0,0.0,91.48364747878297,0.008400005754083395,0.0,73.22947600344388,18.245771469585,0,1,0,0.0,63.378731204586835,28.104916274196132,0,1048576,1048576,8,4,0.25,2,0.5,0,1,1.0,0.2307606527190679,3,3,0,1.0,0.0,0.0,1.0,0,0.5,0.5,0.0,0.9501953125,0.0498046875,0.0,256,1024,0,0.0,117.30161655391109,0.05089998012408614,0.0,109.86173302823765,7.388983545549357,0,200.0,0,113.8641000026837,5.2155874792417e-07,9.794956118177137e-07,1.534366094347384e-05,1.291629243895605e-07,3.121129037293292e-07,1.0415939371970034e-06,1.832758506853162e-05,predictor_only,nsga2
0,21,21,train,2.903148651123047,0.23828125,0.6015625,8,64,512,96.41879999253433,1.3044251604289023,2.271993955732996,25.62782970714482,50.83970000850968,1.355003774441508,3.40175148637041,4.756755260811918,0.005500012775883079,0.0,2.50912044725404,2.242134800781995,0,82.97051021283418,5310.112653621388,2097152.0,2,0.5,0.5,0.0,0.0,0.0,78.75156714775594,0.008499991963617504,0.0,59.736572964108156,19.00649419168417,0,1,0,19.449922179329967,59.30164496842597,0.0,1048576,1048576,0,8,4,0.25,2,0.5,0,1,1.0,0.18595995617580352,3,0,3,0.0,2.0,0.5,2.0,3,0.5,0.5,0.0,0.9462890625,0.0537109375,0.0,256,1024,0,0.0,116.81699529322688,0.04540001100394875,0.0,109.91741118836813,6.854184093854799,0,200.0,0,103.58120000746567,5.21770064171561e-07,9.087975822931986e-07,1.537669782428689e-05,1.3550037744415079e-07,3.4017514863704103e-07,9.061189614144111e-07,1.8189059958247255e-05,predictor_only,nsga2
0,22,22,train,3.041688024997711,0.240234375,0.544921875,8,64,512,94.81959999538958,1.234524484622189,2.516506919858526,25.45311130072519,48.119400002178736,1.3088091964498305,3.3506992267740516,4.659508423223882,0.005400012014433742,0.0,2.4257907417334073,2.2283176694760414,0,84.36985212484397,5399.670535990014,2097152.0,2,0.5,0.5,0.0,0.0,0.0,81.95227915500514,0.009300012607127428,0.0,63.766724474004334,18.176254668393682,0,1,0,18.896190982534836,63.05608817247031,0.0,1048576,1048576,0,8,4,0.25,2,0.5,0,1,1.0,0.18595995617580352,3,3,0,1.0,0.0,0.0,1.0,0,0.5,0.5,0.0,0.9501953125,0.0498046875,0.0,256,1024,0,0.0,116.81657082082363,0.04590002936311066,0.0,109.39774519710943,7.3729255943510825,0,200.0,0,105.18040000461042,4.938097938488757e-07,1.0066027679434105e-06,1.5271866780435113e-05,1.3088091964498307e-07,3.350699226774052e-07,9.456349678949921e-07,1.8183865152444776e-05,predictor_only,nsga2
0,23,23,train,2.813457489013672,0.23046875,0.599609375,8,64,512,514.0660000033677,1.20778192356202,35.1719622828786,25.873865942405022,1370.730900001945,1.1468586976945487,71.30179467810432,72.44865337579887,0.008499991963617504,0.0,2.272857629260081,70.16729575457516,0,15.562173802145619,995.9791233373196,2097152.0,2,0.5,0.5,0.0,0.0,0.0,77.15169650559594,0.006200003554113209,0.0,59.16214236606095,17.983354135980875,0,1,0,17.57621808345044,59.575478422145494,0.0,1048576,1048576,0,8,4,0.25,2,0.5,0,1,1.0,0.2606107547134336,3,0,3,0.0,2.0,0.5,2.0,3,0.5,0.5,0.0,0.94140625,0.05859375,0.0,256,1024,0,0.0,249.0144405953826,0.052499992307275534,0.0,110.91618603299995,138.04575457007536,0,200.0,1,-314.06600000336766,4.831127694248081e-07,1.4068784913151442e-05,1.5524319565443012e-05,1.1468586976945488e-07,7.130179467810431e-06,8.906679219002502e-07,3.82117505074994e-05,predictor_only,nsga2
0,24,24,train,2.7771934270858765,0.26171875,0.638671875,8,64,512,91.8536000099266,1.3224745217900256,2.4372609843426813,25.458506886281274,54.80129999341443,1.1128937650367245,3.5418221341170897,4.654715899153814,0.006300004315562546,0.0,2.335871589868282,2.31254430496997,0,87.09416838280774,5574.026776499695,2097152.0,2,0.5,0.5,0.0,0.0,0.0,80.444595804999,0.006699992809444666,0.0,61.89813306195702,18.539762750232526,0,1,0,18.46154122945124,61.983054575547754,0.0,1048576,1048576,0,8,4,0.25,2,0.5,0,1,1.0,0.2201412853775118,3,3,0,1.0,0.0,0.0,1.0,0,0.5,0.5,0.0,0.9443359375,0.0556640625,0.0,256,1024,0,0.0,116.87296956965591,0.04559996887110174,0.0,109.8787146758059,6.948654924978916,0,200.0,0,108.1463999900734,5.289898087160102e-07,9.749043937370725e-07,1.5275104131768758e-05,1.1128937650367246e-07,3.54182213411709e-07,9.284120672010853e-07,1.8172881991338306e-05,predictor_only,nsga2
0,25,25,train,2.665173649787903,0.265625,0.626953125,8,64,512,115.43869999877643,1.2629887607353019,3.275875078946803,25.414232455617093,51.848899995093234,1.2965958880169783,5.3463857740501854,6.642981662067164,0.005799985956400633,0.0,2.3508767444894874,4.2863049316212765,0,69.30024939500704,4435.215961280451,2097152.0,2,0.5,0.5,0.0,0.0,0.0,77.17826763621176,0.007299997378140688,0.0,59.32021164603785,17.85075599279577,0,1,0,17.228161024865454,59.9501066113463,0.0,1048576,1048576,0,8,4,0.25,2,0.5,0,1,1.0,0.14759074065508598,3,0,3,0.0,2.0,0.5,2.0,3,0.5,0.5,0.0,0.958984375,0.041015625,0.0,256,1024,0,0.0,119.81238518119679,0.047599998652003706,0.0,109.22814214267336,10.536643039871446,0,200.0,0,84.56130000122357,5.051955042941208e-07,1.3103500315787212e-06,1.5248539473370254e-05,1.2965958880169784e-07,5.346385774050185e-07,8.916828895848101e-07,1.862006606503462e-05,predictor_only,nsga2
0,26,26,train,2.6924915313720703,0.248046875,0.6484375,8,64,512,90.20420000888407,1.2580970514873382,2.246304368345558,25.52150754504796,68.28040000982583,1.3557306797100153,3.1482886214400763,4.504019301150091,0.005800000508315861,0.0,2.5262305616584504,1.971988738983325,0,88.68668324234191,5675.9477275098825,2097152.0,2,0.5,0.5,0.0,0.0,0.0,78.34441785452132,0.007299997378140688,0.0,60.28437496068851,18.052742896454674,0,1,0,18.326370626230194,60.01804722829113,0.0,1048576,1048576,0,8,4,0.25,2,0.5,0,1,1.0,0.26994862967019156,3,3,0,1.0,0.0,0.0,1.0,0,0.5,0.5,0.0,0.9384765625,0.0615234375,0.0,256,1024,0,0.0,116.10363585952342,0.04740001168102026,0.0,109.47035301479976,6.585882833042632,0,200.0,0,109.79579999111593,5.032388205949353e-07,8.985217473382233e-07,1.5312904527028773e-05,1.3557306797100154e-07,3.1482886214400764e-07,9.034802730017954e-07,1.8068547298078738e-05,predictor_only,nsga2
0,27,27,train,2.7137786746025085,0.2578125,0.62890625,8,64,512,92.64379998785444,1.2699244348022953,3.3098809305851624,25.676005741152643,52.27800000284333,1.1848726551312452,5.444495132618457,6.629367787749702,0.005999987479299307,0.0,2.263011458434555,4.360356341835849,0,86.35131168774487,5526.483948015672,2097152.0,2,0.5,0.5,0.0,0.0,0.0,80.50958760460307,0.006499991286545992,0.0,63.737905002388246,16.765182610928285,0,1,0,17.009785184898654,63.49980241970442,0.0,1048576,1048576,0,8,4,0.25,2,0.5,0,1,1.0,0.17369070345169255,3,0,3,0.0,2.0,0.5,2.0,3,0.5,0.5,0.0,0.9462890625,0.0537109375,0.0,256,1024,0,0.0,121.0232444261604,0.04719999560620636,0.0,110.0497551398911,10.926289290663092,0,200.0,0,107.35620001214556,5.079697739209181e-07,1.3239523722340652e-06,1.5405603444691588e-05,1.1848726551312453e-07,5.444495132618458e-07,9.320954808854395e-07,1.883255785050698e-05,predictor_only,nsga2
0,28,28,train,2.710751712322235,0.265625,0.64453125,8,64,512,76.27669999783393,1.315098086738617,2.337817580908265,25.487086623410246,50.53000000771135,1.185474393220192,3.07056174121995,4.2560361344401425,0.006900008884258568,0.0,2.3810048800091206,1.8681312455467625,0,104.8799321456622,6712.3156573223805,2097152.0,2,0.5,0.5,0.0,0.0,0.0,80.52009277992425,0.008799994247965515,0.0,62.29070851226921,18.220584273407084,0,1,0,17.914526442926615,62.60556633699765,0.0,1048576,1048576,0,8,4,0.25,2,0.5,0,1,1.0,0.2091524583687337,3,3,0,1.0,0.0,0.0,1.0,0,0.5,0.5,0.0,0.9501953125,0.0498046875,0.0,256,1024,0,0.0,116.5600091642285,0.044699962018057704,0.0,110.23043428944858,6.284874912761853,0,200.0,0,123.72330000216607,5.260392346954469e-07,9.35127032363306e-07,1.5292251974046146e-05,1.185474393220192e-07,3.07056174121995e-07,9.304120604732379e-07,1.810943391502215e-05,predictor_only,nsga2
0,29,29,train,2.681466579437256,0.216796875,0.638671875,8,64,512,79.47590001276694,1.1626035001274388,2.366172128053639,25.45344403422157,51.34029999317136,1.303321720354651,3.377979407611117,4.681301127965768,0.006699992809444666,0.0,2.54963122987279,2.124969905283534,0,100.65817864958123,6442.123433573199,2097152.0,2,0.5,0.5,0.0,0.0,0.0,78.70012096697673,0.006999995093792677,0.0,61.138079641579424,17.55504133030352,0,1,0,18.182843133332163,60.51727783364457,0.0,1048576,1048576,0,8,4,0.25,2,0.5,0,1,1.0,0.2606107547134336,3,0,3,0.0,2.0,0.5,2.0,3,0.5,0.5,0.0,0.9375,0.0625,0.0,256,1024,0,0.0,115.92887864961058,0.04769999941345304,0.0,108.93224072146604,6.948937928731095,0,724.803464004871,0,645.327563992104,4.6504140005097564e-07,9.464688512214556e-07,1.527206642053294e-05,1.303321720354651e-07,3.3779794076111174e-07,9.080357653370564e-07,1.8059742549939005e-05,predictor_only,nsga2
0,30,30,train,2.772192358970642,0.263671875,0.607421875,8,64,512,103.67630000109784,1.2574822461928112,2.4347954618348635,25.544324500459002,50.93360001046676,1.1433704079651563,3.3299809484931586,4.4733513564583145,0.006000002031214535,0.0,2.183181189018729,2.2841701654083715,0,77.16250326653267,4938.400209058091,2097152.0,2,0.0,0.0,1.0,0.0,0.0,51.70701664867749,0.006900023436173797,0.0,33.14245425213002,18.55766237311129,0,1,0,0.0,0.0,25.853508324338744,0,0,2097152,8,4,0.25,2,0.5,0,1,1.0,0.2790043706260659,3,3,0,1.0,0.0,0.0,1.0,0,0.5,0.5,0.0,0.9423828125,0.0576171875,0.0,256,1024,0,0.0,116.94640883394672,0.051799986977130175,0.0,110.04033519989383,6.85427364707575,0,502.64927900032455,0,398.9729789992267,5.029928984771245e-07,9.739181847339456e-07,1.53265947002754e-05,1.1433704079651564e-07,3.329980948493159e-07,5.664115648327374e-07,1.781725248396504e-05,predictor_only,nsga2
0,31,31,train,2.776509642601013,0.23828125,0.6171875,8,64,512,63.715600001160055,1.2753453703837538,2.1527739919135604,25.3654737979652,50.72660000587348,1.3110694706334767,2.910762942477173,4.22183241311065,0.006100002792663872,0.0,2.4399486200479714,1.7757837902700144,0,125.55597756086087,8035.5825638950955,2097152.0,2,0.5,0.5,0.0,0.0,0.0,81.68979396882713,0.006999995093792677,0.0,62.392794115418425,19.28999985831492,0,1,0,18.4970613814724,63.19273258735474,0.0,1048576,1048576,0,8,4,0.25,2,0.5,0,1,1.0,0.18595995617580352,3,0,3,0.0,2.0,0.5,2.0,3,0.5,0.5,0.0,0.947265625,0.052734375,0.0,256,1024,0,0.0,115.17437264105008,0.04560001252684742,0.0,109.60899582090589,5.519776807617324,0,485.3741255035852,0,421.65852550242516,5.101381481535015e-07,8.611095967654242e-07,1.521928427877912e-05,1.3110694706334767e-07,2.910762942477173e-07,9.432834048629808e-07,1.7955998669872093e-05,predictor_only,nsga2
0,32,32,train,3.119683563709259,0.228515625,0.513671875,8,64,512,77.4185999907786,1.2419961716812797,2.435334501835542,25.71698668726361,50.529300002381206,1.2151417093692232,3.565170866463383,4.780312575832606,0.005900001269765198,0.0,2.4105472877879013,2.3638652867749395,0,103.33300612445524,6613.312391965135,2097152.0,2,0.0,0.5,0.5,0.0,0.0,92.8821182636897,0.006799993570894003,0.0,75.07196903723657,17.80334923288224,0,1,0,0.0,64.09980394924662,28.782314314443077,0,1048576,1048576,8,4,0.25,2,0.5,0,1,1.0,0.18595995617580352,3,3,0,1.0,0.0,0.0,1.0,0,0.5,0.5,0.0,0.958984375,0.041015625,0.0,256,1024,0,0.0,117.57726944312174,0.04709998029284179,0.0,109.72500674556885,7.805162717260031,0,368.1520865014306,0,290.73348651065197,4.967984686725119e-07,9.741338007342168e-07,1.5430192012358165e-05,1.2151417093692233e-07,3.565170866463383e-07,1.0570207905353903e-06,1.8436176329883543e-05,predictor_only,nsga2
0,33,33,train,2.9713473320007324,0.228515625,0.556640625,8,64,512,91.55290000489913,1.231775291635181,2.445553655799266,25.6743227196944,51.07000000134576,1.1628217942864818,3.6146006343869272,4.777422428673409,0.00650000583846122,0.0,2.1987497332466774,2.5721726895882706,0,87.3802208269873,5592.334132927187,2097152.0,2,0.5,0.5,0.0,0.0,0.0,83.42016193799205,0.006400005077011883,0.0,66.42740230879573,16.986359624119306,0,1,0,17.37381696108889,66.04634497690316,0.0,1048576,1048576,0,8,4,0.25,2,0.5,0,1,1.0,0.1859599251701455,3,0,3,0.0,2.0,0.5,2.0,3,0.5,0.5,0.0,0.9453125,0.0546875,0.0,256,1024,0,0.0,117.40660666851538,0.04819997411686927,0.0,109.63756376525536,7.72084292914314,0,368.1520865014306,0,276.59918649653144,4.927101166540724e-07,9.782214623197064e-07,1.540459363181664e-05,1.1628217942864818e-07,3.6146006343869274e-07,9.662943093337267e-07,1.8319561762991487e-05,predictor_only,nsga2
0,34,34,train,2.9043350219726562,0.2265625,0.587890625,8,64,512,90.60900000622496,1.300304386065057,2.4992370872206378,25.799953765326553,56.01530001149513,1.1443704305817095,3.2791144136863473,4.4234848442680565,0.007199996616691351,0.0,2.413135663138486,2.0031491845128797,0,88.29047565887204,5650.590442167811,2097152.0,2,0.5,0.5,0.0,0.0,0.0,82.51524582425527,0.006799993570894003,0.0,64.53839775221482,17.970048078469553,0,1,0,17.720087535833795,64.79515828842148,0.0,1048576,1048576,0,8,4,0.25,2,0.5,0,1,1.0,0.17369072493825644,3,3,0,1.0,0.0,0.0,1.0,0,0.5,0.5,0.0,0.947265625,0.052734375,0.0,256,1024,0,0.0,118.397980954449,0.04649997572414577,0.0,111.49426938226685,6.857211596457988,0,368.1520865014306,0,277.5430864952056,5.201217544260228e-07,9.996948348882551e-07,1.5479972259195932e-05,1.1443704305817095e-07,3.2791144136863474e-07,9.547427748193956e-07,1.8396880107756413e-05,predictor_only,nsga2
0,35,35,train,2.920432388782501,0.216796875,0.560546875,8,64,512,90.57599998777732,1.2967052247943076,2.5372204092172077,25.43971175862717,53.485000011278316,1.234766808362177,3.229398286449347,4.464165094811524,0.006900008884258568,0.0,2.2878261786536775,2.1694389072735882,0,88.32264262538547,5652.64912802467,2097152.0,2,0.5,0.5,0.0,0.0,0.0,78.65015813673611,0.006900023436173797,0.0,60.47126272618983,18.171995387110105,0,1,0,17.456404941353306,61.193753195382804,0.0,1048576,1048576,0,8,4,0.25,2,0.5,0,1,1.0,0.19776865982085054,3,0,3,0.0,2.0,0.5,2.0,3,0.5,0.5,0.0,0.953125,0.046875,0.0,256,1024,0,0.0,117.09454957055472,0.04700002318713814,0.0,109.98711966855602,7.06042987881158,0,368.1520865014306,0,277.57608651365325,5.186820899177231e-07,1.0148881636868831e-06,1.5263827055176297e-05,1.234766808362177e-07,3.229398286449347e-07,9.088890877581266e-07,1.815270290602018e-05,predictor_only,nsga2
0,36,36,train,2.8968122005462646,0.2109375,0.583984375,8,64,512,93.09629999916069,1.2321651733402708,2.206170413043366,25.396873646755964,49.49099999794271,1.1704370062096943,3.183744100621947,4.354181106831641,0.006599992047995329,0.0,2.4485795273455677,1.8990015874380788,0,85.93160059499172,5499.62243807947,2097152.0,2,0.5,0.5,0.0,0.0,0.0,79.76092251239041,0.008199989679269493,0.0,62.02305721467967,17.729665308031468,0,1,0,17.258974252563693,62.50194825982671,0.0,1048576,1048576,0,8,4,0.25,2,0.5,0,1,1.0,0.2091524583687337,3,3,0,1.0,0.0,0.0,1.0,0,0.5,0.5,0.0,0.947265625,0.052734375,0.0,256,1024,0,0.0,115.34083693255842,0.04820000322069973,0.0,109.46258205430925,5.8300548750284555,0,368.1520865014306,0,275.0557865022699,4.928660693361083e-07,8.824681652173464e-07,1.5238124188053577e-05,1.1704370062096943e-07,3.1837441006219474e-07,9.226131216435575e-07,1.797148965493375e-05,predictor_only,nsga2
0,37,37,train,2.7296027541160583,0.25390625,0.634765625,8,64,512,1804.1768000111915,57.38760697366545,3.190616086152528,78.65195112189383,73.31439999688882,113.86916776339297,5.100698442632686,118.96986620602566,0.008100003469735384,0.0,2.2681259783289676,116.69364022422694,0,4.434152775824187,283.785777652748,2097152.0,2,0.5,0.5,0.0,0.0,0.0,85.11553715821375,0.006200003554113209,0.0,67.0032653018211,18.106071852838536,0,1,0,19.290306878879008,65.82523027933475,0.0,1048576,1048576,0,8,4,0.25,2,0.5,0,1,1.0,0.19776865982085054,3,0,3,0.0,2.0,0.5,2.0,3,0.5,0.5,0.0,0.947265625,0.052734375,0.0,256,1024,0,0.0,556.9206967268472,0.06659999780822545,0.0,109.03566724877781,447.81842948026116,0,724.803464004871,1,-1079.3733360063206,2.295504278946618e-05,1.2762464344610113e-06,4.71911706731363e-05,1.1386916776339298e-05,5.100698442632686e-07,9.828058321408069e-07,8.430225234980686e-05,predictor_only,nsga2
0,38,38,train,2.7159224152565002,0.2421875,0.6328125,8,64,512,107.34139999840409,1.294623268064477,2.2946267350223915,25.897986034437633,50.60689999663737,1.3233474723453647,2.9237327940746045,4.247080266419969,0.006100002792663872,0.0,2.389451413376258,1.8515288502510474,0,74.52786597019389,4769.783422092409,2097152.0,2,0.5,0.5,0.0,0.0,0.0,81.40342989473756,0.007099995855242014,0.0,63.0120674486069,18.384262450275408,0,1,0,18.415774962347076,62.98765493239048,0.0,1048576,1048576,0,8,4,0.25,2,0.5,0,1,1.0,0.18595995617580352,3,3,0,1.0,0.0,0.0,1.0,0,0.5,0.5,0.0,0.9462890625,0.0537109375,0.0,256,1024,0,0.0,117.94894415009799,0.047800029278732836,0.0,109.82798614191469,8.073157978904558,0,724.803464004871,0,617.4620640064669,5.178493072257908e-07,9.178506940089565e-07,1.5538791620662575e-05,1.3233474723453647e-07,2.9237327940746043e-07,9.400096088121564e-07,1.833920925735148e-05,predictor_only,nsga2
0,39,39,train,2.56075257062912,0.263671875,0.669921875,8,64,512,102.697000009357,1.2255539594581975,3.3795577947761473,25.512016045022918,50.33980000007432,1.1820284408078183,5.431425723387491,6.61345416419531,0.006299989763647318,0.0,2.3252916727811064,4.281862501650555,0,77.89830375733807,4985.4914404696365,2097152.0,2,0.5,0.5,0.0,0.0,0.0,77.35733379599671,0.006300004315562546,0.0,60.23704782721172,17.113985964469443,0,1,0,18.182669193622672,59.174664602374044,0.0,1048576,1048576,0,8,4,0.25,2,0.5,0,1,1.0,0.26994862967019156,3,0,3,0.0,2.0,0.5,2.0,3,0.5,0.5,0.0,0.94140625,0.05859375,0.0,256,1024,0,0.0,120.46851119702904,0.04959998477715999,0.0,109.70478101402024,10.714130198231645,0,724.803464004871,0,622.106463995514,4.902215837832789e-07,1.351823117910459e-06,1.530720962701375e-05,1.1820284408078184e-07,5.431425723387492e-07,8.919226671647151e-07,1.8702522412291735e-05,predictor_only,nsga2
0,40,40,train,2.5633015632629395,0.2734375,0.65234375,8,64,512,88.58119999058545,1.357016588393551,2.245220183644635,25.680652762304348,53.60249998921063,1.4858049268650841,3.137819269448735,4.623624196313819,0.005900001269765198,0.0,2.113487067563497,2.5042371274805566,0,90.31159759918181,5779.942246347636,2097152.0,2,0.5,0.5,0.0,0.0,0.0,85.28510221213674,0.00790000194683671,0.0,67.04477394522527,18.232428264964632,0,1,0,17.91638923120816,67.36871298092858,0.0,1048576,1048576,0,8,4,0.25,2,0.5,0,1,1.0,0.2201412464909665,3,3,0,1.0,0.0,0.0,1.0,0,0.5,0.5,0.0,0.9482421875,0.0517578125,0.0,256,1024,0,0.0,117.13155813737015,0.051099981646984816,0.0,109.81007184549897,7.270386310224193,0,368.1520865014306,0,279.5708865108451,5.428066353574204e-07,8.980880734578539e-07,1.5408391657382608e-05,1.485804926865084e-07,3.1378192694487345e-07,9.875884480832245e-07,1.829923723391249e-05,predictor_only,nsga2
0,41,41,train,2.6525076031684875,0.251953125,0.6484375,8,64,512,75.29959999374114,1.2497658138004886,2.330617572066621,25.598020316546044,49.57780000404455,1.150202624054297,3.394213308350726,4.544415932405023,0.005599984433501959,0.0,2.3377742265058092,2.2010417214657116,0,106.24085333536448,6799.4146134633265,2097152.0,2,0.5,0.5,0.0,0.0,0.0,79.40477403947435,0.006600006599910557,0.0,62.2453578486373,17.152816184237135,0,1,0,17.404726621233365,62.00004741824098,0.0,1048576,1048576,0,8,4,0.25,2,0.5,0,1,1.0,0.2307606527190679,3,0,3,0.0,2.0,0.5,2.0,3,0.5,0.5,0.0,0.9365234375,0.0634765625,0.0,256,1024,0,0.0,116.71361480965263,0.044699962018057704,0.0,109.43127148805506,7.237643359579496,0,368.1520865014306,0,292.85248650768943,4.999063255201955e-07,9.322470288266485e-07,1.535881218992763e-05,1.1502026240542972e-07,3.3942133083507264e-07,9.180478352312253e-07,1.81634549727462e-05,predictor_only,nsga2
0,42,42,train,2.554873466491699,0.291015625,0.6640625,8,64,512,91.76779999688733,1.2802365387101442,2.606828364054113,25.341151820406417,54.819400000269525,1.1917941076452072,3.7761263774243137,4.967920485069521,0.005799985956400633,0.0,2.293409908297149,2.668710590815971,0,87.17559780961884,5579.2382598156055,2097152.0,2,0.5,0.5,0.0,0.0,0.0,83.63593856428474,0.006399990525096655,0.0,65.40536443462089,18.22417413913875,0,1,0,19.068523837149968,64.56741472713477,0.0,1048576,1048576,0,8,4,0.25,2,0.5,0,1,1.0,0.2201412464909665,3,3,0,1.0,0.0,0.0,1.0,0,0.5,0.5,0.0,0.94921875,0.05078125,0.0,256,1024,0,0.0,116.9128668926827,0.04919999628327787,0.0,109.07476120549782,7.788905690901598,0,368.1520865014306,0,276.38428650454324,5.120946154840577e-07,1.0427313456216452e-06,1.5204691092243849e-05,1.1917941076452072e-07,3.7761263774243135e-07,9.654942150971168e-07,1.822180331695362e-05,predictor_only,nsga2
0,43,43,train,2.610211730003357,0.255859375,0.650390625,8,64,512,106.14920000080019,1.2723157620368246,2.3889341468704797,25.529821019176417,49.655800001346506,1.3022733389716203,3.073179891792834,4.375453230764454,0.00580001506023109,0.0,2.3719102367769356,1.9977429789272876,0,75.36490746074612,4823.354077487752,2097152.0,2,0.5,0.5,0.0,0.0,0.0,85.51560730492963,0.006900008884258568,0.0,66.74505763736555,18.763649658679824,0,1,0,18.94425984848713,66.57134745644251,0.0,1048576,1048576,0,8,4,0.25,2,0.5,0,1,1.0,0.2091524583687337,3,0,3,0.0,2.0,0.5,2.0,3,0.5,0.5,0.0,0.962890625,0.037109375,0.0,256,1024,0,0.0,116.76428371233487,0.05190001684240997,0.0,109.29347111624955,7.4189125792429245,0,368.1520865014306,0,262.0028865006304,5.089263048147299e-07,9.55573658748192e-07,1.531789261150585e-05,1.3022733389716203e-07,3.073179891792834e-07,9.882987679621814e-07,1.82082366661074e-05,predictor_only,nsga2
0,44,44,train,2.6592077016830444,0.236328125,0.64453125,8,64,512,82.47950000804849,1.319918341041204,2.5262838003197574,25.330113230107504,53.38709999341518,1.211219660039893,3.4018681680797296,4.613087828119623,0.007600014214403927,0.0,2.1933915272694198,2.4120962866357987,0,96.9926224891866,6207.5278393079425,2097152.0,2,0.5,0.5,0.0,0.0,0.0,85.89015184169207,0.007299997378140688,0.0,66.50347274218848,19.37937910212546,0,1,0,18.44449338532445,67.44565845636762,0.0,1048576,1048576,0,8,4,0.25,2,0.5,0,1,1.0,0.19776865982085054,3,3,0,1.0,0.0,0.0,1.0,0,0.5,0.5,0.0,0.9560546875,0.0439453125,0.0,256,1024,0,0.0,116.70526148587386,0.04700003773905337,0.0,109.14871618052496,7.509545267609873,0,368.1520865014306,0,285.6725864933821,5.279673364164817e-07,1.0105135201279033e-06,1.5198067938064502e-05,1.2112196600398931e-07,3.40186816807973e-07,9.93792835329656e-07,1.8191650412750502e-05,predictor_only,nsga2
0,45,45,train,2.586320459842682,0.28125,0.658203125,8,64,512,91.54950000811368,1.257012004194731,2.4531877255075445,25.313130022269537,54.69479999737814,1.1305861294135175,3.2819105577435645,4.412496687157082,0.006000002031214535,0.0,2.163577307559872,2.242919377565996,0,87.38346594820344,5592.54182068502,2097152.0,2,0.0,0.5,0.5,0.0,0.0,92.0300178991248,0.00689999433234334,0.0,73.37003256500142,18.653085339791048,0,1,0,0.0,67.11159042902256,24.918427470102245,0,1048576,1048576,8,4,0.25,2,0.5,0,1,1.0,0.17369072493825644,3,0,3,0.0,2.0,0.5,2.0,3,0.5,0.5,0.0,0.9384765625,0.0615234375,0.0,256,1024,0,0.0,116.09331900788725,0.044800020987167954,0.0,109.03580417495138,7.012714811948696,0,368.1520865014306,0,276.6025864933169,5.028048016778924e-07,9.81275090203018e-07,1.518787801336172e-05,1.1305861294135175e-07,3.281910557743565e-07,1.054523359849293e-06,1.816773093380763e-05,predictor_only,nsga2
0,46,46,train,2.6707239747047424,0.251953125,0.63671875,8,64,512,86.83580000069924,1.280610879583228,3.1547387452427396,25.22562944643557,52.407199997105636,1.088590732857159,4.766977505180788,5.855568238037947,0.006299989763647318,0.0,2.1220627204894633,3.727205527784836,0,92.12684023289184,5896.117774905078,2097152.0,2,0.5,0.5,0.0,0.0,0.0,82.33083592790587,0.006900008884258568,0.0,64.58069261123971,17.743243307781896,0,1,0,18.236362135104685,64.09447379280118,0.0,1048576,1048576,0,8,4,0.25,2,0.5,0,1,1.0,0.18595995617580352,3,3,0,1.0,0.0,0.0,1.0,0,0.5,0.5,0.0,0.9462890625,0.0537109375,0.0,256,1024,0,0.0,118.64391628504615,0.04770001396536827,0.0,108.98536573821173,9.61085053286905,0,368.1520865014306,0,281.31628650073134,5.122443518332912e-07,1.261895498097096e-06,1.5135377667861341e-05,1.0885907328571588e-07,4.7669775051807877e-07,9.51497306864661e-07,1.844657164846019e-05,predictor_only,nsga2
0,47,47,train,2.539875030517578,0.29296875,0.66015625,8,64,512,79.3439999979455,1.2633765404130886,2.5210866282140576,25.445279512966373,51.22510000364855,1.3307450228106341,3.5965400162705814,4.927285039081216,0.005599984433501959,0.0,2.6061015668770926,2.315583487770621,0,100.8255088563507,6452.832566806444,2097152.0,2,0.5,0.5,0.0,0.0,0.0,78.64312077542147,0.007299997378140688,0.0,60.50189455196829,18.13392622607504,0,1,0,18.218501326652873,60.424619448768595,0.0,1048576,1048576,0,8,4,0.25,2,0.5,0,1,1.0,0.2307606527190679,3,0,3,0.0,2.0,0.5,2.0,3,0.5,0.5,0.0,0.943359375,0.056640625,0.0,256,1024,0,0.0,116.91897072637407,0.044800006435252726,0.0,109.54828432710512,7.325886392833697,0,368.1520865014306,0,288.8080865034851,5.053506161652356e-07,1.008434651285623e-06,1.526716770777982e-05,1.330745022810634e-07,3.5965400162705815e-07,9.072804466517518e-07,1.8180961925790553e-05,predictor_only,nsga2
0,48,48,train,2.6617570519447327,0.259765625,0.638671875,8,64,512,121.63439999858383,1.3045455410257527,2.417713463950687,25.573293665559305,60.37089999881573,1.1987335031896649,3.39431230667197,4.593045809861635,0.006000002031214535,0.0,2.2355687041520125,2.3514771036784077,0,65.77032673130635,4209.300910803607,2097152.0,2,0.5,0.5,0.0,0.0,0.0,80.65758794777713,0.006799993570894003,0.0,61.849188689678606,18.801599264527642,0,1,0,17.890732328208692,62.766855619568446,0.0,1048576,1048576,0,8,4,0.25,2,0.5,0,1,1.0,0.2201412464909665,3,3,0,1.0,0.0,0.0,1.0,0,0.5,0.5,0.0,0.94921875,0.05078125,0.0,256,1024,0,0.0,117.18221068214297,0.0447999918833375,0.0,109.99564185431191,7.1417688359477385,0,371.21895800133524,0,249.5845580027514,5.218182164103011e-07,9.67085385580275e-07,1.5343976199335582e-05,1.1987335031896649e-07,3.3943123066719703e-07,9.321095907169082e-07,1.822429397302923e-05,predictor_only,nsga2
0,49,49,train,2.569909691810608,0.279296875,0.64453125,8,64,512,99.67940000933595,1.2885000850041493,2.233868809912005,25.255930018543268,52.024899996467866,1.1087905826425077,2.9311637006918385,4.039954283334346,0.006300004315562546,0.0,2.284420842201366,1.7492334368174178,0,80.25649976575866,5136.415985008554,2097152.0,2,0.0,0.5,0.5,0.0,0.0,87.704161630785,0.008700008038431406,0.0,69.02186888658932,18.67359273615725,0,1,0,0.0,60.91016888009908,26.793992750685916,0,1048576,1048576,8,4,0.25,2,0.5,0,1,1.0,0.2201412703795926,3,0,3,0.0,2.0,0.5,2.0,3,0.5,0.5,0.0,0.947265625,0.052734375,0.0,256,1024,0,0.0,115.11319565383769,0.04560004163067788,0.0,108.89801480835699,6.169580803850037,0,371.21895800133524,0,271.5395579919993,5.154000340016599e-07,8.93547523964802e-07,1.515355801112596e-05,1.1087905826425078e-07,2.9311637006918383e-07,9.98861954068048e-07,1.7965362951493904e-05,predictor_only,nsga2
0,50,50,train,2.580335557460785,0.2578125,0.642578125,8,64,512,102.35630000534002,1.2664108540076182,2.288839388557737,25.482547129660176,36.915699995006435,1.283958543241105,3.0961185928172315,4.380077136058336,0.006699992809444666,0.0,2.214209655101453,2.1591674881474385,0,78.15759110080704,5002.0858304516505,2097152.0,2,0.5,0.5,0.0,0.0,0.0,82.70507384159458,0.009000010322779417,0.0,65.2013257673331,17.494748063938694,0,1,0,16.98667872046149,65.71839512113309,0.0,1048576,1048576,0,8,4,0.25,2,0.5,0,1,1.0,0.2091524583687337,3,3,0,1.0,0.0,0.0,1.0,0,0.5,0.5,0.0,0.9482421875,0.0517578125,0.0,256,1024,0,0.0,116.15118948890213,0.05780001811217517,0.0,109.19342673591072,6.899962734879225,0,371.21895800133524,0,268.8626579959952,5.065643416030473e-07,9.155357554230948e-07,1.5289528277796103e-05,1.283958543241105e-07,3.0961185928172316e-07,9.584875286582118e-07,1.810812361708629e-05,predictor_only,nsga2
0,51,51,train,2.538687765598297,0.291015625,0.67578125,8,64,512,283.6301000061212,1.7080711958871615,4.611210843989621,31.736446656360556,88.97579999757,2.2551120551455606,7.400247052835205,9.655359107980765,0.007999988156370819,0.0,2.570102210303867,7.0772569095205276,0,28.2056516363239,1805.1617047247296,2097152.0,2,0.5,0.5,0.0,0.0,0.0,82.59926614914633,0.007299997378140688,0.0,64.56927177659949,18.022694375168697,0,1,0,18.38409974894103,64.2151664002053,0.0,1048576,1048576,0,8,4,0.25,2,0.5,0,1,1.0,0.18595995617580352,3,0,3,0.0,2.0,0.5,2.0,3,0.5,0.5,0.0,0.951171875,0.048828125,0.0,256,1024,0,0.0,152.22291478494935,0.07460002962034196,0.0,108.13923571539974,44.00907903992928,0,451.4068295050667,0,167.77672949894549,6.832284783548646e-07,1.8444843375958484e-06,1.904186799381633e-05,2.2551120551455607e-07,7.400247052835205e-07,9.54422994291874e-07,2.3489539714856996e-05,predictor_only,nsga2
0,52,52,train,2.4582489728927612,0.29296875,0.6640625,8,64,512,93.49590000056196,1.2160826840222958,2.7450782756951626,25.58782584855357,50.69519999960903,1.212257549177303,3.946537237557761,5.158794786735064,0.005800000508315861,0.0,2.3791536413018575,2.773841144924891,0,85.56433421805339,5476.117389955417,2097152.0,2,0.5,0.5,0.0,0.0,0.0,85.3626789916238,0.006900008884258568,0.0,66.38194635988839,18.973832622851134,0,1,0,18.398925452862823,66.96375353876097,0.0,1048576,1048576,0,8,4,0.25,2,0.5,0,1,1.0,0.17369072493825644,3,3,0,1.0,0.0,0.0,1.0,0,0.5,0.5,0.0,0.9453125,0.0546875,0.0,256,1024,0,0.0,118.19594723308411,0.04719999560620636,0.0,110.3462726347216,7.802474602756295,0,451.4068295050667,0,357.91092950450474,4.864330736089185e-07,1.098031310278065e-06,1.535269550913214e-05,1.212257549177303e-07,3.9465372375577617e-07,9.875542969937597e-07,1.844059366868639e-05,predictor_only,nsga2
0,53,53,train,2.5144739747047424,0.28515625,0.677734375,8,64,512,102.03850000107195,1.2895312093120184,2.5892585949749667,25.418396946019406,54.02199999662116,1.262193507450591,3.9546757712909777,5.2168692787415685,0.006100002792663872,0.0,2.404072372222325,2.80669690372658,0,78.40101137222308,5017.664727822277,2097152.0,2,0.5,0.5,0.0,0.0,0.0,82.6352263490768,0.007100010407157242,0.0,64.70298376854623,17.92514257012341,0,1,0,17.68447284245814,64.95075350661867,0.0,1048576,1048576,0,8,4,0.25,2,0.5,0,1,1.0,0.241032865595602,3,0,3,0.0,2.0,0.5,2.0,3,0.5,0.5,0.0,0.9462890625,0.0537109375,0.0,256,1024,0,0.0,117.18874700122555,0.04999997327104211,0.0,109.28019870514134,7.858548322813179,0,231.80523850300185,0,129.7667385019299,5.158124837248074e-07,1.0357034379899867e-06,1.5251038167611643e-05,1.2621935074505913e-07,3.954675771290978e-07,9.562537705040052e-07,1.8280494787704597e-05,predictor_only,nsga2
0,54,54,train,2.5798799991607666,0.212890625,0.65234375,8,64,512,91.85929999512155,1.3131205201559326,2.249928639634256,25.560569133746373,36.56130000308622,1.2653380560576135,3.074676078746381,4.340014134803995,0.006399990525096655,0.0,2.42220194035519,1.9114122039237078,0,87.08876413885932,5573.680904886996,2097152.0,2,0.5,0.5,0.0,0.0,0.0,78.03212523499245,0.006000002031214535,0.0,61.38120819130616,16.644917041655077,0,1,0,17.259876769396033,60.77224846559641,0.0,1048576,1048576,0,8,4,0.25,2,0.5,0,1,1.0,0.2091524583687337,3,3,0,1.0,0.0,0.0,1.0,0,0.5,0.5,0.0,0.9560546875,0.0439453125,0.0,256,1024,0,0.0,116.49447317414624,0.04710000939667225,0.0,109.36320162061784,7.084171544131728,0,231.80523850300185,0,139.9459385078803,5.252482080623731e-07,8.999714558537023e-07,1.5336341480247823e-05,1.2653380560576138e-07,3.074676078746381e-07,9.018657492811172e-07,1.8097428306925415e-05,predictor_only,nsga2
0,55,55,train,2.5184213519096375,0.263671875,0.66796875,8,64,512,103.72790000110399,1.2923975932146812,2.422182494595056,25.521479724786055,56.62260000826791,1.257435612063767,3.1522653291824723,4.409700941246239,0.006199989002197981,0.0,2.265150869466685,2.1383500827773565,0,77.12411873561616,4935.9435990794345,2097152.0,2,0.5,0.5,0.0,0.0,0.0,80.60738662586634,0.00689999433234334,0.0,63.24591530755535,17.35457132397865,0,1,0,18.895220249162932,61.71216637670341,0.0,1048576,1048576,0,8,4,0.25,2,0.5,0,1,1.0,0.241032865595602,3,0,3,0.0,2.0,0.5,2.0,3,0.5,0.5,0.0,0.9443359375,0.0556640625,0.0,256,1024,0,0.0,116.94423925038316,0.04840001929551363,0.0,109.83646412319291,7.059375107894747,0,231.80523850300185,0,128.07733850189786,5.169590372858724e-07,9.688729978380221e-07,1.531288783487163e-05,1.2574356120637673e-07,3.152265329182472e-07,9.294981990120701e-07,1.816918816313222e-05,predictor_only,nsga2
0,56,56,train,2.5336630940437317,0.265625,0.6796875,8,64,512,93.7986000062665,1.2611139515721161,2.4800159132850874,25.16548732966713,51.02379999880213,1.17054822734828,3.8845258040074016,5.055074031355682,0.006300004315562546,0.0,2.4361358749028694,2.6126381521372495,0,85.2882101785673,5458.445451428307,2097152.0,2,0.5,0.5,0.0,0.0,0.0,77.96532798406966,0.006300004315562546,0.0,59.440648442899,18.518379536855104,0,1,0,18.21982773436357,59.7455002497061,0.0,1048576,1048576,0,8,4,0.25,2,0.5,0,1,1.0,0.18595995617580352,3,3,0,1.0,0.0,0.0,1.0,0,0.5,0.5,0.0,0.9609375,0.0390625,0.0,256,1024,0,0.0,115.62646877809732,0.04789998638443649,0.0,108.53316625625448,7.045402535458399,0,231.80523850300185,0,138.00663849673535,5.044455806288465e-07,9.92006365314035e-07,1.5099292397800277e-05,1.17054822734828e-07,3.884525804007402e-07,8.991442803401088e-07,1.800039602721884e-05,predictor_only,nsga2
0,57,57,train,2.504175841808319,0.275390625,0.66015625,8,64,512,76.41639999928884,1.3296187677253781,2.4754220792536037,25.51006649320945,55.9349000104703,1.2779444813583452,3.3717870274645203,4.649731508822866,0.006300004315562546,0.0,2.5404777925244018,2.1029537119829014,0,104.68819928543041,6700.0447542675465,2097152.0,2,0.5,0.5,0.0,0.0,0.0,83.45102276791408,0.008100003469735384,0.0,65.74856807662229,17.69435468782206,0,1,0,18.11780928152786,65.33321348638623,0.0,1048576,1048576,0,8,4,0.25,2,0.5,0,1,1.0,0.241032865595602,3,0,3,0.0,2.0,0.5,2.0,3,0.5,0.5,0.0,0.9443359375,0.0556640625,0.0,256,1024,0,0.0,117.2604293607537,0.04600001557264477,0.0,109.93276479488426,7.281664550296803,0,231.80523850300185,0,155.388838503713,5.318475070901512e-07,9.901688317014415e-07,1.530603989592567e-05,1.2779444813583451e-07,3.371787027464521e-07,9.651766546519133e-07,1.8258206040251464e-05,predictor_only,nsga2
0,58,58,train,2.4768477082252502,0.26171875,0.658203125,8,64,512,89.47679999982938,1.2511328483956072,2.3156411164774826,25.23645960694799,48.74060000292957,1.1982014605155586,3.1501009160178532,4.348302376533412,0.006700007361359894,0.0,2.3699159971926664,1.9716863719793856,0,89.40765195406296,5722.089725060029,2097152.0,2,0.5,0.5,0.0,0.0,0.0,83.81446714381559,0.006599992047995329,0.0,66.85475697915058,16.95311017261701,0,1,0,17.523486503749318,66.29098064006627,0.0,1048576,1048576,0,8,4,0.25,2,0.5,0,1,1.0,0.2201412464909665,3,3,0,1.0,0.0,0.0,1.0,0,0.5,0.5,0.0,0.94921875,0.05078125,0.0,256,1024,0,0.0,115.21293428728433,0.04449998959898949,0.0,108.60795914267575,6.560475155009583,0,231.80523850300185,0,142.32843850317246,5.004531393582428e-07,9.262564465909932e-07,1.5141875764168793e-05,1.1982014605155588e-07,3.150100916017854e-07,9.707266327182883e-07,1.797414222048966e-05,predictor_only,nsga2
0,59,59,train,2.4333341121673584,0.2890625,0.69140625,8,64,512,74.7616000007838,1.2509741921275785,2.423452462584289,25.54277804858461,53.20549999305513,1.180216603935515,3.107261627649497,4.287478231585013,0.005799985956400633,0.0,2.203948985038817,2.077729260589795,0,107.00537434380465,6848.343958003497,2097152.0,2,0.5,0.5,0.0,0.0,0.0,83.58931105175468,0.007099995855242014,0.0,66.19164045058298,17.390570605316455,0,1,0,16.773645017493546,66.81566603426113,0.0,1048576,1048576,0,8,4,0.25,2,0.5,0,1,1.0,0.2201412464909665,3,0,3,0.0,2.0,0.5,2.0,3,0.5,0.5,0.0,0.9541015625,0.0458984375,0.0,256,1024,0,0.0,116.86881881318591,0.043700027163140476,0.0,109.78214642524222,7.042972360780538,0,231.80523850300185,0,157.04363850221804,5.003896768510315e-07,9.693809850337157e-07,1.5325666829150762e-05,1.1802166039355151e-07,3.107261627649497e-07,9.69524442586069e-07,1.8193709756780082e-05,predictor_only,nsga2
0,60,60,train,2.3883652687072754,0.302734375,0.693359375,8,64,512,89.39470000041183,1.3075138823035335,2.532588367757114,25.562843030060485,49.89150000619702,1.3284828571589447,3.505636753594934,4.834119610753879,0.006100017344579101,0.0,2.2452394389100085,2.582780154499291,0,89.48976293001951,5727.344827521249,2097152.0,2,0.5,0.5,0.0,0.0,0.0,77.09307757460994,0.006699992809444666,0.0,59.74262967810003,17.343747903700454,0,1,0,17.337457112463973,59.755620462145956,0.0,1048576,1048576,0,8,4,0.25,2,0.5,0,1,1.0,0.241032865595602,3,3,0,1.0,0.0,0.0,1.0,0,0.5,0.5,0.0,0.935546875,0.064453125,0.0,256,1024,0,0.0,117.61178112048454,0.04780001472681761,0.0,109.89940622817227,7.664574877585459,0,231.80523850300185,0,142.41053850259001,5.230055529214134e-07,1.0130353471028458e-06,1.533770581803629e-05,1.328482857158945e-07,3.5056367535949346e-07,8.904420166703911e-07,1.8247600695806325e-05,predictor_only,nsga2
0,61,61,train,2.608352780342102,0.2109375,0.625,8,64,512,74.89630000782199,1.2523296494432308,2.333278225535365,25.663047206928848,61.63809999998193,1.2432680988795832,3.290397391005651,4.533665489885234,0.007599999662488699,0.0,2.4372776582174014,2.088787832005344,0,106.81292915985637,6836.0274662308075,2097152.0,2,0.5,0.5,0.0,0.0,0.0,79.89626721140368,0.006800008122809231,0.0,62.94980179786111,16.939665405419767,0,1,0,17.241977055110965,62.654290156292724,0.0,1048576,1048576,0,8,4,0.25,2,0.5,0,1,1.0,0.18595995617580352,3,0,3,0.0,2.0,0.5,2.0,3,0.5,0.5,0.0,0.9580078125,0.0419921875,0.0,256,1024,0,0.0,116.99462032762978,0.04549999721348286,0.0,109.67219616648964,7.276924163926659,0,231.80523850300185,0,156.90893849517985,5.009318597772923e-07,9.333112902141461e-07,1.5397828324157307e-05,1.2432680988795832e-07,3.2903973910056514e-07,9.242712524266223e-07,1.820970927556389e-05,predictor_only,nsga2
0,62,62,train,2.454263687133789,0.2578125,0.677734375,8,64,512,97.19019998738077,1.2656173851169197,2.5977236786002997,25.373351650769735,58.73340000107419,1.2794059452890814,3.495541665414283,4.774947610703364,0.006200018106028438,0.0,2.2659122775609477,2.5028353150363887,0,82.31197887297115,5267.966647870154,2097152.0,2,0.5,0.5,0.0,0.0,0.0,85.34929606191476,0.006999995093792677,0.0,67.17508520925955,18.167210857561418,0,1,0,18.485485095817324,66.86381096609743,0.0,1048576,1048576,0,8,4,0.25,2,0.5,0,1,1.0,0.24103282732949446,3,3,0,1.0,0.0,0.0,1.0,0,0.5,0.5,0.0,0.9384765625,0.0615234375,0.0,256,1024,0,0.0,116.94677085794783,0.06430003850255162,0.0,109.15896190641372,7.723508913031548,0,231.80523850300185,0,134.61503851562108,5.06246954046768e-07,1.03908947144012e-06,1.522401099046184e-05,1.2794059452890813e-07,3.4955416654142836e-07,9.872205825513424e-07,1.8234062759570404e-05,predictor_only,nsga2
0,63,63,train,2.5849631428718567,0.255859375,0.6484375,8,64,512,104.9907999986317,1.2971396577794831,3.379760327736718,25.574031874799502,52.97210000571795,1.113505434191501,5.021742139039599,6.1352475732311,0.00549999822396785,0.0,2.3352992768317686,3.794448298175364,0,76.19642676955971,4876.571313251821,2097152.0,2,0.5,0.5,0.0,0.0,0.0,78.59339958398215,0.006999995093792677,0.0,61.86711155859486,16.7192880302935,0,1,0,16.55123011322342,62.042169470758736,0.0,1048576,1048576,0,8,4,0.25,2,0.5,0,1,1.0,0.2790043706260659,3,0,3,0.0,2.0,0.5,2.0,3,0.5,0.5,0.0,0.9462890625,0.0537109375,0.0,256,1024,0,0.0,121.00372744126281,0.0452000240329653,0.0,110.04579684401799,10.912730573211869,0,231.80523850300185,0,126.81443850437014,5.188558631117933e-07,1.3519041310946873e-06,1.53444191248797e-05,1.1135054341915011e-07,5.0217421390396e-07,9.10018334781339e-07,1.873872221119063e-05,predictor_only,nsga2
0,64,64,train,2.5927644968032837,0.26171875,0.61328125,8,64,512,91.07179999409709,1.3225568608152725,2.3769953445401324,25.592455206211092,83.87160001439042,1.2373094799167306,3.0749807392751958,4.312290219191926,0.005699999746866524,0.0,2.2724636414200905,2.0341265780249693,0,87.84181446621298,5621.876125837631,2097152.0,2,0.5,0.5,0.0,0.0,0.0,84.36236817185983,0.01170000177808106,0.0,67.24893259824816,17.101735571833593,0,1,0,18.427805911305843,65.93456226055399,0.0,1048576,1048576,0,8,4,0.25,2,0.5,0,1,1.0,0.2201412464909665,3,3,0,1.0,0.0,0.0,1.0,0,0.5,0.5,0.0,0.947265625,0.052734375,0.0,256,1024,0,0.0,117.16802964626599,0.04479997733142227,0.0,110.98960467279915,6.133624996135429,0,231.80523850300185,0,140.73343850890475,5.290227443261089e-07,9.507981378160531e-07,1.5355473123726653e-05,1.2373094799167307e-07,3.074980739275196e-07,9.75492806239706e-07,1.8242015834027715e-05,predictor_only,nsga2
0,65,65,train,2.5590700507164,0.28515625,0.66796875,8,64,512,1744.9838000029558,30.862921923121096,9.651105488973029,90.39885057467569,95.21520000998862,69.26104691784731,17.798647692848075,87.05969461069539,0.007299997378140688,0.0,2.5450824757074995,84.50731213760974,0,4.584567154961149,293.4122979175135,2097152.0,2,0.5,0.5,0.0,0.0,0.0,86.66210267878488,0.006900008884258568,0.0,67.13534782477784,19.519854845122772,0,1,0,18.836252671610776,67.8258500071741,0.0,1048576,1048576,0,8,4,0.25,2,0.5,0,1,1.0,0.26061071707684524,3,0,3,0.0,2.0,0.5,2.0,3,0.5,0.5,0.0,0.9482421875,0.0517578125,0.0,256,1024,0,0.0,523.6515119470791,0.06909998774062842,0.0,108.82364086957685,414.7587710897618,0,1196.112098504814,1,-548.8717014981419,1.2345168769248439e-05,3.8604421955892116e-06,5.42393103448054e-05,6.926104691784731e-06,1.7798647692848075e-06,1.0022727268021968e-06,8.01531634975148e-05,predictor_only,nsga2
0,66,66,train,2.502237915992737,0.255859375,0.673828125,8,64,512,91.50460000091698,1.2520845177503215,2.2676208152828705,25.371686723608796,49.81179999595042,1.3033132379619339,3.429813089240552,4.733126327202486,0.005900001269765198,0.0,2.5755199826516098,2.151706343281111,0,87.42634330488879,5595.2859715128825,2097152.0,2,0.5,0.5,0.0,0.0,0.0,80.69596243123303,0.006199989002197981,0.0,63.23331387299176,17.456448569239065,0,1,0,17.682960068129844,63.013002363103176,0.0,1048576,1048576,0,8,4,0.25,2,0.5,0,1,1.0,0.2091524583687337,3,3,0,1.0,0.0,0.0,1.0,0,0.5,0.5,0.0,0.947265625,0.052734375,0.0,256,1024,0,0.0,115.56556822656796,0.048200032324530184,0.0,109.1781827825708,6.339185411672636,0,1196.112098504814,0,1104.607498503897,5.008338071001286e-07,9.070483261131485e-07,1.5223012034165276e-05,1.303313237961934e-07,3.429813089240552e-07,9.329856290385364e-07,1.8037192429137336e-05,predictor_only,nsga2
0,67,67,train,2.6751097440719604,0.203125,0.625,8,64,512,107.44410000916105,1.2530042462074948,2.432381147874283,25.771724795484907,53.61950000224169,1.2060145259683561,3.526331384080944,4.7323459100493,0.007199996616691351,0.0,2.431106368281073,2.2940395451515356,0,74.45662947233424,4765.2242862293915,2097152.0,2,0.5,0.5,0.0,0.0,0.0,84.86625024659152,0.007499998901039362,0.0,66.24415102179032,18.614599225900164,0,1,0,18.941280451229616,65.9249697953619,0.0,1048576,1048576,0,8,4,0.25,2,0.5,0,1,1.0,0.18595995617580352,3,0,3,0.0,2.0,0.5,2.0,3,0.5,0.5,0.0,0.9453125,0.0546875,0.0,256,1024,0,0.0,117.82844075826674,0.04569999873638153,0.0,110.28617175379208,7.496569005738275,0,231.80523850300185,0,124.3611384938408,5.012016984829979e-07,9.729524591497131e-07,1.5463034877290943e-05,1.2060145259683562e-07,3.526331384080944e-07,9.80512442056639e-07,1.8390936067985225e-05,predictor_only,nsga2
0,68,68,train,2.516782820224762,0.296875,0.650390625,8,64,512,103.32940000807866,1.2670561082925824,2.2970370013172694,25.42635085319982,64.21559999580495,1.1055248610167263,3.1105461379265504,4.216070998943277,0.006000002031214535,0.0,2.346298772882567,1.8637722240294954,0,77.42155260576304,4954.979366768835,2097152.0,2,0.5,0.5,0.0,0.0,0.0,84.0056278113531,0.007099995855242014,0.0,67.42929500162766,16.569232813870187,0,1,0,17.96843658193614,66.03719122941696,0.0,1048576,1048576,0,8,4,0.25,2,0.5,0,1,1.0,0.26061071707684524,3,3,0,1.0,0.0,0.0,1.0,0,0.5,0.5,0.0,0.94140625,0.05859375,0.0,256,1024,0,0.0,115.96177585123868,0.045500026317313313,0.0,109.8385359554392,6.077739869482164,0,231.80523850300185,0,128.47583849492318,5.06822443317033e-07,9.188148005269078e-07,1.5255810511919889e-05,1.1055248610167263e-07,3.1105461379265505e-07,9.72130660572365e-07,1.8075185516230523e-05,predictor_only,nsga2
0,69,69,train,2.533696711063385,0.3046875,0.62109375,8,64,512,76.53679999930318,1.260496534222185,2.42029473084389,25.673647280201475,47.75540000991896,1.1590163551786006,3.362644015509719,4.52166037068832,0.005799985956400633,0.0,2.3082895344169434,2.2075708503149754,0,104.5235164856167,6689.505055079469,2097152.0,2,0.5,0.5,0.0,0.0,0.0,84.4505021611634,0.007000009645707905,0.0,66.02011041534662,18.423391736171055,0,1,0,19.63686214518335,64.81364001598004,0.0,1048576,1048576,0,8,4,0.25,2,0.5,0,1,1.0,0.19776865982085054,3,0,3,0.0,2.0,0.5,2.0,3,0.5,0.5,0.0,0.9423828125,0.0576171875,0.0,256,1024,0,0.0,117.4177541810702,0.04600000102072954,0.0,110.23740290888267,7.134351271166791,0,231.80523850300185,0,155.26843850369866,5.04198613688874e-07,9.68117892337556e-07,1.5404188368120883e-05,1.1590163551786006e-07,3.362644015509719e-07,9.74132301643594e-07,1.8302803212859737e-05,predictor_only,nsga2
0,70,70,train,2.538721442222595,0.263671875,0.62890625,8,64,512,98.93879998708144,1.2383650347862694,3.3702782298920066,25.87673934589388,50.03709999436978,1.2059948097699908,4.9227861229700745,6.1287809327400655,0.00589998671784997,0.0,2.1473467988394246,3.9755341471827905,0,80.85724855967527,5174.863907819217,2097152.0,2,0.5,0.5,0.0,0.0,0.0,84.7844131330216,0.006900008884258568,0.0,67.14166062914268,17.635852494994666,0,1,0,18.03191084279563,66.75250229022598,0.0,1048576,1048576,0,8,4,0.25,2,0.5,0,1,1.0,0.1859599251701455,3,3,0,1.0,0.0,0.0,1.0,0,0.5,0.5,0.0,0.9560546875,0.0439453125,0.0,256,1024,0,0.0,121.94153044228862,0.06629999552387744,0.0,110.29033246721752,11.584897979547215,0,231.80523850300185,0,132.8664385159204,4.953460139145077e-07,1.3481112919568025e-06,1.5526043607536327e-05,1.205994809769991e-07,4.922786122970075e-07,9.813491359106679e-07,1.8963728142592314e-05,predictor_only,nsga2
0,71,71,train,2.5472317337989807,0.26171875,0.65625,8,64,512,80.13990000472404,1.278031190229341,2.4945599368983657,25.68610117889455,50.86640000808984,1.1393503995587322,3.603388641944964,4.742739041503697,0.009399998816661537,0.0,2.261573827636781,2.4717652150502536,0,99.82418464889247,6388.747817529118,2097152.0,2,0.5,0.5,0.0,0.0,0.0,85.22654292369111,0.00650000583846122,0.0,66.52214771003301,18.69789520781965,0,1,0,18.84454894307031,66.3819939806208,0.0,1048576,1048576,0,8,4,0.25,2,0.5,0,1,1.0,0.2201412853775118,3,0,3,0.0,2.0,0.5,2.0,3,0.5,0.5,0.0,0.9462890625,0.0537109375,0.0,256,1024,0,0.0,117.83476922408903,0.04609998723026365,0.0,109.83337007671177,7.955299160146993,0,231.80523850300185,0,151.6653384982778,5.112124760917364e-07,9.978239747593463e-07,1.5411660707336727e-05,1.1393503995587322e-07,3.603388641944964e-07,9.850294171981527e-07,1.8380000479536333e-05,predictor_only,nsga2
0,72,72,train,2.5423150062561035,0.26953125,0.65625,8,64,512,105.24030000669882,1.226294759459777,2.512336553956491,25.56127468828391,69.9975000025006,1.1894238300362536,3.4758034008550585,4.665227230891312,0.006199989002197981,0.0,2.183408110591431,2.475619131297683,0,76.01578467284976,4865.010219062385,2097152.0,2,0.5,0.5,0.0,0.0,0.0,83.85681833427392,0.007199996616691351,0.0,65.32654653301404,18.52307180464321,0,1,0,19.112787282830347,64.74403105144359,0.0,1048576,1048576,0,8,4,0.25,2,0.5,0,1,1.0,0.2201412853775118,3,3,0,1.0,0.0,0.0,1.0,0,0.5,0.5,0.0,0.951171875,0.048828125,0.0,256,1024,0,0.0,117.19962400680072,0.04600000102072954,0.0,109.62532894856344,7.528295057216546,0,231.80523850300185,0,126.56493849630303,4.905179037839108e-07,1.0049346215825965e-06,1.5336764812970344e-05,1.1894238300362537e-07,3.4758034008550587e-07,9.680562454456262e-07,1.826679630687161e-05,predictor_only,nsga2
0,73,73,train,2.572219133377075,0.27734375,0.66015625,8,64,512,91.74860001076013,1.2420219577034117,3.1019489234794047,25.27977084951685,38.02329998870846,1.146200196967392,4.278776519696926,5.424976716664318,0.007000024197623134,0.0,2.1666215294630207,3.251355163003674,0,87.19384061687227,5580.405799479825,2097152.0,2,0.5,0.5,0.0,0.0,0.0,83.43336764191858,0.00829999044071883,0.0,64.92870370516164,18.496363946316222,0,1,0,17.956617743483477,65.4767498984351,0.0,1048576,1048576,0,8,4,0.25,2,0.5,0,1,1.0,0.18595995617580352,3,0,3,0.0,2.0,0.5,2.0,3,0.5,0.5,0.0,0.958984375,0.041015625,0.0,256,1024,0,0.0,118.49496692279868,0.04540001100394875,0.0,108.96580268299952,9.483764228795197,0,231.80523850300185,0,140.05663849224172,4.968087830813648e-07,1.240779569391762e-06,1.516786250971011e-05,1.1462001969673921e-07,4.2787765196969263e-07,9.652871762160558e-07,1.8413235710065725e-05,predictor_only,nsga2
0,74,74,train,2.576788306236267,0.259765625,0.65625,8,64,512,90.58259999437723,1.2865408343218594,2.3728400008164234,25.258831732937317,50.0054000003729,1.199459626927807,3.281733731394233,4.48119335832204,0.006300018867477775,0.0,2.2896584276553167,2.185234911799246,0,88.31620735427363,5652.237270673512,2097152.0,2,0.5,0.5,0.0,0.0,0.0,82.02133538560321,0.006499991286545992,0.0,63.909247289475466,18.105588104841196,0,1,0,18.877007060599773,63.144328325003436,0.0,1048576,1048576,0,8,4,0.25,2,0.5,0,1,1.0,0.2091524583687337,3,3,0,1.0,0.0,0.0,1.0,0,0.5,0.5,0.0,0.9453125,0.0546875,0.0,256,1024,0,0.0,115.6728502723024,0.04410000110510737,0.0,109.24672161905691,6.382028652140378,0,231.80523850300185,0,141.2226385086246,5.146163337287438e-07,9.491360003265694e-07,1.5155299039762387e-05,1.1994596269278073e-07,3.2817337313942333e-07,9.465020105060389e-07,1.8013672720155943e-05,predictor_only,nsga2
0,75,75,train,2.5285489559173584,0.271484375,0.6484375,8,64,512,89.52379999391269,1.2682353156473722,2.3327163450625665,25.50826339942947,49.48679999506567,1.2075306266522303,3.2004735858604927,4.408004212512723,0.006400019628927112,0.0,2.2135363351453092,2.1880678577384867,0,89.36071346201238,5719.085661568793,2097152.0,2,0.5,0.5,0.0,0.0,0.0,84.74129104206935,0.00790000194683671,0.0,67.21632293074556,17.517068109376957,0,1,0,17.521621504065592,67.21966953800376,0.0,1048576,1048576,0,8,4,0.25,2,0.5,0,1,1.0,0.18595995617580352,3,0,3,0.0,2.0,0.5,2.0,3,0.5,0.5,0.0,0.951171875,0.048828125,0.0,256,1024,0,0.0,116.43686024055764,0.05099999543745071,0.0,110.19704185569856,6.188818389421608,0,231.80523850300185,0,142.28143850908916,5.07294126258949e-07,9.330865380250265e-07,1.530495803965768e-05,1.2075306266522305e-07,3.200473585860493e-07,9.81852249496701e-07,1.8167991374689634e-05,predictor_only,nsga2
0,76,76,train,2.6329305171966553,0.255859375,0.638671875,8,64,512,90.85649999906309,1.2330446807200048,2.4366979456309243,25.42318902292071,52.850099993520416,1.3332701513612055,3.2335406377177076,4.566810789078913,0.006700007361359894,0.0,2.3615076280938765,2.1986031536236768,0,88.04996835795058,5635.197974908837,2097152.0,2,0.5,0.0,0.5,0.0,0.0,44.41476763746292,0.007099995855242014,0.0,25.456298970135826,18.951368671471855,0,1,0,19.97887414612378,0.0,24.435893491339144,1048576,0,1048576,8,4,0.25,2,0.5,0,1,1.0,0.2307606527190679,3,3,0,1.0,0.0,0.0,1.0,0,0.5,0.5,0.0,0.9453125,0.0546875,0.0,256,1024,0,0.0,116.37172659708656,0.043800013372674584,0.0,109.30485869620878,7.023067887505109,0,231.80523850300185,0,140.94873850393876,4.932178722880019e-07,9.746791782523699e-07,1.5253913413752425e-05,1.3332701513612057e-07,3.233540637717708e-07,4.930194633573075e-07,1.7671511006557995e-05,predictor_only,nsga2
0,77,77,train,2.6600950956344604,0.248046875,0.6328125,8,64,512,740.6264000019291,1.266465282570424,56.93111230978225,25.6601655265142,1205.6135000020731,1.300612700147952,98.99633820610394,100.2969509062519,0.009099996532313526,0.0,2.360985162050827,97.92686574766874,0,10.801652760860808,691.3057766950917,2097152.0,2,0.5,0.5,0.0,0.0,0.0,83.4835653259969,0.006700007361359894,0.0,64.87498935749497,18.60187596114058,0,1,0,19.403921741040747,64.07964358495616,0.0,1048576,1048576,0,8,4,0.25,2,0.5,0,1,1.0,0.06940013978643762,3,0,3,0.0,2.0,0.5,2.0,3,0.5,0.5,0.0,0.9501953125,0.0498046875,0.0,256,1024,0,0.0,335.4309724754675,0.05820003570988774,0.0,109.7517313610608,225.62104107869683,0,588.4758715041957,1,-152.1505284977335,5.065861130281696e-07,2.27724449239129e-05,1.5396099315908517e-05,1.3006127001479522e-07,9.899633820610394e-06,9.629949404298813e-07,4.966782038390466e-05,predictor_only,nsga2
0,78,78,train,2.558148205280304,0.267578125,0.6484375,8,64,512,76.11919999180827,1.2330630092136763,2.425527564477715,25.575059305637343,52.83400000189431,1.2084002288239033,3.1438849309320025,4.352285159755906,0.006600006599910557,0.0,2.3624010250119727,1.9832841281440223,0,105.0969388002255,6726.204083214432,2097152.0,2,0.5,0.5,0.0,0.0,0.0,84.13595616828792,0.007700000423938036,0.0,65.75406638893635,18.374189778927636,0,1,0,18.389490252539467,65.74646591574846,0.0,1048576,1048576,0,8,4,0.25,2,0.5,0,1,1.0,0.18595995617580352,3,3,0,1.0,0.0,0.0,1.0,0,0.5,0.5,0.0,0.9560546875,0.0439453125,0.0,256,1024,0,0.0,116.93459951731495,0.043800013372674584,0.0,109.8507604870608,7.040039016881472,0,588.4758715041957,0,512.3566715123874,4.932252036854706e-07,9.702110257910861e-07,1.5345035583382408e-05,1.2084002288239034e-07,3.143884930932003e-07,9.72852493514376e-07,1.821655282234893e-05,predictor_only,nsga2
0,79,79,train,2.5419691801071167,0.267578125,0.630859375,8,64,512,104.06919999513775,1.219684942809765,2.4447834836451627,25.617754699438635,54.831400004331954,1.278710708346673,3.299130037498971,4.577840745845644,0.005900015821680427,0.0,2.2974928682250026,2.274447861798961,0,76.87118887418076,4919.756087947569,2097152.0,2,0.5,0.5,0.0,0.0,0.0,84.64685980857558,0.006399990525096655,0.0,66.96834658693209,17.672113231118395,0,1,0,17.298193366502,67.34866644207358,0.0,1048576,1048576,0,8,4,0.25,2,0.5,0,1,1.0,0.18595995617580352,3,0,3,0.0,2.0,0.5,2.0,3,0.5,0.5,0.0,0.9560546875,0.0439453125,0.0,256,1024,0,0.0,117.12889250357425,0.049400026910007,0.0,109.97273973098383,7.10675274568041,0,588.4758715041957,0,484.4066715090579,4.878739771239061e-07,9.77913393458065e-07,1.537065281966318e-05,1.2787107083466733e-07,3.299130037498971e-07,9.811659309699028e-07,1.8275390195799615e-05,predictor_only,nsga2
0,80,80,train,2.5311583876609802,0.28515625,0.65234375,8,64,512,88.68260000599548,1.4473819060348259,2.2879154530972254,25.395669069696417,50.51449999155011,1.3252512792686135,3.1416455280862667,4.46689680735488,0.005700014298781753,0.0,2.274573491663432,2.1866233013926673,0,90.20833614624527,5773.3335133596975,2097152.0,2,0.5,0.5,0.0,0.0,0.0,83.60315298429069,0.007499998901039362,0.0,66.37226480670425,17.223388178685397,0,1,0,17.12776639832179,66.47538658596889,0.0,1048576,1048576,0,8,4,0.25,2,0.5,0,1,1.0,0.19776865982085054,3,3,0,1.0,0.0,0.0,1.0,0,0.5,0.5,0.0,0.9560546875,0.0439453125,0.0,256,1024,0,0.0,116.52386571531386,0.048399961087852716,0.0,109.93906403803315,6.536401716192864,0,588.4758715041957,0,499.79327149820017,5.789527624139303e-07,9.151661812388903e-07,1.5237401441817847e-05,1.3252512792686137e-07,3.1416455280862667e-07,9.689823030148445e-07,1.8147192369221e-05,predictor_only,nsga2
0,81,81,train,2.4967530965805054,0.310546875,0.669921875,8,64,512,59.06679999316111,1.3010330513719761,2.3245051526888565,25.36940641406042,47.954500012565404,1.2795482889575789,2.691447634120702,3.9709959230782808,0.006000016583129764,0.0,2.282100537288208,1.682895369206943,0,135.4375819130938,8668.005242438003,2097152.0,2,0.5,0.5,0.0,0.0,0.0,80.22364150363018,0.006400005077011883,0.0,62.06143285776653,18.155808640786635,0,1,0,17.916441331949727,62.307200171680456,0.0,1048576,1048576,0,8,4,0.25,2,0.5,0,1,1.0,0.19776865982085054,3,0,3,0.0,2.0,0.5,2.0,3,0.5,0.5,0.0,0.9521484375,0.0478515625,0.0,256,1024,0,0.0,115.97977847248502,0.04599998646881431,0.0,110.00787393333295,5.925904552683262,0,501.2638015056999,0,442.1970015125388,5.204132205487904e-07,9.298020610755425e-07,1.5221643848436252e-05,1.279548288957579e-07,2.691447634120702e-07,9.268508153796626e-07,1.7995809537748075e-05,predictor_only,nsga2
0,82,82,train,2.564424753189087,0.26171875,0.662109375,8,64,512,95.4965999990236,1.318190911966802,2.5660028269269137,25.401318752503837,61.125099993660115,1.3430189698066908,3.687142425820544,5.030161395627235,0.006400019628927112,0.0,2.520297198451239,2.5034641775470687,0,83.77173876706634,5361.391281092246,2097152.0,2,0.0,0.5,0.5,0.0,0.0,91.00012456911134,0.006799993570894003,0.0,73.77074802407887,17.22257655146158,0,1,0,0.0,64.02750487671328,26.972619692398062,0,1048576,1048576,8,4,0.25,2,0.5,0,1,1.0,0.20915249756217386,3,3,0,1.0,0.0,0.0,1.0,0,0.5,0.5,0.0,0.939453125,0.060546875,0.0,256,1024,0,0.0,117.14204996559023,0.051899958634749055,0.0,109.87466584451485,7.215484162440624,0,501.2638015056999,0,405.7672015066763,5.272763647867209e-07,1.0264011307707658e-06,1.5240791251502302e-05,1.3430189698066907e-07,3.687142425820544e-07,1.03805625544454e-06,1.8335541142067052e-05,predictor_only,nsga2
0,83,83,train,2.6515676975250244,0.22265625,0.61328125,8,64,512,101.27379999903496,1.280132253722951,3.023582901460939,25.770179822728664,50.156800003605895,1.2382097996536812,4.507750242050887,5.745960041704568,0.006100002792663872,0.0,2.3962053694015886,3.343654669510315,0,78.99299727154465,5055.551825378858,2097152.0,2,0.5,0.5,0.0,0.0,0.0,79.77035936835478,0.006999995093792677,0.0,61.73173777903999,18.031621594220987,0,1,0,17.690960409094288,62.07939895926049,0.0,1048576,1048576,0,8,4,0.25,2,0.5,0,1,1.0,0.241032865595602,3,0,3,0.0,2.0,0.5,2.0,3,0.5,0.5,0.0,0.9501953125,0.0498046875,0.0,256,1024,0,0.0,120.29557991165021,0.04919999628327787,0.0,111.01772456501763,9.22865535034931,0,501.2638015056999,0,399.99000150666495,5.120529014891803e-07,1.2094331605843757e-06,1.5462107893637196e-05,1.2382097996536812e-07,4.507750242050887e-07,9.218623916020687e-07,1.8680052351483277e-05,predictor_only,nsga2
0,84,84,train,2.5291279554367065,0.275390625,0.634765625,8,64,512,102.36089999671094,1.2965960860341348,2.4002113886655145,25.52763258230088,48.8228999893181,1.0943639444768218,3.225164457110173,4.319528401586995,0.005699985194951296,0.0,2.2441270765810475,2.069701339810996,0,78.15407881503815,5001.861044162441,2097152.0,2,0.0,0.5,0.5,0.0,0.0,86.1894587230164,0.006399990525096655,0.0,68.1097440279926,18.0733147044987,0,1,0,0.0,59.440498243485784,26.74896047953062,0,1048576,1048576,8,4,0.25,2,0.5,0,1,1.0,0.2963165802149685,3,3,0,1.0,0.0,0.0,1.0,0,0.5,0.5,0.0,0.943359375,0.056640625,0.0,256,1024,0,0.0,116.89776022800211,0.04759996954817325,0.0,110.1680882180249,6.682072040429036,0,501.2638015056999,0,398.902901508989,5.186384344136539e-07,9.60084555466206e-07,1.5316579549380526e-05,1.094363944476822e-07,3.225164457110173e-07,9.807755837171354e-07,1.8208030963136222e-05,predictor_only,nsga2
0,85,85,train,2.48432993888855,0.283203125,0.6484375,8,64,512,85.54820000426844,1.2432222235105357,3.0695532816642577,25.591879134971343,48.96590000134893,1.1214426067890668,5.026563909584607,6.148006516373674,0.006100002792663872,0.0,2.3727031613035257,3.7692033522774846,0,93.5134402145297,5984.8601737299,2097152.0,2,0.5,0.5,0.0,0.0,0.0,80.40813201184162,0.007199996616691351,0.0,60.855741911864584,19.54519010336033,0,1,0,18.43287247405882,61.97525953778279,0.0,1048576,1048576,0,8,4,0.25,2,0.5,0,1,1.0,0.241032865595602,3,0,3,0.0,2.0,0.5,2.0,3,0.5,0.5,0.0,0.9462890625,0.0537109375,0.0,256,1024,0,0.0,119.61861856058454,0.04849996184930205,0.0,110.22971311639486,9.340405482340374,0,501.2638015056999,0,415.7156015014315,4.972888894042142e-07,1.227821312665703e-06,1.5355127480982802e-05,1.1214426067890668e-07,5.026563909584607e-07,9.280318391939816e-07,1.862307017388407e-05,predictor_only,nsga2
0,86,86,train,2.6469834446907043,0.23046875,0.625,8,64,512,102.10499999811873,1.201808408830857,2.460384684482145,25.697835245223956,51.18439999932889,1.3212250787590942,3.1771859869461645,4.498411065705259,0.005900001269765198,0.0,2.4526839820337436,2.0398270824017497,0,78.34995005335041,5014.396803414426,2097152.0,2,0.5,0.5,0.0,0.0,0.0,84.403587067204,0.006399990525096655,0.0,66.20667774737919,18.190509329299704,0,1,0,19.47424795388752,64.92933911331647,0.0,1048576,1048576,0,8,4,0.25,2,0.5,0,1,1.0,0.19776865982085054,3,3,0,1.0,0.0,0.0,1.0,0,0.5,0.5,0.0,0.9560546875,0.0439453125,0.0,256,1024,0,0.0,117.44011335414783,0.04630000330507755,0.0,110.46685806639185,6.926955284450891,0,501.2638015056999,0,399.1588015075812,4.807233635323428e-07,9.84153873792858e-07,1.541870114713437e-05,1.3212250787590942e-07,3.177185986946165e-07,9.738945488986728e-07,1.8307314039928772e-05,predictor_only,nsga2
0,87,87,train,2.638832449913025,0.220703125,0.626953125,8,64,512,91.47050000319723,1.2318558929655097,2.5057255585253886,25.466681420461104,56.69399999896996,1.356259620549825,3.4042671472972135,4.760526767847038,0.006099988240748644,0.0,2.442890687053765,2.311536092552524,0,87.45893529372945,5597.371858798685,2097152.0,2,0.5,0.5,0.0,0.0,0.0,77.58868356422423,0.007199982064776123,0.0,60.343878223331394,17.237605358828063,0,1,0,17.191034603010415,60.39764896121382,0.0,1048576,1048576,0,8,4,0.25,2,0.5,0,1,1.0,0.2307606527190679,3,0,3,0.0,2.0,0.5,2.0,3,0.5,0.5,0.0,0.947265625,0.052734375,0.0,256,1024,0,0.0,116.81705148780802,0.04760002775583416,0.0,109.77849805765102,6.9909534024011695,0,501.2638015056999,0,409.7933015025027,4.927423571862039e-07,1.0022902234101555e-06,1.5280008852276662e-05,1.356259620549825e-07,3.4042671472972135e-07,8.9668213356467e-07,1.814777624322239e-05,predictor_only,nsga2
0,88,88,train,2.434830904006958,0.291015625,0.716796875,8,64,512,91.69859999383334,1.2281122094607408,2.460868319115903,25.638754727375566,50.30790000455454,1.2742515831156231,3.329943292370681,4.6041948754863045,0.006999995093792677,0.0,2.3438429355774555,2.2533519448150563,0,87.24138382869705,5583.448565036611,2097152.0,2,0.5,0.5,0.0,0.0,0.0,85.31490661964433,0.006799993570894003,0.0,66.87392543278261,18.434181193290833,0,1,0,18.11055717157332,67.20434944807101,0.0,1048576,1048576,0,8,4,0.25,2,0.5,0,1,1.0,0.20915249756217386,3,3,0,1.0,0.0,0.0,1.0,0,0.5,0.5,0.0,0.9482421875,0.0517578125,0.0,256,1024,0,0.0,117.31094102380885,0.047900000936351717,0.0,109.88055683332095,7.382484189551539,0,501.2638015056999,0,409.5652015118666,4.912448837842963e-07,9.843473276463612e-07,1.5383252836425338e-05,1.274251583115623e-07,3.329943292370681e-07,9.875577650925852e-07,1.830682230049721e-05,predictor_only,nsga2
0,89,89,train,2.441265642642975,0.267578125,0.69140625,8,64,512,77.20500000868924,1.2482083985655683,2.3051482120295725,25.37003142694911,55.838100000983104,1.2738948847581872,3.2870087331905813,4.560903617948768,0.006200003554113209,0.0,2.410445555286633,2.1442580591080223,0,103.6188897119347,6631.608941563821,2097152.0,2,0.0,0.5,0.5,0.0,0.0,93.91943969930753,0.006699992809444666,0.0,75.04800098449049,18.8647387220076,0,1,0,0.0,65.90989033769479,28.00954936161274,0,1048576,1048576,8,4,0.25,2,0.5,0,1,1.0,0.18595995617580352,3,0,3,0.0,2.0,0.5,2.0,3,0.5,0.5,0.0,0.953125,0.046875,0.0,256,1024,0,0.0,115.693552150177,0.04439998883754015,0.0,108.81083607289267,6.83831608844678,0,501.2638015056999,0,424.0588014970107,4.992833594262273e-07,9.220592848118291e-07,1.5222018856169462e-05,1.2738948847581875e-07,3.2870087331905816e-07,1.071014177668465e-06,1.8170466039870863e-05,predictor_only,nsga2
0,90,90,train,2.457231283187866,0.28125,0.693359375,8,64,512,88.37910000875127,1.2788901127951373,2.338585840746277,25.54346619759896,51.480699999956414,1.2118883559584723,3.4487911511941167,4.660679507152589,0.006499991286545992,0.0,2.3782489786520142,2.2759305372140286,0,90.5181143629375,5793.159319228,2097152.0,2,0.5,0.0,0.5,0.0,0.0,43.31740581667042,0.008399991202168167,0.0,24.3336912514319,18.97531457403635,0,1,0,18.75912522894312,0.0,24.558280587727303,1048576,0,1048576,8,4,0.25,2,0.5,0,1,1.0,0.17369070345169255,3,3,0,1.0,0.0,0.0,1.0,0,0.5,0.5,0.0,0.955078125,0.044921875,0.0,256,1024,0,0.0,116.6437686045615,0.045899985707364976,0.0,109.60789975177813,6.989968867075992,0,501.2638015056999,0,412.88470149694865,5.11556045118055e-07,9.354343362985109e-07,1.5326079718559372e-05,1.2118883559584723e-07,3.448791151194117e-07,4.822906193421587e-07,1.7721428670033354e-05,predictor_only,nsga2
0,91,91,train,2.5077019333839417,0.287109375,0.6796875,8,64,512,138.35230001132004,1.3355639962992796,3.9235661287641554,26.012334890938035,76.94660000561271,1.2337091154192579,6.6507555439213855,7.884464659340644,0.00960000033956021,0.0,2.173265438147432,5.701599220853652,0,57.822979280909394,3700.670673978201,2097152.0,2,0.5,0.5,0.0,0.0,0.0,84.20317187556051,0.006499991286545992,0.0,67.62585847609856,16.570813408175415,0,1,0,17.800467334825072,66.40270454073544,0.0,1048576,1048576,0,8,4,0.25,2,0.5,0,1,1.0,0.241032865595602,3,0,3,0.0,2.0,0.5,2.0,3,0.5,0.5,0.0,0.9365234375,0.0634765625,0.0,256,1024,0,0.0,125.08586006400589,0.06889998621772975,0.0,108.77662646306865,16.240333614719503,0,516.5633605067687,0,378.2110604954487,5.342255985197119e-07,1.5694264515056622e-06,1.560740093456282e-05,1.233709115419258e-07,6.650755543921386e-07,9.74837127837076e-07,1.9474336578359334e-05,predictor_only,nsga2
0,92,92,train,2.4751332998275757,0.302734375,0.6640625,8,64,512,109.55829999875277,1.1627251034147355,2.5566436813780817,25.465009244004513,51.71610000252258,1.3280877936102908,3.4847212271325834,4.812809020742874,0.008000002708286047,0.0,2.372828284120579,2.4319807339140094,0,73.01981666632656,4673.2682666449,2097152.0,2,0.5,0.5,0.0,0.0,0.0,82.19298287234339,0.007199996616691351,0.0,64.07562464253839,18.110158233188315,0,1,0,17.235691306809503,64.9572915655339,0.0,1048576,1048576,0,8,4,0.25,2,0.5,0,1,1.0,0.19776869931901056,3,3,0,1.0,0.0,0.0,1.0,0,0.5,0.5,0.0,0.9521484375,0.0478515625,0.0,256,1024,0,0.0,116.73751211518932,0.04410000110510737,0.0,108.79523820407722,7.898173910006995,0,516.5633605067687,0,407.00506050801596,4.6509004136589423e-07,1.0226574725512328e-06,1.5279005546402707e-05,1.328087793610291e-07,3.4847212271325835e-07,9.518444118545017e-07,1.8199878374248624e-05,predictor_only,nsga2
0,93,93,train,2.4992936849594116,0.259765625,0.658203125,8,64,512,91.41920000547543,1.3222288345787379,2.3999685766555694,25.4994243378813,48.24970000481699,1.2867935669123316,3.394655054985984,4.681448621898316,0.005900001269765198,0.0,2.335218383480732,2.340330237147819,0,87.50801244714906,5600.51279661754,2097152.0,2,0.5,0.0,0.5,0.0,0.0,44.825782542606895,0.006900008884258568,0.0,27.179779452229795,17.63910308149284,0,1,0,17.247594662434047,0.0,27.578187880172848,1048576,0,1048576,8,4,0.25,2,0.5,0,1,1.0,0.16091838189257093,3,0,3,0.0,2.0,0.5,2.0,3,0.5,0.5,0.0,0.9580078125,0.0419921875,0.0,256,1024,0,0.0,116.88648699646244,0.058200021157972515,0.0,110.06468346256771,6.763603512736755,0,516.5633605067687,0,425.1441605012933,5.288915338314952e-07,9.599874306622278e-07,1.5299654602728783e-05,1.2867935669123315e-07,3.3946550549859844e-07,5.034142011864147e-07,1.776009263059875e-05,predictor_only,nsga2
0,94,94,train,2.4669688940048218,0.29296875,0.6640625,8,64,512,90.38229999714531,1.33344062926506,2.3492536574020697,25.403122203602152,57.981799996923655,1.230004859420237,3.1263796989690342,4.356384558389271,0.006100002792663872,0.0,2.291590187027216,2.0586943685693915,0,88.51192643168234,5664.76329162767,2097152.0,2,0.5,0.5,0.0,0.0,0.0,78.6858372370019,0.007599999662488699,0.0,59.83291818726479,18.845319050074636,0,1,0,18.679723205613612,60.00611403138829,0.0,1048576,1048576,0,8,4,0.25,2,0.5,0,1,1.0,0.24103284089209526,3,3,0,1.0,0.0,0.0,1.0,0,0.5,0.5,0.0,0.9501953125,0.0498046875,0.0,256,1024,0,0.0,116.34326596107711,0.044599975808523595,0.0,109.87194840879772,6.42671757647087,0,516.5633605067687,0,426.1810605096234,5.333762517060241e-07,9.397014629608278e-07,1.5241873322161287e-05,1.230004859420237e-07,3.1263796989690346e-07,9.068706004327955e-07,1.8057460093099863e-05,predictor_only,nsga2
0,95,95,train,2.5084643959999084,0.267578125,0.662109375,8,64,512,74.77410000865348,1.2535308556787959,2.4562707992022865,25.497913540918404,49.87960000289604,1.2444191851150745,3.5686885559041164,4.813107741019191,0.007999988156370819,0.0,2.3352390671838954,2.4698686856789247,0,106.98748646373173,6847.199133678831,2097152.0,2,0.0,0.5,0.5,0.0,0.0,92.75554767548496,0.007199996616691351,0.0,74.13305242411822,18.615295254750038,0,1,0,0.0,67.35111983314339,25.40442784234157,0,1048576,1048576,8,4,0.25,2,0.5,0,1,1.0,0.18595995617580352,3,0,3,0.0,2.0,0.5,2.0,3,0.5,0.5,0.0,0.953125,0.046875,0.0,256,1024,0,0.0,116.83086078319793,0.047799941967241466,0.0,109.69130661239328,7.091754228837412,0,200.0,0,125.22589999134652,5.014123422715183e-07,9.825083196809147e-07,1.529874812455104e-05,1.2444191851150746e-07,3.568688555904117e-07,1.0622577164211362e-06,1.8326237277026525e-05,predictor_only,nsga2
0,96,96,train,2.556970953941345,0.248046875,0.669921875,8,64,512,76.13450000644661,1.2297263363303597,2.2796221229092444,25.543447257010733,51.24980000255164,1.3150489243528107,3.287091251832817,4.602140176185628,0.005699999746866524,0.0,2.5007291665664546,2.0957110098723066,0,105.0758187615845,6724.852400741408,2097152.0,2,0.5,0.5,0.0,0.0,0.0,85.33082917611459,0.006999995093792677,0.0,66.69635607514054,18.627473105880263,0,1,0,18.355466459001565,66.97536271711303,0.0,1048576,1048576,0,8,4,0.25,2,0.5,0,1,1.0,0.25097720212391433,3,3,0,1.0,0.0,0.0,1.0,0,0.5,0.5,0.0,0.94140625,0.05859375,0.0,256,1024,0,0.0,116.21118286500135,0.046299988753162324,0.0,109.89914517843643,6.265737697811769,0,200.0,0,123.86549999355339,4.918905345321439e-07,9.118488491636979e-07,1.532606835420644e-05,1.315048924352811e-07,3.287091251832817e-07,9.87259017195372e-07,1.8177280772716216e-05,predictor_only,nsga2
0,97,97,train,2.4053446650505066,0.291015625,0.689453125,8,64,512,85.21619999373797,1.2833705734979741,2.4510174378107097,25.57262814897632,50.30859999533277,1.2310298261428676,3.6618869532037435,4.892916779346611,0.006299989763647318,0.0,2.447507102045998,2.4391096875369658,0,93.8777617733024,6008.176753491353,2097152.0,2,0.5,0.5,0.0,0.0,0.0,79.13977101584668,0.006799993570894003,0.0,60.46993754428533,18.663033477990446,0,1,0,18.541407989285844,60.59836302656083,0.0,1048576,1048576,0,8,4,0.25,2,0.5,0,1,1.0,0.19776865982085054,3,0,3,0.0,2.0,0.5,2.0,3,0.5,0.5,0.0,0.9541015625,0.0458984375,0.0,256,1024,0,0.0,117.22806464114001,0.04739999712910503,0.0,109.98999447083841,7.1906701731725065,0,200.0,0,114.78380000626203,5.133482293991896e-07,9.80406975124284e-07,1.534357688938579e-05,1.2310298261428677e-07,3.6618869532037433e-07,9.125944362115884e-07,1.8239218208055516e-05,predictor_only,nsga2
0,98,98,train,2.4676634073257446,0.271484375,0.65234375,8,64,512,90.5373999994481,1.2442478020718784,2.263943801710557,25.371023801954983,51.19790000026114,1.1988495530235286,3.1383182905353513,4.33716784355888,0.005499983672052622,0.0,2.3413643868411578,1.9903034730456697,0,88.36029795146331,5655.059068893652,2097152.0,2,0.5,0.5,0.0,0.0,0.0,79.8138794545648,0.011900003300979733,0.0,60.7323191841637,19.069660267100122,0,1,0,18.587010363112974,61.226869091451825,0.0,1048576,1048576,0,8,4,0.25,2,0.5,0,1,1.0,0.241032865595602,3,3,0,1.0,0.0,0.0,1.0,0,0.5,0.5,0.0,0.94921875,0.05078125,0.0,256,1024,0,0.0,115.51686162294968,0.04779997107107192,0.0,109.06096940395787,6.408092247920741,0,200.0,0,109.4626000005519,4.976991208287514e-07,9.055775206842227e-07,1.5222614281172989e-05,1.1988495530235287e-07,3.1383182905353514e-07,9.205925327285516e-07,1.7980200239770407e-05,predictor_only,nsga2
0,99,99,train,2.4304721355438232,0.265625,0.689453125,8,64,512,93.27630000188947,1.2897817568340733,2.337761409575582,25.339170797760843,50.872500010882504,1.24794666043978,3.2871822030600466,4.535128863499827,0.005900001269765198,0.0,2.429374026278324,2.0998548359517373,0,85.76577580866886,5489.009651754807,2097152.0,2,0.5,0.5,0.0,0.0,0.0,79.78088143802523,0.006699992809444666,0.0,62.37496715002807,17.39921429518772,0,1,0,17.001716248915773,62.77916518910946,0.0,1048576,1048576,0,8,4,0.25,2,0.5,0,1,1.0,0.2201412464909665,3,0,3,0.0,2.0,0.5,2.0,3,0.5,0.5,0.0,0.9482421875,0.0517578125,0.0,256,1024,0,0.0,115.866855856682,0.04670003545470536,0.0,109.38923288690668,6.430922934320618,0,200.0,0,106.72369999811053,5.159127027336293e-07,9.351045638302329e-07,1.5203502478656504e-05,1.2479466604397798e-07,3.287182203060047e-07,9.233671447584713e-07,1.803139977632882e-05,predictor_only,nsga2
0,100,100,val,2.8617539405822754,0.216796875,0.587890625,8,64,512,382.1819000004325,1.2966558286182623,2.1478187965177336,132.3267212521189,0.0,0.0,0.0,0.0,0.0,0.0,0.0,0.0,0,20.932386038179487,1339.6727064434872,0.0,0,0.0,0.0,0.0,0.0,0.0,0.0,0.0,0.0,0.0,0.0,0,0,0,0.0,0.0,0.0,0,0,0,8,4,0.25,2,0.5,2,1,1.0,0.16091838189257093,0,0,0,0.0,0.0,0.0,0.0,0,0.5,0.5,0.0,0.9580078125,0.0419921875,0.0,256,1024,0,0.0,543.0847835090195,186.4775999711128,200.0,149.3344260894498,7.272757448456966,0,299.70443800586435,1,-82.47746199456816,5.18662331447305e-07,8.591275186070934e-07,6.243797131356814e-06,0.0,0.0,0.0,7.621586981411213e-06,predictor_only,nsga2
0,100,100,train,2.8029081225395203,0.1875,0.611328125,8,64,512,206.5522999910172,1.213211718840984,2.33379759940398,64.7275486140712,38.031900010537356,1.2459799520669688,3.058604910012617,4.304584862079586,0.006300004315562546,0.0,2.368035408865645,1.9302494488983784,0,38.730923206493976,2478.7790852156145,2097152.0,2,0.5,0.5,0.0,0.0,0.0,77.75608582163508,0.007499984349124134,0.0,60.63138427117282,17.117201566113135,0,1,0,17.603082417129748,60.15300340450533,0.0,1048576,1048576,0,8,4,0.25,2,0.5,0,1,1.0,0.14759070521249812,3,3,0,1.0,0.0,0.0,1.0,0,0.5,0.5,0.0,0.9453125,0.0546875,0.0,256,1024,0,0.0,273.0982317292646,120.10519998148084,0.0,145.20551471649912,7.787517031284713,0,333.4634379958147,0,126.91113800479746,4.852846875363936e-07,9.33519039761592e-07,3.5168118842647425e-06,1.245979952066969e-07,3.0586049100126176e-07,8.127670230506102e-07,6.178841120821298e-06,predictor_only,nsga2
0,101,101,train,2.6718233227729797,0.255859375,0.61328125,8,64,512,215.59149998938665,1.2617711831422906,2.5132419779326662,62.92359861985662,51.95580000872724,1.1558822390214747,3.47253788892208,4.628420127943555,0.006200003554113209,0.0,2.2523962937678186,2.3698238306216233,0,37.10704222268321,2374.8507022517256,2097152.0,2,0.5,0.5,0.0,0.0,0.0,77.64548838246843,0.00689999433234334,0.0,60.382042238765564,17.25654614937052,0,1,0,17.587271821391116,60.05821656107731,0.0,1048576,1048576,0,8,4,0.25,2,0.5,0,1,1.0,0.2201412464909665,3,0,3,0.0,2.0,0.5,2.0,3,0.5,0.5,0.0,0.947265625,0.052734375,0.0,256,1024,0,0.0,266.79444712372634,111.45810004381929,0.0,145.7956249633889,9.54072211651814,0,337.9378419950076,0,122.34634200562095,5.047084732569163e-07,1.0052967911730667e-06,3.5153936776640273e-06,1.1558822390214748e-07,3.4725378889220804e-07,8.116294274674665e-07,6.2998703823558326e-06,predictor_only,nsga2
0,102,102,train,2.6417113542556763,0.23828125,0.630859375,8,64,512,193.14909999957308,1.2754322880988196,2.214734930221579,60.38818263968545,38.26400000252761,1.110512468203265,2.8470441439140153,3.9575566121172803,0.006999995093792677,0.0,2.2284407455195803,1.7221158715039073,0,41.4185651470938,2650.7881694140033,2097152.0,2,0.5,0.5,0.0,0.0,0.0,74.27105835109465,0.007099995855242014,0.0,56.509660678196724,17.754297677042683,0,1,0,15.60338236192123,58.66767598917342,0.0,1048576,1048576,0,8,4,0.25,2,0.5,0,1,1.0,0.2790043706260659,3,3,0,1.0,0.0,0.0,1.0,0,0.5,0.5,0.0,0.9248046875,0.0751953125,0.0,256,1024,0,0.0,255.51339943202342,102.4679000111064,0.0,145.32283506784876,7.722664353068289,0,337.9378419950076,0,144.78874199543452,5.101729152395279e-07,8.858939720886316e-07,3.362950528298176e-06,1.110512468203265e-07,2.847044143914015e-07,7.73917348234789e-07,5.928690425072853e-06,predictor_only,nsga2
0,103,103,train,2.581669807434082,0.2421875,0.640625,8,64,512,195.57490000443067,1.3021844502230302,2.4936361085098113,77.57712469803788,50.65130000002682,1.2530630742343867,3.568516180207233,4.82157925444162,0.006900008884258568,0.0,2.507479782845164,2.307199462712197,0,40.904835410798384,2617.9094662910966,2097152.0,2,0.5,0.5,0.0,0.0,0.0,79.9321120433144,0.009499985026195645,0.0,61.39237145089215,18.530240607396067,0,1,0,15.858425843357043,64.07368619995736,0.0,1048576,1048576,0,8,4,0.25,2,0.5,0,1,1.0,0.25097720212391433,3,0,3,0.0,2.0,0.5,2.0,3,0.5,0.5,0.0,0.9365234375,0.0634765625,0.0,256,1024,0,0.0,325.4917810270829,48.33100002724677,120.0,148.70354192327892,8.45723907655718,0,337.9378419950076,0,142.36294199057693,5.208737800892122e-07,9.974544434039246e-07,4.095347884255628e-06,1.2530630742343868e-07,3.568516180207233e-07,8.310379721198582e-07,6.926872005312784e-06,predictor_only,nsga2
0,104,104,train,2.632602334022522,0.244140625,0.609375,8,64,512,1404.3061999982456,1.634523024327939,3.085226303436932,134.57089877745528,101.67720000026748,2.050534884354884,4.312500624122051,6.363035508476935,0.006700007361359894,0.0,2.177405158715408,4.178930342400167,0,5.696759227617714,364.5925905675337,2097152.0,2,0.5,0.5,0.0,0.0,0.0,81.56923113175765,0.00689999433234334,0.0,63.403907821684975,18.15842331574033,0,1,0,16.69318087966543,64.87605025209221,0.0,1048576,1048576,0,8,4,0.25,2,0.5,0,1,1.0,0.26994862967019156,3,3,0,1.0,0.0,0.0,1.0,0,0.5,0.5,0.0,0.9521484375,0.0478515625,0.0,256,1024,0,0.0,557.1625924208806,52.501299971481785,0.0,147.96574492674824,356.6955475226506,0,637.2590125013802,1,-767.0471874968654,6.538092097311756e-07,1.2340905213747731e-06,5.36087158138094e-05,2.0505348843548838e-07,4.3125006241220516e-07,8.490786730769073e-07,5.698199776883996e-05,predictor_only,nsga2
0,105,105,train,2.6612057089805603,0.259765625,0.640625,8,64,512,244.54600000171922,1.2932791764229488,3.208518728656375,51.23115194196718,51.76309999660589,1.2281323672679878,5.5702712057037385,6.7984035729717265,0.006199989002197981,0.0,2.4111522712885813,4.381051312680947,0,32.71354790671633,2093.667066029845,2097152.0,2,0.5,0.5,0.0,0.0,0.0,79.92715334642625,0.006799993570894003,0.0,63.12944117634971,16.790912176505657,0,1,0,16.569348366992536,63.35780497943372,0.0,1048576,1048576,0,8,4,0.25,2,0.5,0,1,1.0,0.13364216641330787,3,0,3,0.0,2.0,0.5,2.0,3,0.5,0.5,0.0,0.955078125,0.044921875,0.0,256,1024,0,0.0,222.931799388186,67.82220002787653,0.0,143.4979781631989,11.611621197110582,0,637.2590125013802,0,392.713012499661,5.173116705691797e-07,1.28340749146255e-06,2.9811977009514895e-06,1.2281323672679878e-07,5.570271205703739e-07,8.324102301982477e-07,6.29416745047864e-06,predictor_only,nsga2
0,106,106,train,2.6497037410736084,0.275390625,0.62890625,8,64,512,226.20200000528712,1.2295408189276293,3.329685654779079,70.51806700751635,53.001400010543875,1.1926377359752378,4.650871986728649,5.843509722703887,0.006700007361359894,0.0,2.2979275908172263,3.5388821245253013,0,35.36646286659776,2263.4536234622565,2097152.0,2,0.5,0.0,0.5,0.0,0.0,41.14094696925933,0.007800001185387373,0.0,23.59255901721614,17.54058795085781,0,1,0,16.215398628913857,0.0,24.92554834034548,1048576,0,1048576,8,4,0.25,2,0.5,0,1,1.0,0.26061071707684524,3,3,0,1.0,0.0,0.0,1.0,0,0.5,0.5,0.0,0.94921875,0.05078125,0.0,256,1024,0,0.0,300.3091739248922,142.6439999777358,0.0,146.1544682339838,11.510705713172577,0,352.2703195011123,0,126.06831949582516,4.918163275710516e-07,1.3318742619116315e-06,3.802226092297373e-06,1.192637735975238e-07,4.6508719867286497e-07,4.438402669504211e-07,6.6541079210008655e-06,predictor_only,nsga2
0,107,107,train,2.591717839241028,0.216796875,0.6484375,8,64,512,101.90800001146272,1.3212150173437307,2.354771941680188,35.688715838484946,42.308699994464405,1.2825758231474607,3.0605980581411787,4.34317388128864,0.008500006515532732,0.0,2.256616938460151,2.0780569363129553,0,78.5014081101783,5024.090119051411,2097152.0,2,0.5,0.5,0.0,0.0,0.0,80.9656533965605,0.006800008122809231,0.0,64.00965263993493,16.94920074850277,0,1,0,16.910402281347693,64.05525111521281,0.0,1048576,1048576,0,8,4,0.25,2,0.5,0,1,1.0,0.2307606527190679,3,0,3,0.0,2.0,0.5,2.0,3,0.5,0.5,0.0,0.94140625,0.05859375,0.0,256,1024,0,0.0,157.45881119003545,0.04899998020846397,0.0,149.58500332474006,7.82480788508692,0,352.2703195011123,0,250.36231948964956,5.284860069374923e-07,9.419087766720752e-07,2.390419874469857e-06,1.2825758231474606e-07,3.060598058141179e-07,8.434773385283004e-07,5.1386093847365896e-06,predictor_only,nsga2
0,108,108,train,2.561147391796112,0.2578125,0.65625,8,64,512,223.01570000126958,1.2895685607032343,2.628799979230462,50.58962664046518,37.18630000366829,1.309399131720626,3.514523829874783,4.823922961595409,0.006799993570894003,0.0,2.4011912312298325,2.415931736794683,0,35.87175310169354,2295.7921985083867,2097152.0,2,0.5,0.5,0.0,0.0,0.0,78.63284788126379,0.006699992809444666,0.0,62.18541395438679,16.440733934067545,0,1,0,15.349393405176837,63.283454476086945,0.0,1048576,1048576,0,8,4,0.25,2,0.5,0,1,1.0,0.17369072493825644,3,3,0,1.0,0.0,0.0,1.0,0,0.5,0.5,0.0,0.947265625,0.052734375,0.0,256,1024,0,0.0,218.03198072159554,63.70240003161598,0.0,145.64089096089322,8.688689729086336,0,352.2703195011123,0,129.2546194998427,5.158274242812937e-07,1.0515199916921847e-06,2.9355786425955325e-06,1.309399131720626e-07,3.5145238298747837e-07,8.170272656229916e-07,5.8023456203515435e-06,predictor_only,nsga2
0,109,109,train,2.7213754653930664,0.2578125,0.642578125,8,64,512,225.94049999315757,1.208419918560799,2.2190295021314053,48.43203417056655,40.91130000597332,1.3206496224901878,3.193663124512848,4.514312747003036,0.006799993570894003,0.0,2.4233582589870206,2.084154494445121,0,35.407395278168345,2266.073297802774,2097152.0,2,0.5,0.5,0.0,0.0,0.0,76.82344239464604,0.008099988917820156,0.0,59.52166041363029,17.293681992097923,0,1,0,16.433838662147124,60.38960373249891,0.0,1048576,1048576,0,8,4,0.25,2,0.5,0,1,1.0,0.13364216641330787,3,0,3,0.0,2.0,0.5,2.0,3,0.5,0.5,0.0,0.9638671875,0.0361328125,0.0,256,1024,0,0.0,207.43793436503506,54.29369998455513,0.0,145.83946567685726,7.304768703622659,0,352.2703195011123,0,126.32981950795471,4.833679674243196e-07,8.87611800852562e-07,2.9280058804370655e-06,1.3206496224901877e-07,3.193663124512848e-07,8.011021012707548e-07,5.5515190246850045e-06,predictor_only,nsga2
0,110,110,train,2.609614849090576,0.248046875,0.658203125,8,64,512,171.75520000455435,1.2001088498431423,2.207027802398551,60.032412352157465,39.58060000149999,1.2831153526034638,2.8571032309687237,4.140218583572187,0.006300004315562546,0.0,2.4478443723570567,1.6860742068995684,0,46.57764901521965,2980.9695369740575,2097152.0,2,0.5,0.5,0.0,0.0,0.0,76.86879498926052,0.006600006599910557,0.0,59.674316797123886,17.18787818553672,0,1,0,16.92767340872573,59.941121580534784,0.0,1048576,1048576,0,8,4,0.25,2,0.5,0,1,1.0,0.10351650354811201,3,3,0,1.0,0.0,0.0,1.0,0,0.5,0.5,0.0,0.9541015625,0.0458984375,0.0,256,1024,0,0.0,253.75819601759662,99.99530004279222,0.0,146.68154466922948,7.081351305574902,0,352.2703195011123,0,180.51511949655793,4.800435399372569e-07,8.828111209594204e-07,3.3646175912593716e-06,1.283115352603464e-07,2.8571032309687234e-07,8.025432967100566e-07,5.9440374072233245e-06,predictor_only,nsga2
0,111,111,train,2.688749849796295,0.228515625,0.619140625,8,64,512,194.2196000018157,1.2399490978726606,2.320950451474868,49.00397577984532,36.010399999213405,1.244921042472914,3.4186938755856877,4.6636149180586015,0.006300004315562546,0.0,2.462655841034671,2.1946590727083675,0,41.1902753874986,2636.1776247999105,2097152.0,2,0.0,0.5,0.5,0.0,0.0,87.15595264162248,0.006699992809444666,0.0,69.27920829895147,17.870044349861566,0,1,0,0.0,64.1396294895484,23.016323152074083,0,1048576,1048576,8,4,0.25,2,0.5,0,1,1.0,0.24103284089209526,3,0,3,0.0,2.0,0.5,2.0,3,0.5,0.5,0.0,0.9482421875,0.0517578125,0.0,256,1024,0,0.0,210.25950131677138,54.453199976705946,0.0,145.74673729830664,10.05956404175878,0,352.2703195011123,0,158.05071949929658,4.959796391490643e-07,9.283801805899473e-07,2.9618113778868937e-06,1.244921042472914e-07,3.418693875585688e-07,9.17592172720373e-07,5.770124862152139e-06,predictor_only,nsga2
0,112,112,train,2.4968841075897217,0.265625,0.658203125,8,64,512,182.0709000021452,1.3156018509476581,2.3707488628394664,51.84372986358767,35.28019999794196,1.1118715867675628,3.1894384504546176,4.30131003722218,0.00650000583846122,0.0,2.129539167615346,2.1652708637683733,0,43.93868576043718,2812.0758886679796,2097152.0,2,0.5,0.5,0.0,0.0,0.0,77.02404134492222,0.007800001185387373,0.0,58.85643140762963,18.15980993610721,0,1,0,17.585508080328115,59.43853326459411,0.0,1048576,1048576,0,8,4,0.25,2,0.5,0,1,1.0,0.26061071707684524,3,3,0,1.0,0.0,0.0,1.0,0,0.5,0.5,0.0,0.955078125,0.044921875,0.0,256,1024,0,0.0,222.12032230949916,66.67809998907614,0.0,147.4410503922448,8.001171928178191,0,352.2703195011123,0,170.19941949896707,5.262407403790632e-07,9.482995451357866e-07,3.093543668105639e-06,1.1118715867675629e-07,3.189438450454618e-07,8.054114296098786e-07,5.803626386952586e-06,predictor_only,nsga2
0,113,113,train,2.561540186405182,0.271484375,0.66796875,8,64,512,213.14279999933206,1.2688809531711847,2.3997472994905955,50.15344004961409,36.12190000421833,1.1664823171220655,3.103561223970316,4.270043541092382,0.00650000583846122,0.0,2.157189046046481,2.1063544892074395,0,37.53334603223303,2402.1341460629137,2097152.0,2,0.5,0.5,0.0,0.0,0.0,74.49164542204186,0.006999995093792677,0.0,57.850304100518215,16.634341326429848,0,1,0,15.786826595118745,58.704818826923116,0.0,1048576,1048576,0,8,4,0.25,2,0.5,0,1,1.0,0.2307606527190679,3,0,3,0.0,2.0,0.5,2.0,3,0.5,0.5,0.0,0.943359375,0.056640625,0.0,256,1024,0,0.0,215.2882732091035,57.4839999753749,0.0,149.35690678833402,8.447366445394602,0,352.2703195011123,0,139.12751950178023,5.075523812684739e-07,9.598989197962382e-07,2.9678216164453113e-06,1.1664823171220656e-07,3.1035612239703165e-07,7.764901074106562e-07,5.638767379029918e-06,predictor_only,nsga2
0,114,114,train,2.4666895866394043,0.3125,0.693359375,8,64,512,211.9204000046011,1.3440497213456681,2.283879500711234,59.85030439071946,36.60339998896234,1.2019493144073217,3.1860569072710607,4.388006221678382,0.006399990525096655,0.0,2.3925152744343343,1.9890909567189519,0,37.74984498887941,2415.9900792882822,2097152.0,2,0.5,0.5,0.0,0.0,0.0,78.50637849257811,0.006400005077011883,0.0,61.34759149694712,17.15238699055398,0,1,0,16.02262855613633,62.483749936441775,0.0,1048576,1048576,0,8,4,0.25,2,0.5,0,1,1.0,0.17369072493825644,3,3,0,1.0,0.0,0.0,1.0,0,0.5,0.5,0.0,0.9482421875,0.0517578125,0.0,256,1024,0,0.0,253.91293445110546,97.11799997603521,0.0,148.4897404209673,8.305194054102934,0,352.2703195011123,0,140.34991949651118,5.376198885382673e-07,9.135518002844937e-07,3.4651453713452663e-06,1.2019493144073217e-07,3.186056907271061e-07,8.171090420380538e-07,6.172226724373918e-06,predictor_only,nsga2
0,115,115,train,2.5468710064888,0.28515625,0.650390625,8,64,512,182.2874000063166,1.2581796600868964,2.4141919639110787,61.23982151816396,37.52899999381043,1.1467844129916387,3.3194070207100594,4.466191433701698,0.006700007361359894,0.0,2.354833229728199,2.104658196612139,0,43.886500730286656,2808.736046738346,2097152.0,2,0.0,0.0,1.0,0.0,0.0,48.606807776369195,0.007399998139590025,0.0,31.69411116406803,16.905296614161575,0,1,0,0.0,0.0,24.303403888184597,0,0,2097152,8,4,0.25,2,0.5,0,1,1.0,0.26061071707684524,3,0,3,0.0,2.0,0.5,2.0,3,0.5,0.5,0.0,0.9462890625,0.0537109375,0.0,256,1024,0,0.0,259.6487725686477,101.18320003675763,0.0,150.77043964700422,7.695132884885897,0,352.2703195011123,0,169.98291949479568,5.032718640347585e-07,9.656767855644315e-07,3.4000334216364445e-06,1.1467844129916386e-07,3.31940702071006e-07,5.349573527702564e-07,5.85055856737606e-06,predictor_only,nsga2
0,116,116,train,2.3738458156585693,0.322265625,0.681640625,8,64,512,2616.1449999926845,1.8657167694220769,44.947406954381066,541.0720288623552,200.76890000200365,2.5340851354133305,81.75894545796642,84.29303059337975,0.00689999433234334,0.0,2.2516858855175763,82.03444471352984,0,3.0579333110699363,195.70773190847592,2097152.0,2,0.5,0.5,0.0,0.0,0.0,81.1905866537984,0.007199996616691351,0.0,63.98284073639368,17.200545920788024,0,1,0,17.229466096560245,63.96112055723816,0.0,1048576,1048576,0,8,4,0.25,2,0.5,0,1,1.0,0.18595995617580352,3,3,0,1.0,0.0,0.0,1.0,0,0.5,0.5,0.0,0.9521484375,0.0478515625,0.0,256,1024,0,0.0,2351.540610344633,2011.6720000078203,0.0,148.00142371586773,191.86718662094523,0,1038.7852914991495,1,-1577.359708493535,7.462867077688307e-07,1.797896278175243e-05,2.4055902901617282e-05,2.5340851354133304e-07,8.175894545796641e-06,8.463647987311046e-07,5.2056820249207624e-05,predictor_only,nsga2
0,117,117,train,2.5965752601623535,0.267578125,0.640625,8,64,512,193.023899992113,1.2346989764735063,2.296775844889725,62.54842468790168,37.35949999827426,1.3157518600965008,3.1116087835752717,4.427360643671772,0.007100010407157242,0.0,2.4023944200123144,2.017866213252301,0,41.44543009905396,2652.5075263394533,2097152.0,2,0.5,0.5,0.0,0.0,0.0,80.45318939562895,0.007700000423938036,0.0,61.57765310568441,18.867836289520604,0,1,0,16.477101986310604,63.976087409318346,0.0,1048576,1048576,0,8,4,0.25,2,0.5,0,1,1.0,0.2201412464909665,3,0,3,0.0,2.0,0.5,2.0,3,0.5,0.5,0.0,0.951171875,0.048828125,0.0,256,1024,0,0.0,264.3195980370596,109.4714999635471,0.0,146.54318289764348,8.30491517586903,0,1038.7852914991495,0,845.7613915070365,4.938795905894026e-07,9.187103379558901e-07,3.5267174172370956e-06,1.3157518600965009e-07,3.1116087835752715e-07,8.374860979289107e-07,6.219529508078476e-06,predictor_only,nsga2
0,118,118,train,2.4795822501182556,0.27734375,0.66796875,8,64,512,226.60219999670517,1.268208556789271,2.3155369140314903,60.87094662753812,37.60530000727158,1.3165805622195426,2.954630911079131,4.271211473298674,0.006700007361359894,0.0,2.3762849862238267,1.8882264797134871,0,35.30400276834714,2259.456177174217,2097152.0,2,0.5,0.5,0.0,0.0,0.0,78.11759217749125,0.006699992809444666,0.0,60.01391000596716,18.096982178714647,0,1,0,16.80962161175823,61.30797056573302,0.0,1048576,1048576,0,8,4,0.25,2,0.5,0,1,1.0,0.2091524583687337,3,3,0,1.0,0.0,0.0,1.0,0,0.5,0.5,0.0,0.9482421875,0.0517578125,0.0,256,1024,0,0.0,257.81876839343556,100.57919996324927,0.0,148.77475890907147,8.464809521114852,0,1038.7852914991495,0,812.1830915024443,5.072834227157084e-07,9.262147656125963e-07,3.5090451807703208e-06,1.3165805622195426e-07,2.954630911079131e-07,8.14795164998429e-07,6.184459681426921e-06,predictor_only,nsga2
0,119,119,train,2.406313419342041,0.328125,0.6953125,8,64,512,198.692599995411,1.2906785636655762,2.3780300572987008,49.3321955461036,37.33950000605546,1.2276678880728018,2.9987949736453805,4.226462861718183,0.006499991286545992,0.0,2.4919768861792075,1.7279859842524288,0,40.26299790322772,2576.831865806574,2097152.0,2,0.5,0.5,0.0,0.0,0.0,79.07555764152045,0.007099995855242014,0.0,62.560236884854945,16.50822076081026,0,1,0,16.749246661076903,62.326310980443544,0.0,1048576,1048576,0,8,4,0.25,2,0.5,0,1,1.0,0.2201412464909665,3,0,3,0.0,2.0,0.5,2.0,3,0.5,0.5,0.0,0.9443359375,0.0556640625,0.0,256,1024,0,0.0,212.00361666827152,54.68800006201491,0.0,148.98072972688374,8.334886879372856,0,1038.7852914991495,0,840.0926915037385,5.162714254662305e-07,9.512120229194804e-07,2.952239858640894e-06,1.2276678880728018e-07,2.9987949736453803e-07,8.242540697373583e-07,5.666623662935781e-06,predictor_only,nsga2
0,120,120,train,2.5152926445007324,0.298828125,0.671875,8,64,512,204.1590000008,1.2213151347948543,2.272918257226954,47.53764454658038,35.371200006920844,1.318724202140683,3.0257123946635414,4.344436596804225,0.006399990525096655,0.0,2.5392983425243374,1.7987382637547902,0,39.18495297790288,2507.8369905857844,2097152.0,2,0.5,0.5,0.0,0.0,0.0,76.37168409436856,0.006999995093792677,0.0,58.388839072490676,17.975845026784093,0,1,0,16.607749972481788,59.76393412188678,0.0,1048576,1048576,0,8,4,0.25,2,0.5,0,1,1.0,0.19776865982085054,3,3,0,1.0,0.0,0.0,1.0,0,0.5,0.5,0.0,0.9560546875,0.0439453125,0.0,256,1024,0,0.0,204.12751175440877,50.96189999312628,0.0,145.56422928824244,7.601382473040062,0,1038.7852914991495,0,834.6262914983495,4.885260539179417e-07,9.091673028907818e-07,2.779696649418765e-06,1.3187242021406833e-07,3.0257123946635414e-07,7.969323408886492e-07,5.40876600679656e-06,predictor_only,nsga2
0,121,121,train,2.5721864700317383,0.251953125,0.646484375,8,64,512,93.90330000314862,1.2709366569547478,2.4424598877689165,35.91371767758006,49.43140000978019,1.2511137726385055,3.4699706477980845,4.72108442043659,0.005699999746866524,0.0,2.3382237844769116,2.3771606362128117,0,85.19311681926983,5452.359476433269,2097152.0,2,0.5,0.5,0.0,0.0,0.0,80.95644515384139,0.006400019628927112,0.0,61.929204697663025,19.020840436549445,0,1,0,16.074187547047433,64.88225760679396,0.0,1048576,1048576,0,8,4,0.25,2,0.5,0,1,1.0,0.2091524583687337,3,0,3,0.0,2.0,0.5,2.0,3,0.5,0.5,0.0,0.951171875,0.048828125,0.0,256,1024,0,0.0,158.5084568892149,0.04649997572414577,0.0,149.89354111430748,8.568415799183244,0,1038.7852914991495,0,944.8819914960009,5.083746627818991e-07,9.769839551075667e-07,2.4414383346298947e-06,1.2511137726385056e-07,3.4699706477980846e-07,8.417128266325088e-07,5.240618221195529e-06,predictor_only,nsga2
0,122,122,train,2.5436821579933167,0.2421875,0.673828125,8,64,512,199.182699987432,1.2681003306461922,2.128945341760185,65.65623910467076,40.295400001923554,1.2587839143795898,2.6936379677327706,3.9524218821123602,0.006699992809444666,0.0,2.3589316429278124,1.5867902463751034,0,40.16392907906009,2570.4914610598457,2097152.0,2,0.5,0.5,0.0,0.0,0.0,76.03884177760229,0.006199989002197981,0.0,57.53107452867503,18.50156725992506,0,1,0,17.463646521767842,58.575195255834444,0.0,1048576,1048576,0,8,4,0.25,2,0.5,0,1,1.0,0.19776865982085054,3,3,0,1.0,0.0,0.0,1.0,0,0.5,0.5,0.0,0.947265625,0.052734375,0.0,256,1024,0,0.0,276.21313910830855,0.04539996734820306,120.0,149.636558663573,6.531180477387333,0,1038.7852914991495,0,839.6025915117175,5.07240132258477e-07,8.51578136704074e-07,3.5493140173060914e-06,1.2587839143795897e-07,2.693637967732771e-07,7.953157108195585e-07,6.098690185299438e-06,predictor_only,nsga2
0,123,123,train,2.5177568793296814,0.26953125,0.658203125,8,64,512,193.27299999713432,1.2978500516164004,2.387566309937519,43.305576462246705,36.878600003547035,1.2511947663948781,2.925326988106718,4.1765217545015965,0.007199996616691351,0.0,2.3025825491027105,1.8667392087821941,0,41.39201341162607,2649.0888583440683,2097152.0,2,0.5,0.5,0.0,0.0,0.0,81.95138322192028,0.006599992047995329,0.0,62.99475210304259,18.9500311268297,0,1,0,16.984147789262526,64.96723543265776,0.0,1048576,1048576,0,8,4,0.25,2,0.5,0,1,1.0,0.18595995617580352,3,0,3,0.0,2.0,0.5,2.0,3,0.5,0.5,0.0,0.9521484375,0.0478515625,0.0,256,1024,0,0.0,187.9639712952025,34.07309997419361,0.0,146.71269518726842,7.178176133740477,0,1038.7852914991495,0,845.5122915020152,5.191400206465601e-07,9.550265239750077e-07,2.6737458183057487e-06,1.251194766394878e-07,2.925326988106718e-07,8.534821277977278e-07,5.4190466661752035e-06,predictor_only,nsga2
0,124,124,train,2.6416752338409424,0.240234375,0.63671875,8,64,512,105.57089999201708,1.2691476412559648,2.4602370162964373,35.321907106886655,51.54939999920316,1.3420025928063128,3.3081511059777764,4.65015369878409,0.006800008122809231,0.0,2.4624825070382004,2.180871183623079,0,75.77774010513146,4849.775366728413,2097152.0,2,0.5,0.5,0.0,0.0,0.0,76.07029244739003,0.007100010407157242,0.0,58.614186002783285,17.449006434199585,0,1,0,17.079043216372263,58.99124923101777,0.0,1048576,1048576,0,8,4,0.25,2,0.5,0,1,1.0,0.26994862967019156,3,3,0,1.0,0.0,0.0,1.0,0,0.5,0.5,0.0,0.9296875,0.0703125,0.0,256,1024,0,0.0,156.20516705775623,0.047200010158121586,0.0,147.51241666550962,8.645550382088473,0,1038.7852914991495,0,933.2143915071324,5.07659056502386e-07,9.84094806518575e-07,2.3910085652960144e-06,1.342002592806313e-07,3.3081511059777766e-07,7.948610109066448e-07,5.1426388091020295e-06,predictor_only,nsga2
0,125,125,train,2.566649615764618,0.240234375,0.66015625,8,64,512,98.09319999476429,1.307785452496573,2.2303431395913864,36.01781869228815,48.600500012980774,1.1707745561157652,2.94007451544212,4.110849071557885,0.00650000583846122,0.0,2.181111475585015,1.9232375901344094,0,81.55426111255298,5219.472711203391,2097152.0,2,0.5,0.5,0.0,0.0,0.0,80.56723105326179,0.006599992047995329,0.0,62.29550702598665,18.26512403522714,0,1,0,16.0933785370203,64.4738525162415,0.0,1048576,1048576,0,8,4,0.25,2,0.5,0,1,1.0,0.2201412464909665,3,0,3,0.0,2.0,0.5,2.0,3,0.5,0.5,0.0,0.9482421875,0.0517578125,0.0,256,1024,0,0.0,158.2237891375044,0.04970001464243978,0.0,151.3197706933376,6.854318429524362,0,1038.7852914991495,0,940.6920915043852,5.231141809986292e-07,8.921372558365547e-07,2.3526521451461923e-06,1.1707745561157653e-07,2.94007451544212e-07,8.378590676066586e-07,5.016847556743823e-06,predictor_only,nsga2
0,126,126,train,2.536534547805786,0.24609375,0.654296875,8,64,512,210.66529999370687,1.2262955475027129,2.2382931540413,48.82438536013372,39.43430000799708,1.1923822641296384,2.8972104897559268,4.089592753885565,0.006999995093792677,0.0,2.25130560889571,1.8312871498960623,0,37.974749640730295,2430.383977006739,2097152.0,2,0.5,0.5,0.0,0.0,0.0,73.35358160454768,0.008500006515532732,0.0,55.29940663915379,18.045674958878358,0,1,0,15.751686477823995,57.60189512672368,0.0,1048576,1048576,0,8,4,0.25,2,0.5,0,1,1.0,0.18595995617580352,3,3,0,1.0,0.0,0.0,1.0,0,0.5,0.5,0.0,0.9482421875,0.0517578125,0.0,256,1024,0,0.0,209.1558962467109,55.96120002155658,0.0,145.71432247908507,7.480373746069295,0,1038.7852914991495,0,828.1199915054426,4.905182190010852e-07,8.953172616165199e-07,2.962959466243658e-06,1.1923822641296384e-07,2.8972104897559266e-07,7.650391890011248e-07,5.522793411250944e-06,predictor_only,nsga2
0,127,127,train,2.5475199222564697,0.232421875,0.6640625,8,64,512,1663.4989000012865,1.3410186915093922,85.88693341635481,49.74191015320514,636.5598999982467,1.3380289310149227,200.0908444298704,201.42887336088532,0.007700000423938036,0.0,2.4800035421018114,198.94116981835958,0,4.809137650079698,307.7848096051007,2097152.0,2,0.5,0.5,0.0,0.0,0.0,74.36787023943585,0.00829999044071883,0.0,55.76307027883333,18.596499970161794,0,1,0,16.907017338237083,57.46085290119876,0.0,1048576,1048576,0,8,4,0.25,2,0.5,0,1,1.0,0.2201412464909665,3,0,3,0.0,2.0,0.5,2.0,3,0.5,0.5,0.0,0.9482421875,0.0517578125,0.0,256,1024,0,0.0,547.8794490442773,57.17339998227544,0.0,149.2814784314466,341.4245706305552,0,1701.5484034999092,0,38.0495034986227,5.364074766037569e-07,3.435477336654192e-05,2.919801762418046e-06,1.338028931014923e-07,2.000908444298704e-05,7.774927370708326e-07,5.8731362678723083e-05,predictor_only,nsga2
0,128,128,train,2.5975701808929443,0.26171875,0.673828125,8,64,512,272.70770000177436,1.2310187676220241,6.277929329000202,80.18430723530672,34.80509998917114,1.1196271303062577,10.644854185458636,11.764481315764893,0.008499991963617504,0.0,2.128942975906491,9.627038347894786,0,29.335331069188292,1877.4611884280507,2097152.0,2,0.5,0.5,0.0,0.0,0.0,75.26010732124044,0.007000009645707905,0.0,57.08926119611522,18.16384611547951,0,1,0,16.53798570744053,58.72212161379991,0.0,1048576,1048576,0,8,4,0.25,2,0.5,0,1,1.0,0.2201412464909665,3,3,0,1.0,0.0,0.0,1.0,0,0.5,0.5,0.0,0.955078125,0.044921875,0.0,256,1024,0,0.0,350.7730213277158,178.72070000157692,0.0,148.113176132174,23.93914519396486,0,1701.5484034999092,0,1428.8407034981349,4.924075070488097e-07,2.5111717316000803e-06,4.220457811841481e-06,1.1196271303062579e-07,1.0644854185458636e-06,7.856770446272854e-07,9.186162226694145e-06,predictor_only,nsga2
0,129,129,train,2.5642080307006836,0.271484375,0.658203125,8,64,512,210.2697999944212,1.2494419031959219,2.3131551578834273,65.69276751596904,41.422800000873394,1.1461717666604483,2.9509975202510432,4.097169286911491,0.00650000583846122,0.0,2.358859248612781,1.731810032460249,0,38.04617664560297,2434.95530531859,2097152.0,2,0.5,0.5,0.0,0.0,0.0,80.57740027734334,0.006100002792663872,0.0,62.317718058637766,18.253582215912903,0,1,0,17.532921343677465,63.04447893366587,0.0,1048576,1048576,0,8,4,0.25,2,0.5,0,1,1.0,0.19776865982085054,3,0,3,0.0,2.0,0.5,2.0,3,0.5,0.5,0.0,0.943359375,0.056640625,0.0,256,1024,0,0.0,277.02145830819353,0.048299989430233836,120.0,148.7552081891714,8.217950129591852,0,1701.5484034999092,0,1491.278603505488,4.997767612783687e-07,9.252620631533708e-07,3.7151324396353372e-06,1.1461717666604484e-07,2.950997520251043e-07,8.408398454607883e-07,6.390728038219015e-06,predictor_only,nsga2
0,130,130,train,2.4763999581336975,0.25,0.6875,8,64,512,211.8822999909753,1.291732574222507,2.3657959570376565,49.18819760775644,54.62390001048334,1.2942498462863172,3.412117702624607,4.706367548910924,0.006799993570894003,0.0,2.33449537525658,2.36507218008345,0,37.75663301610246,2416.4245130305576,2097152.0,2,0.5,0.5,0.0,0.0,0.0,79.27539841155198,0.006300004315562546,0.0,61.80961890621199,17.45947950102443,0,1,0,16.99589832595053,62.27950008560145,0.0,1048576,1048576,0,8,4,0.25,2,0.5,0,1,1.0,0.2201412464909665,3,3,0,1.0,0.0,0.0,1.0,0,0.5,0.5,0.0,0.9482421875,0.0517578125,0.0,256,1024,0,0.0,211.38290455606642,57.093100011115894,0.0,146.6576769333759,7.632127611574621,0,1701.5484034999092,0,1489.666103508934,5.166930296890028e-07,9.463183828150627e-07,2.915314769344997e-06,1.2942498462863173e-07,3.4121177026246066e-07,8.267457807674209e-07,5.675708717507575e-06,predictor_only,nsga2
0,131,131,train,2.4588327407836914,0.291015625,0.658203125,8,64,512,96.10140000586398,1.2221776430441127,2.269451632236214,35.47233388777154,49.92079999647103,1.16841463099291,3.1980062254068358,4.3664208563997455,0.005799985956400633,0.0,2.407398808310951,1.9532220621323944,0,83.2445391531518,5327.650505801716,2097152.0,2,0.5,0.5,0.0,0.0,0.0,78.27519826632984,0.006400005077011883,0.0,59.659126994592796,18.609671266660037,0,1,0,15.579304576580792,62.69589368974905,0.0,1048576,1048576,0,8,4,0.25,2,0.5,0,1,1.0,0.2509772150348662,3,0,3,0.0,2.0,0.5,2.0,3,0.5,0.5,0.0,0.9453125,0.0546875,0.0,256,1024,0,0.0,155.85585265220743,0.04720005381386727,0.0,148.34237286880054,7.466279729593069,0,1701.5484034999092,0,1605.4470034940452,4.88871057217645e-07,9.077806528944858e-07,2.324470355995902e-06,1.1684146309929101e-07,3.198006225406836e-07,8.139105918164601e-07,4.9716747435644676e-06,predictor_only,nsga2
0,132,132,train,2.365580677986145,0.2890625,0.7109375,8,64,512,213.590799990925,1.2840371632406447,2.5239684930337836,50.48429427538825,41.619799987529404,1.1822077664384447,3.18334404015496,4.365551806593405,0.006400005077011883,0.0,2.2175198249221326,2.14163197659426,0,37.454621386869256,2397.0957687596324,2097152.0,2,0.5,0.5,0.0,0.0,0.0,76.4080286575989,0.007499998901039362,0.0,59.20624425349638,17.194284405201486,0,1,0,16.5271286597827,59.8808999978162,0.0,1048576,1048576,0,8,4,0.25,2,0.5,0,1,1.0,0.20915249756217386,3,3,0,1.0,0.0,0.0,1.0,0,0.5,0.5,0.0,0.9521484375,0.0478515625,0.0,256,1024,0,0.0,217.1691997266507,63.88180002977606,0.0,145.58377145045623,7.7036282464184325,0,1701.5484034999092,0,1487.9576035089842,5.136148652962579e-07,1.0095873972135135e-06,2.8841393366143988e-06,1.1822077664384447e-07,3.1833440401549605e-07,7.971345438955544e-07,5.641031323679065e-06,predictor_only,nsga2
0,133,133,train,2.30903959274292,0.326171875,0.712890625,8,64,512,93.64920000371058,1.1901539613023666,2.3895504595375137,35.3284696930059,47.74049999832641,1.2739476703238255,3.3384427017005915,4.612390372024417,0.005799985956400633,0.0,2.5890510787361007,2.0175393073319157,0,85.42427031317634,5467.1533000432855,2097152.0,2,0.5,0.5,0.0,0.0,0.0,74.81221216719483,0.007199996616691351,0.0,57.03751929303898,17.76749287753915,0,1,0,16.03160688772692,58.780605279467906,0.0,1048576,1048576,0,8,4,0.25,2,0.5,0,1,1.0,0.2091524583687337,3,0,3,0.0,2.0,0.5,2.0,3,0.5,0.5,0.0,0.953125,0.046875,0.0,256,1024,0,0.0,155.63269645538313,0.04600001557264477,0.0,147.6976337730103,7.889062666800177,0,1701.5484034999092,0,1607.8992034961987,4.760615845209467e-07,9.558201838150054e-07,2.3656343267696e-06,1.2739476703238256e-07,3.3384427017005913e-07,7.801853354474022e-07,5.0389404677553955e-06,predictor_only,nsga2
0,134,134,train,2.399675488471985,0.310546875,0.66015625,8,64,512,236.24949999793898,1.3363762027106412,2.510152102524834,49.382627637504626,37.68909999052994,1.3360231859499014,3.849966980964228,5.185990166914129,0.00689999433234334,0.0,2.3751613972853214,2.803928775296465,0,33.862362196354255,2167.1911805666723,2097152.0,2,0.5,0.5,0.0,0.0,0.0,75.00526220421403,0.00689999433234334,0.0,57.515707597155995,17.482654612725693,0,1,0,15.566092429406005,59.43916977480803,0.0,1048576,1048576,0,8,4,0.25,2,0.5,0,1,1.0,0.2201412464909665,3,3,0,1.0,0.0,0.0,1.0,0,0.5,0.5,0.0,0.947265625,0.052734375,0.0,256,1024,0,0.0,212.91662377096037,59.23060003260616,0.0,144.75490235490722,8.931121383447014,0,1141.4071460016523,0,905.1576460037134,5.345504810842566e-07,1.0040608410099338e-06,2.9751875911600705e-06,1.3360231859499016e-07,3.8499669809642285e-07,7.811848069009524e-07,5.813582736846626e-06,predictor_only,nsga2
0,135,135,train,2.3793975710868835,0.298828125,0.685546875,8,64,512,101.47200000938028,1.2274287084781486,2.231552613936989,34.909317418001024,50.13199998938944,1.114998996692781,2.837825006682097,3.952824003374878,0.00589998671784997,0.0,2.30071751207219,1.6462065045848377,0,78.83870585535533,5045.677174742741,2097152.0,2,0.5,0.5,0.0,0.0,0.0,82.029889393942,0.006700021913275123,0.0,63.58507893051445,18.43811044151427,0,1,0,17.632174914886804,64.3977144790552,0.0,1048576,1048576,0,8,4,0.25,2,0.5,0,1,1.0,0.26061071707684524,3,0,3,0.0,2.0,0.5,2.0,3,0.5,0.5,0.0,0.9482421875,0.0517578125,0.0,256,1024,0,0.0,153.4731949616646,0.04470002022571862,0.0,146.15439713869938,7.274097802739545,0,1141.4071460016523,0,1039.935145992272,4.909714833912594e-07,8.926210455747956e-07,2.40098150401041e-06,1.114998996692781e-07,2.837825006682097e-07,8.555632437691936e-07,5.035419677083147e-06,predictor_only,nsga2
0,136,136,train,2.5878490805625916,0.23828125,0.630859375,8,64,512,109.83509999641683,1.242944036182714,2.487338924029412,36.02429050834505,48.86520000582095,1.1302436003944512,3.440582087249023,4.570825687643474,0.006599992047995329,0.0,2.1135400669982807,2.450685628597198,0,72.83579806876776,4661.4910764011365,2097152.0,2,0.5,0.5,0.0,0.0,0.0,76.5590686888643,0.007399998139590025,0.0,57.69606556071123,18.855603130013478,0,1,0,17.006980329920346,59.55208835894396,0.0,1048576,1048576,0,8,4,0.25,2,0.5,0,1,1.0,0.18595995617580352,3,3,0,1.0,0.0,0.0,1.0,0,0.5,0.5,0.0,0.9521484375,0.0478515625,0.0,256,1024,0,0.0,159.0182938742287,0.049699985538609326,0.0,150.01156531686678,8.957028571823333,0,1141.4071460016523,0,1031.5720460052355,4.971776144730857e-07,9.949355696117646e-07,2.457354605668363e-06,1.1302436003944512e-07,3.440582087249023e-07,7.996046475484838e-07,5.206155006066045e-06,predictor_only,nsga2
0,137,137,train,2.4726967215538025,0.267578125,0.6640625,8,64,512,87.23489999829326,1.3454371117738406,2.4847212191114156,35.05440774971489,54.12200000137091,1.2578471171899182,3.5597262358755173,4.817573353065436,0.006000016583129764,0.0,2.220232013764524,2.5913413227177817,0,91.70536442171763,5869.1433229899285,2097152.0,2,0.5,0.5,0.0,0.0,0.0,79.41524651367364,0.006299989763647318,0.0,61.14024358665697,18.26870293725302,0,1,0,16.434726092330084,62.980520421343556,0.0,1048576,1048576,0,8,4,0.25,2,0.5,0,1,1.0,0.19776865982085054,3,0,3,0.0,2.0,0.5,2.0,3,0.5,0.5,0.0,0.9345703125,0.0654296875,0.0,256,1024,0,0.0,155.5382643224006,0.04810000245925039,0.0,146.91506254736692,8.57510177257445,0,1141.4071460016523,0,1054.172246003359,5.381748447095362e-07,9.938884876445664e-07,2.3256546574405526e-06,1.2578471171899184e-07,3.559726235875517e-07,8.270219173213966e-07,5.166497242422595e-06,predictor_only,nsga2
0,138,138,train,2.408652365207672,0.30078125,0.671875,8,64,512,199.96540001011454,1.1914958608197448,2.307148881751475,48.50129812758719,35.39449999516364,1.1855340860145291,3.0516237770801906,4.23715786309472,0.007200011168606579,0.0,2.2451984975160686,1.9847593544100446,0,40.00672112712611,2560.4301521360712,2097152.0,2,0.5,0.5,0.0,0.0,0.0,77.92630841459948,0.006800008122809231,0.0,59.155194580901494,18.76431382557518,0,1,0,17.703114678268562,60.22319373633092,0.0,1048576,1048576,0,8,4,0.25,2,0.5,0,1,1.0,0.20915249756217386,3,3,0,1.0,0.0,0.0,1.0,0,0.5,0.5,0.0,0.947265625,0.052734375,0.0,256,1024,0,0.0,207.99977148063368,55.17389997839928,0.0,145.60127737444253,7.22459412779186,0,1141.4071460016523,0,941.4417459915378,4.765983443278979e-07,9.228595527005901e-07,2.9068471929974477e-06,1.1855340860145291e-07,3.0516237770801907e-07,8.146693135025319e-07,5.5446901898379395e-06,predictor_only,nsga2
0,139,139,train,2.593785881996155,0.244140625,0.65234375,8,64,512,210.88670000608545,1.2486937163613203,2.716382286650262,50.559622252251785,52.30159999337047,1.306824003718395,3.685508241554021,4.992332245272416,0.006799993570894003,0.0,2.343427968552633,2.642104283148889,0,37.93488192895626,2427.8324434532005,2097152.0,2,0.5,0.5,0.0,0.0,0.0,79.301690970505,0.011500000255182385,0.0,60.72455528797828,18.565635682271548,0,1,0,17.052424870200188,62.24926610030482,0.0,1048576,1048576,0,8,4,0.25,2,0.5,0,1,1.0,0.16091838189257093,3,0,3,0.0,2.0,0.5,2.0,3,0.5,0.5,0.0,0.9541015625,0.0458984375,0.0,256,1024,0,0.0,218.09879302105347,58.136399966315366,0.0,149.62188214332105,10.340510911417011,0,1141.4071460016523,0,930.5204459955669,4.994774865445282e-07,1.0865529146601048e-06,3.0999641044735636e-06,1.306824003718395e-07,3.685508241554021e-07,8.271217594454505e-07,6.012349489650889e-06,predictor_only,nsga2
0,140,140,train,2.5705606341362,0.244140625,0.62890625,8,64,512,117.10370000218973,1.4114993148577084,2.876887993221664,37.9000630366494,86.20520000113174,1.6101300058042842,4.558210800048414,6.168340805852698,0.008300004992634058,0.0,2.5839361189558896,3.576104681904174,0,68.31493526605173,4372.155857027311,2097152.0,2,0.5,0.5,0.0,0.0,0.0,74.24518246570722,0.006599992047995329,0.0,56.696434968695804,17.54214750496343,0,1,0,16.902854153483695,57.34232831222353,0.0,1048576,1048576,0,8,4,0.25,2,0.5,0,1,1.0,0.2201412464909665,3,3,0,1.0,0.0,0.0,1.0,0,0.5,0.5,0.0,0.9453125,0.0546875,0.0,256,1024,0,0.0,168.75380137891509,0.061000013374723494,0.0,149.97147762814518,18.721323737395167,0,1141.4071460016523,0,1024.3034459994626,5.645997259430833e-07,1.1507551972886657e-06,3.0623313736248745e-06,1.6101300058042841e-07,4.558210800048414e-07,7.762575329640397e-07,6.170777910405933e-06,predictor_only,nsga2
0,141,141,train,2.27035653591156,0.34375,0.705078125,8,64,512,105.3533999947831,1.299816985113294,2.184206069991227,35.47571972552222,56.42499998793937,1.3049496233971385,3.092410145634977,4.397359769032116,0.005399997462518513,0.0,2.421898568842251,1.9700612027273456,0,75.93418025631716,4859.787536404298,2097152.0,2,0.5,0.5,0.0,0.0,0.0,79.8578297095436,0.007199996616691351,0.0,63.058980583596465,16.791649129330438,0,1,0,17.025437190055044,62.83239251948855,0.0,1048576,1048576,0,8,4,0.25,2,0.5,0,1,1.0,0.16091838189257093,3,0,3,0.0,2.0,0.5,2.0,3,0.5,0.5,0.0,0.9453125,0.0546875,0.0,256,1024,0,0.0,155.83897112250696,0.04860003537032753,0.0,148.92602295337804,6.864348133758592,0,1141.4071460016523,0,1036.0537460068692,5.199267940453176e-07,8.736824279964909e-07,2.335043763101394e-06,1.3049496233971387e-07,3.0924101456349773e-07,8.32629171475546e-07,5.00101813352196e-06,predictor_only,nsga2
0,142,142,train,2.4831413626670837,0.283203125,0.6875,8,64,512,108.00049999670591,1.2866235043458971,2.4531183056536863,34.459721554404325,49.44160000013653,1.1747813617072198,3.4170176775861907,4.59179903929341,0.006100002792663872,0.0,2.2674773053628936,2.318221731137853,0,74.07304528403775,4740.674898178416,2097152.0,2,0.5,0.0,0.5,0.0,0.0,40.70284982714967,0.007499998901039362,0.0,22.454275175607567,18.24107465264106,0,1,0,16.727549163404532,0.0,23.975300663745138,1048576,0,1048576,8,4,0.25,2,0.5,0,1,1.0,0.2091524583687337,3,3,0,1.0,0.0,0.0,1.0,0,0.5,0.5,0.0,0.9580078125,0.0419921875,0.0,256,1024,0,0.0,152.79785345761564,0.04620003164745867,0.0,144.883943043598,7.867710382370143,0,1141.4071460016523,0,1033.4066460049464,5.146494017383589e-07,9.812473222614746e-07,2.367469736346651e-06,1.17478136170722e-07,3.417017677586191e-07,4.404835965983057e-07,4.763029960874131e-06,predictor_only,nsga2
0,143,143,train,2.4712181091308594,0.30078125,0.6640625,8,64,512,91.30780000123195,1.270258837108479,3.219088362904917,34.43399253958863,47.55940000177361,1.3831237267430565,4.671613474188895,6.054737200931951,0.005799985956400633,0.0,2.3238435363283245,3.7250936786472266,0,87.61477535453388,5607.345622690168,2097152.0,2,0.5,0.5,0.0,0.0,0.0,76.62142766691832,0.006799993570894003,0.0,58.015730407743575,18.598897265603842,0,1,0,17.806746057753493,58.81468160916482,0.0,1048576,1048576,0,8,4,0.25,2,0.5,0,1,1.0,0.17369072493825644,3,0,3,0.0,2.0,0.5,2.0,3,0.5,0.5,0.0,0.95703125,0.04296875,0.0,256,1024,0,0.0,155.69335895840808,0.05049999163020402,0.0,144.38829224456134,11.254566722216566,0,1141.4071460016523,0,1050.0993460004204,5.081035348433916e-07,1.2876353451619666e-06,2.2863349707915693e-06,1.3831237267430567e-07,4.671613474188896e-07,8.018277687846902e-07,5.4893753396748124e-06,predictor_only,nsga2
0,144,144,train,2.607520282268524,0.21484375,0.650390625,8,64,512,115.14520000491757,1.2323415446317088,2.9490294485188038,34.994888423726444,50.26079999515787,1.2910181111193892,4.789933022758381,6.080951133877771,0.007199996616691351,0.0,2.4841033777686086,3.589647759492471,0,69.476891114586,4446.521031333504,2097152.0,2,0.5,0.5,0.0,0.0,0.0,76.35068635178746,0.006400019628927112,0.0,58.06126780958545,18.283018522573077,0,1,0,16.87021550982695,59.48047084196051,0.0,1048576,1048576,0,8,4,0.25,2,0.5,0,1,1.0,0.16091838189257093,3,3,0,1.0,0.0,0.0,1.0,0,0.5,0.5,0.0,0.9501953125,0.0498046875,0.0,256,1024,0,0.0,156.7050376675078,0.05059999239165336,0.0,146.85202436250688,9.802413312609264,0,1141.4071460016523,0,1026.2619459967348,4.929366178526835e-07,1.1796117794075215e-06,2.3447354628134213e-06,1.2910181111193891e-07,4.789933022758382e-07,7.972472945375285e-07,5.4226262679989314e-06,predictor_only,nsga2
0,145,145,train,2.418642282485962,0.267578125,0.70703125,8,64,512,172.55160000058822,1.3087316487350802,2.2322400178034,50.15843774070635,35.6686000013724,1.2090833300291417,3.115122548180352,4.324205878209494,0.006799993570894003,0.0,2.477321132802877,1.8400847518357228,0,46.3626743379858,2967.2111576310913,2097152.0,2,0.5,0.0,0.5,0.0,0.0,40.42134653031973,0.007000009645707905,0.0,22.531644930466797,17.882701590207226,0,1,0,16.16492110096754,0.0,24.25642542935219,1048576,0,1048576,8,4,0.25,2,0.5,0,1,1.0,0.24103284089209526,3,0,3,0.0,2.0,0.5,2.0,3,0.5,0.5,0.0,0.9453125,0.0546875,0.0,256,1024,0,0.0,214.79763762897934,60.80089998431504,0.0,146.40542328735097,7.591314357313306,0,1141.4071460016523,0,968.8555460010641,5.234926594940321e-07,8.928960071213601e-07,2.9173493783333674e-06,1.2090833300291417e-07,3.1151225481803524e-07,4.365433075051324e-07,5.202701940274842e-06,predictor_only,nsga2
0,146,146,train,2.4792556166648865,0.26171875,0.662109375,8,64,512,96.9386999931885,1.2566995891448252,2.4314291149412774,35.007147555239,59.19739999808371,1.2055367126585996,3.2758254232748185,4.481362135933418,0.005599984433501959,0.0,2.159625652742479,2.3161364987574378,0,82.52552876233497,5281.633840789438,2097152.0,2,0.5,0.5,0.0,0.0,0.0,77.09203947798227,0.006400005077011883,0.0,58.220155892614564,18.86548358029068,0,1,0,18.26793827967216,58.8241011983101,0.0,1048576,1048576,0,8,4,0.25,2,0.5,0,1,1.0,0.2307606283979408,3,3,0,1.0,0.0,0.0,1.0,0,0.5,0.5,0.0,0.94921875,0.05078125,0.0,256,1024,0,0.0,154.78110503730042,0.05579997377935797,0.0,146.03389969976834,8.691405363752715,0,281.93166100005317,0,184.99296100686468,5.026798356579301e-07,9.725716459765108e-07,2.3855214141757367e-06,1.2055367126585996e-07,3.2758254232748187e-07,8.07456271339167e-07,5.116365380742687e-06,predictor_only,nsga2
0,147,147,train,2.7109932899475098,0.259765625,0.654296875,8,64,512,91.5755000023637,1.3378818090896214,2.1640143531026323,35.60459878768073,50.81249999057036,1.1240345917375916,3.055822496428621,4.179857088166212,0.00589998671784997,0.0,2.3136432400028943,1.8603138614454686,0,87.35865642160937,5590.9540109829995,2097152.0,2,0.5,0.5,0.0,0.0,0.0,75.98489818916258,0.007200011168606579,0.0,58.431303190705336,17.546394987288643,0,1,0,16.65590041161127,59.328997777551315,0.0,1048576,1048576,0,8,4,0.25,2,0.5,0,1,1.0,0.2091524583687337,3,0,3,0.0,2.0,0.5,2.0,3,0.5,0.5,0.0,0.943359375,0.056640625,0.0,256,1024,0,0.0,156.42597979949193,0.042899962863884866,0.0,149.6234886142375,6.759591222390537,0,281.93166100005317,0,190.35616099768947,5.351527236358485e-07,8.656057412410529e-07,2.3878345687574608e-06,1.1240345917375916e-07,3.0558224964286213e-07,7.931607827148485e-07,4.999739525165832e-06,predictor_only,nsga2
0,148,148,train,2.6665204763412476,0.259765625,0.630859375,8,64,512,180.7598000013968,1.2602616539299138,2.2731513345233325,42.76644501329872,35.89679999276996,1.1285330806724287,3.003751023473094,4.132284104145523,0.006399990525096655,0.0,2.159910607513405,1.9659735061070214,0,44.25738323761668,2832.4725272074675,2097152.0,2,0.5,0.5,0.0,0.0,0.0,75.87529281136203,0.006999995093792677,0.0,57.25437927580309,18.61391354046514,0,1,0,17.96341929675184,57.911873514610186,0.0,1048576,1048576,0,8,4,0.25,2,0.5,0,1,1.0,0.2201412464909665,3,3,0,1.0,0.0,0.0,1.0,0,0.5,0.5,0.0,0.9580078125,0.0419921875,0.0,256,1024,0,0.0,185.19943200700789,30.139200025587343,0.0,147.8469296601383,7.213302321282239,0,281.93166100005317,0,101.17186099865637,5.041046615719656e-07,9.09260533809333e-07,2.6632247675026e-06,1.1285330806724288e-07,3.003751023473094e-07,7.946797667071239e-07,5.284498140005576e-06,predictor_only,nsga2
0,149,149,train,2.321635901927948,0.333984375,0.70703125,8,64,512,183.75250000099186,1.2643604830710076,2.273796518194361,53.24608970729254,38.538900000276044,1.1357764305360591,2.942209808297946,4.077986238834005,0.006200018106028438,0.0,2.381370299470209,1.6904159212577674,0,43.53658569745239,2786.341484636953,2097152.0,2,0.0,0.5,0.5,0.0,0.0,86.84812778009677,0.007200011168606579,0.0,68.88658865431475,17.954339114613433,0,1,0,0.0,61.60425845283617,25.24386932726061,0,1048576,1048576,8,4,0.25,2,0.5,0,1,1.0,0.2201412464909665,3,0,3,0.0,2.0,0.5,2.0,3,0.5,0.5,0.0,0.95703125,0.04296875,0.0,256,1024,0,0.0,227.13698683423164,70.64639996679034,0.0,148.80641456639668,7.684172301044608,0,281.93166100005317,0,98.17916099906131,5.05744193228403e-07,9.095186072777445e-07,3.1319343488644582e-06,1.1357764305360591e-07,2.942209808297946e-07,9.189690164554891e-07,5.873964789709495e-06,predictor_only,nsga2
0,150,150,train,2.506176471710205,0.263671875,0.66015625,8,64,512,196.88010000390932,1.2891636618694322,2.254193448827537,60.60210441764529,61.80010001116898,1.3461272316649562,3.036834583126155,4.382961814791111,0.006100017344579101,0.0,2.3796841997081986,1.9971775977383337,0,40.63366163558183,2600.554344677237,2097152.0,2,0.5,0.5,0.0,0.0,0.0,76.78703682758102,0.009499999578110874,0.0,59.82018214554173,16.95735468246118,0,1,0,15.443409784443537,61.34362704313749,0.0,1048576,1048576,0,8,4,0.25,2,0.5,0,1,1.0,0.2091524583687337,3,3,0,1.0,0.0,0.0,1.0,0,0.5,0.5,0.0,0.951171875,0.048828125,0.0,256,1024,0,0.0,256.58184611336907,101.36900005454663,0.0,147.68228585813804,7.530560200684386,0,281.93166100005317,0,85.05156099614385,5.15665464747773e-07,9.016773795310149e-07,3.413810308050384e-06,1.3461272316649562e-07,3.0368345831261554e-07,7.987571878446974e-07,6.06820652165298e-06,predictor_only,nsga2
0,151,151,train,2.453745126724243,0.28515625,0.6484375,8,64,512,99.77590000198688,1.2070850051500315,3.0063109541380477,35.51919706360668,54.401000001234934,1.217948409550628,4.506712076811716,5.724660486362344,0.006799993570894003,0.0,2.3406859097904764,3.3771745830009743,0,80.17887907762913,5131.448260968265,2097152.0,2,0.5,0.5,0.0,0.0,0.0,76.55425258619466,0.009500014130026102,0.0,57.945023178075836,18.59972939398881,0,1,0,16.81674503942081,59.737507546773855,0.0,1048576,1048576,0,8,4,0.25,2,0.5,0,1,1.0,0.2201412464909665,3,0,3,0.0,2.0,0.5,2.0,3,0.5,0.5,0.0,0.953125,0.046875,0.0,256,1024,0,0.0,158.93037209157907,0.058600009651854634,0.0,148.87899499207668,9.992777089850556,0,281.93166100005317,0,182.15576099806628,4.828340020600127e-07,1.2025243816552191e-06,2.3486260036340705e-06,1.2179484095506283e-07,4.5067120768117165e-07,7.991760159407883e-07,5.4056264519263244e-06,predictor_only,nsga2
0,152,152,train,2.3542478680610657,0.322265625,0.6953125,8,64,512,115.92010001186281,1.2358738063979577,3.14897482262757,34.78318167706802,49.95480000798125,1.191146740349084,4.714481807369214,5.905628547718298,0.007299997378140688,0.0,2.208482315399812,3.6898462349403465,0,69.01245760419215,4416.797286668298,2097152.0,2,0.5,0.5,0.0,0.0,0.0,78.16905607483697,0.008899995009414852,0.0,60.27498542254955,17.88517065727801,0,1,0,16.120428228207615,62.04862784662936,0.0,1048576,1048576,0,8,4,0.25,2,0.5,0,1,1.0,0.241032865595602,3,3,0,1.0,0.0,0.0,1.0,0,0.5,0.5,0.0,0.943359375,0.056640625,0.0,256,1024,0,0.0,156.67212122437422,0.0462000461993739,0.0,146.42133389040703,10.204587287767783,0,281.93166100005317,0,166.01156098819035,4.943495225591831e-07,1.2595899290510282e-06,2.3132420262411485e-06,1.1911467403490841e-07,4.714481807369215e-07,8.13931417204785e-07,5.471675749827975e-06,predictor_only,nsga2
0,153,153,train,2.482501745223999,0.291015625,0.66796875,8,64,512,1723.770600001444,1.4981000692058113,46.18282201886306,119.95353405886904,52.719200000865385,1.505647656217456,92.61387530133712,94.11952295755458,0.007700000423938036,0.0,2.399410322974016,91.71241263415662,0,4.640986079590416,297.0231090937866,2097152.0,2,0.5,0.5,0.0,0.0,0.0,79.37455259456819,0.007099995855242014,0.0,62.48111327969973,16.88633931901321,0,1,0,16.33954067311466,63.035011921453524,0.0,1048576,1048576,0,8,4,0.25,2,0.5,0,1,1.0,0.17369072493825644,3,0,3,0.0,2.0,0.5,2.0,3,0.5,0.5,0.0,0.9521484375,0.0478515625,0.0,256,1024,0,0.0,670.5378245877516,0.06709998706355691,0.0,146.6626569827966,523.8080676178915,0,1141.4071460016523,1,-582.3634539997918,5.992400276823246e-07,1.8473128807545224e-05,5.915640531487814e-06,1.5056476562174563e-07,9.261387530133712e-06,8.264246072919111e-07,3.522638626976273e-05,predictor_only,nsga2
0,154,154,train,2.3878443241119385,0.30078125,0.701171875,8,64,512,114.06639999768231,1.221025022973119,2.31643406097216,35.49778076922148,35.58950001024641,1.2191930648243858,2.881496889521152,4.100689954345538,0.00689999433234334,0.0,2.449127321965642,1.6446626380475526,0,70.1339734241558,4488.574299145971,2097152.0,2,0.5,0.5,0.0,0.0,0.0,76.41735673027058,0.008499991963617504,0.0,58.025746981195134,18.383109757111832,0,1,0,16.34937714947128,60.0679795807993,0.0,1048576,1048576,0,8,4,0.25,2,0.5,0,1,1.0,0.2091524583687337,3,3,0,1.0,0.0,0.0,1.0,0,0.5,0.5,0.0,0.9580078125,0.0419921875,0.0,256,1024,0,0.0,156.14095941266706,0.04869996337220073,0.0,148.74804679551568,7.3442126537791985,0,1141.4071460016523,0,1027.34074600397,4.884100091892476e-07,9.265736243888639e-07,2.4346002431194694e-06,1.219193064824386e-07,2.881496889521152e-07,7.968723216016485e-07,5.056525193733783e-06,predictor_only,nsga2
0,155,155,train,2.387813150882721,0.30859375,0.703125,8,64,512,210.32140000897925,1.2350690059041147,2.1522117582457057,47.89660602629809,36.17089999897871,1.1810711040569202,2.9427836142281585,4.123854718285079,0.006800008122809231,0.0,2.4283003090450768,1.6887544011171929,0,38.036842484007686,2434.357918976492,2097152.0,2,0.5,0.5,0.0,0.0,0.0,75.5136440957444,0.006600006599910557,0.0,57.51124267165294,17.995801417491553,0,1,0,16.6241780717439,58.8894660240005,0.0,1048576,1048576,0,8,4,0.25,2,0.5,0,1,1.0,0.25097720212391433,3,0,3,0.0,2.0,0.5,2.0,3,0.5,0.5,0.0,0.947265625,0.052734375,0.0,256,1024,0,0.0,205.13554716179164,50.49950002285186,0.0,146.9411614725914,7.694885666348371,0,1141.4071460016523,0,931.0857459926731,4.940276023616458e-07,8.608847032982823e-07,2.932530360014426e-06,1.1810711040569202e-07,2.9427836142281587e-07,7.883847971009318e-07,5.488212934603793e-06,predictor_only,nsga2
0,156,156,train,2.2263686060905457,0.337890625,0.71484375,8,64,512,107.48549998970702,1.293357823542155,2.3730681296281797,34.875927311669884,62.646000005770475,1.1487454645817234,3.080696714388348,4.229442178970071,0.005800000508315861,0.0,2.324588941265748,1.899053237196008,0,74.42795142428199,4763.388891154047,2097152.0,2,0.5,0.5,0.0,0.0,0.0,77.56487890804242,0.006999995093792677,0.0,58.444172267284216,19.113706645664408,0,1,0,17.115519430458367,60.44935947758405,0.0,1048576,1048576,0,8,4,0.25,2,0.5,0,1,1.0,0.14759074590838162,3,3,0,1.0,0.0,0.0,1.0,0,0.5,0.5,0.0,0.96875,0.03125,0.0,256,1024,0,0.0,154.1694130593609,0.04710002394858748,0.0,146.8296191353152,7.292693900097094,0,1141.4071460016523,0,1033.9216460119453,5.17343129416862e-07,9.49227251851272e-07,2.3035445277495665e-06,1.1487454645817235e-07,3.0806967143883486e-07,8.09879827941341e-07,5.002938954856048e-06,predictor_only,nsga2
0,157,157,train,2.5329707264900208,0.248046875,0.666015625,8,64,512,91.91489999648184,1.2464699144342286,2.188481266521235,35.08243054380654,62.371199994231574,1.1998029189680668,3.0704297030071714,4.2702326219752385,0.006199989002197981,0.0,2.457284506060497,1.8067481269125436,0,87.0360840758368,5570.309380853555,2097152.0,2,0.0,0.5,0.5,0.0,0.0,92.29805364574464,0.006799993570894003,0.0,73.80415100819968,18.487102643974076,0,1,0,0.0,65.43319607414045,26.864857571604187,0,1048576,1048576,8,4,0.25,2,0.5,0,1,1.0,0.2201412464909665,3,0,3,0.0,2.0,0.5,2.0,3,0.5,0.5,0.0,0.947265625,0.052734375,0.0,256,1024,0,0.0,154.069526899048,0.04649997572414577,0.0,146.84730030734488,7.175726615978954,0,281.93166100005317,0,190.01676100357133,4.985879657736915e-07,8.75392506608494e-07,2.3621890108869627e-06,1.1998029189680668e-07,3.070429703007172e-07,9.767102516006547e-07,5.1399029970673276e-06,predictor_only,nsga2
0,158,158,train,2.3536665439605713,0.29296875,0.71484375,8,64,512,108.29170000215527,1.2885098278390967,2.4816566474867345,34.95186070227251,49.85090000263881,1.2193537902693627,3.377329631659045,4.596683421928407,0.005399997462518513,0.0,2.3067191589093934,2.2845642655564964,0,73.87386222562354,4727.927182439907,2097152.0,2,0.5,0.0,0.5,0.0,0.0,41.036158363265606,0.009600014891475439,0.0,22.99567051386724,18.030887834506892,0,1,0,16.585152511054694,0.0,24.451005852210912,1048576,0,1048576,8,4,0.25,2,0.5,0,1,1.0,0.16091838189257093,3,3,0,1.0,0.0,0.0,1.0,0,0.5,0.5,0.0,0.94921875,0.05078125,0.0,256,1024,0,0.0,154.8881087103934,0.04610001633409411,0.0,145.7882580705611,9.053750623498185,0,248.65839349426093,0,140.36669349210567,5.154039311356387e-07,9.926626589946936e-07,2.287072667254494e-06,1.219353790269363e-07,3.3773296316590453e-07,4.435318886547654e-07,4.698339488232433e-06,predictor_only,nsga2
0,159,159,train,2.4139552116394043,0.27734375,0.68359375,8,64,512,163.2032000052277,1.2595336222773414,2.338360860792447,42.537522341267234,36.72499999811407,1.2280506159723719,2.9079519352492293,4.136002551221601,0.006600006599910557,0.0,2.2399399747348028,1.8894625698868877,0,49.01834634000686,3137.174165760439,2097152.0,2,0.5,0.5,0.0,0.0,0.0,75.51744544114015,0.007099995855242014,0.0,57.699113601577125,17.81123184370779,0,1,0,17.221487892176448,58.295957548963706,0.0,1048576,1048576,0,8,4,0.25,2,0.5,0,1,1.0,0.26994862967019156,3,0,3,0.0,2.0,0.5,2.0,3,0.5,0.5,0.0,0.947265625,0.052734375,0.0,256,1024,0,0.0,184.5416672973481,28.39270002732519,0.0,147.8677742117224,8.281193058300516,0,248.65839349426093,0,85.45519348903323,5.038134489109365e-07,9.353443443169788e-07,2.695537147975709e-06,1.228050615972372e-07,2.9079519352492296e-07,7.896174301957544e-07,5.3379126265215385e-06,predictor_only,nsga2
0,160,160,train,2.4935043454170227,0.255859375,0.6796875,8,64,512,196.92999999097083,1.2523373664907562,2.423490660910305,60.61332396149916,35.98939999938011,1.2958457522344973,3.2401465955910744,4.535992347825571,0.007000009645707905,0.0,2.310658461110859,2.2183338770690044,0,40.62336554613949,2599.8953949529273,2097152.0,2,0.5,0.5,0.0,0.0,0.0,78.10046596071979,0.006999995093792677,0.0,60.707837760701494,17.385628204924508,0,1,0,16.764814117097366,61.33565184362243,0.0,1048576,1048576,0,8,4,0.25,2,0.5,0,1,1.0,0.19776865982085054,3,3,0,1.0,0.0,0.0,1.0,0,0.5,0.5,0.0,0.9521484375,0.0478515625,0.0,256,1024,0,0.0,257.15660795560086,103.26279999571852,0.0,144.98017080637973,8.913637153502627,0,248.65839349426093,0,51.72839350329011,5.009349465963025e-07,9.69396264364122e-07,3.489518664651777e-06,1.2958457522344973e-07,3.2401465955910746e-07,8.145342878413927e-07,6.2279833982361516e-06,predictor_only,nsga2
0,161,161,train,2.4199718236923218,0.24609375,0.697265625,8,64,512,199.80250000662636,1.2590433388620998,2.188247624574316,48.96619314419158,35.7188999914797,1.0970287039406479,2.9663688927387293,4.063397596679377,0.006400005077011883,0.0,2.2409899122857557,1.8160076793166093,0,40.03933864889596,2562.5176735293417,2097152.0,2,0.5,0.5,0.0,0.0,0.0,80.22384354291388,0.006999995093792677,0.0,63.16114117799327,17.05570236982683,0,1,0,16.30392390833109,63.9199196345828,0.0,1048576,1048576,0,8,4,0.25,2,0.5,0,1,1.0,0.18595995617580352,3,0,3,0.0,2.0,0.5,2.0,3,0.5,0.5,0.0,0.953125,0.046875,0.0,256,1024,0,0.0,209.65393643051198,54.58749998069834,0.0,147.5558080624943,7.510628387319354,0,248.65839349426093,0,48.855893487634575,5.0361733554484e-07,8.752990498297263e-07,2.9082679656174204e-06,1.0970287039406479e-07,2.9663688927387294e-07,8.34846283245801e-07,5.5283703939057255e-06,predictor_only,nsga2
0,162,162,train,2.5115882754325867,0.236328125,0.63671875,8,64,512,92.75129999150522,1.2126060483915762,2.5104322771854584,35.170130433810655,49.5775000017602,1.204649140288213,3.1656299280580846,4.3702790683462975,0.005800000508315861,0.0,2.173663393174195,2.190815674663787,0,86.25123043560845,5520.078747878941,2097152.0,2,0.5,0.5,0.0,0.0,0.0,75.05302904119674,0.006699992809444666,0.0,56.122590406226955,18.923738642160338,0,1,0,16.291818811410135,58.7612102297866,0.0,1048576,1048576,0,8,4,0.25,2,0.5,0,1,1.0,0.2307606527190679,3,3,0,1.0,0.0,0.0,1.0,0,0.5,0.5,0.0,0.951171875,0.048828125,0.0,256,1024,0,0.0,155.57267503755077,0.04590001481119543,0.0,147.09713582365805,8.429639199081471,0,247.3198640017653,0,154.56856401026008,4.850424193566306e-07,1.0041729108741834e-06,2.361225982316521e-06,1.204649140288213e-07,3.1656299280580846e-07,7.831139280347876e-07,5.070583147416752e-06,predictor_only,nsga2
0,163,163,train,2.49152147769928,0.24609375,0.626953125,8,64,512,214.75900000950787,1.2469157551499732,2.3317187940561594,50.57966772847711,34.6609999978682,1.2207193213268233,3.1389260717826506,4.359645393109474,0.006400005077011883,0.0,2.5122890962553357,1.8409562917771258,0,37.25088470686265,2384.0566212392096,2097152.0,2,0.5,0.5,0.0,0.0,0.0,78.49100497331202,0.00689999433234334,0.0,61.50370229790779,16.980402681071872,0,1,0,17.57387685380555,60.91712811950646,0.0,1048576,1048576,0,8,4,0.25,2,0.5,0,1,1.0,0.2201412464909665,3,0,3,0.0,2.0,0.5,2.0,3,0.5,0.5,0.0,0.94921875,0.05078125,0.0,256,1024,0,0.0,216.633209110733,58.65639995317906,0.0,149.8996328686829,8.077176288871065,0,249.23665250345945,0,34.47765249395158,4.987663020599892e-07,9.326875176224639e-07,2.9833107000480024e-06,1.2207193213268234e-07,3.138926071782651e-07,8.200578034407312e-07,5.670786862482134e-06,predictor_only,nsga2
0,164,164,train,2.483874201774597,0.283203125,0.62890625,8,64,512,166.1481999908574,1.2460575128675742,2.1086291202046565,42.46339856448918,34.96160000213422,1.2670596568617376,2.621041922450982,3.88810157931272,0.005900001269765198,0.0,2.318578840584149,1.5636227374588054,0,48.14949455333045,3081.5676514131487,2097152.0,2,0.5,0.5,0.0,0.0,0.0,77.00725461255706,0.00689999433234334,0.0,59.2462597883246,17.75409482990011,0,1,0,16.54180020138873,60.465454411168324,0.0,1048576,1048576,0,8,4,0.25,2,0.5,0,1,1.0,0.2091524583687337,3,3,0,1.0,0.0,0.0,1.0,0,0.5,0.5,0.0,0.95703125,0.04296875,0.0,256,1024,0,0.0,183.27234079024566,28.788999989046715,0.0,147.80766877623591,6.6756720249630455,0,234.3181115087646,0,68.1699115179072,4.984230051470297e-07,8.434516480818626e-07,2.681531462953385e-06,1.2670596568617377e-07,2.621041922450982e-07,8.03156146528348e-07,5.215372420641897e-06,predictor_only,nsga2
0,165,165,train,2.324663460254669,0.306640625,0.708984375,8,64,512,229.76339999877382,1.1719320221373908,2.3413240654635037,48.314407787056126,55.891199997859076,1.2333713560121526,3.5532296924272773,4.7866010484394295,0.009100011084228754,0.0,2.507565325239576,2.2699357121156245,0,34.81827471985518,2228.3695820707317,2097152.0,2,0.5,0.0,0.5,0.0,0.0,42.02587069234427,0.009099996532313526,0.0,25.591932217552344,16.42483847825961,0,1,0,16.519838720678784,0.0,25.506031971665486,1048576,0,1048576,8,4,0.25,2,0.5,0,1,1.0,0.13364216641330787,3,0,3,0.0,2.0,0.5,2.0,3,0.5,0.5,0.0,0.9482421875,0.0517578125,0.0,256,1024,0,0.0,207.3106554986281,53.52580003091134,0.0,146.09283897380436,7.692016493912388,0,245.3125620039645,0,15.54916200519068,4.687728088549563e-07,9.365296261854016e-07,2.8743461774946366e-06,1.2333713560121528e-07,3.553229692427277e-07,4.532983843648003e-07,5.211607101743739e-06,predictor_only,nsga2
0,166,166,train,2.4280556440353394,0.26171875,0.669921875,8,64,512,580.2268999977969,1.4269845373945067,2.7567791550596477,41.837197868070966,813.7867999903392,1.4632498686745068,3.997457376653343,5.46070724532785,0.007599999662488699,0.0,2.523327091027986,2.929780154637375,0,13.787685838668523,882.4118936747855,2097152.0,2,0.5,0.5,0.0,0.0,0.0,77.6543307565789,0.007299997378140688,0.0,58.94895962424653,18.69807113495423,0,1,0,16.442321259734822,61.212009496844075,0.0,1048576,1048576,0,8,4,0.25,2,0.5,0,1,1.0,0.2201412464909665,3,3,0,1.0,0.0,0.0,1.0,0,0.5,0.5,0.0,0.9541015625,0.0458984375,0.0,256,1024,0,0.0,184.0838462421005,4.73450000572484,0.0,146.9920440012716,32.35730223510402,0,464.77015749805906,1,-115.4567424997378,5.707938149578026e-07,1.102711662023859e-06,2.5642140441784568e-06,1.463249868674507e-07,3.9974573766533433e-07,8.094279500852586e-07,5.593218195778162e-06,predictor_only,nsga2
0,167,167,train,2.403801441192627,0.23828125,0.693359375,8,64,512,180.78970001079142,1.283166913358885,2.2911259186571864,48.832937042215676,36.38659999705851,1.1669468411056365,2.7666833440720637,3.9336301851777002,0.006600021151825786,0.0,2.2103607227626956,1.7166694412631787,0,44.25006374510679,2832.0040796868348,2097152.0,2,0.5,0.5,0.0,0.0,0.0,76.63845591057203,0.006600021151825786,0.0,58.886507799091845,17.745348090328367,0,1,0,16.983383503980537,59.6550724065915,0.0,1048576,1048576,0,8,4,0.25,2,0.5,0,1,1.0,0.2307606527190679,3,0,3,0.0,2.0,0.5,2.0,3,0.5,0.5,0.0,0.95703125,0.04296875,0.0,256,1024,0,0.0,209.628919496927,54.55700002494268,0.0,147.9304691057829,7.141450366201431,0,464.77015749805906,0,283.98045748726764,5.132667653435541e-07,9.164503674628746e-07,2.861047255447696e-06,1.1669468411056367e-07,2.7666833440720637e-07,8.003513261136815e-07,5.4844787328855764e-06,predictor_only,nsga2
0,168,168,train,2.4775747656822205,0.271484375,0.662109375,8,64,512,120.79590000212193,1.3011780888988125,2.2888404095258137,35.86065325949038,51.72309999761637,1.1123303739315957,3.163688618192018,4.276018992123614,0.006299989763647318,0.0,2.3497726548660878,1.9199463474938787,0,66.22686509222895,4238.519365902653,2097152.0,2,0.5,0.5,0.0,0.0,0.0,78.57515030863098,0.008999995770864189,0.0,60.70436627615333,17.86178403670678,0,1,0,15.670052113366651,62.90509819526432,0.0,1048576,1048576,0,8,4,0.25,2,0.5,0,1,1.0,0.1859599251701455,3,3,0,1.0,0.0,0.0,1.0,0,0.5,0.5,0.0,0.9677734375,0.0322265625,0.0,256,1024,0,0.0,157.80268703166,0.05390000296756625,0.0,146.81635959443088,10.932427434261575,0,464.77015749805906,0,343.97425749593714,5.204712355595251e-07,9.155361638103257e-07,2.7636291734512593e-06,1.1123303739315957e-07,3.163688618192018e-07,8.170916073130432e-07,5.4443300793465145e-06,predictor_only,nsga2
0,169,169,train,2.4045260548591614,0.2734375,0.6875,8,64,512,106.37409999617375,1.2479728942129866,2.49425426600291,34.61535433329465,49.42809999920428,1.359554354982267,3.2020402430874344,4.561594598069702,0.00650000583846122,0.0,2.4330385159979215,2.1220560762333185,0,75.20556972719889,4813.156462540729,2097152.0,2,0.5,0.5,0.0,0.0,0.0,77.21423415970861,0.006799993570894003,0.0,59.78934425993561,17.418089906202106,0,1,0,15.838053544182742,61.37618061552587,0.0,1048576,1048576,0,8,4,0.25,2,0.5,0,1,1.0,0.17369072493825644,3,0,3,0.0,2.0,0.5,2.0,3,0.5,0.5,0.0,0.9609375,0.0390625,0.0,256,1024,0,0.0,153.43032597404218,0.04579999949783087,0.0,145.29744362604492,8.0870823484994,0,464.77015749805906,0,358.3960575018853,4.991891576851946e-07,9.97701706401164e-07,2.365079025272455e-06,1.3595543549822673e-07,3.2020402430874346e-07,8.038184486854516e-07,5.121947797851236e-06,predictor_only,nsga2
0,170,170,train,2.489336133003235,0.2734375,0.65625,8,64,512,105.45850000926293,1.328845347631518,2.226760923731386,34.4093086735961,51.77180000464432,1.1871724409335997,2.8291312123420074,4.016303653275607,0.006100002792663872,0.0,2.1713055532458365,1.8388980972371065,0,75.85850491702813,4854.9443146898,2097152.0,2,0.5,0.5,0.0,0.0,0.0,76.5896249143776,0.007199996616691351,0.0,59.43068016370075,17.151744754060154,0,1,0,15.43669674322786,61.15292817114973,0.0,1048576,1048576,0,8,4,0.25,2,0.5,0,1,1.0,0.26061071707684524,3,3,0,1.0,0.0,0.0,1.0,0,0.5,0.5,0.0,0.951171875,0.048828125,0.0,256,1024,0,0.0,151.85965977983602,0.04759996954817325,0.0,144.4976275672576,7.31443224303022,0,464.77015749805906,0,359.31165748879613,5.315381390526073e-07,8.907043694925545e-07,2.3345184457698176e-06,1.1871724409335999e-07,2.829131212342007e-07,7.967696426302316e-07,4.955160962272771e-06,predictor_only,nsga2
0,171,171,train,2.451053023338318,0.236328125,0.673828125,8,64,512,212.33460000075866,1.3148302470983724,2.305352321607449,48.58659122145921,39.538799988804385,1.3068042439527818,3.3154131950990102,4.622217439051792,0.006999995093792677,0.0,2.3564079576308092,2.2588094863271904,0,37.6762069100585,2411.277242243744,2097152.0,2,0.5,0.5,0.0,0.0,0.0,77.59197202630466,0.006399990525096655,0.0,60.22528456316674,17.36028747261283,0,1,0,15.758234995539233,61.833737030765434,0.0,1048576,1048576,0,8,4,0.25,2,0.5,0,1,1.0,0.19776869931901056,3,0,3,0.0,2.0,0.5,2.0,3,0.5,0.5,0.0,0.9501953125,0.0498046875,0.0,256,1024,0,0.0,208.82709516066012,53.3317000081297,0.0,148.10616180169188,7.389233350838517,0,464.77015749805906,0,252.4355574973004,5.25932098839349e-07,9.221409286429798e-07,2.871509427771945e-06,1.3068042439527817e-07,3.3154131950990106e-07,8.074361902541251e-07,5.589240389413579e-06,predictor_only,nsga2
0,172,172,train,2.656811773777008,0.21484375,0.609375,8,64,512,214.16920000046957,1.202534376900024,2.300869576913743,48.908189962169885,37.17160000815056,1.0960182077858887,3.2747602781763994,4.370778485962288,0.006400005077011883,0.0,2.31909207375936,2.045286407125916,0,37.35346934345889,2390.622037981369,2097152.0,2,0.5,0.5,0.0,0.0,0.0,75.53734440883963,0.006599992047995329,0.0,57.59524933570098,17.93549508109065,0,1,0,16.31990311933569,59.21744128950393,0.0,1048576,1048576,0,8,4,0.25,2,0.5,0,1,1.0,0.19776869931901056,3,3,0,1.0,0.0,0.0,1.0,0,0.5,0.5,0.0,0.958984375,0.041015625,0.0,256,1024,0,0.0,209.64637566393458,58.60400000528898,0.0,143.67873811689472,7.36363754175086,0,464.77015749805906,0,250.6009574975895,4.810137507600096e-07,9.203478307654973e-07,2.8643894704710623e-06,1.0960182077858886e-07,3.2747602781763996e-07,7.880132503270676e-07,5.490842150919866e-06,predictor_only,nsga2
0,173,173,train,2.432551383972168,0.271484375,0.673828125,8,64,512,102.71120000106748,1.2923696081596454,3.348855130607517,35.26725322866272,45.705099997576326,1.2266800716851636,4.768876198486362,5.995556270171526,0.005999987479299307,0.0,2.2598821169972494,3.729674165694977,0,77.88753429404547,4984.80219481891,2097152.0,2,0.5,0.5,0.0,0.0,0.0,78.0603519511577,0.006499991286545992,0.0,59.11759325013803,18.936258709733128,0,1,0,17.69444885571035,60.36590309544735,0.0,1048576,1048576,0,8,4,0.25,2,0.5,0,1,1.0,0.17369072493825644,3,0,3,0.0,2.0,0.5,2.0,3,0.5,0.5,0.0,0.9521484375,0.0478515625,0.0,256,1024,0,0.0,159.63391186971955,0.06159998883958906,0.0,148.88367881293922,10.68863306794072,0,464.77015749805906,0,362.0589574969916,5.169478432638581e-07,1.3395420522430069e-06,2.2719285448350987e-06,1.2266800716851638e-07,4.768876198486362e-07,8.159924172229978e-07,5.543966484582114e-06,predictor_only,nsga2
0,174,174,train,2.5133002400398254,0.2890625,0.650390625,8,64,512,202.0914000022458,1.3220723676409865,2.4658992546738565,48.743058473227634,53.275700003723614,1.2479301178588929,3.3665344293598887,4.614464547218781,0.005999987479299307,0.0,2.4109986105278036,2.1974659492116793,0,39.5858528074836,2533.4945796789502,2097152.0,2,0.5,0.5,0.0,0.0,0.0,75.8921392961693,0.006500020390376449,0.0,57.19926588332188,18.68637339245705,0,1,0,17.92668567155952,57.96545362460978,0.0,1048576,1048576,0,8,4,0.25,2,0.5,0,1,1.0,0.16091838189257093,3,3,0,1.0,0.0,0.0,1.0,0,0.5,0.5,0.0,0.9599609375,0.0400390625,0.0,256,1024,0,0.0,210.1241203821699,54.83299995830748,0.0,146.18844759664847,9.102672827213917,0,464.77015749805906,0,262.6787574958133,5.288289470563946e-07,9.863597018695429e-07,3.0410401621064843e-06,1.2479301178588928e-07,3.366534429359889e-07,7.947747643048122e-07,5.812450030059113e-06,predictor_only,nsga2
0,175,175,train,2.4898334741592407,0.27734375,0.666015625,8,64,512,99.73299999546725,1.260407659761257,2.366298736655447,34.9526501445798,49.665800004731864,1.294477698210047,2.9828696477345362,4.277347345944583,0.005600013537332416,0.0,2.3032588932166087,1.968488439190642,0,80.21336756134906,5133.65552392634,2097152.0,2,0.5,0.0,0.5,0.0,0.0,43.05409083921903,0.006400005077011883,0.0,24.416359852678482,18.631330981463535,0,1,0,18.52090809727757,0.0,24.53318274194146,1048576,0,1048576,8,4,0.25,2,0.5,0,1,1.0,0.25097720212391433,3,0,3,0.0,2.0,0.5,2.0,3,0.5,0.5,0.0,0.9462890625,0.0537109375,0.0,256,1024,0,0.0,154.317426163986,0.048300003982149065,0.0,146.69037365612218,7.578752503881662,0,464.77015749805906,0,365.0371575025918,5.041630639045028e-07,9.465194946621789e-07,2.3537655567862975e-06,1.294477698210047e-07,2.9828696477345363e-07,4.6758272458674543e-07,4.699765574534183e-06,predictor_only,nsga2
0,176,176,train,2.4848685264587402,0.294921875,0.66796875,8,64,512,77.69660001213197,1.287807128148932,2.4525040587640317,35.590201033712624,51.673000009031966,1.3166756546705296,3.265002111403737,4.581677766074266,0.005800000508315861,0.0,2.3471935734183864,2.228684192147564,0,102.96328327710062,6589.650129734439,2097152.0,2,0.5,0.5,0.0,0.0,0.0,78.15920473882278,0.006999995093792677,0.0,60.45247699062013,17.69972775310886,0,1,0,15.46351335383617,62.69569138498661,0.0,1048576,1048576,0,8,4,0.25,2,0.5,0,1,1.0,0.2307606527190679,3,3,0,1.0,0.0,0.0,1.0,0,0.5,0.5,0.0,0.9501953125,0.0498046875,0.0,256,1024,0,0.0,157.32204888250237,0.04600001557264477,0.0,148.86657870268135,8.409470164248393,0,464.77015749805906,0,387.0735574859271,5.151228512595729e-07,9.810016235056127e-07,2.426845953310577e-06,1.3166756546705296e-07,3.265002111403737e-07,8.125190740959001e-07,5.193657278779089e-06,predictor_only,nsga2
0,177,177,train,2.4550663828849792,0.267578125,0.67578125,8,64,512,208.60430000175256,1.358952698538629,3.490717901486134,51.19397205193544,39.787699992302805,1.3038130507580539,4.956373196075017,6.2601862468330705,0.006599992047995329,0.0,2.367527843912178,3.886058410872897,0,38.349936458626836,2454.3959333521175,2097152.0,2,0.5,0.5,0.0,0.0,0.0,80.53005398625969,0.00750001345295459,0.0,63.030468125437196,17.492085847369527,0,1,0,16.834163471228887,63.6958905150308,0.0,1048576,1048576,0,8,4,0.25,2,0.5,0,1,1.0,0.2790043706260659,3,0,3,0.0,2.0,0.5,2.0,3,0.5,0.5,0.0,0.94140625,0.05859375,0.0,256,1024,0,0.0,224.17457060784082,61.3683999836212,0.0,149.56435856399378,13.241812060225836,0,464.77015749805906,0,256.1658574963065,5.435810794154517e-07,1.3962871605944535e-06,3.1066687654798775e-06,1.3038130507580538e-07,4.956373196075017e-07,8.389688668050547e-07,6.5115244969781445e-06,predictor_only,nsga2
0,178,178,train,2.4435442686080933,0.3046875,0.671875,8,64,512,92.90770000370685,1.2935180702165807,2.4137863011897123,34.095682187805565,50.69129999901634,1.1370121237639497,3.145141984260083,4.282154108024033,0.006800008122809231,0.0,2.2634827007622214,2.0118713991390016,0,86.10603742901168,5510.786395456747,2097152.0,2,0.5,0.5,0.0,0.0,0.0,76.07261496982645,0.007599999662488699,0.0,57.31243970569396,18.752575264469993,0,1,0,16.11129013841045,59.96132483141599,0.0,1048576,1048576,0,8,4,0.25,2,0.5,0,1,1.0,0.26994866698852693,3,3,0,1.0,0.0,0.0,1.0,0,0.5,0.5,0.0,0.939453125,0.060546875,0.0,256,1024,0,0.0,151.2119462368474,0.0450000079581514,0.0,143.78063881138303,7.386307417506255,0,464.77015749805906,0,371.8624574943522,5.174072280866323e-07,9.65514520475885e-07,2.24764940501564e-06,1.1370121237639497e-07,3.145141984260083e-07,7.929487299750854e-07,4.951735294355646e-06,predictor_only,nsga2
0,179,179,train,2.4107987880706787,0.287109375,0.6796875,8,64,512,2443.660600009025,18.072285750007776,4.378870964450862,155.55670356056794,130.5059999867808,39.93124486548391,7.286723985277201,47.21796885076111,0.008899980457499623,0.0,2.286443083390172,44.92262578691344,0,3.2737757142684787,209.52164571318264,2097152.0,2,0.5,0.5,0.0,0.0,0.0,76.98812416257256,0.007099995855242014,0.0,58.10413199416831,18.876892172549006,0,1,0,16.676922013341343,60.311202149231214,0.0,1048576,1048576,0,8,4,0.25,2,0.5,0,1,1.0,0.2091524583687337,3,0,3,0.0,2.0,0.5,2.0,3,0.5,0.5,0.0,0.9462890625,0.0537109375,0.0,256,1024,0,0.0,712.0314411001062,0.0676999770803377,0.0,145.11942766658274,566.8443134564432,0,1330.0935284997797,1,-1113.5670715092454,7.22891430000311e-06,1.751548385780345e-06,6.948904731321801e-05,3.993124486548391e-06,7.286723985277201e-07,8.032350856524082e-07,8.399454196973e-05,predictor_only,nsga2
0,180,180,train,2.329392731189728,0.27734375,0.693359375,8,64,512,211.31070000410546,1.2963406079435011,2.1837869334786033,49.01190337943644,34.58780000801198,1.1665004248187196,3.1337027813483207,4.3002032061670405,0.006400005077011883,0.0,2.3380630478699045,1.9557401532201235,0,37.85876503688424,2422.9609623605916,2097152.0,2,0.5,0.5,0.0,0.0,0.0,79.42742720384018,0.007099995855242014,0.0,61.83992799200922,17.58039921597572,0,1,0,17.718652285888297,61.70877491795189,0.0,1048576,1048576,0,8,4,0.25,2,0.5,0,1,1.0,0.2201412464909665,3,3,0,1.0,0.0,0.0,1.0,0,0.5,0.5,0.0,0.9404296875,0.0595703125,0.0,256,1024,0,0.0,209.96812368343421,54.12899996736087,0.0,147.9841645429374,7.8549591731359065,0,1330.0935284997797,0,1118.7828284956743,5.185362431774005e-07,8.735147733914413e-07,2.9015315271111335e-06,1.1665004248187197e-07,3.133702781348321e-07,8.297115766101784e-07,5.553314440906858e-06,predictor_only,nsga2
0,181,181,train,2.3993029594421387,0.31640625,0.68359375,8,64,512,199.2578999925172,1.3038070714975145,2.4274400059046286,59.66445916647549,50.03549999673851,1.1190453059543324,3.4335725816676685,4.5526178876220005,0.007099995855242014,0.0,2.148935932810063,2.3965819589566957,0,40.14877127345592,2569.521361501179,2097152.0,2,0.5,0.5,0.0,0.0,0.0,73.53037699350915,0.00689999433234334,0.0,56.40895496197196,17.114522037204843,0,1,0,15.390378632978692,58.139998360530456,0.0,1048576,1048576,0,8,4,0.25,2,0.5,0,1,1.0,0.19776865982085054,3,0,3,0.0,2.0,0.5,2.0,3,0.5,0.5,0.0,0.9482421875,0.0517578125,0.0,256,1024,0,0.0,253.58282497551053,99.87519998685457,0.0,145.57356801381098,8.134056974844954,0,1330.0935284997797,0,1130.8356285072625,5.215228285990058e-07,9.709760023618515e-07,3.386590339045804e-06,1.1190453059543324e-07,3.433572581667669e-07,7.660845272010489e-07,6.10043548596991e-06,predictor_only,nsga2
0,182,182,train,2.448472499847412,0.255859375,0.67578125,8,64,512,207.80300001206342,1.3194947818754406,2.3836190693664747,44.60897210729349,37.003099991125055,1.1803037518256287,3.294258841268522,4.47456259309415,0.006600006599910557,0.0,2.2797697228047022,2.188192863689538,0,38.497815246749745,2463.8601757919837,2097152.0,2,0.5,0.5,0.0,0.0,0.0,76.87885597563107,0.007499998901039362,0.0,59.443807474553765,17.42754850217625,0,1,0,17.395317587789414,59.48353838784165,0.0,1048576,1048576,0,8,4,0.25,2,0.5,0,1,1.0,0.13364216641330787,3,3,0,1.0,0.0,0.0,1.0,0,0.5,0.5,0.0,0.9716796875,0.0283203125,0.0,256,1024,0,0.0,193.24834383414162,40.426199993817136,0.0,145.45666792777575,7.365475912548751,0,1330.0935284997797,0,1122.2905284877163,5.277979127501763e-07,9.534476277465898e-07,2.731103951326367e-06,1.1803037518256289e-07,3.2942588412685224e-07,8.035791949318895e-07,5.4633849460644375e-06,predictor_only,nsga2
0,183,183,train,2.2908572256565094,0.30078125,0.703125,8,64,512,196.10820000525564,1.2224658499807581,2.217894426978464,49.361378583077624,37.06269999383949,1.170661127098672,3.195186222662686,4.365847349761358,0.006599992047995329,0.0,2.4323792403356475,1.9268681173777154,0,40.793598667403685,2610.790314713836,2097152.0,2,0.5,0.5,0.0,0.0,0.0,79.3945185859139,0.00650000583846122,0.0,61.52906652658136,17.858952053494082,0,1,0,16.75183971559462,62.64267887031928,0.0,1048576,1048576,0,8,4,0.25,2,0.5,0,1,1.0,0.2509772150348662,3,0,3,0.0,2.0,0.5,2.0,3,0.5,0.5,0.0,0.9453125,0.0546875,0.0,256,1024,0,0.0,211.2069554401474,55.35420001251623,0.0,148.56988760466513,7.282867822966018,0,464.77015749805906,0,268.6619574928034,4.889863399923033e-07,8.871577707913857e-07,2.896992581754427e-06,1.170661127098672e-07,3.1951862226626864e-07,8.274488652903283e-07,5.53717029280458e-06,predictor_only,nsga2
0,184,184,train,2.4965975284576416,0.259765625,0.654296875,8,64,512,199.88549999834504,1.2419241789759126,2.2043341417781486,48.820244273670745,36.019999999552965,1.3221769788439597,3.1615239992900266,4.483700978133986,0.006400005077011883,0.0,2.5266165643699994,1.9506844086869746,0,40.0227128898962,2561.4536249533567,2097152.0,2,0.0,0.5,0.5,0.0,0.0,88.94659861286334,0.006400005077011883,0.0,70.50665635494695,18.43354225283938,0,1,0,0.0,64.00919910830893,24.937399504554413,0,1048576,1048576,8,4,0.25,2,0.5,0,1,1.0,0.25097720212391433,3,3,0,1.0,0.0,0.0,1.0,0,0.5,0.5,0.0,0.9521484375,0.0478515625,0.0,256,1024,0,0.0,209.06601037769923,55.181499978061765,0.0,146.07887958047203,7.805630819165414,0,464.77015749805906,0,264.884657499714,4.967696715903651e-07,8.817336567112594e-07,3.0221987486374246e-06,1.3221769788439598e-07,3.1615239992900266e-07,9.393407851377423e-07,5.78841295989019e-06,predictor_only,nsga2
0,185,185,train,2.387478768825531,0.263671875,0.671875,8,64,512,198.01659999939147,1.3012534939321967,2.180013348825082,50.441560686227355,40.45149999728892,1.2538630966133257,3.0797302974511904,4.333593394064517,0.006400005077011883,0.0,2.425867600809795,1.9013257881777093,0,40.400449253119845,2585.62875219967,2097152.0,2,0.5,0.5,0.0,0.0,0.0,79.0997988276201,0.007200011168606579,0.0,60.09884559261252,18.99375322383898,0,1,0,17.464989715442513,61.63480911217759,0.0,1048576,1048576,0,8,4,0.25,2,0.5,0,1,1.0,0.25097720212391433,3,0,3,0.0,2.0,0.5,2.0,3,0.5,0.5,0.0,0.9482421875,0.0517578125,0.0,256,1024,0,0.0,215.6913101159385,58.5960999596864,0.0,148.3628298310868,8.732380325165312,0,464.77015749805906,0,266.7535574986676,5.205013975728787e-07,8.720053395300327e-07,2.991734854011948e-06,1.2538630966133256e-07,3.0797302974511906e-07,8.259279677070862e-07,5.643528898228398e-06,predictor_only,nsga2
0,186,186,train,2.4806042313575745,0.259765625,0.65625,8,64,512,105.55169999133795,1.3005790444401866,2.3919677250612486,34.9613205182702,61.5642999910051,1.328986986655086,2.9236779939281146,4.252664980583201,0.00650000583846122,0.0,2.2410355276208476,2.0051294471238923,0,75.79152405060704,4850.65753923885,2097152.0,2,0.5,0.5,0.0,0.0,0.0,75.12916862867276,0.007199996616691351,0.0,56.31715817070228,18.80481046135379,0,1,0,16.607405600607795,58.52176302806497,0.0,1048576,1048576,0,8,4,0.25,2,0.5,0,1,1.0,0.17369072493825644,3,3,0,1.0,0.0,0.0,1.0,0,0.5,0.5,0.0,0.9658203125,0.0341796875,0.0,256,1024,0,0.0,154.61546915108656,0.08929996693041176,0.0,146.8981049102619,7.628064273894229,0,464.77015749805906,0,359.2184575067211,5.202316177760745e-07,9.567870900244994e-07,2.350999623986108e-06,1.3289869866550862e-07,2.923677993928115e-07,7.845064974879432e-07,5.037791327332946e-06,predictor_only,nsga2
0,187,187,train,2.5264524817466736,0.251953125,0.65234375,8,64,512,78.66659999126568,1.2527690606704063,2.2452152409732076,34.07921527006947,42.97130000486504,1.2173560263380132,3.244753068398351,4.462109094736364,0.006199989002197981,0.0,2.4952274603390827,1.9606816453950837,0,101.69370873000098,6508.397358720063,2097152.0,2,0.5,0.5,0.0,0.0,0.0,74.31724006018987,0.006900008884258568,0.0,55.429502987643964,18.880837063661644,0,1,0,16.272861213026125,58.04437884716374,0.0,1048576,1048576,0,8,4,0.25,2,0.5,0,1,1.0,0.2201412464909665,3,0,3,0.0,2.0,0.5,2.0,3,0.5,0.5,0.0,0.947265625,0.052734375,0.0,256,1024,0,0.0,150.3087982868523,0.05780004721600562,0.0,143.08253831124,7.168459928396299,0,464.77015749805906,0,386.1035575067934,5.011076242681625e-07,8.98086096389283e-07,2.2806966765571197e-06,1.217356026338013e-07,3.2447530683983515e-07,7.75718123027951e-07,4.901819429716152e-06,predictor_only,nsga2
0,188,188,train,2.4867303371429443,0.2578125,0.6484375,8,64,512,106.94290000537876,1.2676860644922723,2.500133275736003,35.08552212805172,37.50469999795314,1.2015071478216974,3.038876587586433,4.24038373540813,0.00589998671784997,0.0,2.227237621146538,2.007246127543742,0,74.8055756298175,4787.55684030832,2097152.0,2,0.5,0.5,0.0,0.0,0.0,81.04894233166213,0.006399990525096655,0.0,63.02289744365739,18.019644897479644,0,1,0,17.88496138790896,63.163980943753174,0.0,1048576,1048576,0,8,4,0.25,2,0.5,0,1,1.0,0.2201412853775118,3,3,0,1.0,0.0,0.0,1.0,0,0.5,0.5,0.0,0.9501953125,0.0498046875,0.0,256,1024,0,0.0,155.41336587311997,0.04719998105429113,0.0,146.99504643207655,8.371119459989147,0,464.77015749805906,0,357.8272574926803,5.07074425796909e-07,1.0000533102944011e-06,2.4445755693125717e-06,1.2015071478216975e-07,3.038876587586433e-07,8.462593460924392e-07,5.222001025037133e-06,predictor_only,nsga2
0,189,189,train,2.4442224502563477,0.283203125,0.66015625,8,64,512,182.79370000527706,1.3010377791112715,2.3181745746508557,60.47923757776067,36.24929999932647,1.2449093747991857,3.19472225483121,4.439631629630396,0.006499991286545992,0.0,2.3231190246687987,2.110012613675051,0,43.76494504364213,2800.9564827930963,2097152.0,2,0.5,0.5,0.0,0.0,0.0,80.83072041818463,0.007199996616691351,0.0,62.03752201688612,18.78599840468181,0,1,0,17.9692119276709,62.86150849051372,0.0,1048576,1048576,0,8,4,0.25,2,0.5,0,1,1.0,0.17369072493825644,3,0,3,0.0,2.0,0.5,2.0,3,0.5,0.5,0.0,0.94921875,0.05078125,0.0,256,1024,0,0.0,256.3937997260912,98.95630000391975,0.0,149.11898371165773,8.318516010513724,0,464.77015749805906,0,281.976457492782,5.204151116445085e-07,9.272698298603423e-07,3.5471639688811547e-06,1.2449093747991858e-07,3.1947222548312103e-07,8.442456280371881e-07,6.283057701386233e-06,predictor_only,nsga2
0,190,190,train,2.60166335105896,0.22265625,0.6328125,8,64,512,1678.5664999915753,1.6280557556813002,30.308732091314234,58.0034536330369,63.79430000379216,2.0571035824553703,55.96518236591924,58.02228594837461,0.007199996616691351,0.0,2.4798418904309543,55.53524406132697,0,4.76596860122703,305.0219904785299,2097152.0,2,0.5,0.5,0.0,0.0,0.0,75.0561073636908,0.006799993570894003,0.0,57.04732841683043,18.001978953289477,0,1,0,17.69753789569065,57.35856946800015,0.0,1048576,1048576,0,8,4,0.25,2,0.5,0,1,1.0,0.18595995617580352,3,3,0,1.0,0.0,0.0,1.0,0,0.5,0.5,0.0,0.94921875,0.05078125,0.0,256,1024,0,0.0,359.7609659201297,0.07140000525396317,0.0,148.17086636166277,211.51869955321297,0,1302.745047993809,1,-375.8214519977662,6.512223022725201e-07,1.2123492836525696e-05,1.5008222061350408e-05,2.0571035824553702e-07,5.596518236591925e-06,7.859561494282893e-07,3.437112194441437e-05,predictor_only,nsga2
0,191,191,train,2.396459400653839,0.3046875,0.6953125,8,64,512,198.40599999588449,1.2543563795789379,2.4486037538761236,59.289102530977836,39.62179999507498,1.2830095799618506,3.317551364339942,4.600560944301793,0.00689999433234334,0.0,2.4880504050450334,2.105610544924416,0,40.321158024494814,2580.554113567668,2097152.0,2,0.5,0.5,0.0,0.0,0.0,76.69617022619403,0.007299997378140688,0.0,58.91858767468973,17.77028255412615,0,1,0,17.98441099857947,58.711759227614564,0.0,1048576,1048576,0,8,4,0.25,2,0.5,0,1,1.0,0.2091524583687337,3,0,3,0.0,2.0,0.5,2.0,3,0.5,0.5,0.0,0.9560546875,0.0439453125,0.0,256,1024,0,0.0,251.96825065773163,95.03589999803808,0.0,147.9863520625296,8.945998597163943,0,1302.745047993809,0,1104.3390479979246,5.017425518315751e-07,9.794415015504494e-07,3.274218442831071e-06,1.2830095799618505e-07,3.317551364339942e-07,8.029305242590993e-07,6.018389114902375e-06,predictor_only,nsga2
0,192,192,train,2.462139070034027,0.265625,0.6796875,8,64,512,107.27090000000317,1.2341892880992058,2.355515582821628,35.3069847076911,66.62900000810623,1.2239164378854048,3.3652429465883826,4.5891593844737875,0.005599998985417187,0.0,2.326392123721681,2.257167261766689,0,74.57684631296513,4772.918164029768,2097152.0,2,0.5,0.5,0.0,0.0,0.0,78.46748250677499,0.006600006599910557,0.0,60.28301626823258,18.177866231942502,0,1,0,18.313339969758715,60.15414253701628,0.0,1048576,1048576,0,8,4,0.25,2,0.5,0,1,1.0,0.14759074065508598,3,3,0,1.0,0.0,0.0,1.0,0,0.5,0.5,0.0,0.955078125,0.044921875,0.0,256,1024,0,0.0,155.5867583144477,0.04699999408330768,0.0,148.46732703157414,7.072431288790276,0,1302.745047993809,0,1195.474147993806,4.936757152396824e-07,9.422062331286513e-07,2.3028682270233066e-06,1.2239164378854048e-07,3.365242946588383e-07,8.213015050072674e-07,5.018967618846287e-06,predictor_only,nsga2
0,193,193,train,2.3571778535842896,0.3046875,0.6953125,8,64,512,165.64009999274276,1.2312182262673252,2.147672962717855,44.5476978584936,50.010199993266724,1.1097622785269499,2.8676520291497996,3.9774143076767494,0.006299989763647318,0.0,2.2616138307746274,1.7095004871384747,0,48.29719194300511,3091.020284352327,2097152.0,2,0.5,0.5,0.0,0.0,0.0,76.0512067655834,0.00689999433234334,0.0,57.4465811437813,18.597725627469757,0,1,0,17.554729846566417,58.496476919016985,0.0,1048576,1048576,0,8,4,0.25,2,0.5,0,1,1.0,0.17369072493825644,3,0,3,0.0,2.0,0.5,2.0,3,0.5,0.5,0.0,0.9453125,0.0546875,0.0,256,1024,0,0.0,191.7063561899151,38.887799993972294,0.0,146.26000848418923,6.558547711753587,0,1302.745047993809,0,1137.1049480010663,4.924872905069303e-07,8.59069185087142e-07,2.682759015773059e-06,1.1097622785269498e-07,2.8676520291497995e-07,7.956215273489669e-07,5.227678449483773e-06,predictor_only,nsga2
0,194,194,train,2.344201683998108,0.318359375,0.697265625,8,64,512,130.763900000602,1.3021736154726171,3.1944430170321176,35.82645866183401,57.61299999721814,1.321455188444391,5.333168520046765,6.654623708491156,0.006200003554113209,0.0,2.5905738304785166,4.057849874458527,0,61.17849667581415,3915.4237872521057,2097152.0,2,0.5,0.5,0.0,0.0,0.0,80.95429807919005,0.007200011168606579,0.0,62.88702806282091,18.060070005200544,0,1,0,16.31110289885598,64.64319518033408,0.0,1048576,1048576,0,8,4,0.25,2,0.5,0,1,1.0,0.2963165802149685,3,3,0,1.0,0.0,0.0,1.0,0,0.5,0.5,0.0,0.9384765625,0.0615234375,0.0,256,1024,0,0.0,161.29230117735503,0.05600003350991756,0.0,148.7219442396164,12.514356904228693,0,1302.745047993809,0,1171.981147993207,5.208694461890468e-07,1.277777206812847e-06,2.497892330805437e-06,1.3214551884443912e-07,5.333168520046766e-07,8.421651865896126e-07,5.80416654124606e-06,predictor_only,nsga2
0,195,195,train,2.430018186569214,0.28125,0.701171875,8,64,512,199.9805999948876,1.2697323189013001,2.343400798741035,49.0752510297702,36.46329999901354,1.152280565493487,3.133651486743202,4.285932052236689,0.006999995093792677,0.0,2.2855840087797596,1.9933480483631365,0,40.003680339613815,2560.235541735284,2097152.0,2,0.5,0.5,0.0,0.0,0.0,73.09563840481792,0.007000009645707905,0.0,55.98075233880678,17.107886056365437,0,1,0,16.115952904883258,56.97968549993467,0.0,1048576,1048576,0,8,4,0.25,2,0.5,0,1,1.0,0.20915249756217386,3,0,3,0.0,2.0,0.5,2.0,3,0.5,0.5,0.0,0.958984375,0.041015625,0.0,256,1024,0,0.0,210.75353658965014,56.798200035700575,0.0,146.9757274684542,6.979609085495346,0,1302.745047993809,0,1102.7644479989215,5.0789292756052e-07,9.373603194964139e-07,2.8368985159573663e-06,1.152280565493487e-07,3.133651486743202e-07,7.631882898579457e-07,5.473933258095915e-06,predictor_only,nsga2
0,196,196,train,2.3640475273132324,0.30078125,0.701171875,8,64,512,90.23989998968318,1.2798554056334157,2.276947511129216,34.50865266442365,61.806400000932626,1.2769996625158149,3.2319430362416375,4.508942698757452,0.005700014298781753,0.0,2.4284162006170478,2.0748264838416226,0,88.65159812141282,5673.70227977042,2097152.0,2,0.5,0.5,0.0,0.0,0.0,74.14192373709011,0.007700000423938036,0.0,56.73628603006911,17.397937706597062,0,1,0,15.545637926790198,58.59628581029991,0.0,1048576,1048576,0,8,4,0.25,2,0.5,0,1,1.0,0.241032865595602,3,3,0,1.0,0.0,0.0,1.0,0,0.5,0.5,0.0,0.9453125,0.0546875,0.0,256,1024,0,0.0,152.26182232474514,0.044599975808523595,0.0,145.50844211258897,6.708780236347646,0,1121.546486495131,0,1031.3065865054477,5.119421622533663e-07,9.107790044516863e-07,2.2952384952795455e-06,1.2769996625158149e-07,3.2319430362416377e-07,7.725105132244814e-07,4.941364445084826e-06,predictor_only,nsga2
0,197,197,train,2.3556979298591614,0.3046875,0.720703125,8,64,512,92.8569000097923,1.3639793036847068,2.435617283251379,34.55646806802571,49.59939999389462,1.2642581875905623,3.2580605293946028,4.522318716985165,0.006100002792663872,0.0,2.481784544764074,2.034434169428427,0,86.15314366528172,5513.80119457803,2097152.0,2,0.5,0.5,0.0,0.0,0.0,75.37624960784544,0.00680002267472446,0.0,58.08388250970178,17.285567075468933,0,1,0,16.35455210224363,59.02169750560181,0.0,1048576,1048576,0,8,4,0.25,2,0.5,0,1,1.0,0.18595995617580352,3,0,3,0.0,2.0,0.5,2.0,3,0.5,0.5,0.0,0.9560546875,0.0439453125,0.0,256,1024,0,0.0,153.42425861984717,0.04810000245925039,0.0,145.84094672757226,7.535211889815665,0,1121.546486495131,0,1028.6895864853386,5.455917214738828e-07,9.742469133005516e-07,2.296755978287062e-06,1.2642581875905624e-07,3.258060529394603e-07,7.864716002829417e-07,5.055298085042954e-06,predictor_only,nsga2
0,198,198,train,2.5503009557724,0.259765625,0.615234375,8,64,512,106.2932000058936,1.260331196437789,2.3167016926792945,34.606104402701995,47.62150000897236,1.287102158152508,3.4145458325017786,4.701647990654287,0.006399990525096655,0.0,2.5253216254878863,2.1699263746413036,0,75.26280831462518,4816.819732136011,2097152.0,2,0.5,0.0,0.5,0.0,0.0,40.84923134676467,0.007000024197623134,0.0,22.98538474560408,17.85684657696296,0,1,0,15.92604755506562,0.0,24.923183791699046,1048576,0,1048576,8,4,0.25,2,0.5,0,1,1.0,0.2307606527190679,3,3,0,1.0,0.0,0.0,1.0,0,0.5,0.5,0.0,0.9560546875,0.0439453125,0.0,256,1024,0,0.0,152.73254916727632,0.04610001633409411,0.0,145.4150247029538,7.2714244479884265,0,1121.546486495131,0,1015.2532864892373,5.041324785751156e-07,9.266806770717177e-07,2.37246035677756e-06,1.2871021581525082e-07,3.414545832501779e-07,4.403444085777779e-07,4.7137827200676005e-06,predictor_only,nsga2
0,199,199,train,2.5302958488464355,0.30078125,0.650390625,8,64,512,215.96950000093784,1.273149504575233,2.2613291891996026,51.79620400461513,36.65310000360478,1.290032662875728,3.1991706725753213,4.489203335451049,0.006600006599910557,0.0,2.5307252508747755,1.951878077976363,0,37.042096026842835,2370.6941457179414,2097152.0,2,0.5,0.5,0.0,0.0,0.0,76.48341248234671,0.006499991286545992,0.0,59.654385730433916,16.82252676062624,0,1,0,16.315823223330572,60.16758925901613,0.0,1048576,1048576,0,8,4,0.25,2,0.5,0,1,1.0,0.26994862967019156,3,0,3,0.0,2.0,0.5,2.0,3,0.5,0.5,0.0,0.9453125,0.0546875,0.0,256,1024,0,0.0,221.32273079355986,63.07640002341941,0.0,150.25567718755008,7.990653582590358,0,1122.4376349953627,0,906.4681349944249,5.092598018300933e-07,9.045316756798411e-07,3.0728632884165243e-06,1.2900326628757281e-07,3.1991706725753213e-07,7.974657712701282e-07,5.733040870741692e-06,predictor_only,nsga2
0,200,200,val,2.9413044452667236,0.18359375,0.58984375,8,64,512,372.67229999997653,1.2575505537448806,2.2857471243317065,138.844046790962,0.0,0.0,0.0,0.0,0.0,0.0,0.0,0.0,0,21.466523091406078,1373.857477849989,0.0,0,0.0,0.0,0.0,0.0,0.0,0.0,0.0,0.0,0.0,0.0,0,0,0,0.0,0.0,0.0,0,0,0,8,4,0.25,2,0.5,2,1,1.0,0.2201412464909665,0,0,0,0.0,0.0,0.0,0.0,0,0.5,0.5,0.0,0.9541015625,0.0458984375,0.0,256,1024,0,0.0,569.5493778761544,188.96030000178143,210.0,155.9291157913575,14.659962083015424,0,1200.0055209948875,0,827.333220994911,5.030202214979523e-07,9.142988497326826e-07,5.553761871638481e-06,0.0,0.0,0.0,6.9710809428691165e-06,predictor_only,nsga2
0,200,200,train,2.8912153840065002,0.177734375,0.603515625,8,64,512,741.0224000050221,126.25527913069256,127.23737560164093,170.88983654477394,35.10340000502765,1.2074907246986644,2.9694116241357804,4.176902348834445,0.00650000583846122,0.0,2.3008443807025474,1.8695579622934364,0,10.795880399924998,690.9363455951999,2097152.0,2,0.5,0.5,0.0,0.0,0.0,77.95322385270029,0.007399998139590025,0.0,56.971683725612216,20.974140128948477,0,1,0,19.39502591863677,58.558197934063514,0.0,1048576,1048576,0,8,4,0.25,2,0.5,0,1,1.0,0.14759074590838162,3,3,0,1.0,0.0,0.0,1.0,0,0.5,0.5,0.0,0.9599609375,0.0400390625,0.0,256,1024,0,0.0,1697.5299651084297,0.05210001836530864,1530.0,155.7534831073076,11.724381982756839,0,1382.338820497386,0,641.3164204923639,5.0502111652277015e-05,5.089495024065638e-05,6.835593461790957e-06,1.2074907246986645e-07,2.9694116241357807e-07,7.795322385270029e-07,0.00010942987782813479,predictor_only,nsga2
0,201,201,train,2.8596314191818237,0.2109375,0.59765625,8,64,512,155.64620000077412,1.2316454298844988,2.6424933378781805,54.98783646044316,43.23709999152925,1.2611148474395322,3.6268707911495066,4.887985638589039,0.006300004315562546,0.0,2.4403180558623463,2.4413675784111297,0,51.39829049260258,3289.490591526565,2097152.0,2,0.5,0.5,0.0,0.0,0.0,77.9165384102192,0.009399984264746308,0.0,58.139157675054946,19.76798075089952,0,1,0,17.215109484922074,60.70142892529714,0.0,1048576,1048576,0,8,4,0.25,2,0.5,0,1,1.0,0.19776865982085054,3,0,3,0.0,2.0,0.5,2.0,3,0.5,0.5,0.0,0.9541015625,0.0458984375,0.0,256,1024,0,0.0,235.44790091282334,64.82049997430295,0.0,156.01200140499628,14.615399533524144,0,1382.338820497386,0,1226.6926204966119,4.926581719537995e-07,1.0569973351512722e-06,2.1995134584177268e-06,1.2611148474395324e-07,3.6268707911495065e-07,7.791653841021921e-07,5.017132913483895e-06,predictor_only,nsga2
0,202,202,train,2.562000334262848,0.263671875,0.638671875,8,64,512,970.0713000056567,1.7063567212112902,2.229126180984517,101.32620733957833,36.77350000361912,2.0517341157120343,2.783916059826221,4.835650175538255,0.006900008884258568,0.0,2.206753051779509,2.6219971148744876,0,8.246807995603369,527.7957117186156,2097152.0,2,0.5,0.5,0.0,0.0,0.0,78.1267719386142,0.006900008884258568,0.0,59.34439714648169,18.77547478324825,0,1,0,17.60643762639383,60.52033431222036,0.0,1048576,1048576,0,8,4,0.25,2,0.5,0,1,1.0,0.2201412853775118,3,3,0,1.0,0.0,0.0,1.0,0,0.5,0.5,0.0,0.9462890625,0.0537109375,0.0,256,1024,0,0.0,421.0467609670966,0.0658999924780801,240.0,158.06941737347674,22.911443601141833,0,1495.718025997701,0,525.6467259920444,6.825426884845161e-07,8.916504723938069e-07,4.0530482935831345e-06,2.0517341157120346e-07,2.783916059826221e-07,7.812677193861419e-07,6.8920741914014256e-06,predictor_only,nsga2
0,203,203,train,2.5689826011657715,0.283203125,0.66796875,8,64,512,193.97700000263285,1.2714790619846024,2.2969948136302687,62.7241985029755,39.10650000034366,1.2780424683512097,2.9928188621123026,4.270861330463513,0.006599992047995329,0.0,2.4504456615621932,1.8138156768533238,0,41.241790305557416,2639.4745795556746,2097152.0,2,0.5,0.5,0.0,0.0,0.0,77.63897711780155,0.006600021151825786,0.0,57.58845703406341,20.043920062586302,0,1,0,17.84449675130677,59.79448036649477,0.0,1048576,1048576,0,8,4,0.25,2,0.5,0,1,1.0,0.2091524583687337,3,0,3,0.0,2.0,0.5,2.0,3,0.5,0.5,0.0,0.953125,0.046875,0.0,256,1024,0,0.0,265.17068951436147,94.58049999375362,0.0,156.02730716816149,14.562882352446408,0,1495.718025997701,0,1301.7410259950682,5.08591624793841e-07,9.187979254521076e-07,2.50896794011902e-06,1.2780424683512098e-07,2.9928188621123025e-07,7.763897711780156e-07,5.139833394589336e-06,predictor_only,nsga2
0,204,204,train,2.7622079849243164,0.20703125,0.591796875,8,64,512,199.12469999690074,1.2913456578065057,2.321149934689152,63.59978224293719,38.18199998931959,1.2176196769835874,3.195812398819745,4.413432075803332,0.006299989763647318,0.0,2.295386271946697,2.1117458140929877,0,40.17562775736389,2571.240176471289,2097152.0,2,0.5,0.5,0.0,0.0,0.0,77.16121329154181,0.007299997378140688,0.0,57.47855824196273,19.675355052200942,0,1,0,17.58121240582761,59.580000885714206,0.0,1048576,1048576,0,8,4,0.25,2,0.5,0,1,1.0,0.19776865982085054,3,3,0,1.0,0.0,0.0,1.0,0,0.5,0.5,0.0,0.9423828125,0.0576171875,0.0,256,1024,0,0.0,268.8491113417314,99.01560001890175,0.0,157.35383501739489,12.479676305434722,0,1495.718025997701,0,1296.5933260008003,5.165382631226023e-07,9.284599738756607e-07,2.5439912897174875e-06,1.2176196769835875e-07,3.195812398819745e-07,7.716121329154182e-07,5.201944867211502e-06,predictor_only,nsga2
0,205,205,train,2.7018306851387024,0.25390625,0.603515625,8,64,512,135.01899999391753,1.292503631895451,2.268462059676788,48.36237388763587,49.36459999589715,1.2272762062987206,3.0492606993250755,4.2765369056237965,0.006499991286545992,0.0,2.5122116493462983,1.7578252649909516,0,59.25048141283061,3792.030810421159,2097152.0,2,0.5,0.5,0.0,0.0,0.0,76.12901500443203,0.007299997378140688,0.0,54.626085896226634,21.495629110827267,0,1,0,18.683113879756696,57.445901124675345,0.0,1048576,1048576,0,8,4,0.25,2,0.5,0,1,1.0,0.25097720212391433,3,0,3,0.0,2.0,0.5,2.0,3,0.5,0.5,0.0,0.9482421875,0.0517578125,0.0,256,1024,0,0.0,207.69335831683242,38.30950001429301,0.0,155.85921467892558,13.52464362361381,0,1495.718025997701,0,1360.6990260037835,5.170014527581804e-07,9.073848238707153e-07,1.9344949555054346e-06,1.2272762062987205e-07,3.0492606993250757e-07,7.612901500443205e-07,4.547825072741031e-06,predictor_only,nsga2
0,206,206,train,2.604978621006012,0.26953125,0.640625,8,64,512,183.60699999902863,1.254820439214907,2.229390369022649,64.0099004258119,36.94059999543242,1.1296944760804908,2.87625911898936,4.005953595069851,0.006699992809444666,0.0,2.2411195322122097,1.7581340700481958,0,43.571086227410156,2788.54951855425,2097152.0,2,0.5,0.5,0.0,0.0,0.0,78.2802374949093,0.007299997378140688,0.0,59.2729401584198,18.999997339111367,0,1,0,16.67276443727782,61.60747305763149,0.0,1048576,1048576,0,8,4,0.25,2,0.5,0,1,1.0,0.20915249756217386,3,3,0,1.0,0.0,0.0,1.0,0,0.5,0.5,0.0,0.953125,0.046875,0.0,256,1024,0,0.0,269.9764449361979,104.15630004717968,0.0,152.8640444808211,12.95610040819708,0,1495.718025997701,0,1312.1110259986724,5.019281756859629e-07,8.917561476090596e-07,2.5603960170324764e-06,1.1296944760804909e-07,2.8762591189893603e-07,7.828023749490931e-07,5.137478074783576e-06,predictor_only,nsga2
0,207,207,train,2.4676536917686462,0.30078125,0.65625,8,64,512,201.35540000046603,1.1966458494620502,2.2692404955884715,64.90115073440077,35.84959999716375,1.1531127985753762,2.8870912105530393,4.0402040091284155,0.006300018867477775,0.0,2.4053081849886473,1.6285958052722906,0,39.73054742725577,2542.7550353443694,2097152.0,2,0.0,0.5,0.5,0.0,0.0,81.69947508847076,0.006499991286545992,0.0,62.65194966506616,19.041025432118055,0,1,0,0.0,57.19675120253051,24.502723885940256,0,1048576,1048576,8,4,0.25,2,0.5,0,1,1.0,0.2307606527190679,3,0,3,0.0,2.0,0.5,2.0,3,0.5,0.5,0.0,0.9365234375,0.0634765625,0.0,256,1024,0,0.0,273.4681483178052,102.4778000137303,0.0,156.285591692766,14.704756611308852,0,1495.718025997701,0,1294.362625997235,4.786583397848201e-07,9.076961982353887e-07,2.5960460293760308e-06,1.1531127985753762e-07,2.88709121055304e-07,8.169947508847078e-07,5.203415719193789e-06,predictor_only,nsga2
0,208,208,train,2.355174720287323,0.330078125,0.712890625,8,64,512,206.18899998953566,1.2814013760484482,2.3750268195689097,66.26997925623306,46.823299999232404,1.3403826583054737,3.206744315821207,4.54712697412668,0.007299997378140688,0.0,2.5005125904406653,2.0393143863078746,0,38.79916581990401,2483.1466124738567,2097152.0,2,0.5,0.5,0.0,0.0,0.0,82.74526081220887,0.006699992809444666,0.0,61.5967308198557,21.141829999543713,0,1,0,18.550078189734904,64.19518262247396,0.0,1048576,1048576,0,8,4,0.25,2,0.5,0,1,1.0,0.14759070521249812,3,3,0,1.0,0.0,0.0,1.0,0,0.5,0.5,0.0,0.9541015625,0.0458984375,0.0,256,1024,0,0.0,279.70562980740164,108.74340000736993,0.0,156.69730712813026,14.264922671901445,0,953.6992245059075,0,747.5102245163719,5.125605504193792e-07,9.500107278275641e-07,2.6507991702493223e-06,1.3403826583054736e-07,3.206744315821207e-07,8.274526081220887e-07,5.395535754031022e-06,predictor_only,nsga2
0,209,209,train,2.550821602344513,0.265625,0.66015625,8,64,512,192.34249999863096,1.2178671275993491,2.424720283497965,63.18517732812455,37.4117000028491,1.1367455654165977,3.4763646514929576,4.613110216909555,0.006599992047995329,0.0,2.3472886960579853,2.259221528803575,0,41.59225552231784,2661.904353428342,2097152.0,2,0.5,0.5,0.0,0.0,0.0,82.5587328605947,0.007700000423938036,0.0,61.197893155978626,21.35313970419214,0,1,0,18.91291912188327,63.64581373871143,0.0,1048576,1048576,0,8,4,0.25,2,0.5,0,1,1.0,0.2307606527190679,3,0,3,0.0,2.0,0.5,2.0,3,0.5,0.5,0.0,0.935546875,0.064453125,0.0,256,1024,0,0.0,267.31105895688745,97.38149998884182,0.0,155.59981237108056,14.329746596965085,0,953.6992245059075,0,761.3567245072766,4.871468510397397e-07,9.698881133991859e-07,2.5274070931249826e-06,1.1367455654165976e-07,3.476364651492958e-07,8.255873286059472e-07,5.271340407860811e-06,predictor_only,nsga2
0,210,210,train,2.6818859577178955,0.24609375,0.6015625,8,64,512,181.0780999949202,1.255272206316487,2.2708696715320587,65.45033052031309,36.87160000845324,1.269212808332359,3.174960611412402,4.444173419744761,0.00650000583846122,0.0,2.259074257084805,2.178599156821495,0,44.17958781672995,2827.4936202707167,2097152.0,2,0.5,0.5,0.0,0.0,0.0,81.75293998936588,0.00689999433234334,0.0,61.34153316317923,20.404506831854313,0,1,0,18.45876289197654,63.294177097389344,0.0,1048576,1048576,0,8,4,0.25,2,0.5,0,1,1.0,0.2201412464909665,3,3,0,1.0,0.0,0.0,1.0,0,0.5,0.5,0.0,0.9501953125,0.0498046875,0.0,256,1024,0,0.0,275.90588959264653,101.85679997084662,0.0,157.93206270631993,16.117026915479972,0,953.6992245059075,0,772.6211245109873,5.021088825265948e-07,9.083478686128234e-07,2.618013220812524e-06,1.269212808332359e-07,3.1749606114124024e-07,8.175293998936589e-07,5.290416713820077e-06,predictor_only,nsga2
0,211,211,train,2.6851543188095093,0.22265625,0.595703125,8,64,512,199.28020000224933,1.3074102378393633,2.2962188687535914,65.63116410025489,36.90340000321157,1.1787818701893713,3.280803275826658,4.459585146016029,0.006299989763647318,0.0,2.2506956811697956,2.2025894750825863,0,40.144278536609086,2569.2338263429815,2097152.0,2,0.5,0.5,0.0,0.0,0.0,80.21991923730165,0.006999995093792677,0.0,59.688700094107965,20.52421914809989,0,1,0,18.09138434711802,62.12853489018363,0.0,1048576,1048576,0,8,4,0.25,2,0.5,0,1,1.0,0.2307606527190679,3,0,3,0.0,2.0,0.5,2.0,3,0.5,0.5,0.0,0.9453125,0.0546875,0.0,256,1024,0,0.0,276.93917282739136,104.03619999124203,0.0,159.13879202000368,13.764180816145675,0,953.6992245059075,0,754.4190245036582,5.229640951357453e-07,9.184875475014363e-07,2.6252465640101955e-06,1.1787818701893714e-07,3.2808032758266584e-07,8.021991923730165e-07,5.314855913621997e-06,predictor_only,nsga2
0,212,212,train,2.667897939682007,0.236328125,0.60546875,8,64,512,180.47189999197144,1.2956865111583442,2.1686748348148868,64.3425724053396,36.30199999315664,1.157528986155496,2.7050213358018658,3.862550321957362,0.007400012691505253,0.0,2.2608043440347605,1.594345965231096,0,44.327984979217874,2836.991038669944,2097152.0,2,0.5,0.5,0.0,0.0,0.0,78.2439713091301,0.006999995093792677,0.0,58.19400497850356,20.042966335532764,0,1,0,17.752627304289366,60.49134400484074,0.0,1048576,1048576,0,8,4,0.25,2,0.5,0,1,1.0,0.2091524583687337,3,3,0,1.0,0.0,0.0,1.0,0,0.5,0.5,0.0,0.9580078125,0.0419921875,0.0,256,1024,0,0.0,271.2277350052513,102.15350000362378,0.0,154.60593412417768,14.46830087744984,0,953.6992245059075,0,773.2273245139361,5.182746044633378e-07,8.674699339259549e-07,2.5737028962135844e-06,1.1575289861554962e-07,2.705021335801866e-07,7.824397130913011e-07,5.128142179889914e-06,predictor_only,nsga2
0,213,213,train,2.585843324661255,0.263671875,0.658203125,8,64,512,181.92499999713618,1.3320890645930321,2.291058911258622,63.41529703525799,36.445300007471815,1.1785107815232025,3.0698039497976453,4.248314731320848,0.006599992047995329,0.0,2.3286726457342213,1.9130420935386314,0,43.97392346407843,2814.3311017010196,2097152.0,2,0.5,0.0,0.5,0.0,0.0,39.514688422366206,0.008600007276982069,0.0,21.148399710235978,18.357688704853246,0,1,0,16.743373650809104,0.0,22.7713147715571,1048576,0,1048576,8,4,0.25,2,0.5,0,1,1.0,0.2091524583687337,3,0,3,0.0,2.0,0.5,2.0,3,0.5,0.5,0.0,0.947265625,0.052734375,0.0,256,1024,0,0.0,268.1537800444386,98.48029998829588,0.0,153.82173297039378,15.851747085748958,0,953.6992245059075,0,771.7742245087713,5.328356258372128e-07,9.164235645034488e-07,2.5366118814103203e-06,1.1785107815232026e-07,3.0698039497976456e-07,3.951468842236621e-07,4.805849429106728e-06,predictor_only,nsga2
0,214,214,train,2.705199182033539,0.228515625,0.60546875,8,64,512,210.33620000525843,1.442590770385402,2.59345700247722,57.43942592657502,62.90659999649506,1.3166679940568753,3.6500758527143295,4.966743846771205,0.006800008122809231,0.0,2.218894698135088,2.741049140513307,0,38.03416609044905,2434.186629788739,2097152.0,2,0.5,0.5,0.0,0.0,0.0,79.81280986099469,0.012199991033412516,0.0,59.71981030177085,20.08079956819042,0,1,0,18.339710055662408,61.473099805332275,0.0,1048576,1048576,0,8,4,0.25,2,0.5,0,1,1.0,0.2307606527190679,3,3,0,1.0,0.0,0.0,1.0,0,0.5,0.5,0.0,0.9482421875,0.0517578125,0.0,256,1024,0,0.0,245.90189479775057,75.18499996513128,0.0,155.12368364443824,15.593211188181044,0,953.6992245059075,0,743.3630245006491,5.770363081541608e-07,1.0373828009908882e-06,2.2975770370630013e-06,1.3166679940568754e-07,3.6500758527143296e-07,7.981280986099469e-07,5.206798629495118e-06,predictor_only,nsga2
0,215,215,train,2.652078866958618,0.224609375,0.62890625,8,64,512,1848.240999999689,1.7684027223743712,2.973526856578615,288.46561845358167,59.13200000941288,2.3690331677465104,4.5396132220169,6.90864638976341,0.006699992809444666,0.0,2.5530143797520175,4.348932017201948,0,4.328437509807345,277.0200006276701,2097152.0,2,0.5,0.5,0.0,0.0,0.0,75.61205581350592,0.007299997378140688,0.0,55.50560026937332,20.099155546754467,0,1,0,16.260689721036293,59.35136609246963,0.0,1048576,1048576,0,8,4,0.25,2,0.5,0,1,1.0,0.14759070521249812,3,0,3,0.0,2.0,0.5,2.0,3,0.5,0.5,0.0,0.9443359375,0.0556640625,0.0,256,1024,0,0.0,1172.8301921301386,64.3275000329595,0.0,156.35999251941686,952.1426995777625,0,1495.718025997701,1,-352.5229740019879,7.073610889497486e-07,1.1894107426314461e-06,1.1538624738143271e-05,2.3690331677465104e-07,4.5396132220169003e-07,7.561205581350593e-07,1.4882381766835868e-05,predictor_only,nsga2
0,216,216,train,2.5878806114196777,0.2578125,0.6328125,8,64,512,190.39170000178274,1.2013064981022383,2.2109569291336837,65.55649573426585,40.3533999924548,1.306907164656894,3.0770865640920784,4.3839937287489725,0.007299997378140688,0.0,2.416512517113892,1.9601812142569397,0,42.01841772255497,2689.178734243518,2097152.0,2,0.5,0.5,0.0,0.0,0.0,75.81197180642894,0.007499998901039362,0.0,55.385568661615565,20.41890314591234,0,1,0,17.427619976889343,58.384351829539604,0.0,1048576,1048576,0,8,4,0.25,2,0.5,0,1,1.0,0.2201412464909665,3,3,0,1.0,0.0,0.0,1.0,0,0.5,0.5,0.0,0.9443359375,0.0556640625,0.0,256,1024,0,0.0,275.87503664600706,109.36040001979563,0.0,154.7656495039662,11.748987122245298,0,1495.718025997701,0,1305.3263259959183,4.805225992408955e-07,8.843827716534736e-07,2.6222598293706342e-06,1.3069071646568941e-07,3.0770865640920785e-07,7.581197180642895e-07,5.18368429120419e-06,predictor_only,nsga2
0,217,217,train,2.596657693386078,0.2734375,0.6484375,8,64,512,166.54570000537205,1.2035656189757082,2.2752816331277126,62.03591964104118,37.52479999093339,1.2907721937286234,3.0409163190051385,4.331688512733762,0.00650000583846122,0.0,2.4516386050600265,1.8735499018352741,0,48.03457528574241,3074.2128182875144,2097152.0,2,0.5,0.5,0.0,0.0,0.0,77.05495004088726,0.007099995855242014,0.0,56.779222056781045,20.26862798825097,0,1,0,17.162719098412488,59.892230942474775,0.0,1048576,1048576,0,8,4,0.25,2,0.5,0,1,1.0,0.24103284089209526,3,0,3,0.0,2.0,0.5,2.0,3,0.5,0.5,0.0,0.9423828125,0.0576171875,0.0,256,1024,0,0.0,262.05906757257844,87.29850001691375,0.0,159.38879702398094,15.371770531683723,0,1495.718025997701,0,1329.172325992329,4.814262475902833e-07,9.10112653251085e-07,2.4814367856416474e-06,1.2907721937286235e-07,3.0409163190051387e-07,7.705495004088726e-07,5.0766940381652635e-06,predictor_only,nsga2
0,218,218,train,2.5744555592536926,0.275390625,0.65234375,8,64,512,173.98140000295825,1.3338418525539135,2.1766468177012195,61.16293404955418,47.11709999537561,1.3124321429883496,2.9493263841454,4.2617585271337495,0.006299989763647318,0.0,2.489820780784648,1.7656377565854542,0,45.98166251220798,2942.826400781311,2097152.0,2,0.5,0.5,0.0,0.0,0.0,78.00054508273888,0.007599999662488699,0.0,57.47044633770475,20.522498745371635,0,1,0,17.80814286666766,60.192402216071216,0.0,1048576,1048576,0,8,4,0.25,2,0.5,0,1,1.0,0.25097720212391433,3,3,0,1.0,0.0,0.0,1.0,0,0.5,0.5,0.0,0.94140625,0.05859375,0.0,256,1024,0,0.0,258.69369087923724,86.7940000462113,0.0,158.64305130549457,13.256639527531414,0,1495.718025997701,0,1321.7366259947428,5.335367410215653e-07,8.706587270804878e-07,2.4465173619821677e-06,1.3124321429883496e-07,2.9493263841454e-07,7.800054508273888e-07,5.0568941336249846e-06,predictor_only,nsga2
0,219,219,train,2.5007328391075134,0.27734375,0.6953125,8,64,512,140.84680000087246,1.2689806892916016,2.4017033781680293,53.85399487114124,47.83999999926891,1.157756851705499,3.3783066057423237,4.536063457447822,0.006100017344579101,0.0,2.3079599352160476,2.222003504887196,0,56.798899236980944,3635.1295511667804,2097152.0,2,0.5,0.5,0.0,0.0,0.0,79.15705239683031,0.007399998139590025,0.0,58.84235842413268,20.307293974558036,0,1,0,17.897072280675715,61.259980116154594,0.0,1048576,1048576,0,8,4,0.25,2,0.5,0,1,1.0,0.18595995617580352,3,0,3,0.0,2.0,0.5,2.0,3,0.5,0.5,0.0,0.9501953125,0.0498046875,0.0,256,1024,0,0.0,230.0987157544035,58.2804000005126,0.0,157.67021249179098,14.148103262099905,0,953.6992245059075,0,812.8524245050351,5.075922757166406e-07,9.606813512672116e-07,2.15415979484565e-06,1.1577568517054991e-07,3.378306605742324e-07,7.915705239683032e-07,4.867610291542587e-06,predictor_only,nsga2
0,220,220,train,2.5078718662261963,0.287109375,0.65625,8,64,512,150.28909999819007,1.285774573965501,2.3128155972921323,52.48180063463602,36.84580000117421,1.1615814110189537,3.1995149512528425,4.361096362271796,0.006499991286545992,0.0,2.193370445988704,2.161225924996546,0,53.2303857679005,3406.744689145632,2097152.0,2,0.5,0.5,0.0,0.0,0.0,79.48422726035557,0.007299997378140688,0.0,59.55532563169268,19.92160163128473,0,1,0,16.920320421569606,62.563906838785954,0.0,1048576,1048576,0,8,4,0.25,2,0.5,0,1,1.0,0.18595995617580352,3,3,0,1.0,0.0,0.0,1.0,0,0.5,0.5,0.0,0.953125,0.046875,0.0,256,1024,0,0.0,224.32156322357463,52.54640003840905,0.0,157.14213384296863,14.633029342196963,0,953.6992245059075,0,803.4101245077175,5.143098295862004e-07,9.25126238916853e-07,2.0992720253854415e-06,1.1615814110189539e-07,3.199514951252843e-07,7.948422726035557e-07,4.76966000271923e-06,predictor_only,nsga2
0,221,221,train,2.4920747876167297,0.25390625,0.689453125,8,64,512,194.97390001197346,1.205284523402823,2.164716485360031,63.20347384104633,35.947500000474975,1.1565821475527225,2.893794437888648,4.050376585441371,0.007099995855242014,0.0,2.1853094844677465,1.8579671051183821,0,41.03092243929202,2625.9790361146893,2097152.0,2,0.5,0.5,0.0,0.0,0.0,75.91540214174506,0.006900008884258568,0.0,55.481823490990536,20.426678641870257,0,1,0,18.078719480162384,57.83668266158267,0.0,1048576,1048576,0,8,4,0.25,2,0.5,0,1,1.0,0.14759070521249812,3,0,3,0.0,2.0,0.5,2.0,3,0.5,0.5,0.0,0.951171875,0.048828125,0.0,256,1024,0,0.0,266.29389939923675,99.50250001566019,0.0,153.0261930893684,13.765206294208127,0,953.6992245059075,0,758.7253244939341,4.821138093611292e-07,8.658865941440123e-07,2.5281389536418533e-06,1.1565821475527225e-07,2.8937944378886487e-07,7.591540214174506e-07,5.0403310371085825e-06,predictor_only,nsga2
0,222,222,train,2.6128028631210327,0.19921875,0.6796875,8,64,512,182.21190001349896,1.2505924422834362,2.3404496803515444,54.71519886229089,52.58640000829473,1.2072064068762118,3.0864455107045767,4.293651917580789,0.005900001269765198,0.0,2.3906814115001134,1.8970705048109102,0,43.90468512057781,2809.89984771698,2097152.0,2,0.5,0.5,0.0,0.0,0.0,78.00413658056206,0.007399998139590025,0.0,58.08201650743616,19.91472007498631,0,1,0,17.2981918518839,60.70594472867816,0.0,1048576,1048576,0,8,4,0.25,2,0.5,0,1,1.0,0.17369072493825644,3,3,0,1.0,0.0,0.0,1.0,0,0.5,0.5,0.0,0.9638671875,0.0361328125,0.0,256,1024,0,0.0,233.22496393970346,56.53360002906993,0.0,157.43927408519804,19.25208982543551,0,953.6992245059075,0,771.4873244924086,5.002369769133747e-07,9.36179872140618e-07,2.1886079544916357e-06,1.207206406876212e-07,3.086445510704577e-07,7.800413658056207e-07,4.834431361109329e-06,predictor_only,nsga2
0,223,223,train,2.476895749568939,0.287109375,0.681640625,8,64,512,176.15590000059456,1.2942988407714875,2.3215084803614596,65.84822473011172,58.47860001085792,1.2055730082087184,3.1531727860388443,4.358745794247563,0.00549999822396785,0.0,2.409246736362798,1.943999059660797,0,45.414059852171555,2906.4998305389795,2097152.0,2,0.0,0.5,0.5,0.0,0.0,81.95411496083273,0.007599999662488699,0.0,63.01759710908554,18.928917852084698,0,1,0,0.0,57.56941769667715,24.38469726415558,0,1048576,1048576,8,4,0.25,2,0.5,0,1,1.0,0.19776865982085054,3,0,3,0.0,2.0,0.5,2.0,3,0.5,0.5,0.0,0.9560546875,0.0439453125,0.0,256,1024,0,0.0,277.8561282049787,104.78289997263346,0.0,155.78465955031797,17.28856868202723,0,953.6992245059075,0,777.543324505313,5.17719536308595e-07,9.286033921445839e-07,2.633928989204469e-06,1.2055730082087185e-07,3.1531727860388443e-07,8.195411496083273e-07,5.335667646690732e-06,predictor_only,nsga2
0,224,224,train,2.495155692100525,0.263671875,0.654296875,8,64,512,198.38380000146572,1.3193981898500278,2.2475513029511136,64.49682133952687,35.75559999444522,1.2457278538834877,2.872079730217716,4.117807584101204,0.006199989002197981,0.0,2.474214100874618,1.637393494224388,0,40.32567011152515,2580.8428871376095,2097152.0,2,0.5,0.5,0.0,0.0,0.0,77.47933122774424,0.007099995855242014,0.0,57.10771775028313,20.36451348160588,0,1,0,17.1338013861251,60.34552984161915,0.0,1048576,1048576,0,8,4,0.25,2,0.5,0,1,1.0,0.14759070521249812,3,3,0,1.0,0.0,0.0,1.0,0,0.5,0.5,0.0,0.9609375,0.0390625,0.0,256,1024,0,0.0,272.2550833293121,102.49609997845255,0.0,156.07787817963595,13.681105171223567,0,953.6992245059075,0,755.3154245044418,5.27759275940011e-07,8.990205211804455e-07,2.579872853581075e-06,1.2457278538834878e-07,2.872079730217716e-07,7.747933122774425e-07,5.193226721389094e-06,predictor_only,nsga2
0,225,225,train,2.560179829597473,0.240234375,0.634765625,8,64,512,186.62700000277255,1.1920446448437239,2.34547616593818,60.54636970258316,48.96240000380203,1.2782885711970318,3.0037626935567117,4.282051264753743,0.007199996616691351,0.0,2.4564551719289804,1.8183960962080714,0,42.86602224682873,2743.4254237970385,2097152.0,2,0.5,0.5,0.0,0.0,0.0,74.96640508470817,0.007300011930055916,0.0,55.651675099810674,19.307429972967448,0,1,0,18.42527650532339,56.54112857938478,0.0,1048576,1048576,0,8,4,0.25,2,0.5,0,1,1.0,0.16091838189257093,3,0,3,0.0,2.0,0.5,2.0,3,0.5,0.5,0.0,0.9638671875,0.0361328125,0.0,256,1024,0,0.0,256.33556205346025,85.89630000642501,0.0,155.91623271522698,14.523029331808305,0,953.6992245059075,0,767.072224503135,4.768178579374895e-07,9.381904663752722e-07,2.421854788103327e-06,1.2782885711970318e-07,3.003762693556712e-07,7.496640508470817e-07,5.014732289738545e-06,predictor_only,nsga2
0,226,226,train,2.6907912492752075,0.224609375,0.630859375,8,64,512,167.53329998755362,1.2946376366618673,2.4451374416251257,64.74092010380129,70.48249999934342,1.1399891456610631,3.7386882908987684,4.8786774365598315,0.008299975888803601,0.0,2.3904108705133407,2.4799665901576873,0,47.75141568379927,3056.0906037631535,2097152.0,2,0.5,0.5,0.0,0.0,0.0,77.37507925870321,0.010399991879239678,0.0,57.264924592507526,20.099754674316443,0,1,0,18.19346449229196,59.18161476641124,0.0,1048576,1048576,0,8,4,0.25,2,0.5,0,1,1.0,0.14759070521249812,3,3,0,1.0,0.0,0.0,1.0,0,0.5,0.5,0.0,0.958984375,0.041015625,0.0,256,1024,0,0.0,273.9227807283531,104.98219999135472,0.0,153.79019873218897,15.150382004809362,0,953.6992245059075,0,786.1659245183539,5.17855054664747e-07,9.780549766500503e-07,2.5896368041520516e-06,1.1399891456610632e-07,3.738688290898769e-07,7.737507925870321e-07,5.3471653717098645e-06,predictor_only,nsga2
0,227,227,train,2.797064423561096,0.259765625,0.599609375,8,64,512,2099.2437999957474,1.4768951990836827,2.79187183967395,226.7932530387959,38.08299999218434,1.551710127506604,4.027310553773602,5.579020681280206,0.006800008122809231,0.0,2.5134637996745166,3.05875687348288,0,3.8108942797029703,243.8972339009901,2097152.0,2,0.5,0.5,0.0,0.0,0.0,74.26353560326233,0.006599992047995329,0.0,55.096540799752006,19.160394811462325,0,1,0,17.110152657956576,57.15338294530575,0.0,1048576,1048576,0,8,4,0.25,2,0.5,0,1,1.0,0.241032865595602,3,0,3,0.0,2.0,0.5,2.0,3,0.5,0.5,0.0,0.9462890625,0.0537109375,0.0,256,1024,0,0.0,924.2480803102142,200.84119999955874,0.0,155.1557578066661,568.2511225039893,0,1598.3710985026091,1,-500.87270149313827,5.907580796334732e-07,1.1167487358695798e-06,9.071730121551837e-06,1.551710127506604e-07,4.027310553773602e-07,7.426353560326233e-07,1.2079774361215533e-05,predictor_only,nsga2
0,228,228,train,2.7964507937431335,0.21875,0.625,8,64,512,197.84519998938777,1.2374373116849173,2.3107523875748566,61.935638672147306,37.05830000399146,1.3141319932006619,3.1538015242399453,4.467933517440607,0.006399990525096655,0.0,2.405406631035812,2.0561268958796983,0,40.43544935626315,2587.8687588008415,2097152.0,2,0.5,0.5,0.0,0.0,0.0,78.13100352214586,0.007700000423938036,0.0,58.43939827266403,19.683905249057894,0,1,0,17.128240547934723,61.00276297421114,0.0,1048576,1048576,0,8,4,0.25,2,0.5,0,1,1.0,0.2091524583687337,3,3,0,1.0,0.0,0.0,1.0,0,0.5,0.5,0.0,0.94921875,0.05078125,0.0,256,1024,0,0.0,261.9353134856283,88.37440006027464,0.0,158.56342616361565,14.997487261738053,0,1598.3710985026091,0,1400.5258985132214,4.949749246739669e-07,9.243009550299428e-07,2.4774255468858926e-06,1.3141319932006622e-07,3.1538015242399455e-07,7.813100352214587e-07,5.1248048135553225e-06,predictor_only,nsga2
0,229,229,train,2.6126142740249634,0.240234375,0.658203125,8,64,512,192.1541000047,1.3456400368229158,2.2860335454010396,58.87239381809707,39.40670000156388,1.1749636375398944,3.0080741446972565,4.183037782237151,0.006400005077011883,0.0,2.2865547594808415,1.890083017679297,0,41.633034979578085,2664.5142386929974,2097152.0,2,0.5,0.5,0.0,0.0,0.0,81.45391741794981,0.007100010407157242,0.0,59.928393685633694,21.51842372190896,0,1,0,18.48060808291248,62.97330933503733,0.0,1048576,1048576,0,8,4,0.25,2,0.5,0,1,1.0,0.2091524583687337,3,0,3,0.0,2.0,0.5,2.0,3,0.5,0.5,0.0,0.9560546875,0.0439453125,0.0,256,1024,0,0.0,250.01626960128414,85.27570001024287,0.0,152.11479359604388,12.625775994997381,0,1598.3710985026091,0,1406.2169984979091,5.382560147291663e-07,9.144134181604159e-07,2.354895752723883e-06,1.1749636375398944e-07,3.0080741446972566e-07,8.14539174179498e-07,5.040408138016678e-06,predictor_only,nsga2
0,230,230,train,2.676766514778137,0.259765625,0.640625,8,64,512,214.30900000268593,1.2622178402156459,2.3189087938170285,82.0596540324312,36.33859999536071,1.451791368307274,3.152792751675193,4.6045841199824675,0.006600006599910557,0.0,2.589825610987721,2.0081585023948354,0,37.32910270122596,2389.0625728784617,2097152.0,2,0.5,0.5,0.0,0.0,0.0,77.87476870853675,0.007999988156370819,0.0,57.049939456514764,20.81682926386561,0,1,0,18.672824557353707,59.201944151183035,0.0,1048576,1048576,0,8,4,0.25,2,0.5,0,1,1.0,0.17369070345169255,3,3,0,1.0,0.0,0.0,1.0,0,0.5,0.5,0.0,0.9560546875,0.0439453125,0.0,256,1024,0,0.0,342.56312266585553,51.85939995863009,120.0,156.14439203700692,14.559330670218483,0,1598.3710985026091,0,1384.0620984999232,5.048871360862584e-07,9.275635175268116e-07,3.2823861612972486e-06,1.451791368307274e-07,3.152792751675193e-07,7.787476870853675e-07,5.9540429139939315e-06,predictor_only,nsga2
0,231,231,train,2.558543622493744,0.26953125,0.666015625,8,64,512,155.29419999802485,1.3112341057323569,2.582533306373376,53.52041824096709,38.11690000293311,1.1853830834232406,3.500176631580185,4.685559715003426,0.00729998282622546,0.0,2.220645785962772,2.4576139462144284,0,51.514792473313726,3296.9467182920785,2097152.0,2,0.5,0.5,0.0,0.0,0.0,74.19261528082026,0.007000009645707905,0.0,54.50832785823975,19.677287412934795,0,1,0,17.32039215704865,56.872223123771604,0.0,1048576,1048576,0,8,4,0.25,2,0.5,0,1,1.0,0.13364216641330787,3,0,3,0.0,2.0,0.5,2.0,3,0.5,0.5,0.0,0.953125,0.046875,0.0,256,1024,0,0.0,229.65674261229128,54.63809995853808,0.0,156.1310147824448,18.88762787130841,0,1598.3710985026091,0,1443.0768985045843,5.244936422929428e-07,1.0330133225493506e-06,2.1408167296386835e-06,1.1853830834232407e-07,3.5001766315801855e-07,7.419261528082027e-07,4.908805818789523e-06,predictor_only,nsga2
0,232,232,train,2.5676576495170593,0.267578125,0.646484375,8,64,512,198.76539999677334,1.2623822626878212,2.16651250536905,63.64161729805615,36.40520000772085,1.2315836203029342,3.05940521250011,4.290988832803044,0.006999995093792677,0.0,2.388775165072537,1.8952136726367144,0,40.24825121413814,2575.888077704841,2097152.0,2,0.5,0.5,0.0,0.0,0.0,75.9415860298274,0.00689999433234334,0.0,56.36428894174175,19.570397093753318,0,1,0,17.31366962760245,58.627916402224955,0.0,1048576,1048576,0,8,4,0.25,2,0.5,0,1,1.0,0.17369072493825644,3,3,0,1.0,0.0,0.0,1.0,0,0.5,0.5,0.0,0.947265625,0.052734375,0.0,256,1024,0,0.0,268.2820482644521,101.43490001792088,0.0,154.64188983186202,12.20525841466919,0,1224.2687600011363,0,1025.503360004363,5.049529050751284e-07,8.666050021476201e-07,2.5456646919222465e-06,1.2315836203029343e-07,3.05940521250011e-07,7.594158602982742e-07,5.105737342723574e-06,predictor_only,nsga2
0,233,233,train,2.60093891620636,0.23828125,0.63671875,8,64,512,192.12369999149814,1.2616355375756882,2.2479722561793327,64.78154347472986,40.41940000024624,1.16904184559773,2.9800068634059524,4.149048709003683,0.006700007361359894,0.0,2.4029583931668084,1.7393903084755142,0,41.6396226011232,2664.935846471885,2097152.0,2,0.5,0.5,0.0,0.0,0.0,76.9076740799367,0.007399998139590025,0.0,56.90246930133353,19.997804780463564,0,1,0,17.325861268295284,59.581812811641406,0.0,1048576,1048576,0,8,4,0.25,2,0.5,0,1,1.0,0.19776865982085054,3,0,3,0.0,2.0,0.5,2.0,3,0.5,0.5,0.0,0.9482421875,0.0517578125,0.0,256,1024,0,0.0,273.1646050739395,105.12919999018777,0.0,155.14560007576569,12.889805007986071,0,1224.2687600011363,0,1032.1450600096382,5.046542150302753e-07,8.991889024717331e-07,2.5912617389891947e-06,1.1690418455977302e-07,2.980006863405953e-07,7.690767407993669e-07,5.179086468190938e-06,predictor_only,nsga2
0,234,234,train,2.540956676006317,0.27734375,0.658203125,8,64,512,136.27319999795873,1.2859702780787086,2.322000464437257,51.75738337021783,54.4299999892246,1.2421753054464693,3.079287572844489,4.3214628782909585,0.006499991286545992,0.0,2.1894255404293643,2.125537346575048,0,58.70516943133648,3757.1308436055347,2097152.0,2,0.5,0.5,0.0,0.0,0.0,74.0268264268357,0.007099995855242014,0.0,54.17158210043558,19.84814433054489,0,1,0,16.527112226745373,57.49971420009033,0.0,1048576,1048576,0,8,4,0.25,2,0.5,0,1,1.0,0.17369072493825644,3,3,0,1.0,0.0,0.0,1.0,0,0.5,0.5,0.0,0.958984375,0.041015625,0.0,256,1024,0,0.0,221.4614164509352,51.47549998946488,0.0,154.63216869511217,15.353747766358126,0,1224.2687600011363,0,1087.9955600031776,5.143881112314835e-07,9.28800185774903e-07,2.0702953348087133e-06,1.2421753054464692e-07,3.079287572844489e-07,7.402682642683571e-07,4.685898183912553e-06,predictor_only,nsga2
0,235,235,train,2.579016089439392,0.26171875,0.623046875,8,64,512,153.10500000487082,1.2055308055769243,2.207440389545465,57.56146903710609,42.593200007104315,1.2283796336113946,3.109004403945332,4.337384037556727,0.00650000583846122,0.0,2.463957251751168,1.8669267799670972,0,52.25138139423336,3344.088409230935,2097152.0,2,0.5,0.0,0.5,0.0,0.0,44.6963182591018,0.007099995855242014,0.0,24.101331105014722,20.587887158231837,0,1,0,18.09788896402892,0.0,26.598429295072883,1048576,0,1048576,8,4,0.25,2,0.5,0,1,1.0,0.2201412464909665,3,0,3,0.0,2.0,0.5,2.0,3,0.5,0.5,0.0,0.9482421875,0.0517578125,0.0,256,1024,0,0.0,243.8977609289139,73.65749996097293,0.0,156.30504956199837,13.935211405942614,0,1224.2687600011363,0,1071.1637599962655,4.822123222307697e-07,8.829761558181859e-07,2.302458761484244e-06,1.2283796336113946e-07,3.109004403945332e-07,4.4696318259101806e-07,4.54834882587989e-06,predictor_only,nsga2
0,236,236,train,2.463580906391144,0.28515625,0.66796875,8,64,512,193.0121000041254,1.2502285401715043,2.4846214018202764,64.51857514337938,49.3414000084158,1.1882434588550599,3.3733398571706616,4.561583316025722,0.005900015821680427,0.0,2.3617326668392,2.1939506333648415,0,41.44796389379276,2652.6696892027367,2097152.0,2,0.5,0.5,0.0,0.0,0.0,79.74589208438383,0.006499991286545992,0.0,59.999932722391804,19.739459370705475,0,1,0,16.969945331409015,62.77594675297481,0.0,1048576,1048576,0,8,4,0.25,2,0.5,0,1,1.0,0.18595995617580352,3,3,0,1.0,0.0,0.0,1.0,0,0.5,0.5,0.0,0.953125,0.046875,0.0,256,1024,0,0.0,273.01370034148465,101.63299994019326,0.0,156.4580579120066,14.922642489284785,0,1224.2687600011363,0,1031.256659997011,5.000914160686018e-07,9.938485607281105e-07,2.5807430057351756e-06,1.18824345885506e-07,3.373339857170662e-07,7.974589208438383e-07,5.328300234978299e-06,predictor_only,nsga2
0,237,237,train,2.613266944885254,0.240234375,0.607421875,8,64,512,164.03130000981037,1.2439025919034907,2.2211086222065446,53.04922713250282,36.385400002473034,1.3113366143334582,2.911048911496296,4.222385525829754,0.006200003554113209,0.0,2.40879281230177,1.8073927099738711,0,48.770882317211544,3121.336468301539,2097152.0,2,0.5,0.5,0.0,0.0,0.0,77.46114063452885,0.009199997293762863,0.0,58.03374421154357,19.418196425691516,0,1,0,17.662775813724693,59.79836482080415,0.0,1048576,1048576,0,8,4,0.25,2,0.5,0,1,1.0,0.25097720212391433,3,0,3,0.0,2.0,0.5,2.0,3,0.5,0.5,0.0,0.9423828125,0.0576171875,0.0,256,1024,0,0.0,226.05695338645143,58.247700028005056,0.0,155.74260189521257,12.066651463233793,0,1224.2687600011363,0,1060.237459991326,4.975610367613962e-07,8.88443448882618e-07,2.121969085300113e-06,1.3113366143334582e-07,2.911048911496296e-07,7.746114063452886e-07,4.704823529872391e-06,predictor_only,nsga2
0,238,238,train,2.5720102787017822,0.255859375,0.62890625,8,64,512,1113.0149999953574,1.2853934028266067,10.049187648543384,81.2924978616758,2007.3512000089977,1.2389468113701738,18.001162591741142,19.240109403111315,0.006900008884258568,0.0,2.4582978772627238,16.774911516964334,0,7.187677445816925,460.0113565322832,2097152.0,2,0.5,0.5,0.0,0.0,0.0,75.20636058819737,0.007499998901039362,0.0,55.56703879163256,19.631821797663775,0,1,0,16.419084866905994,58.78727572129138,0.0,1048576,1048576,0,8,4,0.25,2,0.5,0,1,1.0,0.18595995617580352,3,3,0,1.0,0.0,0.0,1.0,0,0.5,0.5,0.0,0.951171875,0.048828125,0.0,256,1024,0,0.0,370.50831565218317,27.021600006264634,0.0,155.31514919185446,188.17156645406405,0,1669.1282299975117,0,556.1132300021543,5.141573611306428e-07,4.0196750594173535e-06,3.251699914467032e-06,1.238946811370174e-07,1.8001162591741143e-06,7.520636058819739e-07,1.0461606881208134e-05,predictor_only,nsga2
0,239,239,train,2.50743967294693,0.306640625,0.666015625,8,64,512,163.29409999889322,1.2565071255887121,2.598608956602497,54.662673579292886,52.59900000237394,1.2611163415605493,3.87022722121692,5.131343562777469,0.006900008884258568,0.0,2.334969481021438,2.789474072871773,0,48.99105974431702,3135.4278236362893,2097152.0,2,0.0,0.5,0.5,0.0,0.0,86.76979045245615,0.009399998816661537,0.0,67.76203120211508,18.998359251524406,0,1,0,0.0,59.90463137553665,26.865159076919497,0,1048576,1048576,8,4,0.25,2,0.5,0,1,1.0,0.14759070521249812,3,0,3,0.0,2.0,0.5,2.0,3,0.5,0.5,0.0,0.95703125,0.04296875,0.0,256,1024,0,0.0,234.07115864593635,62.45909996505361,0.0,156.4409719716249,15.171086709257867,0,1669.1282299975117,0,1505.8341299986184,5.026028502354849e-07,1.0394435826409988e-06,2.1865069431717156e-06,1.2611163415605492e-07,3.87022722121692e-07,8.676979045245616e-07,5.109385636850508e-06,predictor_only,nsga2
0,240,240,train,2.4921459555625916,0.2734375,0.66796875,8,64,512,180.8887999941362,1.2521945825458678,2.340079894203173,64.27544209106252,36.09090000099968,1.361501078864152,3.0476349681366424,4.4091360470007945,0.006699992809444666,0.0,2.54269042259996,1.8597456315913898,0,44.225821468426254,2830.4525739792803,2097152.0,2,0.5,0.5,0.0,0.0,0.0,80.04164720470067,0.007499998901039362,0.0,59.605407613380265,20.42873959241937,0,1,0,18.245820040868693,61.79582716383197,0.0,1048576,1048576,0,8,4,0.25,2,0.5,0,1,1.0,0.19776869931901056,3,3,0,1.0,0.0,0.0,1.0,0,0.5,0.5,0.0,0.95703125,0.04296875,0.0,256,1024,0,0.0,271.47086627124617,100.19159998046234,0.0,156.49171890225102,14.787547388532843,0,1669.1282299975117,0,1488.2394300033754,5.008778330183472e-07,9.360319576812694e-07,2.5710176836425002e-06,1.361501078864152e-07,3.0476349681366426e-07,8.004164720470068e-07,5.249257551089202e-06,predictor_only,nsga2
0,241,241,train,2.5999593138694763,0.263671875,0.65234375,8,64,512,157.27629998582415,1.203607998974662,2.3963066334884155,53.31687556310286,59.50220000522677,1.3737235784903536,3.3360560161434205,4.709779594633774,0.005900001269765198,0.0,2.510520144007854,2.193359449356155,0,50.86557310381767,3255.3966786443307,2097152.0,2,0.5,0.5,0.0,0.0,0.0,77.38586953983886,0.007199996616691351,0.0,58.825067983291206,18.55360155993097,0,1,0,16.645224125182814,60.74064541465605,0.0,1048576,1048576,0,8,4,0.25,2,0.5,0,1,1.0,0.18595995617580352,3,0,3,0.0,2.0,0.5,2.0,3,0.5,0.5,0.0,0.9609375,0.0390625,0.0,256,1024,0,0.0,227.66716078226375,54.72019998705946,0.0,157.7932487661504,15.153712029053894,0,1669.1282299975117,0,1511.8519300116875,4.814431995898648e-07,9.585226533953663e-07,2.1326750225241145e-06,1.3737235784903535e-07,3.3360560161434205e-07,7.738586953983887e-07,4.817477530371112e-06,predictor_only,nsga2
0,242,242,train,2.556707978248596,0.263671875,0.658203125,8,64,512,162.29949999251403,1.302967831998832,2.3179422515882013,56.1037039680473,47.972799991839565,1.124725059529981,3.282174698275025,4.4068997578050055,0.005799985956400633,0.0,2.365988606296163,2.035111165552442,0,49.29128376295201,3154.642160828929,2097152.0,2,0.5,0.5,0.0,0.0,0.0,78.24502318228846,0.007599985110573471,0.0,58.17630030041119,20.061122896766705,0,1,0,18.81881902772968,59.42620415455878,0.0,1048576,1048576,0,8,4,0.25,2,0.5,0,1,1.0,0.16091838189257093,3,3,0,1.0,0.0,0.0,1.0,0,0.5,0.5,0.0,0.947265625,0.052734375,0.0,256,1024,0,0.0,238.89845620653736,67.95220002823044,0.0,156.70290610797917,14.24335007032772,0,1669.1282299975117,0,1506.8287300049976,5.211871327995329e-07,9.271769006352805e-07,2.2441481587218925e-06,1.124725059529981e-07,3.2821746982750247e-07,7.824502318228846e-07,4.915652399760091e-06,predictor_only,nsga2
0,243,243,train,2.5115930438041687,0.267578125,0.669921875,8,64,512,195.75269999040756,1.304706744571606,2.147815971336484,61.88574266092988,47.8754000068875,1.2830560656589982,2.698765230256507,3.9818212959155055,0.005700014298781753,0.0,2.3811277148319476,1.5949935667847763,0,40.86768219651542,2615.5316605769867,2097152.0,2,0.5,0.5,0.0,0.0,0.0,80.65112210603542,0.007400012691505253,0.0,60.52095711883722,20.122764974506694,0,1,0,19.059419825002703,61.59170228103272,0.0,1048576,1048576,0,8,4,0.25,2,0.5,0,1,1.0,0.26061071707684524,3,0,3,0.0,2.0,0.5,2.0,3,0.5,0.5,0.0,0.943359375,0.056640625,0.0,256,1024,0,0.0,261.3530615073518,92.8039999853354,0.0,154.07198459265675,14.477076929359722,0,1669.1282299975117,0,1473.375530007104,5.218826978286424e-07,8.591263885345938e-07,2.4754297064371952e-06,1.2830560656589984e-07,2.698765230256507e-07,8.065112210603542e-07,5.061132143452336e-06,predictor_only,nsga2
0,244,244,train,2.517616391181946,0.271484375,0.65234375,8,64,512,195.0102999981027,1.2901386535811374,2.2782665921683365,64.31090221659817,38.25860000506509,1.2186006930463662,2.918719701142839,4.137320394189206,0.006199989002197981,0.0,2.1933318862708147,1.937788518916193,0,41.02326378049802,2625.4888819518733,2097152.0,2,0.5,0.5,0.0,0.0,0.0,80.68688197469166,0.008500006515532732,0.0,59.70983807220747,20.968543895968672,0,1,0,17.391794545620847,63.29508742907082,0.0,1048576,1048576,0,8,4,0.25,2,0.5,0,1,1.0,0.2307606527190679,3,3,0,1.0,0.0,0.0,1.0,0,0.5,0.5,0.0,0.9482421875,0.0517578125,0.0,256,1024,0,0.0,271.51722984939056,102.30319995025638,0.0,155.8952969373292,13.318732961804994,0,1669.1282299975117,0,1474.117929999409,5.160554614324549e-07,9.113066368673348e-07,2.572436088663927e-06,1.2186006930463664e-07,2.9187197011428394e-07,8.068688197469168e-07,5.220399046129554e-06,predictor_only,nsga2
0,245,245,train,2.535955309867859,0.240234375,0.669921875,8,64,512,190.87340000260156,1.3171482317093925,3.259622963920906,70.18200699796725,54.07700000796467,1.2303792645418876,4.836703611197741,6.067082875739629,0.006199989002197981,0.0,2.3829643475403888,3.677918539197042,0,41.91237798201835,2682.3921908491743,2097152.0,2,0.5,0.5,0.0,0.0,0.0,76.33759595244425,0.008199989679269493,0.0,55.47890090913244,20.850495053632535,0,1,0,17.32700670590465,59.010589246539595,0.0,1048576,1048576,0,8,4,0.25,2,0.5,0,1,1.0,0.2201412464909665,3,0,3,0.0,2.0,0.5,2.0,3,0.5,0.5,0.0,0.947265625,0.052734375,0.0,256,1024,0,0.0,299.0351127743902,129.54450001416262,0.0,152.49973601650268,16.990876743724872,0,779.457029998518,0,588.5836299959165,5.268592926837571e-07,1.3038491855683624e-06,2.80728027991869e-06,1.2303792645418877e-07,4.836703611197741e-07,7.633759595244425e-07,6.0080730052692145e-06,predictor_only,nsga2
0,246,246,train,2.429095149040222,0.310546875,0.6875,8,64,512,180.0165000022389,1.2525023199529688,2.299817488275113,50.70412229067679,36.66240000165999,1.2154807961170515,3.295838152590635,4.511318948707687,0.006600006599910557,0.0,2.4514763870981953,2.0532425550095805,0,44.4401238762926,2844.1679280827266,2097152.0,2,0.5,0.5,0.0,0.0,0.0,73.82620033495186,0.007099995855242014,0.0,54.884148262385516,18.9349520767111,0,1,0,17.70967474890498,56.116525586046876,0.0,1048576,1048576,0,8,4,0.25,2,0.5,0,1,1.0,0.2307606527190679,3,3,0,1.0,0.0,0.0,1.0,0,0.5,0.5,0.0,0.9521484375,0.0478515625,0.0,256,1024,0,0.0,217.02576839561948,48.10089997772593,0.0,154.804970200306,14.11989821758754,0,779.457029998518,0,599.4405299962791,5.010009279811875e-07,9.199269953100453e-07,2.0281648916270718e-06,1.2154807961170516e-07,3.2958381525906353e-07,7.382620033495186e-07,4.638486713138592e-06,predictor_only,nsga2
0,247,247,train,2.502510666847229,0.267578125,0.662109375,8,64,512,230.47880000376608,1.3191845265796283,3.279626177426872,69.15706973463296,36.777300003450364,1.2770754255515837,4.92242142214158,6.199496847693164,0.006399990525096655,0.0,2.314151912281365,3.8789449448867024,0,34.710200199190034,2221.452812748162,2097152.0,2,0.0,0.5,0.5,0.0,0.0,84.87619345115561,0.008099988917820156,0.0,65.58886210039958,19.279231361838207,0,1,0,0.0,59.175952121586896,25.700241329568712,0,1048576,1048576,8,4,0.25,2,0.5,0,1,1.0,0.18595995617580352,3,0,3,0.0,2.0,0.5,2.0,3,0.5,0.5,0.0,0.94921875,0.05078125,0.0,256,1024,0,0.0,295.0235217545578,124.16870000015479,0.0,153.67805141747672,17.176770336926303,0,787.4610809990527,0,556.9822809952866,5.276738106318513e-07,1.3118504709707487e-06,2.766282789385319e-06,1.2770754255515836e-07,4.92242142214158e-07,8.487619345115561e-07,6.0745186902687905e-06,predictor_only,nsga2
0,248,248,train,2.458502233028412,0.275390625,0.646484375,8,64,512,180.08560000453144,1.221418537959475,2.246979526572665,54.18728211462398,36.41559999960009,1.2909480651342333,2.956377307191122,4.2473253723253555,0.007199996616691351,0.0,2.4536149481463747,1.7865104275622896,0,44.423072009792506,2843.0766086267204,2097152.0,2,0.5,0.5,0.0,0.0,0.0,79.00802029331945,0.00650000583846122,0.0,57.693082423093195,21.308437864387795,0,1,0,18.430362888321536,60.577657404997915,0.0,1048576,1048576,0,8,4,0.25,2,0.5,0,1,1.0,0.17369072493825644,3,3,0,1.0,0.0,0.0,1.0,0,0.5,0.5,0.0,0.9580078125,0.0419921875,0.0,256,1024,0,0.0,230.62272071662449,63.73729996266775,0.0,154.82586053856807,12.059560215388698,0,787.4610809990527,0,607.3754809945212,4.885674151837901e-07,8.987918106290663e-07,2.1674912845849594e-06,1.2909480651342335e-07,2.956377307191122e-07,7.900802029331946e-07,4.769663250563545e-06,predictor_only,nsga2
0,249,249,train,2.5135329961776733,0.263671875,0.6328125,8,64,512,152.95800000603776,1.2309136964175147,2.6769290648838884,53.75614430594566,61.760500000673346,1.3057521566394112,3.9385347627269356,5.244286919366347,0.006900008884258568,0.0,2.4535539742360335,2.7838329362460543,0,52.30159715795877,3347.302218109361,2097152.0,2,0.5,0.5,0.0,0.0,0.0,78.86762462838672,0.008700008038431406,0.0,58.54206738789291,20.316857232455384,0,1,0,17.324449990061883,61.54317463832484,0.0,1048576,1048576,0,8,4,0.25,2,0.5,0,1,1.0,0.25097720212391433,3,0,3,0.0,2.0,0.5,2.0,3,0.5,0.5,0.0,0.94921875,0.05078125,0.0,256,1024,0,0.0,230.65594826898825,54.73250002251007,0.0,158.00392086494358,17.91952738153462,0,787.4610809990527,0,634.5030809930149,4.923654785670059e-07,1.0707716259535552e-06,2.1502457722378267e-06,1.305752156639411e-07,3.9385347627269363e-07,7.886762462838673e-07,5.02648781497889e-06,predictor_only,nsga2
0,250,250,train,2.417177677154541,0.296875,0.662109375,8,64,512,2479.6375000005355,2.59344746649216,31.99128754017179,540.7085782321757,52.92780000308994,4.119671011231683,57.02744249802594,61.14711350925762,0.007499998901039362,0.0,2.3142486622362504,58.82536484812033,0,3.226276733482833,206.48171094290132,2097152.0,2,0.5,0.5,0.0,0.0,0.0,81.97590707605119,0.008499991963617504,0.0,61.299369132263266,20.66803795182431,0,1,0,19.00226191999498,62.973645156056214,0.0,1048576,1048576,0,8,4,0.25,2,0.5,0,1,1.0,0.19776865982085054,3,3,0,1.0,0.0,0.0,1.0,0,0.5,0.5,0.0,0.9599609375,0.0400390625,0.0,256,1024,0,0.0,2301.1732529553583,1081.7536000395194,0.0,156.94343971518558,1062.4762132006538,0,1820.984923995126,1,-658.6525760054094,1.0373789865968641e-06,1.2796515016068718e-05,2.162834312928703e-05,4.1196710112316835e-07,5.702744249802595e-06,8.197590707605121e-07,4.2396707553638894e-05,predictor_only,nsga2
0,251,251,train,2.5054285526275635,0.27734375,0.66015625,8,64,512,179.3969999998808,1.2402281581352013,2.3008662807703013,53.83273507154187,48.00130000512581,1.199873147150523,2.9220958420912106,4.121968989241734,0.005900001269765198,0.0,2.3294375775372322,1.7866314104347365,0,44.593585212796775,2853.9894536189936,2097152.0,2,0.5,0.5,0.0,0.0,0.0,81.17332365500806,0.007200011168606579,0.0,59.733081202090915,21.433042441748533,0,1,0,19.089740676190893,62.08358297881716,0.0,1048576,1048576,0,8,4,0.25,2,0.5,0,1,1.0,0.18595995617580352,3,0,3,0.0,2.0,0.5,2.0,3,0.5,0.5,0.0,0.9453125,0.0546875,0.0,256,1024,0,0.0,229.4953180417895,58.23039995448198,0.0,157.63438288600466,13.63053520130287,0,1820.984923995126,0,1641.5879239952453,4.960912632540805e-07,9.203465123081206e-07,2.153309402861675e-06,1.199873147150523e-07,2.9220958420912107e-07,8.117332365500806e-07,4.79367731389813e-06,predictor_only,nsga2
0,252,252,train,2.3928369879722595,0.248046875,0.724609375,8,64,512,221.35890000208747,1.2879388989115552,2.2363651784355274,75.59236029459535,36.769800004549325,1.1435298670707954,2.8168457394805047,3.9603756065513,0.006600006599910557,0.0,2.2336872207294562,1.7200883792219333,0,36.14024039550324,2312.9753853122074,2097152.0,2,0.5,0.5,0.0,0.0,0.0,78.12759737271021,0.00790000194683671,0.0,59.28448230783276,18.83521506293061,0,1,0,17.65119508975951,60.4764022829507,0.0,1048576,1048576,0,8,4,0.25,2,0.5,0,1,1.0,0.25097716417141425,3,3,0,1.0,0.0,0.0,1.0,0,0.5,0.5,0.0,0.94921875,0.05078125,0.0,256,1024,0,0.0,316.4666574877698,29.916900006355718,120.0,153.4102247553935,13.139532726020542,0,1820.984923995126,0,1599.6260239930386,5.151755595646221e-07,8.94546071374211e-07,3.0236944117838148e-06,1.1435298670707955e-07,2.816845739480505e-07,7.812759737271022e-07,5.61072957710488e-06,predictor_only,nsga2
0,253,253,train,2.4219813346862793,0.275390625,0.673828125,8,64,512,186.7251999938162,1.2557344310693628,2.2866977547176575,60.377432329111,36.25140000076499,1.1226430406696497,2.776446098877359,3.8990891395470086,0.007100010407157242,0.0,2.177578200692375,1.7144109284474762,0,42.843478849057796,2741.982646339699,2097152.0,2,0.5,0.5,0.0,0.0,0.0,78.68562943565648,0.006700007361359894,0.0,58.67434963856358,20.004579789731537,0,1,0,17.83133661813143,60.85429281752505,0.0,1048576,1048576,0,8,4,0.25,2,0.5,0,1,1.0,0.25097720212391433,3,0,3,0.0,2.0,0.5,2.0,3,0.5,0.5,0.0,0.9375,0.0625,0.0,256,1024,0,0.0,255.6794580595921,85.79339999414515,0.0,156.59633824968896,13.289719815757984,0,1820.984923995126,0,1634.25972400131,5.022937724277451e-07,9.146791018870629e-07,2.4150972931644402e-06,1.1226430406696498e-07,2.7764460988773593e-07,7.868562943565649e-07,5.008835375790514e-06,predictor_only,nsga2
0,254,254,train,2.5331305861473083,0.232421875,0.634765625,8,64,512,154.36810000392143,1.214133570091272,2.1663625334649392,57.58893665539799,38.09620000538416,1.3473693600886,2.734666787475958,4.082036147564558,0.006700007361359894,0.0,2.4637531884282495,1.6115829517749487,0,51.82384298280405,3316.7259508994593,2097152.0,2,0.5,0.5,0.0,0.0,0.0,75.89389624819381,0.006699992809444666,0.0,54.88121199305232,21.00598426233205,0,1,0,18.990458581404965,56.90343766678885,0.0,1048576,1048576,0,8,4,0.25,2,0.5,0,1,1.0,0.2790043706260659,3,3,0,1.0,0.0,0.0,1.0,0,0.5,0.5,0.0,0.9443359375,0.0556640625,0.0,256,1024,0,0.0,243.8777310358168,72.21779999963474,0.0,158.61325747485833,13.046673561323713,0,1820.984923995126,0,1666.6168239912047,4.856534280365088e-07,8.665450133859758e-07,2.3035574662159196e-06,1.3473693600886002e-07,2.734666787475958e-07,7.589389624819382e-07,4.822898484876798e-06,predictor_only,nsga2
0,255,255,train,2.4615668058395386,0.26953125,0.673828125,8,64,512,207.4538000015309,1.2048837873406744,2.3884123409546465,65.38991555829446,39.303400000790134,1.2894198135734043,2.871386577731072,4.160806391304476,0.006999995093792677,0.0,2.311620766770228,1.8421856294404555,0,38.56261701315643,2468.0074888420113,2097152.0,2,0.5,0.5,0.0,0.0,0.0,77.72501343294275,0.006800008122809231,0.0,56.89764409854185,20.820569326278076,0,1,0,19.25004265910944,58.474970773833306,0.0,1048576,1048576,0,8,4,0.25,2,0.5,0,1,1.0,0.14759070521249812,3,0,3,0.0,2.0,0.5,2.0,3,0.5,0.5,0.0,0.9521484375,0.0478515625,0.0,256,1024,0,0.0,275.93284674635913,104.09340003388934,0.0,156.89564764239896,14.943799070070838,0,1820.984923995126,0,1613.5311239935952,4.819535149362698e-07,9.553649363818586e-07,2.6155966223317792e-06,1.2894198135734044e-07,2.8713865777310726e-07,7.772501343294275e-07,5.246245847109784e-06,predictor_only,nsga2
0,256,256,train,2.466041684150696,0.2578125,0.67578125,8,64,512,170.31780000252184,1.3282404259445186,2.3445122959522093,57.25173106660323,36.72540000115987,1.22682628312603,3.444989223712418,4.671815506838448,0.007499984349124134,0.0,2.366194990813926,2.298120531675398,0,46.970739577084544,3006.127332933411,2097152.0,2,0.5,0.5,0.0,0.0,0.0,76.98364444358765,0.008000002708286047,0.0,55.582714448101044,21.39292999277832,0,1,0,17.81351237797693,59.170132065610716,0.0,1048576,1048576,0,8,4,0.25,2,0.5,0,1,1.0,0.16091838189257093,3,3,0,1.0,0.0,0.0,1.0,0,0.5,0.5,0.0,0.9541015625,0.0458984375,0.0,256,1024,0,0.0,243.69793515399982,74.00740000593942,0.0,155.392251709251,14.298283438809445,0,1820.984923995126,0,1650.6671239926043,5.312961703778075e-07,9.378049183808838e-07,2.29006924266413e-06,1.22682628312603e-07,3.444989223712418e-07,7.698364444358766e-07,4.996188326542543e-06,predictor_only,nsga2
0,257,257,train,2.4792367815971375,0.27734375,0.673828125,8,64,512,140.38959999743383,1.2539928916031142,2.298612593670075,53.79741071444347,53.79309999989346,1.1423468652233852,3.234356280794721,4.376703146018106,0.005699999746866524,0.0,2.2368930238708202,2.1341101224004193,0,56.98387214062929,3646.9678170002744,2097152.0,2,0.5,0.5,0.0,0.0,0.0,76.85356987310672,0.007099995855242014,0.0,56.262626484535176,20.58384339271631,0,1,0,19.074931579037955,57.77863829406877,0.0,1048576,1048576,0,8,4,0.25,2,0.5,0,1,1.0,0.16091838189257093,3,0,3,0.0,2.0,0.5,2.0,3,0.5,0.5,0.0,0.9482421875,0.0517578125,0.0,256,1024,0,0.0,229.4000647988666,57.844700044370256,0.0,157.56038148598918,13.994983268507198,0,787.4610809990527,0,647.0714810016188,5.015971566412457e-07,9.194450374680302e-07,2.151896428577739e-06,1.1423468652233853e-07,3.234356280794721e-07,7.685356987310673e-07,4.779144636019893e-06,predictor_only,nsga2
0,258,258,train,2.6216792464256287,0.21484375,0.6015625,8,64,512,215.76869999989867,1.2928507964635683,2.3053369975133933,64.14800886474262,36.741599993547425,1.2332923739441342,2.932588572525497,4.165880946469631,0.006799993570894003,0.0,2.413521351299684,1.7455596015990533,0,37.07656821140205,2372.900365529731,2097152.0,2,0.0,0.5,0.5,0.0,0.0,82.49337058642585,0.00750001345295459,0.0,63.082990562566906,19.402880010405994,0,1,0,0.0,58.48952205467937,24.00384853174649,0,1048576,1048576,8,4,0.25,2,0.5,0,1,1.0,0.13364220740348268,3,3,0,1.0,0.0,0.0,1.0,0,0.5,0.5,0.0,0.958984375,0.041015625,0.0,256,1024,0,0.0,270.98478663487833,100.96760003943928,0.0,155.357156202525,14.660030392914019,0,787.4610809990527,0,571.692380999154,5.171403185854274e-07,9.221347990053574e-07,2.565920354589705e-06,1.2332923739441342e-07,2.9325885725254976e-07,8.249337058642585e-07,5.246717272691712e-06,predictor_only,nsga2
0,259,259,train,2.616676986217499,0.267578125,0.62109375,8,64,512,151.18029998848215,1.2742207877917884,2.599373810441281,46.14090110782034,48.54720000002999,1.3359468487051682,3.2810104871402777,4.616957335845446,0.006200018106028438,0.0,2.3001529089984545,2.310604408740963,0,52.916597493271226,3386.6622395693585,2097152.0,2,0.5,0.5,0.0,0.0,0.0,75.24898562322933,0.01030000566970557,0.0,54.806175780545686,20.432509837013946,0,1,0,18.019266225772963,57.22971939745637,0.0,1048576,1048576,0,8,4,0.25,2,0.5,0,1,1.0,0.2509772150348662,3,0,3,0.0,2.0,0.5,2.0,3,0.5,0.5,0.0,0.931640625,0.068359375,0.0,256,1024,0,0.0,200.05798282421364,29.01839997502975,0.0,155.6884463769988,15.351136472185111,0,787.4610809990527,0,636.2807810105705,5.096883151167155e-07,1.0397495241765124e-06,1.845636044312814e-06,1.3359468487051682e-07,3.281010487140278e-07,7.524898562322934e-07,4.60925947342288e-06,predictor_only,nsga2
0,260,260,train,2.5560712814331055,0.2265625,0.619140625,8,64,512,147.12879998842254,1.3303116211645674,2.5479142897025575,48.33753359473516,34.923700004583225,1.38180551928194,3.6822303330257746,5.064035852307715,0.006300004315562546,0.0,2.559160447184455,2.498575400807697,0,54.37375705417604,3479.9204514672665,2097152.0,2,0.5,0.5,0.0,0.0,0.0,78.00587778172896,0.008300004992634058,0.0,58.61052337825463,19.387054398481688,0,1,0,17.04229020683149,60.96358757489747,0.0,1048576,1048576,0,8,4,0.25,2,0.5,0,1,1.0,0.16091838189257093,3,3,0,1.0,0.0,0.0,1.0,0,0.5,0.5,0.0,0.943359375,0.056640625,0.0,256,1024,0,0.0,208.86303802240917,37.857799950870685,0.0,155.51702309640325,15.488214975135211,0,787.4610809990527,0,640.3322810106301,5.321246484658269e-07,1.019165715881023e-06,1.9335013437894064e-06,1.38180551928194e-07,3.682230333025775e-07,7.800587778172896e-07,4.771254071184317e-06,predictor_only,nsga2
0,261,261,train,2.4658948183059692,0.279296875,0.66796875,8,64,512,2234.7506000078283,1.5125848750054125,44.30341829849797,334.00426383269956,53.89130000548903,1.6139222054659157,83.75590007294332,85.36982227840923,0.00549999822396785,0.0,2.517848257542183,82.84647402264308,0,3.579816208643491,229.10823735318343,2097152.0,2,0.5,0.5,0.0,0.0,0.0,80.07948192379311,0.007599999662488699,0.0,59.282845619973365,20.789036304157253,0,1,0,18.30678701153843,61.77269491225468,0.0,1048576,1048576,0,8,4,0.25,2,0.5,0,1,1.0,0.25097720212391433,3,0,3,0.0,2.0,0.5,2.0,3,0.5,0.5,0.0,0.9501953125,0.0498046875,0.0,256,1024,0,0.0,1519.2810680248117,791.4352999796392,0.0,152.59699970823397,575.2487683369385,0,1902.9665380024346,1,-331.7840620053937,6.050339500021651e-07,1.772136731939919e-05,1.3360170553307982e-05,1.6139222054659158e-07,8.375590007294334e-06,8.007948192379311e-07,4.102434886978819e-05,predictor_only,nsga2
0,262,262,train,2.485087215900421,0.265625,0.658203125,8,64,512,215.33439999620896,1.279963545053385,2.368810471750783,75.27910186860228,55.06939999759197,1.2021703441632918,3.133240943886662,4.335411288049954,0.006600006599910557,0.0,2.3259123406441606,2.0028989408058826,0,37.15134622612372,2377.686158471918,2097152.0,2,0.5,0.5,0.0,0.0,0.0,76.53476203461244,0.00790000194683671,0.0,55.03199615518264,21.49486587748297,0,1,0,18.939511004272788,57.59525103033966,0.0,1048576,1048576,0,8,4,0.25,2,0.5,0,1,1.0,0.18595995617580352,3,3,0,1.0,0.0,0.0,1.0,0,0.5,0.5,0.0,0.9521484375,0.0478515625,0.0,256,1024,0,0.0,315.7115035416258,10.114600023371167,126.0,156.2538706152152,23.343032903039457,0,1902.9665380024346,0,1687.6321380062257,5.11985418021354e-07,9.475241887003133e-07,3.0111640747440917e-06,1.202170344163292e-07,3.133240943886662e-07,7.653476203461246e-07,5.669562430616879e-06,predictor_only,nsga2
0,263,263,train,2.484503448009491,0.25390625,0.6640625,8,64,512,199.48929999372922,1.231488091715263,2.251394380123818,64.37878753111477,35.53890000330284,1.282010311170811,2.8665342659184594,4.14854457708927,0.00650000583846122,0.0,2.403882932310247,1.738161638940562,0,40.102200459127445,2566.5408293841565,2097152.0,2,0.0,0.5,0.5,0.0,0.0,90.15668013502074,0.007399998139590025,0.0,69.10195431734054,21.047325819540596,0,1,0,0.0,62.80799381024454,27.348686324776196,0,1048576,1048576,8,4,0.25,2,0.5,0,1,1.0,0.19776865982085054,3,0,3,0.0,2.0,0.5,2.0,3,0.5,0.5,0.0,0.94921875,0.05078125,0.0,256,1024,0,0.0,271.4466800118154,105.43210004107095,0.0,154.0364185441611,11.978161426583323,0,1902.9665380024346,0,1703.4772380087054,4.925952366861053e-07,9.005577520495275e-07,2.5751515012445906e-06,1.282010311170811e-07,2.86653426591846e-07,9.015668013502075e-07,5.284725749039358e-06,predictor_only,nsga2
0,264,264,train,2.5297256112098694,0.248046875,0.6640625,8,64,512,167.27189999073744,1.2483548381807668,2.293425661567963,55.27211819554401,36.90479999931995,1.1742263890036555,2.909360303868268,4.083586692871924,0.006700007361359894,0.0,2.38278046191353,1.694106223597033,0,47.82603757358778,3060.866404709618,2097152.0,2,0.5,0.5,0.0,0.0,0.0,76.92186817763357,0.009400013368576765,0.0,56.55975728331556,20.352710880949445,0,1,0,18.906201306968967,58.01566687066461,0.0,1048576,1048576,0,8,4,0.25,2,0.5,0,1,1.0,0.19776865982085054,3,3,0,1.0,0.0,0.0,1.0,0,0.5,0.5,0.0,0.9453125,0.0546875,0.0,256,1024,0,0.0,235.255594781171,64.1594000189798,0.0,157.9491687289207,13.147026033270453,0,1902.9665380024346,0,1735.6946380116972,4.993419352723068e-07,9.173702646271851e-07,2.2108847278217605e-06,1.1742263890036555e-07,2.909360303868268e-07,7.692186817763359e-07,4.8051742787847805e-06,predictor_only,nsga2
0,265,265,train,2.7307868599891663,0.197265625,0.595703125,8,64,512,167.68600000068545,1.2590549411021712,2.3694360349605623,54.100325019866055,48.18949999753386,1.2834113019447422,2.9970263788200873,4.2804376807648294,0.006699992809444666,0.0,2.353997313158675,1.9197403747967094,0,47.70793203985579,3053.3076505507706,2097152.0,2,0.5,0.5,0.0,0.0,0.0,77.6758204809265,0.006999995093792677,0.0,58.03798442404164,19.630836061791065,0,1,0,17.609559992767345,60.06626048815916,0.0,1048576,1048576,0,8,4,0.25,2,0.5,0,1,1.0,0.19776865982085054,3,0,3,0.0,2.0,0.5,2.0,3,0.5,0.5,0.0,0.9384765625,0.0615234375,0.0,256,1024,0,0.0,230.91526398371514,61.24029998318292,0.0,155.80602125505322,13.86894274547901,0,1902.9665380024346,0,1735.2805380017492,5.036219764408684e-07,9.477744139842249e-07,2.1640130007946428e-06,1.2834113019447423e-07,2.9970263788200874e-07,7.767582048092651e-07,4.820211364105484e-06,predictor_only,nsga2
0,266,266,train,2.6285423636436462,0.25390625,0.62109375,8,64,512,197.44609999179374,1.2510024447385208,2.2260473415590094,52.40348542743284,34.033200005069375,1.1576286454937499,2.942591670882319,4.100220316376069,0.00689999433234334,0.0,2.165451790262493,1.9278685317812327,0,40.5171815657586,2593.0996202085503,2097152.0,2,0.5,0.5,0.0,0.0,0.0,77.95991376217006,0.007099995855242014,0.0,58.62479678464759,19.328016981667226,0,1,0,17.019035189959077,60.940878572210984,0.0,1048576,1048576,0,8,4,0.25,2,0.5,0,1,1.0,0.241032865595602,3,3,0,1.0,0.0,0.0,1.0,0,0.5,0.5,0.0,0.9404296875,0.0595703125,0.0,256,1024,0,0.0,223.52214085492147,53.65730001358315,0.0,157.44499101162683,12.419849829711495,0,1902.9665380024346,0,1705.5204380106409,5.004009778954084e-07,8.904189366236038e-07,2.096139417097314e-06,1.1576286454937501e-07,2.9425916708823197e-07,7.795991376217008e-07,4.676580500875634e-06,predictor_only,nsga2
0,267,267,train,2.5364869236946106,0.283203125,0.642578125,8,64,512,134.3568000011146,1.2716045193257193,2.29182505938092,44.93844477435376,48.185599996941164,1.220275718008864,2.6419176866244083,3.862193404633272,0.006000002031214535,0.0,2.2546831256458013,1.6015102769562564,0,59.54250516109696,3810.7203303102056,2097152.0,2,0.5,0.5,0.0,0.0,0.0,77.40870499151752,0.007800001185387373,0.0,57.36066080500177,20.040244185330366,0,1,0,17.783604369272364,59.62510062224516,0.0,1048576,1048576,0,8,4,0.25,2,0.5,0,1,1.0,0.2790043706260659,3,0,3,0.0,2.0,0.5,2.0,3,0.5,0.5,0.0,0.955078125,0.044921875,0.0,256,1024,0,0.0,194.0074974122416,24.912999986554496,0.0,156.94127058432792,12.153226841359153,0,1902.9665380024346,0,1768.60973800132,5.086418077302877e-07,9.167300237523679e-07,1.7975377909741508e-06,1.220275718008864e-07,2.641917686624408e-07,7.740870499151753e-07,4.383216012835309e-06,predictor_only,nsga2
0,268,268,train,2.6019015312194824,0.25390625,0.62890625,8,64,512,244.43419999442995,1.234571369868511,3.145571500803057,55.3735743247433,38.21599998627789,1.3270762812592254,4.9186603914802385,6.245736672739464,0.006699992809444666,0.0,2.486505478809989,3.75253120112003,0,32.72851046077774,2094.6246694897754,2097152.0,2,0.5,0.5,0.0,0.0,0.0,76.76507642925809,0.00790000194683671,0.0,56.44109070832192,20.316085718989335,0,1,0,17.852492825743127,58.91258360351496,0.0,1048576,1048576,0,8,4,0.25,2,0.5,0,1,1.0,0.24103284089209526,3,3,0,1.0,0.0,0.0,1.0,0,0.5,0.5,0.0,0.947265625,0.052734375,0.0,256,1024,0,0.0,239.01486878165952,66.63490002392791,0.0,154.94903292395668,17.430935833774893,0,1473.0190420019728,0,1228.5848420075429,4.938285479474045e-07,1.258228600321223e-06,2.2149429729897324e-06,1.3270762812592257e-07,4.918660391480239e-07,7.676507642925809e-07,5.359224552824887e-06,predictor_only,nsga2
0,269,269,train,2.5971757769584656,0.271484375,0.638671875,8,64,512,196.89479999942705,1.251026184054251,2.527930280850862,55.36952011868517,47.5663999968674,1.3446654262315598,3.4760014961525503,4.82066692238411,0.005900001269765198,0.0,2.363217779117144,2.4515491419972015,0,40.630627976946585,2600.3601905245814,2097152.0,2,0.0,0.5,0.5,0.0,0.0,80.79059350838483,0.007000009645707905,0.0,61.38399151799266,19.39960198074647,0,1,0,0.0,56.1193241799087,24.671269328476136,0,1048576,1048576,8,4,0.25,2,0.5,0,1,1.0,0.14759070521249812,3,0,3,0.0,2.0,0.5,2.0,3,0.5,0.5,0.0,0.951171875,0.048828125,0.0,256,1024,0,0.0,236.59390633436112,64.28150001738686,0.0,156.54748693814588,15.764919378828397,0,1473.0190420019728,0,1276.1242420025458,5.004104736217005e-07,1.0111721123403448e-06,2.214780804747407e-06,1.34466542623156e-07,3.4760014961525506e-07,8.079059350838485e-07,5.016336018031712e-06,predictor_only,nsga2
0,270,270,train,2.5221908688545227,0.248046875,0.64453125,8,64,512,205.015600004117,1.2714762271370803,2.5067561420778457,70.04841937175362,36.64510000089649,1.2934298378632858,3.3636181625011097,4.657048000364395,0.006800008122809231,0.0,2.3505955094588216,2.299652482782765,0,39.021230475187615,2497.3587504120073,2097152.0,2,0.5,0.0,0.5,0.0,0.0,42.69554630426842,0.007800001185387373,0.0,23.02897327422142,19.65877302886161,0,1,0,18.952653922789608,0.0,23.74289238147881,1048576,0,1048576,8,4,0.25,2,0.5,0,1,1.0,0.241032865595602,3,3,0,1.0,0.0,0.0,1.0,0,0.5,0.5,0.0,0.9462890625,0.0537109375,0.0,256,1024,0,0.0,295.3066069638742,0.05860002420376986,126.0,155.25491686583734,13.993090073833105,0,1473.0190420019728,0,1268.0034419978558,5.085904908548321e-07,1.0027024568311381e-06,2.801936774870145e-06,1.2934298378632857e-07,3.36361816250111e-07,4.269554630426842e-07,5.205889985635239e-06,predictor_only,nsga2
0,271,271,train,2.483932852745056,0.267578125,0.662109375,8,64,512,91.20239999901969,1.2190945927215422,2.2098081529943023,39.83407375984552,38.0555000010645,1.2066780915787525,3.1769902272315464,4.383668318810299,0.006700007361359894,0.0,2.452029390342858,1.9249389211060808,0,87.71602813147305,5613.825800414275,2097152.0,2,0.5,0.5,0.0,0.0,0.0,75.24250628653868,0.007499998901039362,0.0,55.418592191369186,19.81641409626846,0,1,0,17.300587584106026,57.94191870243266,0.0,1048576,1048576,0,8,4,0.25,2,0.5,0,1,1.0,0.17369072493825644,3,0,3,0.0,2.0,0.5,2.0,3,0.5,0.5,0.0,0.95703125,0.04296875,0.0,256,1024,0,0.0,173.05190602224548,0.04910001007374376,0.0,157.5670952033102,15.43571080886154,0,1473.0190420019728,0,1381.8166420029531,4.876378370886169e-07,8.83923261197721e-07,1.593362950393821e-06,1.2066780915787524e-07,3.1769902272315464e-07,7.524250628653869e-07,4.155715943426576e-06,predictor_only,nsga2
0,272,272,train,2.4898375272750854,0.23828125,0.6484375,8,64,512,107.67729999497533,1.221800327821902,3.3717210760605694,41.595985605356404,48.143899999558926,1.3199254278519925,5.382106423419711,6.702031851271704,0.005699999746866524,0.0,2.498955652073798,4.197376199451039,0,74.29537799513281,4754.9041916885,2097152.0,2,0.0,0.5,0.5,0.0,0.0,87.61773271402052,0.009300012607127428,0.0,67.00010424781325,20.608328453600144,0,1,0,0.0,61.24404482221249,26.373687891808036,0,1048576,1048576,8,4,0.25,2,0.5,0,1,1.0,0.19776865982085054,3,3,0,1.0,0.0,0.0,1.0,0,0.5,0.5,0.0,0.947265625,0.052734375,0.0,256,1024,0,0.0,184.75802803695547,13.45310005126521,0.0,152.96729378205123,18.33763420363903,0,1473.0190420019728,0,1365.3417420069975,4.887201311287608e-07,1.3486884304242278e-06,1.663839424214256e-06,1.3199254278519927e-07,5.382106423419711e-07,8.761773271402053e-07,5.0476284980346195e-06,predictor_only,nsga2
0,273,273,train,2.5334033370018005,0.255859375,0.66796875,8,64,512,1965.804700012086,1.257939214619692,57.309856827086,143.3267588646794,91.88789999461733,1.2456499360988127,125.8706629813511,127.11631291744992,0.007599999662488699,0.0,2.3408614426884444,124.76785147509898,0,4.069578188704416,260.4530040770826,2097152.0,2,0.5,0.5,0.0,0.0,0.0,80.06376034248675,0.00790000194683671,0.0,60.62702325781264,19.428837082727263,0,1,0,17.199716447334534,62.86404389515221,0.0,1048576,1048576,0,8,4,0.25,2,0.5,0,1,1.0,0.2091524583687337,3,0,3,0.0,2.0,0.5,2.0,3,0.5,0.5,0.0,0.9541015625,0.0458984375,0.0,256,1024,0,0.0,807.5782196255404,0.06909997318871319,0.0,154.60041296699103,652.9087066853606,0,2325.097439510718,0,359.2927394986318,5.031756858478768e-07,2.2923942730834403e-05,5.733070354587176e-06,1.2456499360988128e-07,1.2587066298135112e-05,8.006376034248674e-07,4.267245766643932e-05,predictor_only,nsga2
0,274,274,train,2.477105677127838,0.27734375,0.681640625,8,64,512,212.7738999988651,1.267516701490274,2.339662677265311,52.5896961610669,47.02089999045711,1.2405188330244683,3.570626028759453,4.811144861783921,0.00650000583846122,0.0,2.528843782457295,2.275801073488165,0,37.59841973861894,2406.298863271612,2097152.0,2,0.5,0.5,0.0,0.0,0.0,76.7903038326626,0.008899995009414852,0.0,56.67864074385145,20.102763093801734,0,1,0,17.593978385332314,59.19632544733028,0.0,1048576,1048576,0,8,4,0.25,2,0.5,0,1,1.0,0.2091524583687337,3,3,0,1.0,0.0,0.0,1.0,0,0.5,0.5,0.0,0.9541015625,0.0458984375,0.0,256,1024,0,0.0,224.78750215928991,55.223799965460785,0.0,156.7574524744461,12.80624971938305,0,2325.097439510718,0,2112.3235395118527,5.070066805961096e-07,9.358650709061243e-07,2.1035878464426758e-06,1.2405188330244683e-07,3.570626028759453e-07,7.67903038326626e-07,4.7954771224499285e-06,predictor_only,nsga2
0,275,275,train,2.522831082344055,0.26171875,0.671875,8,64,512,151.1670000036247,1.2443185848514382,2.437927096793926,55.7190119823442,48.87469999084715,1.1451596718134696,3.2014633406549704,4.34662301246844,0.006300018867477775,0.0,2.2711782357894164,2.069144757811546,0,52.921253174006246,3386.9602031363997,2097152.0,2,0.5,0.0,0.5,0.0,0.0,43.81494457559595,0.007399998139590025,0.0,22.846718926223566,20.96082565123279,0,1,0,18.670860301108164,0.0,25.14408427448779,1048576,0,1048576,8,4,0.25,2,0.5,0,1,1.0,0.17369072493825644,3,0,3,0.0,2.0,0.5,2.0,3,0.5,0.5,0.0,0.955078125,0.044921875,0.0,256,1024,0,0.0,237.60503065595825,66.72759998764377,0.0,153.7453046706054,17.132125997709053,0,2325.097439510718,0,2173.930439507093,4.977274339405752e-07,9.751708387175704e-07,2.228760479293768e-06,1.1451596718134697e-07,3.2014633406549704e-07,4.3814944575595953e-07,4.5744704989547174e-06,predictor_only,nsga2
0,276,276,train,2.458962857723236,0.287109375,0.6953125,8,64,512,156.2971999956062,1.314771783600822,2.5734832340366456,53.70565456222421,52.8611999907298,1.160636425734802,3.486495290016096,4.6471317157508985,0.013199998647905886,0.0,2.2523368007447937,2.381594916358199,0,51.18421069612377,3275.7894845519213,2097152.0,2,0.5,0.0,0.5,0.0,0.0,41.854063361759756,0.007300011930055916,0.0,21.647819754397833,20.19894359543187,0,1,0,17.370742662983776,0.0,24.483320698775984,1048576,0,1048576,8,4,0.25,2,0.5,0,1,1.0,0.19776869931901056,3,3,0,1.0,0.0,0.0,1.0,0,0.5,0.5,0.0,0.9482421875,0.0517578125,0.0,256,1024,0,0.0,230.37563831944672,55.9240000002319,0.0,157.3760119304754,17.075626388739405,0,2325.097439510718,0,2168.8002395151116,5.259087134403289e-07,1.0293932936146583e-06,2.1482261824889688e-06,1.1606364257348021e-07,3.4864952900160965e-07,4.1854063361759767e-07,4.586781994736643e-06,predictor_only,nsga2
0,277,277,train,2.4575310349464417,0.283203125,0.66796875,8,64,512,198.5324999986915,1.305990766094156,2.3648161775367944,68.67332845476876,35.99150000081863,1.2612855702081922,3.191347666588255,4.452633236796448,0.006700007361359894,0.0,2.336406456701287,2.1095267727338003,0,40.295466508436746,2578.9098565399518,2097152.0,2,0.5,0.5,0.0,0.0,0.0,78.20005518111162,0.007800001185387373,0.0,58.28730400602737,19.904951173898855,0,1,0,18.77693167343707,59.423123507674546,0.0,1048576,1048576,0,8,4,0.25,2,0.5,0,1,1.0,0.2307606527190679,3,0,3,0.0,2.0,0.5,2.0,3,0.5,0.5,0.0,0.94140625,0.05859375,0.0,256,1024,0,0.0,289.37654159359886,0.055800002883188426,120.0,154.17415723145632,15.146584359259363,0,2325.097439510718,0,2126.5649395120263,5.223963064376626e-07,9.459264710147175e-07,2.7469331381907506e-06,1.2612855702081923e-07,3.1913476665882557e-07,7.820005518111162e-07,5.442519791133892e-06,predictor_only,nsga2
0,278,278,train,2.492930591106415,0.27734375,0.666015625,8,64,512,198.17699999839533,1.2297640922487094,2.186767789811409,52.33005675878974,36.87979999813251,1.1555857112833867,2.9818606117862245,4.137446323069611,0.006699992809444666,0.0,2.373570005275128,1.7571763249850387,0,40.3677502046886,2583.5360131000702,2097152.0,2,0.5,0.5,0.0,0.0,0.0,74.69841498658735,0.007000009645707905,0.0,55.72402839966959,18.96738657727204,0,1,0,18.102334524003123,56.596080462584226,0.0,1048576,1048576,0,8,4,0.25,2,0.5,0,1,1.0,0.13364216641330787,3,3,0,1.0,0.0,0.0,1.0,0,0.5,0.5,0.0,0.9609375,0.0390625,0.0,256,1024,0,0.0,222.98635456339946,56.37849999766331,0.0,153.08019159897833,13.527662966757775,0,2325.097439510718,0,2126.9204395123224,4.919056368994838e-07,8.747071159245634e-07,2.09320227035159e-06,1.1555857112833869e-07,2.9818606117862247e-07,7.469841498658736e-07,4.6205438053484715e-06,predictor_only,nsga2
0,279,279,train,2.525801122188568,0.236328125,0.619140625,8,64,512,200.34300000406802,1.2764813485797382,2.285749918799889,53.15628716215722,35.14279999944847,1.1517522277121637,2.939052680538879,4.090804908251043,0.006700007361359894,0.0,2.4235920041462395,1.6605128967434428,0,39.931318132000754,2555.6043604480483,2097152.0,2,0.5,0.5,0.0,0.0,0.0,76.83466272520269,0.00729998282622546,0.0,56.651238813648696,20.176123928727776,0,1,0,16.99403834257361,59.84062438262909,0.0,1048576,1048576,0,8,4,0.25,2,0.5,0,1,1.0,0.2307606527190679,3,0,3,0.0,2.0,0.5,2.0,3,0.5,0.5,0.0,0.951171875,0.048828125,0.0,256,1024,0,0.0,226.87407371814737,55.10780001350213,0.0,156.59830696736526,15.167966737279965,0,2325.097439510718,0,2124.7544395066498,5.105925394318953e-07,9.142999675199557e-07,2.1262514864862887e-06,1.1517522277121636e-07,2.939052680538879e-07,7.683466272520271e-07,4.72857111151527e-06,predictor_only,nsga2
0,280,280,train,2.482391595840454,0.251953125,0.685546875,8,64,512,208.71269999770448,1.2094118162834653,2.1436078824286002,51.15255425171438,36.14340000785887,1.2610501950981026,2.888278003581974,4.1493281986800765,0.007000009645707905,0.0,2.296178380765183,1.8461498082691852,0,38.33001858568933,2453.121189484117,2097152.0,2,0.0,0.5,0.5,0.0,0.0,85.14621618588448,0.00689999433234334,0.0,65.52368982489884,19.615626366653295,0,1,0,0.0,60.66514238374471,24.481073802139775,0,1048576,1048576,8,4,0.25,2,0.5,0,1,1.0,0.14759070521249812,3,3,0,1.0,0.0,0.0,1.0,0,0.5,0.5,0.0,0.9482421875,0.0517578125,0.0,256,1024,0,0.0,218.0222958017058,54.09520001558121,0.0,150.48179023531486,13.445305550809733,0,1310.3067725045494,0,1101.594072506845,4.837647265133861e-07,8.5744315297144e-07,2.0461021700685756e-06,1.2610501950981025e-07,2.888278003581974e-07,8.514621618588449e-07,4.653705031280254e-06,predictor_only,nsga2
0,281,281,train,2.5327282547950745,0.271484375,0.64453125,8,64,512,161.85740000219084,1.2415397301908806,2.2499355158465573,44.72446387570942,36.22249999898486,1.1238802900216673,2.7202904402675205,3.844170730289188,0.006100002792663872,0.0,2.2022615592291275,1.6358091682673965,0,49.42591796219236,3163.258749580311,2097152.0,2,0.5,0.5,0.0,0.0,0.0,76.98310569052674,0.006800008122809231,0.0,56.35333568793659,20.622969994467326,0,1,0,16.98675529803449,59.996350392492246,0.0,1048576,1048576,0,8,4,0.25,2,0.5,0,1,1.0,0.241032865595602,3,0,3,0.0,2.0,0.5,2.0,3,0.5,0.5,0.0,0.9521484375,0.0478515625,0.0,256,1024,0,0.0,192.86375648698743,22.72729999094736,0.0,156.50191764280038,13.634538853239668,0,1310.3067725045494,0,1148.4493725023585,4.966158920763524e-07,8.999742063386229e-07,1.788978555028377e-06,1.1238802900216674e-07,2.7202904402675206e-07,7.698310569052674e-07,4.339816783377539e-06,predictor_only,nsga2
0,282,282,train,2.5699734687805176,0.28125,0.642578125,8,64,512,148.76209999783896,1.2358223100906711,2.2225385546802023,50.3161587755663,37.21269998641219,1.2622795628972852,2.8971675781652166,4.159447141062502,0.006799993570894003,0.0,2.3993986502874534,1.7532484972041542,0,53.77677663423398,3441.713704590975,2097152.0,2,0.5,0.5,0.0,0.0,0.0,79.48374890757896,0.007199996616691351,0.0,58.61702567011257,20.8595232408497,0,1,0,17.89970805483462,61.584040852744344,0.0,1048576,1048576,0,8,4,0.25,2,0.5,0,1,1.0,0.25097720212391433,3,3,0,1.0,0.0,0.0,1.0,0,0.5,0.5,0.0,0.94921875,0.05078125,0.0,256,1024,0,0.0,215.0980785613487,43.339799987734295,0.0,158.1584559672349,13.599822606379515,0,1310.3067725045494,0,1161.5446725067104,4.943289240362684e-07,8.89015421872081e-07,2.012646351022652e-06,1.2622795628972853e-07,2.897167578165217e-07,7.948374890757897e-07,4.606772900113041e-06,predictor_only,nsga2
0,283,283,train,2.4469935297966003,0.26953125,0.671875,8,64,512,193.81180001073517,1.1825877513005616,2.192237128923931,54.21837088680577,38.2231999974465,1.2188782157396971,3.0266520194930804,4.245530235232778,0.006399990525096655,0.0,2.453427238163172,1.7857030065445092,0,41.27694352259957,2641.7243854463723,2097152.0,2,0.5,0.5,0.0,0.0,0.0,76.35341172133715,0.006699992809444666,0.0,56.813822897118776,19.532888831408943,0,1,0,17.547656662719923,58.80575505861724,0.0,1048576,1048576,0,8,4,0.25,2,0.5,0,1,1.0,0.2790043706260659,3,0,3,0.0,2.0,0.5,2.0,3,0.5,0.5,0.0,0.9365234375,0.0634765625,0.0,256,1024,0,0.0,230.37278306812104,59.16900000011083,0.0,159.02525236903045,12.178530698979758,0,1310.3067725045494,0,1116.4949724938142,4.730351005202247e-07,8.768948515695725e-07,2.168734835472231e-06,1.2188782157396972e-07,3.0266520194930805e-07,7.635341172133717e-07,4.706751928298677e-06,predictor_only,nsga2
0,284,284,train,2.5696903467178345,0.2578125,0.611328125,8,64,512,175.3671999904327,1.2913304784081714,2.38272558973284,59.538091851436185,37.32529999979306,1.346786503819301,3.019975358090012,4.366761861909313,0.006400005077011883,0.0,2.32114059677832,2.039221260053981,0,45.61830480347317,2919.571507422283,2097152.0,2,0.5,0.5,0.0,0.0,0.0,81.82545392899311,0.009199997293762863,0.0,61.30322920505525,20.51302472664409,0,1,0,18.82471014267452,63.00074378631859,0.0,1048576,1048576,0,8,4,0.25,2,0.5,0,1,1.0,0.2091524583687337,3,3,0,1.0,0.0,0.0,1.0,0,0.5,0.5,0.0,0.955078125,0.044921875,0.0,256,1024,0,0.0,252.84859167830876,83.42460001586005,0.0,155.54345899594924,13.88053266649949,0,1310.3067725045494,0,1134.9395725141167,5.165321913632685e-07,9.530902358931362e-07,2.3815236740574476e-06,1.346786503819301e-07,3.019975358090012e-07,8.182545392899311e-07,5.106076826794714e-06,predictor_only,nsga2
0,285,285,train,2.504257559776306,0.26953125,0.642578125,8,64,512,1915.7896999968216,11.752619471376907,4.358478817797262,273.3877831385749,52.38759999338072,21.850655847430776,7.223720259011231,29.074376106442006,0.006999995093792677,0.0,2.3364205820586075,26.730955529289606,0,4.1758215028464605,267.25257618217347,2097152.0,2,0.5,0.5,0.0,0.0,0.0,77.98589135321374,0.007800001185387373,0.0,56.371865321696504,21.60622603033186,0,1,0,18.07867344877543,59.90721790443832,0.0,1048576,1048576,0,8,4,0.25,2,0.5,0,1,1.0,0.17369072493825644,3,0,3,0.0,2.0,0.5,2.0,3,0.5,0.5,0.0,0.9501953125,0.0498046875,0.0,256,1024,0,0.0,1157.9955257109964,416.9906999741215,0.0,155.79531897913688,585.2095067577379,0,2137.6277450057387,0,221.8380450089171,4.701047788550763e-06,1.7433915271189048e-06,1.0935511325542996e-05,2.1850655847430776e-06,7.223720259011231e-07,7.798589135321375e-07,2.1067247165389003e-05,predictor_only,nsga2
0,286,286,train,2.490418791770935,0.2578125,0.685546875,8,64,512,1949.7775999916485,1.2729184360852093,463.4494054999226,51.44884629034373,64.15929998911452,1.2381885041524165,3.282065891205593,4.52025439535801,0.006100002792663872,0.0,2.3197305902342524,2.1944238023310927,0,4.1030299542903315,262.5939170745812,2097152.0,2,0.5,0.5,0.0,0.0,0.0,79.07140360282924,0.007800001185387373,0.0,59.80648826384714,19.257115337796698,0,1,0,18.384121907152014,60.687281695677214,0.0,1048576,1048576,0,8,4,0.25,2,0.5,0,1,1.0,0.13364216641330787,3,3,0,1.0,0.0,0.0,1.0,0,0.5,0.5,0.0,0.962890625,0.037109375,0.0,256,1024,0,0.0,2064.684680905406,1634.8991999984719,220.0,182.0564958472229,27.728985059711434,0,2154.451755503178,0,204.67415551152953,5.091673744340838e-07,1.112278573199814e-05,2.0579538516137495e-06,1.2381885041524167e-07,3.282065891205593e-07,7.907140360282923e-07,1.4932646433610066e-05,predictor_only,nsga2
0,287,287,train,2.4992286562919617,0.302734375,0.666015625,8,64,512,90.12549999170005,1.2775594869380795,2.5933194820061924,40.05082773065759,48.28509999788366,1.1905012216465523,3.9954432562033158,5.185944477849868,0.006199989002197981,0.0,2.4631122525738234,2.716632236273847,0,88.76412598666028,5680.904063146258,2097152.0,2,0.5,0.0,0.5,0.0,0.0,42.78630284847006,0.006900008884258568,0.0,21.277827337238804,21.501575502346988,0,1,0,18.51290334599951,0.0,24.273399502470543,1048576,0,1048576,8,4,0.25,2,0.5,0,1,1.0,0.2091524583687337,3,0,3,0.0,2.0,0.5,2.0,3,0.5,0.5,0.0,0.9521484375,0.0478515625,0.0,256,1024,0,0.0,175.68682679840745,5.721400011680089,0.0,155.19597698399136,14.769449802735991,0,2154.451755503178,0,2064.326255511478,5.110237947752317e-07,1.0373277928024771e-06,1.6020331092263037e-06,1.1905012216465524e-07,3.9954432562033163e-07,4.2786302848470057e-07,4.0968421730737e-06,predictor_only,nsga2
0,288,288,train,2.5102306604385376,0.25390625,0.666015625,8,64,512,135.10490000771824,1.2358161088989685,3.50874958036845,44.53138903533112,53.09440000564791,1.2056411007470385,5.498783208005928,6.704424308752966,0.006200003554113209,0.0,2.1697629493599067,4.528461355838947,0,59.21281009595422,3789.61984614107,2097152.0,2,0.0,0.5,0.5,0.0,0.0,81.22712573866899,0.007199996616691351,0.0,62.52438690335513,18.69553883869717,0,1,0,0.0,56.615728585165215,24.611397153503773,0,1048576,1048576,8,4,0.25,2,0.5,0,1,1.0,0.16091842229213763,3,3,0,1.0,0.0,0.0,1.0,0,0.5,0.5,0.0,0.9638671875,0.0361328125,0.0,256,1024,0,0.0,197.10381889839417,22.857699965243228,0.0,155.20167196530798,19.044446967842937,0,2154.451755503178,0,2019.3468554954597,4.943264435595874e-07,1.4034998321473801e-06,1.7812555614132452e-06,1.2056411007470385e-07,5.498783208005928e-07,8.122712573866899e-07,5.161795525382199e-06,predictor_only,nsga2
0,289,289,train,2.5565608143806458,0.23828125,0.654296875,8,64,512,140.46280000184197,1.3093438649911993,2.2097321233291263,45.28527689858376,52.53970000194386,1.2167855618112717,2.892991781557982,4.109777343369254,0.005700014298781753,0.0,2.2475507730722573,1.856526555998215,0,56.95417609302249,3645.0672699534393,2097152.0,2,0.5,0.5,0.0,0.0,0.0,74.47360124632688,0.007199996616691351,0.0,54.58698597022806,19.879415279482128,0,1,0,17.61099564767485,56.86260559865203,0.0,1048576,1048576,0,8,4,0.25,2,0.5,0,1,1.0,0.2606107547134336,3,0,3,0.0,2.0,0.5,2.0,3,0.5,0.5,0.0,0.94921875,0.05078125,0.0,256,1024,0,0.0,195.21741154761634,24.039199997787364,0.0,159.1456336707526,12.032577879076372,0,2154.451755503178,0,2013.988955501336,5.237375459964798e-07,8.838928493316507e-07,1.8114110759433505e-06,1.216785561811272e-07,2.892991781557982e-07,7.44736012463269e-07,4.374755218071676e-06,predictor_only,nsga2
0,290,290,train,2.5369869470596313,0.21875,0.646484375,8,64,512,184.1343000123743,1.2483312091253258,18.248771490071114,46.479050220878406,53.21670000557788,1.289348304269509,3.3018925704697053,4.591240874739214,0.007700000423938036,0.0,2.4967696851615817,2.0867711891536946,0,43.446313658827954,2780.564074164989,2097152.0,2,0.5,0.5,0.0,0.0,0.0,76.46470921633083,0.00790000194683671,0.0,56.62391811601717,19.832891098366815,0,1,0,16.75696900590977,59.707740210421065,0.0,1048576,1048576,0,8,4,0.25,2,0.5,0,1,1.0,0.25097720212391433,3,3,0,1.0,0.0,0.0,1.0,0,0.5,0.5,0.0,0.94140625,0.05859375,0.0,256,1024,0,0.0,263.90461168029935,59.041899992735125,0.0,180.41259074412238,24.450120943441874,0,2154.451755503178,0,1970.3174554908037,4.993324836501303e-07,4.379705157617067e-07,1.8591620088351365e-06,1.2893483042695093e-07,3.3018925704697054e-07,7.646470921633084e-07,4.0202361878842034e-06,predictor_only,nsga2
0,291,291,train,2.4386872053146362,0.265625,0.681640625,8,64,512,242.81860000337474,1.194440544709613,4.142394233685891,70.04954161631895,48.265399993397295,1.1652190187076825,6.673066434001063,7.838285452708746,0.005900001269765198,0.0,2.2837825391933526,5.548602912245627,0,32.94626957580366,2108.5612528514343,2097152.0,2,0.5,0.5,0.0,0.0,0.0,80.85630205351168,0.007100010407157242,0.0,59.88237613545459,20.96682590764994,0,1,0,18.290888054670653,62.56541399884104,0.0,1048576,1048576,0,8,4,0.25,2,0.5,0,1,1.0,0.14759070521249812,3,0,3,0.0,2.0,0.5,2.0,3,0.5,0.5,0.0,0.9609375,0.0390625,0.0,256,1024,0,0.0,301.54550557885784,123.78840000019409,0.0,156.80539391333517,20.95171166532858,0,2127.931349493374,0,1885.1127494899993,4.777762178838452e-07,1.6569576934743572e-06,2.8019816646527587e-06,1.1652190187076825e-07,6.673066434001064e-07,8.08563020535117e-07,6.5291071418169525e-06,predictor_only,nsga2
0,292,292,train,2.423119008541107,0.2734375,0.685546875,8,64,512,166.91739999805577,1.384314480958012,2.2256605140119667,44.49640179835143,34.614499993040226,1.2568149088827263,2.654852537392785,3.911667446275511,0.006200003554113209,0.0,2.207913748988324,1.6975536937330742,0,47.92761013820635,3067.367048845206,2097152.0,2,0.5,0.5,0.0,0.0,0.0,76.90307365143363,0.007700014975853264,0.0,56.65866509591483,20.23670854054295,0,1,0,17.597255145945724,59.305818505487906,0.0,1048576,1048576,0,8,4,0.25,2,0.5,0,1,1.0,0.18595995617580352,3,3,0,1.0,0.0,0.0,1.0,0,0.5,0.5,0.0,0.9521484375,0.0478515625,0.0,256,1024,0,0.0,192.4255071732856,23.365999993984587,0.0,155.13207524611752,13.927431933183492,0,2127.931349493374,0,1961.0139494953182,5.53725792383205e-07,8.902642056047866e-07,1.779856071934057e-06,1.2568149088827263e-07,2.654852537392785e-07,7.690307365143363e-07,4.384043551063936e-06,predictor_only,nsga2
0,293,293,train,2.3880767822265625,0.28125,0.681640625,8,64,512,212.3040000005858,1.264294280502713,2.270585051775515,51.713005629285696,36.36519999417942,1.1499112684224504,3.0855819069017256,4.2354931753241765,0.00689999433234334,0.0,2.4036741310772936,1.824919049914539,0,37.681637267035285,2411.6247850902582,2097152.0,2,0.5,0.5,0.0,0.0,0.0,78.65674183902166,0.009300012607127428,0.0,58.61890009283945,20.028541733575096,0,1,0,18.159375441909233,60.49736639711244,0.0,1048576,1048576,0,8,4,0.25,2,0.5,0,1,1.0,0.19776865982085054,3,0,3,0.0,2.0,0.5,2.0,3,0.5,0.5,0.0,0.9462890625,0.0537109375,0.0,256,1024,0,0.0,220.9915398462557,52.203600062057376,0.0,155.566844178736,13.221095605462324,0,2127.931349493374,0,1915.6273494927882,5.057177122010852e-07,9.082340207102062e-07,2.0685202251714278e-06,1.1499112684224505e-07,3.0855819069017256e-07,7.865674183902168e-07,4.692588694005353e-06,predictor_only,nsga2
0,294,294,train,2.494752824306488,0.25390625,0.662109375,8,64,512,198.056599998381,1.3143953021154888,2.2398733303869975,52.346209692127815,48.809400002937764,1.2171630253811736,3.049832888419212,4.266995913800385,0.005800000508315861,0.0,2.320330399988368,1.9408655133037018,0,40.392289920030315,2585.10655488194,2097152.0,2,0.5,0.5,0.0,0.0,0.0,79.50938160018411,0.008200004231184721,0.0,58.58226205485568,20.91891954109725,0,1,0,18.91575961365329,60.59362198653083,0.0,1048576,1048576,0,8,4,0.25,2,0.5,0,1,1.0,0.14759070521249812,3,3,0,1.0,0.0,0.0,1.0,0,0.5,0.5,0.0,0.94921875,0.05078125,0.0,256,1024,0,0.0,223.6019132985212,52.353200037032366,0.0,157.49774261541916,13.750970646069689,0,2127.931349493374,0,1929.874749494993,5.257581208461956e-07,8.959493321547991e-07,2.0938483876851125e-06,1.2171630253811737e-07,3.049832888419212e-07,7.950938160018412e-07,4.7373492480679865e-06,predictor_only,nsga2
0,295,295,train,2.435602843761444,0.2890625,0.677734375,8,64,512,1563.7176000018371,1.2678018263065483,50.78371296517215,51.659255165071215,1074.4852000061655,1.237221213192974,106.80724398701477,108.04446520020774,0.007800001185387373,0.0,2.407248358697516,105.62941684032485,0,5.116010003328349,327.42464021301436,2097152.0,2,0.5,0.5,0.0,0.0,0.0,76.92037146562905,0.007799986633472145,0.0,57.10643522881006,19.80613625018552,0,1,0,16.552510359721047,60.367861105908,0.0,1048576,1048576,0,8,4,0.25,2,0.5,0,1,1.0,0.2201412464909665,3,0,3,0.0,2.0,0.5,2.0,3,0.5,0.5,0.0,0.94921875,0.05078125,0.0,256,1024,0,0.0,414.8430798261997,41.107799974270165,0.0,158.80644352430886,214.92883632762067,0,2127.931349493374,0,564.2137494915369,5.071207305226193e-07,2.031348518606886e-05,2.0663702066028485e-06,1.2372212131929742e-07,1.0680724398701478e-05,7.692037146562906e-07,3.446062635787139e-05,predictor_only,nsga2
0,296,296,train,2.401970863342285,0.26953125,0.6953125,8,64,512,111.23789999692235,1.27303803342263,2.3281023808008925,38.72049691431974,47.97559999860823,1.2729391261741774,3.144151954828067,4.417091081002244,0.006099988240748644,0.0,2.4385524332750723,1.9724386594864238,0,71.91728792914472,4602.706427465262,2097152.0,2,0.5,0.5,0.0,0.0,0.0,78.93491127729263,0.007800001185387373,0.0,58.0809322048811,20.84617907122614,0,1,0,17.790713030703646,61.14419824658898,0.0,1048576,1048576,0,8,4,0.25,2,0.5,0,1,1.0,0.19776869931901056,3,3,0,1.0,0.0,0.0,1.0,0,0.5,0.5,0.0,0.9521484375,0.0478515625,0.0,256,1024,0,0.0,169.28654931417304,0.048600006266497076,0.0,155.8939545599979,13.343994747908615,0,2127.931349493374,0,2016.6934494964516,5.092152133690521e-07,9.31240952320357e-07,1.5488198765727895e-06,1.2729391261741775e-07,3.1441519548280673e-07,7.893491127729263e-07,4.2203342631353495e-06,predictor_only,nsga2
0,297,297,train,2.535582721233368,0.25390625,0.64453125,8,64,512,450.26109999162145,1.2748992243597401,77.25188528194501,52.70250923415475,39.70310000295285,1.3086213741660764,3.1643668270299545,4.472988201196031,0.00689999433234334,0.0,2.571865420819605,1.894222786044083,0,17.76742923765706,1137.1154712100517,2097152.0,2,0.5,0.5,0.0,0.0,0.0,75.72569169825698,0.007099995855242014,0.0,55.63796198044219,20.08062972195955,0,1,0,17.730448903044127,57.99524279521286,0.0,1048576,1048576,0,8,4,0.25,2,0.5,0,1,1.0,0.2091524583687337,3,0,3,0.0,2.0,0.5,2.0,3,0.5,0.5,0.0,0.9580078125,0.0419921875,0.0,256,1024,0,0.0,524.917174961838,52.26780001248699,300.0,156.33750617096797,16.311868778382994,0,2127.931349493374,0,1677.6702495017526,5.099596897438961e-07,3.0900754112778e-05,2.1081003693661903e-06,1.3086213741660764e-07,3.1643668270299545e-07,7.572569169825699e-07,3.472336990899025e-05,predictor_only,nsga2
0,298,298,train,2.688302159309387,0.224609375,0.62890625,8,64,512,210.31629999924917,1.2197265440319567,2.3840684973911883,51.535328261761954,35.11090000392869,1.3344530444432492,3.254409128474098,4.588862172917347,0.006699992809444666,0.0,2.6096142452414988,1.9725479348664037,0,38.03776484401692,2434.416950017083,2097152.0,2,0.5,0.5,0.0,0.0,0.0,75.70436060798829,0.006599992047995329,0.0,55.108456509456076,20.589304106484224,0,1,0,17.716028069162174,57.98833253882612,0.0,1048576,1048576,0,8,4,0.25,2,0.5,0,1,1.0,0.16091838189257093,3,3,0,1.0,0.0,0.0,1.0,0,0.5,0.5,0.0,0.9599609375,0.0400390625,0.0,256,1024,0,0.0,220.55649321274035,54.140899985213764,0.0,153.44534973273701,12.970243494789607,0,2127.931349493374,0,1917.6150494941248,4.878906176127828e-07,9.536273989564754e-07,2.061413130470478e-06,1.3344530444432493e-07,3.254409128474098e-07,7.570436060798831e-07,4.718860970411354e-06,predictor_only,nsga2
0,299,299,train,2.5218429565429688,0.251953125,0.6640625,8,64,512,164.27660000044852,1.2317765086829306,2.393184354209723,48.66746755040386,51.67760000040289,1.3677942075150784,3.4129535414211345,4.7807477489362125,0.006000002031214535,0.0,2.546591602615231,2.2281561442897675,0,48.69805743435598,3116.675675798783,2097152.0,2,0.5,0.5,0.0,0.0,0.0,78.15130936617035,0.007700000423938036,0.0,56.42424418909359,21.719365176652815,0,1,0,19.097926044035333,59.05338332213502,0.0,1048576,1048576,0,8,4,0.25,2,0.5,0,1,1.0,0.19776865982085054,3,0,3,0.0,2.0,0.5,2.0,3,0.5,0.5,0.0,0.9560546875,0.0439453125,0.0,256,1024,0,0.0,209.16971365318605,35.219099998357706,0.0,157.94446634892725,16.00614730590111,0,2127.931349493374,0,1963.6547494929255,4.927106034731723e-07,9.572737416838894e-07,1.9466987020161547e-06,1.3677942075150785e-07,3.4129535414211344e-07,7.815130936617036e-07,4.656270915728542e-06,predictor_only,nsga2
0,300,300,val,2.678020179271698,0.2109375,0.623046875,8,64,512,895.7722999912221,1.3220779866330505,2.392190124739937,237.72132062727047,0.0,0.0,0.0,0.0,0.0,0.0,0.0,0.0,0,8.930831048523542,571.5731871055067,0.0,0,0.0,0.0,0.0,0.0,0.0,0.0,0.0,0.0,0.0,0.0,0,0,0,0.0,0.0,0.0,0,0,0,8,4,0.25,2,0.5,2,1,1.0,0.11898843795383565,0,0,0,0.0,0.0,0.0,0.0,0,0.5,0.5,0.0,0.955078125,0.044921875,0.0,256,1024,0,0.0,965.7423549545738,31.559000024572015,800.0,120.27702879278993,13.90632613721191,0,2127.931349493374,0,1232.159049502152,5.288311946532203e-07,9.568760498959749e-07,0.00013447325162216952,0.0,0.0,0.0,0.0001359589588667187,predictor_only,nsga2
0,300,300,train,2.6549896001815796,0.189453125,0.640625,8,64,512,80.17200000176672,1.2933454966175981,2.3224181279510336,29.13350013341931,53.82280000776518,1.2338358975908772,3.0048552564143325,4.23869115400521,0.006000002031214535,0.0,2.4011487223231223,1.8315424296508724,0,99.78421662933543,6386.189864277468,2097152.0,2,0.5,0.5,0.0,0.0,0.0,328.85460277054284,0.007299997378140688,250.0,59.389684785103,19.45761798806172,0,1,0,16.59272975021711,312.2618730203257,0.0,1048576,1048576,0,8,4,0.25,2,0.5,0,1,1.0,0.2307606527190679,3,3,0,1.0,0.0,0.0,1.0,0,0.5,0.5,0.0,0.9521484375,0.0478515625,0.0,256,1024,0,0.0,130.9970550319518,0.047200010158121586,0.0,119.3516070228853,11.59824799890836,0,2127.931349493374,0,2047.7593494916073,5.173381986470392e-07,9.289672511804135e-07,1.4261822101367482e-05,1.2338358975908772e-07,3.0048552564143325e-07,3.2885460277054287e-06,1.9420542694300882e-05,predictor_only,nsga2
0,301,301,train,2.649948537349701,0.251953125,0.638671875,8,64,512,73.36550000763964,1.2743314938304762,2.2864669445034482,29.242732461555477,50.028600002406165,1.3062131549574962,2.797526685326482,4.103739840283978,0.006000002031214535,0.0,2.3429288632358682,1.7548109750168956,0,109.04159254110475,6978.661922630704,2097152.0,2,0.5,0.5,0.0,0.0,0.0,77.5633138241146,0.007099995855242014,0.0,59.15381510071984,18.40239872753952,0,1,0,15.999950462591595,61.56336336152301,0.0,1048576,1048576,0,8,4,0.25,2,0.5,0,1,1.0,0.18595995617580352,3,0,3,0.0,2.0,0.5,2.0,3,0.5,0.5,0.0,0.9541015625,0.0458984375,0.0,256,1024,0,0.0,131.21412359955758,0.048099973355419934,0.0,119.3859503153687,11.78007331083349,0,2127.931349493374,0,2054.5658494857344,5.097325975321905e-07,9.145867778013792e-07,1.423774560117354e-05,1.306213154957496e-07,2.7975266853264824e-07,7.756331382411461e-07,1.6848072098776658e-05,predictor_only,nsga2
0,302,302,train,2.7299437522888184,0.208984375,0.603515625,8,64,512,108.09990001143888,1.1901314779505363,2.491808022502869,29.666380340309683,52.81799999647774,1.1658597166163942,3.614959982101757,4.780819698718151,0.00580001506023109,0.0,2.28503035668692,2.489989326971,0,74.0049342711621,4736.315793354374,2097152.0,2,0.5,0.5,0.0,0.0,0.0,83.36162414561599,0.006999995093792677,0.0,62.48842566736722,20.866198483154967,0,1,0,18.507370147788485,64.8542539978275,0.0,1048576,1048576,0,8,4,0.25,2,0.5,0,1,1.0,0.11898847320993522,3,3,0,1.0,0.0,0.0,1.0,0,0.5,0.5,0.0,0.962890625,0.037109375,0.0,256,1024,0,0.0,133.39327936305233,0.046600005589425564,0.0,119.53590703058684,13.810772326876107,0,1933.0929804989855,0,1824.9930804875466,4.760525911802145e-07,9.967232090011477e-07,1.42823744031073e-05,1.1658597166163943e-07,3.6149599821017576e-07,8.3361624145616e-07,1.7066848414616636e-05,predictor_only,nsga2
0,303,303,train,2.6746544241905212,0.20703125,0.599609375,8,64,512,132.02720000117552,1.2908623719875174,2.3055508632426034,33.0907672648202,50.05869999877177,1.2433075925735642,3.202613241238069,4.445920833811633,0.005800000508315861,0.0,2.468554184242559,1.9715666490607584,0,60.593115712618754,3877.9594056076003,2097152.0,2,0.5,0.5,0.0,0.0,0.0,79.1897529253063,0.007700000423938036,0.0,59.00939212715645,20.172660797725918,0,1,0,17.992288112300493,61.19746481300581,0.0,1048576,1048576,0,8,4,0.25,2,0.5,0,1,1.0,0.13364216641330787,3,0,3,0.0,2.0,0.5,2.0,3,0.5,0.5,0.0,0.955078125,0.044921875,0.0,256,1024,0,0.0,146.7487220002013,13.48699996015057,0.0,119.53087971087189,13.730842329178842,0,1933.0929804989855,0,1801.06578049781,5.163449487950069e-07,9.222203452970416e-07,1.44125120320936e-05,1.2433075925735643e-07,3.202613241238069e-07,7.918975292530631e-07,1.7087566938819873e-05,predictor_only,nsga2
0,304,304,train,2.6800108551979065,0.2578125,0.599609375,8,64,512,86.09959999739658,1.2668256541964842,2.5026384608063306,29.826100088729,53.542199995717965,1.1413688758778315,3.160468407311374,4.301837283189205,0.006599992047995329,0.0,2.160048896464996,2.1351883946762142,0,92.91456738096942,5946.532312382043,2097152.0,2,0.5,0.5,0.0,0.0,0.0,83.0557920848166,0.006999995093792677,0.0,63.168869404435846,19.87992268528696,0,1,0,17.314647701140423,65.74114438367617,0.0,1048576,1048576,0,8,4,0.25,2,0.5,0,1,1.0,0.25097720212391433,3,3,0,1.0,0.0,0.0,1.0,0,0.5,0.5,0.0,0.953125,0.046875,0.0,256,1024,0,0.0,134.38225681492725,0.046800021664239466,0.0,120.11509779856902,14.220358994693987,0,1933.0929804989855,0,1846.993380501589,5.067302616785937e-07,1.0010553843225323e-06,1.4246836468148724e-05,1.1413688758778315e-07,3.160468407311374e-07,8.30557920848166e-07,1.7015363763316936e-05,predictor_only,nsga2
0,305,305,train,2.742678940296173,0.236328125,0.607421875,8,64,512,119.0923000103794,1.3262210307805815,2.4855327973714276,33.11977337329322,63.248899998143315,1.2544516285578164,3.252310103892988,4.506761732450805,0.006300004315562546,0.0,2.366065106302571,2.1343966218326713,0,67.17422390094801,4299.1503296606725,2097152.0,2,0.5,0.0,0.5,0.0,0.0,43.55584939674111,0.009399998816661537,0.0,23.20458377059215,20.341865627332297,0,1,0,18.136483931419683,0.0,25.419365465321427,1048576,0,1048576,8,4,0.25,2,0.5,0,1,1.0,0.16091838189257093,3,0,3,0.0,2.0,0.5,2.0,3,0.5,0.5,0.0,0.9462890625,0.0537109375,0.0,256,1024,0,0.0,147.72610880578094,14.593400002922863,0.0,119.73168284191058,13.401025960947468,0,1933.0929804989855,0,1814.0006804886061,5.304884123122326e-07,9.942131189485711e-07,1.4507439135471481e-05,1.2544516285578166e-07,3.252310103892988e-07,4.3555849396741116e-07,1.6918375333944778e-05,predictor_only,nsga2
0,306,306,train,2.726420521736145,0.25,0.599609375,8,64,512,1295.6340999953682,1.4122827307470658,4.790155170282491,74.8850529506239,79.86929999606218,1.372629887369369,7.861667023127005,9.234296910496374,0.006699992809444666,0.0,2.3588956198960576,6.868701297790872,0,6.174578011994735,395.17299276766306,2097152.0,2,0.5,0.5,0.0,0.0,0.0,83.96656737467299,0.007499998901039362,0.0,63.026175252007576,20.932892123764386,0,1,0,18.34096253835444,65.62560483631856,0.0,1048576,1048576,0,8,4,0.25,2,0.5,0,1,1.0,0.14759070521249812,3,3,0,1.0,0.0,0.0,1.0,0,0.5,0.5,0.0,0.958984375,0.041015625,0.0,256,1024,0,0.0,324.3499634066138,0.06949999078642577,0.0,121.4165852856625,202.8638781301649,0,1933.0929804989855,0,637.4588805036174,5.649130922988264e-07,1.9160620681129965e-06,4.002459839243944e-05,1.3726298873693691e-07,7.861667023127005e-07,8.396656737467301e-07,4.4268668917647635e-05,predictor_only,nsga2
0,307,307,train,2.5263790488243103,0.2734375,0.66796875,8,64,512,86.529199994402,1.2346170381873767,2.1785782499341657,33.15046157869072,54.33819998870604,1.217604714653252,3.268107868391704,4.485712583044956,0.01309999788645655,0.0,2.4692661699959753,2.003346415162524,0,92.45327065599702,5917.009321983809,2097152.0,2,0.5,0.5,0.0,0.0,0.0,81.19473761455788,0.008000002708286047,0.0,61.02158922754838,20.16514838430121,0,1,0,16.64954760898427,64.5451900055736,0.0,1048576,1048576,0,8,4,0.25,2,0.5,0,1,1.0,0.241032865595602,3,0,3,0.0,2.0,0.5,2.0,3,0.5,0.5,0.0,0.9453125,0.0546875,0.0,256,1024,0,0.0,146.25462746724904,14.164999985950999,0.0,118.91488346940679,13.174744011891237,0,1933.0929804989855,0,1846.5637805045835,4.938468152749507e-07,8.714312999736661e-07,1.4427255247047845e-05,1.2176047146532521e-07,3.268107868391704e-07,8.119473761455787e-07,1.7053051996746536e-05,predictor_only,nsga2
0,308,308,train,2.601469039916992,0.2421875,0.658203125,8,64,512,108.0449999863049,1.2334834729004327,3.1930567291043626,29.232424468394733,54.47830000775866,1.149954780243353,4.680116917045275,5.830071697288628,0.005999987479299307,0.0,2.1895270079541547,3.6345447018551744,0,74.04253744714306,4738.722396617156,2097152.0,2,0.5,0.5,0.0,0.0,0.0,80.18772104070763,0.007099995855242014,0.0,59.350839781609004,20.829781263243383,0,1,0,18.150013533525232,62.0377075071824,0.0,1048576,1048576,0,8,4,0.25,2,0.5,0,1,1.0,0.2790043706260659,3,3,0,1.0,0.0,0.0,1.0,0,0.5,0.5,0.0,0.94921875,0.05078125,0.0,256,1024,0,0.0,134.6358586815981,0.049399968702346087,0.0,119.10636511668537,15.480093596210379,0,1933.0929804989855,0,1825.0479805126806,4.933933891601731e-07,1.277222691641745e-06,1.4221817806702402e-05,1.149954780243353e-07,4.6801169170452755e-07,8.018772104070764e-07,1.737731826764026e-05,predictor_only,nsga2
0,309,309,train,2.7337716221809387,0.228515625,0.6015625,8,64,512,72.54740000644233,1.2270106414319388,2.4766866360514825,29.57011574864159,56.989799995790236,1.2321169023303338,3.272737329231365,4.504854231561699,0.006000016583129764,0.0,2.468275743437577,2.0305784715409922,0,110.27121203623507,7057.3575703190445,2097152.0,2,0.5,0.5,0.0,0.0,0.0,83.6823124080642,0.008199989679269493,0.0,63.85529017092875,19.8188222474562,0,1,0,17.468643508672777,66.21366889939144,0.0,1048576,1048576,0,8,4,0.25,2,0.5,0,1,1.0,0.241032865595602,3,0,3,0.0,2.0,0.5,2.0,3,0.5,0.5,0.0,0.9462890625,0.0537109375,0.0,256,1024,0,0.0,133.09525210450005,0.04760002775583416,0.0,119.80567452951342,13.241977547230777,0,1933.0929804989855,0,1860.5455804925432,4.908042565727755e-07,9.90674654420593e-07,1.4219662762827869e-05,1.232116902330334e-07,3.2727373292313656e-07,8.368231240806422e-07,1.698845022105805e-05,predictor_only,nsga2
0,310,310,train,2.7129788994789124,0.25390625,0.611328125,8,64,512,147.25589999579825,1.2816967787808538,2.4399773833777396,37.60991084022288,48.95850000320934,1.310351971720066,3.0827739661534492,4.393125937873515,0.006100002792663872,0.0,2.349869326876457,2.0371566082043944,0,54.3268261129242,3476.916871227149,2097152.0,2,0.5,0.0,0.5,0.0,0.0,43.94860066450687,0.007599999662488699,0.0,23.488806901307846,20.45219376353654,0,1,0,18.970789570692368,0.0,24.977811093814502,1048576,0,1048576,8,4,0.25,2,0.5,0,1,1.0,0.2091524583687337,3,3,0,1.0,0.0,0.0,1.0,0,0.5,0.5,0.0,0.955078125,0.044921875,0.0,256,1024,0,0.0,165.32634000952592,31.18330001598224,0.0,120.52457060951521,13.618469384028458,0,1933.0929804989855,0,1785.8370805031873,5.126787115123415e-07,9.759909533510957e-07,1.4670703824671443e-05,1.310351971720066e-07,3.0827739661534496e-07,4.394860066450687e-07,1.7038172089967302e-05,predictor_only,nsga2
0,311,311,train,2.5850534439086914,0.25390625,0.619140625,8,64,512,148.59029999934137,1.2806365010126326,2.3040121613513573,38.22746336398037,37.75469999527559,1.1322907277735463,3.0439139933947015,4.176204721168248,0.006699992809444666,0.0,2.1539912287363743,2.0155134996224287,0,53.838952886443955,3445.692984732413,2097152.0,2,0.5,0.5,0.0,0.0,0.0,76.69958134369787,0.011099997209385037,0.0,56.467306483401536,20.221174863086944,0,1,0,17.07150989881113,59.628071444886736,0.0,1048576,1048576,0,8,4,0.25,2,0.5,0,1,1.0,0.17369072493825644,3,0,3,0.0,2.0,0.5,2.0,3,0.5,0.5,0.0,0.9609375,0.0390625,0.0,256,1024,0,0.0,167.2484481053774,34.56740005640313,0.0,120.81000041567638,11.871047633297929,0,1933.0929804989855,0,1784.5026804996442,5.122546004050531e-07,9.21604864540543e-07,1.4707073595214632e-05,1.1322907277735464e-07,3.043913993394702e-07,7.669958134369787e-07,1.732554934571403e-05,predictor_only,nsga2
0,312,312,train,2.523231625556946,0.27734375,0.673828125,8,64,512,116.14290000579786,1.2162657494763325,2.555777615308346,35.33862378235325,49.280999999609776,1.3392503238588032,3.8496035906723662,5.188853914531169,0.00580001506023109,0.0,2.49322929893442,2.689824600536519,0,68.88007032311334,4408.324500679254,2097152.0,2,0.5,0.5,0.0,0.0,0.0,81.55369540026027,0.006399990525096655,0.0,62.268856187278864,19.27843922245631,0,1,0,16.070162180677972,65.4835332195823,0.0,1048576,1048576,0,8,4,0.25,2,0.5,0,1,1.0,0.13364216641330787,3,3,0,1.0,0.0,0.0,1.0,0,0.5,0.5,0.0,0.9560546875,0.0439453125,0.0,256,1024,0,0.0,156.44266858855175,18.664400005945936,0.0,120.28201409092758,17.496254491678236,0,1933.0929804989855,0,1816.9500804931877,4.86506299790533e-07,1.0223110461233386e-06,1.4501423174979102e-05,1.3392503238588032e-07,3.8496035906723663e-07,8.155369540026028e-07,1.7344662866348693e-05,predictor_only,nsga2
0,313,313,train,2.622220754623413,0.26171875,0.625,8,64,512,104.92570001224522,1.2324317320776732,2.3194781247845633,29.243510529857645,62.03950000053737,1.1927129801763228,2.995579838219043,4.188292818395365,0.006399990525096655,0.0,2.227981135068659,1.9539116928016094,0,76.24370154656899,4879.596898980415,2097152.0,2,0.5,0.5,0.0,0.0,0.0,83.9444915965783,0.009200011845678091,0.0,63.923469678588056,20.01182190614456,0,1,0,17.65997961977783,66.28451197680047,0.0,1048576,1048576,0,8,4,0.25,2,0.5,0,1,1.0,0.2201412464909665,3,0,3,0.0,2.0,0.5,2.0,3,0.5,0.5,0.0,0.953125,0.046875,0.0,256,1024,0,0.0,131.1816815468795,0.05010001768823713,0.0,118.93317540116881,12.198406128022476,0,1933.0929804989855,0,1828.1672804867403,4.929726928310694e-07,9.277912499138255e-07,1.4222919950315142e-05,1.192712980176323e-07,2.995579838219043e-07,8.394449159657831e-07,1.6901958090865358e-05,predictor_only,nsga2
0,314,314,train,2.507441818714142,0.255859375,0.671875,8,64,512,85.14400001149625,1.2087589012089217,3.069725152627068,29.438147266368,52.128000010270625,1.2946519787099406,4.688660289689505,5.9833122683994455,0.00580001506023109,0.0,2.4691034513072134,3.508408802032001,0,93.95736683210808,6013.271477254917,2097152.0,2,0.5,0.5,0.0,0.0,0.0,83.34869054887142,0.00859999272506684,0.0,62.461058604397046,20.879031951749294,0,1,0,17.9173432492887,65.43134729958271,0.0,1048576,1048576,0,8,4,0.25,2,0.5,0,1,1.0,0.19776869099157482,3,3,0,1.0,0.0,0.0,1.0,0,0.5,0.5,0.0,0.947265625,0.052734375,0.0,256,1024,0,0.0,134.86652528081598,0.04870000702794641,0.0,118.95278364323863,15.86504163054937,0,1587.388027498818,0,1502.2440274873218,4.835035604835687e-07,1.2278900610508272e-06,1.4319467883537657e-05,1.2946519787099408e-07,4.688660289689505e-07,8.334869054887141e-07,1.7462679637400713e-05,predictor_only,nsga2
0,315,315,train,2.576548755168915,0.240234375,0.642578125,8,64,512,119.8385000025155,1.2321891697263199,2.366789711670706,33.27582994404263,51.75680000684224,1.1385796114791473,3.3776829946340095,4.516262606113157,0.005800000508315861,0.0,2.3520939757647765,2.1583686298400644,0,66.75595275207318,4272.380976132684,2097152.0,2,0.0,0.5,0.5,0.0,0.0,90.37517679706454,0.007499998901039362,0.0,68.9608525579337,21.40682424022981,0,1,0,0.0,64.16158551297674,26.213591284087805,0,1048576,1048576,8,4,0.25,2,0.5,0,1,1.0,0.17369072493825644,3,0,3,0.0,2.0,0.5,2.0,3,0.5,0.5,0.0,0.94140625,0.05859375,0.0,256,1024,0,0.0,147.49923530175863,15.163199990638532,0.0,119.80520322579939,12.530832085320696,0,1227.2659189928515,0,1107.427418990336,4.92875667890528e-07,9.467158846682825e-07,1.437250805575079e-05,1.1385796114791473e-07,3.37768299463401e-07,9.037517679706455e-07,1.7167477636891562e-05,predictor_only,nsga2
0,316,316,train,2.6008211970329285,0.255859375,0.6640625,8,64,512,73.76330000988673,1.2237044476001426,2.297088638126133,29.390490183552863,50.71359999419656,1.2905641904971616,3.2886188118198114,4.579183002316973,0.006100002792663872,0.0,2.4745001660755213,2.098582833448788,0,108.453547297646,6941.027027049344,2097152.0,2,0.5,0.5,0.0,0.0,0.0,80.33828613745389,0.007199996616691351,0.0,61.393243579025345,18.937842561811856,0,1,0,17.336583191322248,63.001702946131644,0.0,1048576,1048576,0,8,4,0.25,2,0.5,0,1,1.0,0.16091838189257093,3,3,0,1.0,0.0,0.0,1.0,0,0.5,0.5,0.0,0.9560546875,0.0439453125,0.0,256,1024,0,0.0,131.64513307711655,0.04739999712910503,0.0,119.35690611877057,12.240826961216865,0,1227.2659189928515,0,1153.5026189829648,4.89481779040057e-07,9.18835455250453e-07,1.4134109604874561e-05,1.2905641904971617e-07,3.2886188118198115e-07,8.033828613745389e-07,1.6803728000771308e-05,predictor_only,nsga2
0,317,317,train,2.5242164731025696,0.265625,0.671875,8,64,512,177.65870000584982,1.2916924838019783,3.3904839062604237,40.582391923533415,49.17100000602659,1.1008801228383247,5.308470410060174,6.4093505328984985,0.006000002031214535,0.0,2.302447560940167,4.100902969927117,0,45.02990830073777,2881.9141312472175,2097152.0,2,0.5,0.5,0.0,0.0,0.0,80.22765152410452,0.007099995855242014,0.0,60.3061369738309,19.914414554418364,0,1,0,17.130669333374314,63.096982190730195,0.0,1048576,1048576,0,8,4,0.25,2,0.5,0,1,1.0,0.18595995617580352,3,0,3,0.0,2.0,0.5,2.0,3,0.5,0.5,0.0,0.9482421875,0.0517578125,0.0,256,1024,0,0.0,181.05827325438327,44.85460001160391,0.0,119.96632426288609,16.23734897989327,0,1227.2659189928515,0,1049.6072189870017,5.166769935207913e-07,1.3561935625041699e-06,1.4656566520454939e-05,1.1008801228383247e-07,5.308470410060175e-07,8.022765152410451e-07,1.7972648645010794e-05,predictor_only,nsga2
0,318,318,train,2.502280533313751,0.255859375,0.671875,8,64,512,97.43880000314675,1.3058485451742383,2.480442767666297,29.645452082862715,54.46040000242647,1.3551763595012156,3.6551321466276567,5.010308506128872,0.006199989002197981,0.0,2.535217051399128,2.4688914657275465,0,82.10197475509644,5254.526384326172,2097152.0,2,0.0,0.5,0.5,0.0,0.0,82.95659318452411,0.011500000255182385,0.0,62.602273859865775,20.34281932440316,0,1,0,0.0,60.13970274142106,22.816890443103055,0,1048576,1048576,8,4,0.25,2,0.5,0,1,1.0,0.16091838189257093,3,3,0,1.0,0.0,0.0,1.0,0,0.5,0.5,0.0,0.955078125,0.044921875,0.0,256,1024,0,0.0,133.726973582813,0.05089999467600137,0.0,118.67104999479287,15.005023593344117,0,1227.2659189928515,0,1129.8271189897048,5.223394180696953e-07,9.921771070665188e-07,1.4182032699186245e-05,1.3551763595012158e-07,3.655132146627657e-07,8.295659318452412e-07,1.7027146006780588e-05,predictor_only,nsga2
0,319,319,train,2.610133171081543,0.24609375,0.62890625,8,64,512,2583.3273000025656,8.936804871202291,18.137859678900472,264.927688382535,43.82179999083746,14.167046117336756,35.40592675748187,49.57297287481863,0.006600006599910557,0.0,2.5016677871304385,47.06470508108828,0,3.096780227271948,198.19393454540466,2097152.0,2,0.5,0.5,0.0,0.0,0.0,79.01369547073959,0.007499998901039362,0.0,59.42015805254386,19.58603741929469,0,1,0,17.456443671639676,61.557251799099916,0.0,1048576,1048576,0,8,4,0.25,2,0.5,0,1,1.0,0.241032865595602,3,0,3,0.0,2.0,0.5,2.0,3,0.5,0.5,0.0,0.9423828125,0.0576171875,0.0,256,1024,0,0.0,1168.009411730551,0.05929998587816954,0.0,119.82223668260815,1048.1278750620645,0,1587.388027498818,1,-995.9392725037476,3.5747219484809168e-06,7.25514387156019e-06,2.7565336080524458e-05,1.4167046117336756e-06,3.5405926757481874e-06,7.90136954707396e-07,4.4142636142754825e-05,predictor_only,nsga2
0,320,320,train,2.6590168476104736,0.271484375,0.60546875,8,64,512,147.19059999333695,1.314312227302688,3.4504248034336404,36.66164380318604,55.15179999929387,1.289727052455861,5.386652383253505,6.676379435709366,0.006300004315562546,0.0,2.370997998454159,4.299081432939644,0,54.35092763691775,3478.459368762736,2097152.0,2,0.5,0.5,0.0,0.0,0.0,79.43246643781913,0.007700000423938036,0.0,58.565999289757755,20.858767147637426,0,1,0,18.002700499194894,61.42976593862423,0.0,1048576,1048576,0,8,4,0.25,2,0.5,0,1,1.0,0.2201412464909665,3,3,0,1.0,0.0,0.0,1.0,0,0.5,0.5,0.0,0.9609375,0.0390625,0.0,256,1024,0,0.0,165.70552333568946,29.613199993036687,0.0,119.22617126196295,16.86615208068984,0,1587.388027498818,0,1440.197427505481,5.257248909210751e-07,1.3801699213734562e-06,1.4537288957553338e-05,1.2897270524558613e-07,5.386652383253505e-07,7.943246643781913e-07,1.7905146377796998e-05,predictor_only,nsga2
0,321,321,train,2.6098491549491882,0.228515625,0.640625,8,64,512,103.62350000650622,1.3285635335289336,2.3871766817622895,35.81935991687446,47.51560000295285,1.1795896719452628,3.3681278597290625,4.5477175316743255,0.005700014298781753,0.0,2.3624119086395465,2.179605608735997,0,77.20182002806004,4940.916481795843,2097152.0,2,0.5,0.5,0.0,0.0,0.0,82.4593909565265,0.010800009476952255,0.0,61.905024796285076,20.543566150764477,0,1,0,17.4004475690718,65.0589433874547,0.0,1048576,1048576,0,8,4,0.25,2,0.5,0,1,1.0,0.17369072493825644,3,0,3,0.0,2.0,0.5,2.0,3,0.5,0.5,0.0,0.955078125,0.044921875,0.0,256,1024,0,0.0,158.1404005286627,24.585899969679303,0.0,119.02445454125218,14.530046017731216,0,1587.388027498818,0,1483.7645274923118,5.314254134115735e-07,9.548706727049157e-07,1.4503496580499702e-05,1.179589671945263e-07,3.368127859729063e-07,8.24593909565265e-07,1.726915832934889e-05,predictor_only,nsga2
0,322,322,train,2.533804476261139,0.263671875,0.607421875,8,64,512,90.75760000268929,1.2451132297587577,2.207380086169768,34.46961512598047,54.16640000476036,1.3090588450379648,2.988529033793482,4.297587878831447,0.007100010407157242,0.0,2.4944449548917484,1.7960429135325413,0,88.14591674797705,5641.3386718705315,2097152.0,2,0.5,0.5,0.0,0.0,0.0,84.34070879707278,0.007099995855242014,0.0,63.45712990111292,20.876478900104615,0,1,0,17.81516084987654,66.52554794719623,0.0,1048576,1048576,0,8,4,0.25,2,0.5,0,1,1.0,0.2201412464909665,3,3,0,1.0,0.0,0.0,1.0,0,0.5,0.5,0.0,0.9384765625,0.0615234375,0.0,256,1024,0,0.0,151.688433767636,20.090100035304204,0.0,120.31188428040322,11.286449451928569,0,1587.388027498818,0,1496.6304274961287,4.980452919035031e-07,8.829520344679073e-07,1.4465262838562146e-05,1.3090588450379648e-07,2.988529033793482e-07,8.434070879707278e-07,1.7119426040787427e-05,predictor_only,nsga2
0,323,323,train,2.3991329073905945,0.306640625,0.6796875,8,64,512,150.93930000148248,1.220564197575266,2.4284938305569956,35.72433369392931,36.37190000154078,1.3361684394926652,3.2309453892325357,4.567113828725201,0.006300004315562546,0.0,2.5463868254020348,2.0144269990076036,0,53.00108718428032,3392.0695797939406,2097152.0,2,0.5,0.5,0.0,0.0,0.0,78.1877392170029,0.007799986633472145,0.0,58.38345298303635,19.796486247333085,0,1,0,16.44148071241115,61.74625850459175,0.0,1048576,1048576,0,8,4,0.25,2,0.5,0,1,1.0,0.26061071707684524,3,0,3,0.0,2.0,0.5,2.0,3,0.5,0.5,0.0,0.94921875,0.05078125,0.0,256,1024,0,0.0,157.49356688824628,24.64059999329038,0.0,118.86127921194323,13.99168768301266,0,1587.388027498818,0,1436.4487274973355,4.882256790301063e-07,9.713975322227983e-07,1.449637231384156e-05,1.3361684394926653e-07,3.230945389232536e-07,7.818773921700291e-07,1.7194584300137013e-05,predictor_only,nsga2
0,324,324,train,2.454357385635376,0.29296875,0.66796875,8,64,512,148.46680000482593,1.2412013882420303,2.225483278730357,43.92889637119451,59.34500000148546,1.2832913382137083,2.7161413756673136,3.999432713881022,0.010100004146806896,0.0,2.3243467538291736,1.6649859559050415,0,53.88373775148524,3448.5592160950555,2097152.0,2,0.5,0.5,0.0,0.0,0.0,80.27407210216117,0.0092999980552122,0.0,60.36482401605612,19.899948088049833,0,1,0,17.69465839754156,62.579413704619604,0.0,1048576,1048576,0,8,4,0.25,2,0.5,0,1,1.0,0.2091524583687337,3,3,0,1.0,0.0,0.0,1.0,0,0.5,0.5,0.0,0.955078125,0.044921875,0.0,256,1024,0,0.0,189.58232415266764,55.214799984241836,0.0,120.9939581512231,13.37356601720268,0,1227.2659189928515,0,1078.7991189880256,4.96480555296812e-07,8.901933114921429e-07,1.4903843817511042e-05,1.2832913382137083e-07,2.716141375667314e-07,8.027407210216116e-07,1.749320167670971e-05,predictor_only,nsga2
0,325,325,train,2.3135507106781006,0.341796875,0.701171875,8,64,512,121.16769999556709,1.3448951814934311,2.2204630883168397,29.595937627471994,35.68020000238903,1.2768102579866145,3.0769499404165384,4.353760198403153,0.006800008122809231,0.0,2.407343050100274,1.9396171401800697,0,66.02365132491045,4225.513684794269,2097152.0,2,0.5,0.5,0.0,0.0,0.0,83.0749139395929,0.006900008884258568,0.0,62.85123282448437,20.216781106224268,0,1,0,17.786506997582403,65.2884069420105,0.0,1048576,1048576,0,8,4,0.25,2,0.5,0,1,1.0,0.13364216641330787,3,0,3,0.0,2.0,0.5,2.0,3,0.5,0.5,0.0,0.95703125,0.04296875,0.0,256,1024,0,0.0,132.64518358912906,0.05270005203783512,0.0,119.49919674542036,13.093286791670849,0,1227.2659189928515,0,1106.0982189972844,5.379580725973726e-07,8.881852353267357e-07,1.4354722961680434e-05,1.2768102579866146e-07,3.0769499404165383e-07,8.30749139395929e-07,1.704699142884079e-05,predictor_only,nsga2
0,326,326,train,2.358086109161377,0.337890625,0.703125,8,64,512,105.3434999921592,1.3410930285176361,2.5045413188976893,29.760054029397057,37.97590000613127,1.166723007952629,3.5770917569235827,4.743814764876212,0.006600021151825786,0.0,2.154976528772853,2.582238214951533,0,75.94131635344456,4860.244246620452,2097152.0,2,0.5,0.0,0.5,0.0,0.0,45.71989276748472,0.006700007361359894,0.0,25.596988269714934,20.11620449040842,0,1,0,16.69889725240399,0.0,29.020995515080728,1048576,0,1048576,8,4,0.25,2,0.5,0,1,1.0,0.19776865982085054,3,3,0,1.0,0.0,0.0,1.0,0,0.5,0.5,0.0,0.9423828125,0.0576171875,0.0,256,1024,0,0.0,134.42275350724952,0.048200032324530184,0.0,120.39422184798843,13.980331626936554,0,1227.2659189928515,0,1121.9224190006923,5.364372114070545e-07,1.0018165275590756e-06,1.4286882750933007e-05,1.166723007952629e-07,3.577091756923583e-07,4.5719892767484726e-07,1.6756716894061608e-05,predictor_only,nsga2
0,327,327,train,2.4127862453460693,0.298828125,0.66015625,8,64,512,87.94729999499395,1.2742743155198553,2.2436564928269465,32.976821642331885,52.223799997591414,1.244743229672212,3.1763124563502068,4.421055686022418,0.006200018106028438,0.0,2.4439067907808254,1.970948877135565,0,90.96253140146385,5821.602009693686,2097152.0,2,0.0,0.5,0.5,0.0,0.0,86.65777151995546,0.00829999044071883,0.0,68.07182499858129,18.577646530933457,0,1,0,0.0,62.60443070052243,24.053340819433036,0,1048576,1048576,8,4,0.25,2,0.5,0,1,1.0,0.19776865982085054,3,0,3,0.0,2.0,0.5,2.0,3,0.5,0.5,0.0,0.94921875,0.05078125,0.0,256,1024,0,0.0,145.97900980271476,13.63600000331644,0.0,120.53847646659764,11.80453333280068,0,1227.2659189928515,0,1139.3186189978576,5.097097262079421e-07,8.974625971307785e-07,1.440817734867133e-05,1.2447432296722122e-07,3.176312456350207e-07,8.665777151995548e-07,1.7124032955811847e-05,predictor_only,nsga2
0,328,328,train,2.2439048290252686,0.345703125,0.6875,8,64,512,86.12900000298396,1.240626140472573,2.214321566092856,29.13866110284382,53.66469999717083,1.2677698881517612,3.0046860588581303,4.272455947009892,0.006499991286545992,0.0,2.469600931849018,1.7963550238743278,0,92.88285150032326,5944.502496020688,2097152.0,2,0.5,0.5,0.0,0.0,0.0,80.44670953513611,0.007700000423938036,0.0,59.65455130780452,20.78445822690766,0,1,0,18.331537899998878,62.11517163513724,0.0,1048576,1048576,0,8,4,0.25,2,0.5,0,1,1.0,0.18595995617580352,3,3,0,1.0,0.0,0.0,1.0,0,0.5,0.5,0.0,0.9443359375,0.0556640625,0.0,256,1024,0,0.0,130.374435237637,0.046800021664239466,0.0,119.70256583634881,10.625069379623948,0,1227.2659189928515,0,1141.1369189898676,4.962504561890291e-07,8.857286264371426e-07,1.4233176646087502e-05,1.2677698881517612e-07,3.0046860588581304e-07,8.044670953513612e-07,1.684686841876602e-05,predictor_only,nsga2
0,329,329,train,2.1760075390338898,0.357421875,0.7109375,8,64,512,87.68700000655372,1.3005999400412922,2.4098534319145344,35.05660231821453,49.203400005353615,1.276652099602197,3.448693135068828,4.725345234671025,0.006199989002197981,0.0,2.538632704782829,2.180512540885998,0,91.2325517676545,5838.883313129888,2097152.0,2,0.5,0.0,0.5,0.0,0.0,44.36954350428471,0.00790000194683671,0.0,23.00781691593499,21.35382658640289,0,1,0,17.960289068756204,0.0,26.409254435528506,1048576,0,1048576,8,4,0.25,2,0.5,0,1,1.0,0.241032865595602,3,0,3,0.0,2.0,0.5,2.0,3,0.5,0.5,0.0,0.95703125,0.04296875,0.0,256,1024,0,0.0,155.0682227606814,23.781900032190606,0.0,118.94891990905472,12.337402819436088,0,871.79968700009,0,784.1126869935363,5.202399760165169e-07,9.639413727658139e-07,1.4442826159810974e-05,1.276652099602197e-07,3.448693135068828e-07,4.436954350428471e-07,1.6843237467103254e-05,predictor_only,nsga2
0,330,330,train,2.4877870082855225,0.271484375,0.66015625,8,64,512,119.39819999679457,1.2901234883981725,2.278780256294758,34.96390789043117,51.55449999438133,1.2770057630443759,2.8776675024863287,4.154673265530705,0.005700014298781753,0.0,2.409286217086244,1.7396870341456792,0,67.00212396912852,4288.135934024225,2097152.0,2,0.5,0.5,0.0,0.0,0.0,82.91652252336061,0.00960000033956021,0.0,63.44954000901498,19.457382514006067,0,1,0,17.35992605751191,65.5565964658487,0.0,1048576,1048576,0,8,4,0.25,2,0.5,0,1,1.0,0.11898847320993522,3,3,0,1.0,0.0,0.0,1.0,0,0.5,0.5,0.0,0.958984375,0.041015625,0.0,256,1024,0,0.0,154.13124654049642,22.805199987487867,0.0,119.10633800198272,12.219708551025825,0,871.79968700009,0,752.4014870032954,5.160493953592692e-07,9.115121025179034e-07,1.4522616052765317e-05,1.277005763044376e-07,2.8776675024863287e-07,8.291652252336062e-07,1.7194810102429168e-05,predictor_only,nsga2
0,331,331,train,2.5438555479049683,0.248046875,0.615234375,8,64,512,1071.1192000017036,1.3172791805534052,2.678298873341401,61.21429551232458,1402.633399993647,1.278235778643057,3.5614781938721514,4.8397139725152085,0.007299997378140688,0.0,2.290895303176024,2.5415186719610436,0,7.468816291567722,478.0042426603342,2097152.0,2,0.0,0.5,0.5,0.0,0.0,85.8190673994219,0.007299997378140688,0.0,65.1818608410489,20.62990656099486,0,1,0,0.0,60.235781870083805,25.5832855293381,0,1048576,1048576,8,4,0.25,2,0.5,0,1,1.0,0.25097720212391433,3,0,3,0.0,2.0,0.5,2.0,3,0.5,0.5,0.0,0.947265625,0.052734375,0.0,256,1024,0,0.0,260.83949426487754,12.61509997129906,0.0,120.14937473335644,128.07501956022205,0,1314.0626344980403,0,242.94343449633675,5.269116722213621e-07,1.0713195493365604e-06,1.5584469500603907e-05,1.278235778643057e-07,3.5614781938721513e-07,8.581906739942192e-07,1.852486279340757e-05,predictor_only,nsga2
0,332,332,train,2.5275399684906006,0.291015625,0.640625,8,64,512,145.936700006132,1.4465229092940854,3.3621791202737255,35.75633470154166,54.30819999310188,1.4302681103944621,4.899316397001572,6.329584507396034,0.005799985956400633,0.0,2.2633424831952835,4.060442038244349,0,54.81791202454099,3508.346369570623,2097152.0,2,0.5,0.0,0.5,0.0,0.0,41.09603070418635,0.007499998901039362,0.0,21.32371313221313,19.76481757307218,0,1,0,16.23427924822162,0.0,24.86175145596473,1048576,0,1048576,8,4,0.25,2,0.5,0,1,1.0,0.18595995617580352,3,3,0,1.0,0.0,0.0,1.0,0,0.5,0.5,0.0,0.9423828125,0.0576171875,0.0,256,1024,0,0.0,162.26014692443792,25.80599997600075,0.0,118.58092390968072,17.873223038756453,0,1314.0626344980403,0,1168.1259344919083,5.786091637176342e-07,1.3448716481094903e-06,1.4455220793958215e-05,1.4302681103944622e-07,4.899316397001573e-07,4.109603070418635e-07,1.742262036356681e-05,predictor_only,nsga2
0,333,333,train,2.107994496822357,0.328125,0.72265625,8,64,512,154.58730001410004,1.3014029604934636,2.197941137289907,43.42439792843416,38.72739999496844,1.3789061581463886,2.8996400456056595,4.2785462037520485,0.006199989002197981,0.0,2.437932794888056,1.8344134198617947,0,51.750358851674534,3312.02296650717,2097152.0,2,0.5,0.5,0.0,0.0,0.0,82.47382460100766,0.007399998139590025,0.0,61.727835009346585,20.7385895935215,0,1,0,17.966809272255666,64.507015328752,0.0,1048576,1048576,0,8,4,0.25,2,0.5,0,1,1.0,0.16091842229213763,3,0,3,0.0,2.0,0.5,2.0,3,0.5,0.5,0.0,0.95703125,0.04296875,0.0,256,1024,0,0.0,187.69496810487016,57.01069999486208,0.0,118.91397065021604,11.770297459791992,0,1314.0626344980403,0,1159.4753344839403,5.205611841973855e-07,8.791764549159629e-07,1.4785983603611886e-05,1.3789061581463887e-07,2.89964004560566e-07,8.247382460100767e-07,1.7438314109110516e-05,predictor_only,nsga2
0,334,334,train,2.2280319929122925,0.3046875,0.697265625,8,64,512,148.10779999243096,1.2866655721348068,2.484486479573509,38.05317667120127,37.74650000559632,1.180463840925516,3.207293716818429,4.387757557743945,0.006399990525096655,0.0,2.3592450066224675,2.022112560596381,0,54.01434621311385,3456.9181576392866,2097152.0,2,0.5,0.5,0.0,0.0,0.0,79.19590740358176,0.007700000423938036,0.0,59.60989786982239,19.57830953333544,0,1,0,18.70787038040945,60.48803702317231,0.0,1048576,1048576,0,8,4,0.25,2,0.5,0,1,1.0,0.16091838189257093,3,3,0,1.0,0.0,0.0,1.0,0,0.5,0.5,0.0,0.9482421875,0.0517578125,0.0,256,1024,0,0.0,167.29731489163836,34.63129998999648,0.0,119.54823051904968,13.117784382592179,0,1314.0626344980403,0,1165.9548345056094,5.146662288539227e-07,9.937945918294035e-07,1.4563479712475705e-05,1.180463840925516e-07,3.207293716818429e-07,7.919590740358177e-07,1.7302675362969245e-05,predictor_only,nsga2
0,335,335,train,2.483237564563751,0.244140625,0.662109375,8,64,512,151.19200000481214,1.2897079829499618,2.292482500939651,37.86852325331448,47.51540000142995,1.1534469480681007,3.0696067996360368,4.223053747704137,0.006600006599910557,0.0,2.12374084907511,2.092712892029117,0,52.912502561265256,3386.4001639209764,2097152.0,2,0.5,0.5,0.0,0.0,0.0,79.6335727141051,0.007299997378140688,0.0,60.19393189843096,19.432340818295984,0,1,0,17.79698959263272,61.83658312147237,0.0,1048576,1048576,0,8,4,0.25,2,0.5,0,1,1.0,0.241032865595602,3,0,3,0.0,2.0,0.5,2.0,3,0.5,0.5,0.0,0.9384765625,0.0615234375,0.0,256,1024,0,0.0,165.8028549488164,32.00379999179859,0.0,120.59132241176182,13.207732545255956,0,1314.0626344980403,0,1162.8706344932282,5.158831931799847e-07,9.169930003758603e-07,1.4654316835203968e-05,1.1534469480681007e-07,3.069606799636037e-07,7.96335727141051e-07,1.7305834130671277e-05,predictor_only,nsga2
0,336,336,train,2.3980593085289,0.3203125,0.69140625,8,64,512,147.95909999520518,1.2276431233474563,2.2957753462322166,44.24615164524909,64.81840000196826,1.1340499915550675,2.9965339701971905,4.130583961752258,0.006699992809444666,0.0,2.360476703445399,1.7634072654974144,0,54.068630666370524,3460.3923626477135,2097152.0,2,0.5,0.5,0.0,0.0,0.0,83.50944643782982,0.007299997378140688,0.0,64.36111228533582,19.141034155115857,0,1,0,17.29931138505046,66.21013505277936,0.0,1048576,1048576,0,8,4,0.25,2,0.5,0,1,1.0,0.241032865595602,3,3,0,1.0,0.0,0.0,1.0,0,0.5,0.5,0.0,0.9443359375,0.0556640625,0.0,256,1024,0,0.0,191.07828045931507,57.51590002910234,0.0,120.77793266542092,12.784447764791826,0,735.9681725039236,0,588.0090725087184,4.910572493389825e-07,9.183101384928867e-07,1.491000185460236e-05,1.1340499915550675e-07,2.9965339701971903e-07,8.350944643782983e-07,1.7567522102987752e-05,predictor_only,nsga2
0,337,337,train,2.5630881786346436,0.232421875,0.6328125,8,64,512,73.5831999918446,1.2623994423728249,2.1362725362620765,29.592228429569403,50.62690000340808,1.1236396669156286,2.9284884072655775,4.052128074181206,0.005699985194951296,0.0,2.3814387727877318,1.6649893161985232,0,108.7189913172481,6958.015444303878,2097152.0,2,0.5,0.5,0.0,0.0,0.0,82.97983843460034,0.007099995855242014,0.0,62.7979002697449,20.174838169000203,0,1,0,17.99377339610259,64.98606503849776,0.0,1048576,1048576,0,8,4,0.25,2,0.5,0,1,1.0,0.2201412464909665,3,0,3,0.0,2.0,0.5,2.0,3,0.5,0.5,0.0,0.947265625,0.052734375,0.0,256,1024,0,0.0,131.96360163281722,0.0475000124424696,0.0,119.01767452496988,12.898427095404866,0,735.9681725039236,0,662.384972512079,5.0495977694913e-07,8.545090145048307e-07,1.42658702609942e-05,1.1236396669156285e-07,2.9284884072655776e-07,8.297983843460036e-07,1.686035024421228e-05,predictor_only,nsga2
0,338,338,train,2.6215370297431946,0.244140625,0.638671875,8,64,512,146.20730000024196,1.26371403681403,2.431557406590646,37.404794244143325,49.532899996847846,1.236206231459209,2.9822806807255064,4.218486912184716,0.007299997378140688,0.0,2.2722771935402157,1.9389097212663589,0,54.71645590562753,3501.8531779601617,2097152.0,2,0.5,0.5,0.0,0.0,0.0,83.68851522096134,0.007399998139590025,0.0,63.96566431072784,19.715450912093903,0,1,0,17.342322494204677,66.34619272675666,0.0,1048576,1048576,0,8,4,0.25,2,0.5,0,1,1.0,0.2307606527190679,3,3,0,1.0,0.0,0.0,1.0,0,0.5,0.5,0.0,0.9453125,0.0546875,0.0,256,1024,0,0.0,164.400262750192,32.68609999213368,0.0,119.15239309086115,12.56176966719719,0,735.9681725039236,0,589.7608725036816,5.05485614725612e-07,9.726229626362582e-07,1.4515453975296394e-05,1.236206231459209e-07,2.982280680725506e-07,8.368851522096135e-07,1.7252296396086348e-05,predictor_only,nsga2
0,339,339,train,2.573834717273712,0.23828125,0.640625,8,64,512,74.43779999448452,1.2187325476190944,2.292414040023322,29.035726417177127,50.63359999621753,1.302244337223554,2.917209758894075,4.219454096117628,0.006100002792663872,0.0,2.3581345584941884,1.8552195348307765,0,107.47083511008712,6878.133447045576,2097152.0,2,0.5,0.5,0.0,0.0,0.0,81.54839632556917,0.007199996616691351,0.0,60.839059122228726,20.702137206723755,0,1,0,17.89223788675162,63.656158438817556,0.0,1048576,1048576,0,8,4,0.25,2,0.5,0,1,1.0,0.2307606527190679,3,0,3,0.0,2.0,0.5,2.0,3,0.5,0.5,0.0,0.9560546875,0.0439453125,0.0,256,1024,0,0.0,130.18749201927818,0.04789998638443649,0.0,118.88940276000882,11.250189272884912,0,735.9681725039236,0,661.5303725094391,4.874930190476378e-07,9.169656160093289e-07,1.4249313332872178e-05,1.3022443372235539e-07,2.917209758894075e-07,8.154839632556917e-07,1.68912013407966e-05,predictor_only,nsga2
0,340,340,train,3.1237849593162537,0.224609375,0.5703125,8,64,512,132.9803999979049,1.2659788937899232,2.2711096102584514,44.01688358830958,47.761699999682605,1.3140949710064236,2.8596636197889973,4.173758590795421,0.006000016583129764,0.0,2.449125270517535,1.718633303694756,0,60.158789124840304,3850.1625039897795,2097152.0,2,0.5,0.5,0.0,0.0,0.0,82.39755090401803,0.007200011168606579,0.0,61.91874111418341,20.471609778666007,0,1,0,17.601944663686563,64.79560624033147,0.0,1048576,1048576,0,8,4,0.25,2,0.5,0,1,1.0,0.2091524583687337,3,3,0,1.0,0.0,0.0,1.0,0,0.5,0.5,0.0,0.9453125,0.0546875,0.0,256,1024,0,0.0,190.2158883694318,57.453600005828775,0.0,119.87541751060303,12.886870853000024,0,735.9681725039236,0,602.9877725060187,5.063915575159694e-07,9.084438441033806e-07,1.4865027734558883e-05,1.3140949710064235e-07,2.859663619788997e-07,8.239755090401804e-07,1.7521214504297954e-05,predictor_only,nsga2
0,341,341,train,2.8600619435310364,0.23828125,0.603515625,8,64,512,156.58650000113994,1.2303488054600846,2.2967430458601212,36.18213407789818,50.95509999955539,1.3504342655162873,3.1127681266785405,4.463202392194828,0.005399997462518513,0.0,2.3938982916751708,2.063904103057139,0,51.089646363482146,3269.7373672628573,2097152.0,2,0.5,0.5,0.0,0.0,0.0,83.15035679050625,0.007099995855242014,0.0,63.78028814977249,19.362968644878528,0,1,0,17.10345081969932,66.04690597080693,0.0,1048576,1048576,0,8,4,0.25,2,0.5,0,1,1.0,0.24103284089209526,3,0,3,0.0,2.0,0.5,2.0,3,0.5,0.5,0.0,0.9453125,0.0546875,0.0,256,1024,0,0.0,158.83690371687356,27.53569997730665,0.0,119.20741155048927,12.093792189077638,0,735.9681725039236,0,579.3816725027837,4.921395221840337e-07,9.186972183440486e-07,1.4562402065586053e-05,1.3504342655162873e-07,3.112768126678541e-07,8.315035679050627e-07,1.7251062613238682e-05,predictor_only,nsga2
0,342,342,train,3.035680890083313,0.177734375,0.548828125,8,64,512,80.0565999961691,1.3084325378887778,2.4224303375341614,29.409668768569222,54.50030000065453,1.2677513424431595,3.308711857910299,4.576463200353459,0.006000002031214535,0.0,2.4363325180212025,2.1341306803010416,0,99.9280518074838,6395.395315678963,2097152.0,2,0.5,0.5,0.0,0.0,0.0,77.85641635500143,0.008000002708286047,0.0,58.915258766628675,18.933157585664468,0,1,0,17.599309448206352,60.25710690679507,0.0,1048576,1048576,0,8,4,0.25,2,0.5,0,1,1.0,0.14759070521249812,3,3,0,1.0,0.0,0.0,1.0,0,0.5,0.5,0.0,0.9462890625,0.0537109375,0.0,256,1024,0,0.0,132.56212657596865,0.04849997640121728,0.0,120.1854326357315,12.328193963835924,0,735.9681725039236,0,655.9115725077545,5.23373015155511e-07,9.689721350136645e-07,1.42650922891564e-05,1.2677513424431594e-07,3.308711857910299e-07,7.785641635500144e-07,1.6993647922910936e-05,predictor_only,nsga2
0,343,343,train,2.4965884685516357,0.271484375,0.6796875,8,64,512,97.30880000279285,1.325765532978942,2.622395195362983,29.85639400753825,445.62800000130665,1.3652661855931039,3.5265063377811976,4.891772523374302,0.009399998816661537,0.0,2.397321189498078,2.4850513350595618,0,82.21165802180658,5261.546113395621,2097152.0,2,0.5,0.5,0.0,0.0,0.0,82.55879789031326,0.010500007192604244,0.0,62.32393074077719,20.224367142343453,0,1,0,17.55382880540045,65.0049690849128,0.0,1048576,1048576,0,8,4,0.25,2,0.5,0,1,1.0,0.19776865982085054,3,0,3,0.0,2.0,0.5,2.0,3,0.5,0.5,0.0,0.9580078125,0.0419921875,0.0,256,1024,0,0.0,135.2182189435207,0.05460000829771161,0.0,117.95881311590432,17.20480581931866,0,735.9681725039236,0,638.6593725011307,5.303062131915767e-07,1.0489580781451933e-06,1.418772177969063e-05,1.365266185593104e-07,3.5265063377811977e-07,8.255879789031326e-07,1.708175130226796e-05,predictor_only,nsga2
0,344,344,train,2.529633104801178,0.25390625,0.654296875,8,64,512,181.55630001274403,1.3174761785732008,2.77019098504853,37.908523234688815,51.151799998478964,1.317951567588783,3.6853918846297926,5.003343452218576,0.007800001185387373,0.0,2.5321803239130976,2.46336312712009,0,44.06322411403153,2820.0463432980177,2097152.0,2,0.5,0.5,0.0,0.0,0.0,83.90930219184236,0.010000003385357559,0.0,63.16604482736231,20.733257361094687,0,1,0,18.74305720771725,65.16624498412511,0.0,1048576,1048576,0,8,4,0.25,2,0.5,0,1,1.0,0.19776865982085054,3,3,0,1.0,0.0,0.0,1.0,0,0.5,0.5,0.0,0.953125,0.046875,0.0,256,1024,0,0.0,167.98476159324218,29.604999959701672,0.0,119.32652943445126,19.05323219908926,0,737.8974845073362,0,556.3411844945922,5.269904714292802e-07,1.108076394019412e-06,1.4596233005579836e-05,1.317951567588783e-07,3.6853918846297927e-07,8.390930219184238e-07,1.757072723816881e-05,predictor_only,nsga2
0,345,345,train,2.6085686087608337,0.2421875,0.650390625,8,64,512,107.93480000575073,1.313900189404676,2.3063074222196573,34.879566427562224,37.932199993520044,1.349378357864461,3.325868815282311,4.675247173146772,0.006600021151825786,0.0,2.535972277622394,2.132674874372552,0,74.11813318263047,4743.56052368835,2097152.0,2,0.5,0.5,0.0,0.0,0.0,81.59764282911704,0.007999988156370819,0.0,61.04908833854368,20.540554502416974,0,1,0,18.1094275663286,63.48821526278843,0.0,1048576,1048576,0,8,4,0.25,2,0.5,0,1,1.0,0.25097720212391433,3,0,3,0.0,2.0,0.5,2.0,3,0.5,0.5,0.0,0.94921875,0.05078125,0.0,256,1024,0,0.0,153.99909615674622,22.373399988282472,0.0,118.82584363189922,12.799852536564538,0,737.8974845073362,0,629.9626845015855,5.255600757618705e-07,9.225229688878631e-07,1.4482214572462962e-05,1.349378357864461e-07,3.325868815282311e-07,8.159764282911704e-07,1.721379876271854e-05,predictor_only,nsga2
0,346,346,train,2.5461570620536804,0.25,0.642578125,8,64,512,128.88839999504853,1.2378778565714013,2.489835735898788,33.229763574270144,38.680900004692376,1.206589294545288,3.6859488804023526,4.89253817494764,0.006700007361359894,0.0,2.3758072474446044,2.510030920141677,0,62.06871938504897,3972.398040643134,2097152.0,2,0.5,0.0,0.5,0.0,0.0,44.92287519359148,0.007399998139590025,0.0,24.89241920828588,20.023055987166018,0,1,0,17.341689654203886,0.0,27.581185539387597,1048576,0,1048576,8,4,0.25,2,0.5,0,1,1.0,0.2307606527190679,3,3,0,1.0,0.0,0.0,1.0,0,0.5,0.5,0.0,0.953125,0.046875,0.0,256,1024,0,0.0,147.82990866696136,15.603500040015206,0.0,118.70271379739134,13.523694829554811,0,737.8974845073362,0,609.0090845122877,4.951511426285606e-07,9.959342943595153e-07,1.4446509776151378e-05,1.2065892945452881e-07,3.6859488804023527e-07,4.492287519359149e-07,1.687607778257013e-05,predictor_only,nsga2
0,347,347,train,2.622846007347107,0.23046875,0.65625,8,64,512,83.9611999981571,1.1951896559827166,2.3513635759683953,32.61092297843672,61.06979999458417,1.2783544578473103,3.434945624215784,4.713300082063094,0.005800000508315861,0.0,2.532278234671054,2.1752218468837246,0,95.28097167744048,6097.9821873561905,2097152.0,2,0.5,0.5,0.0,0.0,0.0,83.8566664700385,0.006799993570894003,0.0,64.28267284131017,19.56719363515744,0,1,0,17.337214305697604,66.5194521643409,0.0,1048576,1048576,0,8,4,0.25,2,0.5,0,1,1.0,0.1336422017913576,3,0,3,0.0,2.0,0.5,2.0,3,0.5,0.5,0.0,0.955078125,0.044921875,0.0,256,1024,0,0.0,144.6299048415513,13.20410004700534,0.0,119.12452308786735,12.301281706678644,0,737.8974845073362,0,653.9362845091791,4.780758623930866e-07,9.405454303873581e-07,1.4326227729579966e-05,1.2783544578473103e-07,3.434945624215784e-07,8.385666647003852e-07,1.7054745695267104e-05,predictor_only,nsga2
0,348,348,train,2.4641127586364746,0.2734375,0.69921875,8,64,512,119.25879999762401,1.2810251355927567,2.3636836640206234,33.34685877105535,47.03729999891948,1.3528423671200334,3.3503698048354567,4.7032121719554905,0.006200003554113209,0.0,2.5811097019445888,2.115902466456788,0,67.08044118939813,4293.14823612148,2097152.0,2,0.0,0.5,0.5,0.0,0.0,85.64534434897828,0.009700001101009548,0.0,65.13213954041161,20.503504807465653,0,1,0,0.0,60.44866184921776,25.196682499760524,0,1048576,1048576,8,4,0.25,2,0.5,0,1,1.0,0.17369072493825644,3,3,0,1.0,0.0,0.0,1.0,0,0.5,0.5,0.0,0.9453125,0.0546875,0.0,256,1024,0,0.0,147.96627028267494,14.536200003931299,0.0,119.4076550665763,14.022415212167338,0,737.8974845073362,0,618.6386845097122,5.124100542371027e-07,9.454734656082495e-07,1.4453335470161653e-05,1.3528423671200334e-07,3.3503698048354566e-07,8.564534434897829e-07,1.7237993650692337e-05,predictor_only,nsga2
0,349,349,train,2.460288166999817,0.279296875,0.671875,8,64,512,87.3515999992378,1.2790262877467085,2.229896279625302,29.555691226075485,64.32930000300985,1.122835951606584,2.8004054490120316,3.9232414006186156,0.006800008122809231,0.0,2.282351101694675,1.6340902908011312,0,91.58284928061447,5861.302353959326,2097152.0,2,0.5,0.5,0.0,0.0,0.0,81.19010532636509,0.009100011084228754,0.0,61.23533789669467,19.945667418586183,0,1,0,16.304174353041088,64.885930973324,0.0,1048576,1048576,0,8,4,0.25,2,0.5,0,1,1.0,0.13364216641330787,3,0,3,0.0,2.0,0.5,2.0,3,0.5,0.5,0.0,0.9619140625,0.0380859375,0.0,256,1024,0,0.0,132.25845517379,0.047500026994384825,0.0,119.62436553246795,12.586589614327654,0,200.0,0,112.6484000007622,5.116105150986835e-07,8.91958511850121e-07,1.4271703683696264e-05,1.1228359516065841e-07,2.8004054490120317e-07,8.119010532636509e-07,1.6879497903970585e-05,predictor_only,nsga2
0,350,350,train,2.6661179065704346,0.248046875,0.630859375,8,64,512,110.65019998932257,1.3112068756827786,2.370230914368085,35.57549437137078,50.99299999710638,1.3230753910908184,3.1087703264631736,4.431845717553992,0.006099988240748644,0.0,2.571608751214546,1.8541369780986978,0,72.29926110852816,4627.152710945802,2097152.0,2,0.5,0.5,0.0,0.0,0.0,77.81237309772433,0.007299997378140688,0.0,58.31319862204398,19.49187447830221,0,1,0,18.25687343582323,59.555499661901095,0.0,1048576,1048576,0,8,4,0.25,2,0.5,0,1,1.0,0.2307606527190679,3,3,0,1.0,0.0,0.0,1.0,0,0.5,0.5,0.0,0.94140625,0.05859375,0.0,256,1024,0,0.0,157.0277286456866,22.3365000274498,0.0,120.48893099112132,14.202297627115465,0,200.0,0,89.34980001067743,5.244827502731115e-07,9.480923657472342e-07,1.4532047525335024e-05,1.3230753910908185e-07,3.108770326463174e-07,7.781237309772433e-07,1.7225930944088014e-05,predictor_only,nsga2
0,351,351,train,2.4498897790908813,0.26171875,0.708984375,8,64,512,132.12559999374207,1.2707898735479508,3.3057186111057346,35.848522828731475,58.649200000218116,1.3207279820985431,5.277015879297455,6.5977438613959976,0.006400005077011883,0.0,2.4322520885955186,4.159091767723468,0,60.547989582558735,3875.071333283759,2097152.0,2,0.5,0.5,0.0,0.0,0.0,84.56065983669627,0.007099995855242014,0.0,64.18240677534614,20.371153065494898,0,1,0,18.71404200032899,65.84661783636729,0.0,1048576,1048576,0,8,4,0.25,2,0.5,0,1,1.0,0.19776865982085054,3,0,3,0.0,2.0,0.5,2.0,3,0.5,0.5,0.0,0.951171875,0.048828125,0.0,256,1024,0,0.0,161.70012525354065,25.95159999327734,0.0,118.65333037947426,17.09519488078905,0,200.0,0,67.87440000625793,5.083159494191804e-07,1.322287444442294e-06,1.4466718184030695e-05,1.3207279820985432e-07,5.277015879297455e-07,8.45606598366963e-07,1.780270256239873e-05,predictor_only,nsga2
0,352,352,train,2.6073328256607056,0.2734375,0.61328125,8,64,512,86.20750000409316,1.2380108307346398,2.403999407662162,29.71640018381931,41.14560000016354,1.2394009552932121,3.6189228547613848,4.858323810054597,0.005900001269765198,0.0,2.443491403338962,2.40893240544587,0,92.79827394769845,5939.089532652701,2097152.0,2,0.5,0.5,0.0,0.0,0.0,84.19093984475867,0.006599992047995329,0.0,64.02679103165335,20.15754882105734,0,1,0,18.1295899182744,66.06134992648427,0.0,1048576,1048576,0,8,4,0.25,2,0.5,0,1,1.0,0.2201412853775118,3,3,0,1.0,0.0,0.0,1.0,0,0.5,0.5,0.0,0.9482421875,0.0517578125,0.0,256,1024,0,0.0,133.43364168886444,0.04719998105429113,0.0,120.43719955868377,12.949242149126375,0,200.0,0,113.79249999590684,4.952043322938558e-07,9.615997630648649e-07,1.43244758783265e-05,1.2394009552932122e-07,3.618922854761385e-07,8.419093984475868e-07,1.7109021753138267e-05,predictor_only,nsga2
0,353,353,train,2.4821317195892334,0.2890625,0.638671875,8,64,512,137.27790000848472,1.2300643319012092,2.2440547943020546,37.71683582752381,52.37710000074003,1.2681468925224517,3.012158822458666,4.280305714981118,0.007399998139590025,0.0,2.3690537879900404,1.9038519288514872,0,58.2755252227804,3729.6336142579457,2097152.0,2,0.5,0.5,0.0,0.0,0.0,79.55206400945721,0.009100011084228754,0.0,58.80673412085302,20.736229877519968,0,1,0,17.974980075430082,61.57708393402713,0.0,1048576,1048576,0,8,4,0.25,2,0.5,0,1,1.0,0.2201412464909665,3,0,3,0.0,2.0,0.5,2.0,3,0.5,0.5,0.0,0.939453125,0.060546875,0.0,256,1024,0,0.0,164.7638198149083,31.84779999719467,0.0,119.75241108800603,13.163608729707597,0,200.0,0,62.72209999151528,4.920257327604836e-07,8.976219177208219e-07,1.455748894349774e-05,1.2681468925224517e-07,3.012158822458666e-07,7.955206400945722e-07,1.717068780557173e-05,predictor_only,nsga2
0,354,354,train,2.4622309803962708,0.2421875,0.65625,8,64,512,147.7422000025399,1.3041198011888284,2.458263820215464,44.12909226444327,50.39740000211168,1.1679303054537242,3.1737227664607808,4.3416530719145054,0.006700007361359894,0.0,2.3515273007622217,1.9834257637909234,0,54.14800816458875,3465.47252253368,2097152.0,2,0.5,0.5,0.0,0.0,0.0,83.9333320782911,0.007599999662488699,0.0,63.335150277443766,20.59058180118485,0,1,0,17.950398054526282,65.98293402376481,0.0,1048576,1048576,0,8,4,0.25,2,0.5,0,1,1.0,0.2790043706260659,3,3,0,1.0,0.0,0.0,1.0,0,0.5,0.5,0.0,0.935546875,0.064453125,0.0,256,1024,0,0.0,191.56590354339028,59.547099997871555,0.0,119.47189315275139,12.546910392767343,0,200.0,0,52.2577999974601,5.216479204755315e-07,9.833055280861855e-07,1.4818497508858686e-05,1.1679303054537242e-07,3.1737227664607807e-07,8.393333207829111e-07,1.7596949585394765e-05,predictor_only,nsga2
0,355,355,train,2.4605680108070374,0.306640625,0.65234375,8,64,512,90.68579999438953,1.2860526071370582,2.428300805658085,29.34709806115488,52.343500006827526,1.317724035833214,3.296162189717391,4.613886225550605,0.00580001506023109,0.0,2.3621501980212196,2.2459360124691545,0,88.21570504742621,5645.805123035278,2097152.0,2,0.5,0.0,0.5,0.0,0.0,46.20319575561682,0.007099995855242014,0.0,25.501148270309187,20.69494748945239,0,1,0,18.695519247011482,0.0,27.507676508605332,1048576,0,1048576,8,4,0.25,2,0.5,0,1,1.0,0.11898847320993522,3,0,3,0.0,2.0,0.5,2.0,3,0.5,0.5,0.0,0.9541015625,0.0458984375,0.0,256,1024,0,0.0,132.24580589580012,0.04869993426837027,0.0,118.82668667339657,13.370419288135164,0,200.0,0,109.31420000561047,5.144210428548233e-07,9.71320322263234e-07,1.4148920225117645e-05,1.3177240358332142e-07,3.296162189717391e-07,4.620319575561682e-07,1.6558082170346936e-05,predictor_only,nsga2
0,356,356,train,2.5305750966072083,0.267578125,0.662109375,8,64,512,97.79010000056587,1.3097933288739267,2.3063189237323822,29.893677772598316,35.144599998602644,1.3372732831540812,2.973217550320025,4.310490833474106,0.007199996616691351,0.0,2.4220288479719905,1.8812619888854243,0,81.80703560910663,5235.650278982825,2097152.0,2,0.5,0.5,0.0,0.0,0.0,78.14642494092749,0.008799994247965515,0.0,57.4374666626081,20.700158284071435,0,1,0,18.053873371977026,60.09255156895047,0.0,1048576,1048576,0,8,4,0.25,2,0.5,0,1,1.0,0.18595995617580352,3,3,0,1.0,0.0,0.0,1.0,0,0.5,0.5,0.0,0.947265625,0.052734375,0.0,256,1024,0,0.0,134.03916010081852,0.04700002318713814,0.0,120.01845283521976,13.973707242411603,0,200.0,0,102.20989999943413,5.239173315495707e-07,9.225275694929529e-07,1.4322604914977615e-05,1.3372732831540814e-07,2.973217550320025e-07,7.814642494092751e-07,1.6981563148776823e-05,predictor_only,nsga2
0,357,357,train,2.55111426115036,0.228515625,0.64453125,8,64,512,177.5130000023637,1.3465702740768146,3.0223790226050182,36.53468464812711,116.2425000075018,1.1507911119080454,4.629212895134212,5.780004007042257,0.007600014214403927,0.0,2.239306714013339,3.5330972788145143,0,45.06686796474349,2884.279549743583,2097152.0,2,0.5,0.5,0.0,0.0,0.0,83.75296178952271,0.01030000566970557,0.0,63.291963586424515,20.450698197428494,0,1,0,18.884921487670773,64.86804030185193,0.0,1048576,1048576,0,8,4,0.25,2,0.5,0,1,1.0,0.17369072493825644,3,0,3,0.0,2.0,0.5,2.0,3,0.5,0.5,0.0,0.9404296875,0.0595703125,0.0,256,1024,0,0.0,163.61453577923578,24.35460005654022,0.0,119.79169014604977,19.46824557664575,0,200.0,0,22.486999997636303,5.386281096307258e-07,1.2089516090420072e-06,1.4530419415997285e-05,1.1507911119080453e-07,4.629212895134212e-07,8.375296178952272e-07,1.7693529153269472e-05,predictor_only,nsga2
0,358,358,train,2.5200231075286865,0.279296875,0.625,8,64,512,678.7570000014966,1.692313894709416,2.917421525648231,32.487970239532004,116.45659999339841,1.9214855899654666,3.9610910291479593,5.882576619113426,0.00790000194683671,0.0,2.4339158733808803,3.4407607437857086,0,11.786233090412724,754.3189177864143,2097152.0,2,0.5,0.5,0.0,0.0,0.0,78.39837810114115,0.007399998139590025,0.0,58.40621787491449,19.98476022808707,0,1,0,17.817531575764203,60.58084652537695,0.0,1048576,1048576,0,8,4,0.25,2,0.5,0,1,1.0,0.25097720212391433,3,3,0,1.0,0.0,0.0,1.0,0,0.5,0.5,0.0,0.9453125,0.0546875,0.0,256,1024,0,0.0,148.3908226395586,0.0688000291120261,0.0,118.44001986578574,29.88200274466082,0,500.5183535072122,1,-178.2386464942844,6.769255578837665e-07,1.1669686102592927e-06,1.4795332877028916e-05,1.9214855899654667e-07,3.9610910291479594e-07,7.839837810114116e-07,1.801146848809473e-05,predictor_only,nsga2
0,359,359,train,2.447922646999359,0.28515625,0.66796875,8,64,512,117.2624999890104,1.268011688859132,2.3937487786742357,35.37389471123794,48.44569999841042,1.3408057131725015,3.226993714465146,4.567799427637647,0.006999995093792677,0.0,2.341735463696043,2.219063968847812,0,68.22242215821409,4366.235018125702,2097152.0,2,0.5,0.5,0.0,0.0,0.0,83.09098439419895,0.006599992047995329,0.0,62.26333992174118,20.821044480409792,0,1,0,18.000449077404458,65.0905353167945,0.0,1048576,1048576,0,8,4,0.25,2,0.5,0,1,1.0,0.14759070521249812,3,0,3,0.0,2.0,0.5,2.0,3,0.5,0.5,0.0,0.9560546875,0.0439453125,0.0,256,1024,0,0.0,156.1426207150852,23.44509999966249,0.0,119.99385591162668,12.703664803796055,0,500.5183535072122,0,383.25585351820183,5.072046755436529e-07,9.574995114696943e-07,1.4495354223986487e-05,1.3408057131725016e-07,3.2269937144651463e-07,8.309098439419897e-07,1.724774819770559e-05,predictor_only,nsga2
0,360,360,train,2.501993238925934,0.306640625,0.646484375,8,64,512,132.32129999960307,1.2807030675147428,2.25080844529792,32.980957171213625,50.030800004606135,1.222013024892436,2.8228715471200045,4.044884572012441,0.006999995093792677,0.0,2.1840904007206365,1.8537941761980112,0,60.45844124553456,3869.3402397142117,2097152.0,2,0.5,0.5,0.0,0.0,0.0,77.35833961764084,0.007599999662488699,0.0,57.77195787034277,19.57878174763559,0,1,0,16.75274134517271,60.605598272468136,0.0,1048576,1048576,0,8,4,0.25,2,0.5,0,1,1.0,0.2201412464909665,3,3,0,1.0,0.0,0.0,1.0,0,0.5,0.5,0.0,0.9384765625,0.0615234375,0.0,256,1024,0,0.0,146.04987473610515,14.274599991040304,0.0,118.98305996548373,12.792214779581126,0,500.5183535072122,0,368.19705350760916,5.122812270058972e-07,9.003233781191679e-07,1.4409531228805596e-05,1.222013024892436e-07,2.8228715471200046e-07,7.735833961764085e-07,1.7000207687308313e-05,predictor_only,nsga2
0,361,361,train,2.3858718276023865,0.306640625,0.6796875,8,64,512,150.13100000214763,1.3082105171196599,2.354718400048431,44.081981147292204,48.14680000708904,1.3034581778241165,3.0204106345254225,4.323868812349539,0.006400005077011883,0.0,2.3590565028629884,1.9584123044095385,0,53.28644126425785,3410.3322409125026,2097152.0,2,0.5,0.5,0.0,0.0,0.0,82.56760391853811,0.007199996616691351,0.0,62.12711693970473,20.433286982216693,0,1,0,17.784058727879195,64.78354519065891,0.0,1048576,1048576,0,8,4,0.25,2,0.5,0,1,1.0,0.20915249756217386,3,0,3,0.0,2.0,0.5,2.0,3,0.5,0.5,0.0,0.9404296875,0.0595703125,0.0,256,1024,0,0.0,190.9796402578412,58.947099983925,0.0,120.06058256001378,11.97195771390242,0,200.0,0,49.86899999785237,5.23284206847864e-07,9.418873600193726e-07,1.4824944509158372e-05,1.3034581778241166e-07,3.0204106345254224e-07,8.256760391853812e-07,1.7548178996445943e-05,predictor_only,nsga2
0,362,362,train,2.4315133094787598,0.294921875,0.697265625,8,64,512,148.823600000469,1.257806091148279,2.224427139063762,36.93820372228518,35.57560000626836,1.1820229307344667,3.2441288954709613,4.4261518262054285,0.006400019628927112,0.0,2.4077785711496213,2.01197323542688,0,53.75455401845386,3440.291457181047,2097152.0,2,0.5,0.5,0.0,0.0,0.0,76.7243627267333,0.007499984349124134,0.0,57.72489080341521,18.991971938968966,0,1,0,16.017339918404087,60.707022808329214,0.0,1048576,1048576,0,8,4,0.25,2,0.5,0,1,1.0,0.19776865982085054,3,3,0,1.0,0.0,0.0,1.0,0,0.5,0.5,0.0,0.9521484375,0.0478515625,0.0,256,1024,0,0.0,161.6817478099889,31.243399978848174,0.0,118.08645472698542,12.3518931041553,0,200.0,0,51.176399999530986,5.031224364593116e-07,8.897708556255049e-07,1.4476529996550524e-05,1.1820229307344668e-07,3.244128895470962e-07,7.672436272673331e-07,1.707928209852322e-05,predictor_only,nsga2
0,363,363,train,2.4917951822280884,0.279296875,0.6484375,8,64,512,59.736899987910874,1.3242238081579778,2.2898812908004818,29.02873054257026,68.46460000087973,1.279892259611733,3.1217251843252143,4.4016174439369475,0.005900015821680427,0.0,2.339311041292498,2.0564063868227693,0,133.9183332795253,8570.77332988962,2097152.0,2,0.5,0.5,0.0,0.0,0.0,82.86477721449927,0.006799993570894003,0.0,64.34856343502828,18.509413785900108,0,1,0,16.649775185722422,66.21500202877685,0.0,1048576,1048576,0,8,4,0.25,2,0.5,0,1,1.0,0.14759074065508598,3,0,3,0.0,2.0,0.5,2.0,3,0.5,0.5,0.0,0.94921875,0.05078125,0.0,256,1024,0,0.0,130.57134256611488,0.04609998723026365,0.0,118.37472690339051,12.150515675494091,0,200.0,0,140.26310001208913,5.29689523263191e-07,9.159525163201926e-07,1.4114698851625906e-05,1.279892259611733e-07,3.121725184325215e-07,8.286477721449928e-07,1.6829150407747977e-05,predictor_only,nsga2
0,364,364,train,2.494653820991516,0.267578125,0.65234375,8,64,512,76.72949999687262,1.2457400984089808,2.485300764218371,30.046854926488237,48.38140000356361,1.0839367401168427,3.601934212499618,4.685870952616461,0.005800000508315861,0.0,2.3064898598133903,2.3735810922947547,0,104.26101746145358,6672.705117533029,2097152.0,2,0.5,0.5,0.0,0.0,0.0,79.51530953508238,0.007099995855242014,0.0,60.398325921049114,19.109883618178024,0,1,0,17.909803156783518,61.60550637829886,0.0,1048576,1048576,0,8,4,0.25,2,0.5,0,1,1.0,0.2201412464909665,3,3,0,1.0,0.0,0.0,1.0,0,0.5,0.5,0.0,0.9462890625,0.0537109375,0.0,256,1024,0,0.0,135.11158315646236,0.04679999256040901,0.0,120.25908991095457,14.805693252947384,0,200.0,0,123.27050000312738,4.982960393635923e-07,9.941203056873486e-07,1.4317059615721346e-05,1.0839367401168428e-07,3.601934212499618e-07,7.951530953508238e-07,1.7073216151384756e-05,predictor_only,nsga2
0,365,365,train,2.387226700782776,0.30859375,0.677734375,8,64,512,76.71959999424871,1.3469055061985131,2.4423332715588826,29.467761802424562,54.99730000155978,1.2432388799483844,3.2046664985406563,4.4479053784890406,0.005399997462518513,0.0,2.3285326148924685,2.1139727661340535,0,104.274471271076,6673.566161348864,2097152.0,2,0.5,0.5,0.0,0.0,0.0,80.09313560921447,0.007399998139590025,0.0,60.550621331442315,19.535114279632566,0,1,0,18.439626019894455,61.65350958932002,0.0,1048576,1048576,0,8,4,0.25,2,0.5,0,1,1.0,0.26994862967019156,3,0,3,0.0,2.0,0.5,2.0,3,0.5,0.5,0.0,0.9462890625,0.0537109375,0.0,256,1024,0,0.0,133.02800232072784,0.0515999854542315,0.0,120.07303434739622,12.903367987877395,0,200.0,0,123.28040000575129,5.387622024794053e-07,9.76933308623553e-07,1.4320044148847057e-05,1.2432388799483843e-07,3.2046664985406563e-07,8.009313560921448e-07,1.7081461553891066e-05,predictor_only,nsga2
0,366,366,train,2.388181149959564,0.3125,0.697265625,8,64,512,111.33840000547934,1.2752800080691558,2.4749628106335573,35.47475723465992,48.47040001186542,1.19587083571225,3.4763414399171895,4.672212275629439,0.006099988240748644,0.0,2.4334804791240927,2.232631808264598,0,71.85237211271388,4598.551815213688,2097152.0,2,0.5,0.5,0.0,0.0,0.0,83.69676487241365,0.007399998139590025,0.0,63.77852083944227,19.91084403483179,0,1,0,17.165923807556993,66.53084106485666,0.0,1048576,1048576,0,8,4,0.25,2,0.5,0,1,1.0,0.2509772150348662,3,3,0,1.0,0.0,0.0,1.0,0,0.5,0.5,0.0,0.9453125,0.0546875,0.0,256,1024,0,0.0,156.90000021345054,25.54660000896547,0.0,118.20594508650949,13.14745511797558,0,200.0,0,88.66159999452066,5.101120032276624e-07,9.899851242534228e-07,1.4340408094991453e-05,1.19587083571225e-07,3.47634143991719e-07,8.369676487241366e-07,1.7144694098759616e-05,predictor_only,nsga2
0,367,367,train,2.376642346382141,0.298828125,0.6796875,8,64,512,131.52529999206308,1.249678069840734,2.5415275530739074,34.090584617624714,48.75089999404736,1.275627077961022,3.588798303531846,4.864425381492868,0.006399990525096655,0.0,2.2859509892878656,2.572074401679906,0,60.82433703740436,3892.757570393879,2097152.0,2,0.5,0.5,0.0,0.0,0.0,77.89553934073108,0.007900016498751938,0.0,59.54954706028985,18.338092263942478,0,1,0,16.738545525094054,61.15699381563702,0.0,1048576,1048576,0,8,4,0.25,2,0.5,0,1,1.0,0.11898847320993522,3,0,3,0.0,2.0,0.5,2.0,3,0.5,0.5,0.0,0.947265625,0.052734375,0.0,256,1024,0,0.0,151.52716096215744,18.032400010270067,0.0,120.55295137412202,12.941809577765337,0,200.0,0,68.47470000793692,4.998712279362936e-07,1.016611021229563e-06,1.4455756118883325e-05,1.275627077961022e-07,3.5887983035318464e-07,7.789553934073109e-07,1.7237636299605776e-05,predictor_only,nsga2
0,368,368,train,2.448085367679596,0.27734375,0.685546875,8,64,512,135.9128000040073,1.256566942015064,2.3259807336637013,37.94901036288661,50.28209999727551,1.22118217985568,3.0478914349913175,4.269073614846997,0.00589998671784997,0.0,2.250924406482851,2.012249221646296,0,58.86083679335084,3767.093554774454,2097152.0,2,0.5,0.5,0.0,0.0,0.0,80.47190865204695,0.009200011845678091,0.0,61.36496501249383,19.097743627707434,0,1,0,16.080310742734937,64.39159790931201,0.0,1048576,1048576,0,8,4,0.25,2,0.5,0,1,1.0,0.17369072493825644,3,3,0,1.0,0.0,0.0,1.0,0,0.5,0.5,0.0,0.9521484375,0.0478515625,0.0,256,1024,0,0.0,166.12623215426152,34.76730000693351,0.0,119.92858208721671,11.430350060111286,0,200.0,0,64.0871999959927,5.026267768060255e-07,9.303922934654805e-07,1.4551377723374002e-05,1.22118217985568e-07,3.0478914349913177e-07,8.047190865204695e-07,1.721602324165068e-05,predictor_only,nsga2
0,369,369,train,2.5112942457199097,0.244140625,0.65625,8,64,512,163.9277999929618,1.2626121151937926,2.3913163362500143,37.979175051805484,38.141800003359094,1.1087628928499036,3.437517364589996,4.5462802574399,0.006600021151825786,0.0,2.2952045769013107,2.244475659386763,0,48.80167487557693,3123.3071920369234,2097152.0,2,0.5,0.5,0.0,0.0,0.0,85.33985409445259,0.008499991963617504,0.0,64.43758977038674,20.89376433210223,0,1,0,18.473312914634565,66.86654117981803,0.0,1048576,1048576,0,8,4,0.25,2,0.5,0,1,1.0,0.26994862967019156,3,0,3,0.0,2.0,0.5,2.0,3,0.5,0.5,0.0,0.943359375,0.056640625,0.0,256,1024,0,0.0,166.53241401299715,34.60830000403803,0.0,119.5410455919291,12.38306841703003,0,200.0,0,36.07220000703819,5.05044846077517e-07,9.565265345000056e-07,1.465775163577807e-05,1.1087628928499036e-07,3.437517364589996e-07,8.53398540944526e-07,1.742734958304411e-05,predictor_only,nsga2
0,370,370,train,2.490018606185913,0.255859375,0.642578125,8,64,512,2141.1514000064926,1.3313438228769607,23.80010132338513,494.2509720072411,78.47919999039732,1.384580593457065,44.96635751563717,46.35093810909424,0.00829999044071883,0.0,2.6006461650163772,43.74199195363713,0,3.7363057388982406,239.1235672894874,2097152.0,2,0.5,0.5,0.0,0.0,0.0,84.78146401677819,0.007399998139590025,0.0,63.58924248536137,21.18482153327722,0,1,0,17.744814142455077,67.0366498743231,0.0,1048576,1048576,0,8,4,0.25,2,0.5,0,1,1.0,0.2606107547134336,3,3,0,1.0,0.0,0.0,1.0,0,0.5,0.5,0.0,0.935546875,0.064453125,0.0,256,1024,0,0.0,2077.5296686140127,1776.4211999892723,0.0,119.46650865865149,181.6419599660888,0,500.5183535072122,1,-1640.6330464992805,5.325375291507844e-07,9.520040529354053e-06,3.28896321382887e-05,1.384580593457065e-07,4.496635751563717e-06,8.478146401677819e-07,4.842511864787074e-05,predictor_only,nsga2
0,371,371,train,2.466856360435486,0.244140625,0.677734375,8,64,512,86.43019999726675,1.2582489282998264,2.1942013093510297,32.33365706745779,37.86450000188779,1.1282792576586491,2.955097924652397,4.083377182311047,0.006000002031214535,0.0,2.2095523021731642,1.8678248781066678,0,92.55916845135769,5923.786780886892,2097152.0,2,0.5,0.5,0.0,0.0,0.0,77.78043900902557,0.009900002623908222,0.0,59.09073151574146,18.679807490660213,0,1,0,16.423798865231277,61.3566401437943,0.0,1048576,1048576,0,8,4,0.25,2,0.5,0,1,1.0,0.19776865982085054,3,0,3,0.0,2.0,0.5,2.0,3,0.5,0.5,0.0,0.9560546875,0.0439453125,0.0,256,1024,0,0.0,143.14442922043457,12.269699975149706,0.0,119.7103024116423,11.164426833642564,0,500.5183535072122,0,414.08815350994547,5.032995713199305e-07,8.77680523740412e-07,1.4367119344938324e-05,1.128279257658649e-07,2.955097924652397e-07,7.778043900902558e-07,1.693424154832003e-05,predictor_only,nsga2
0,372,372,train,2.6784035563468933,0.22265625,0.595703125,8,64,512,223.86939999705646,1.2824281889716371,2.273060998045847,62.90500407531307,34.602200001245365,1.2341341966278572,3.237968552690697,4.472102749318554,0.006999995093792677,0.0,2.3769957219039197,2.0881070323208424,0,35.73496094215755,2287.037500298083,2097152.0,2,0.0,0.5,0.5,0.0,0.0,87.02601411947205,0.007599985110573471,0.0,67.50486705347107,19.513547080890405,0,1,0,0.0,63.055242369933474,23.970771749538578,0,1048576,1048576,8,4,0.25,2,0.5,0,1,1.0,0.19776865982085054,3,3,0,1.0,0.0,0.0,1.0,0,0.5,0.5,0.0,0.94921875,0.05078125,0.0,256,1024,0,0.0,265.8419730493222,9.351300002890639,126.0,118.51625684544548,11.974416200986099,0,521.463337999447,0,297.5939380023906,5.12971275588655e-07,9.092243992183387e-07,1.549328832239509e-05,1.2341341966278574e-07,3.237968552690697e-07,8.702601411947206e-07,1.823295441332866e-05,predictor_only,nsga2
0,373,373,train,2.553315758705139,0.240234375,0.662109375,8,64,512,93.29999999317806,1.3136337720658775,2.3300708538229804,29.852038343153353,50.609300000360236,1.3319998550313954,2.9809243823046767,4.312924237336072,0.006200003554113209,0.0,2.3648505422994326,1.9418736914825268,0,85.74398988847858,5487.615352862629,2097152.0,2,0.5,0.0,0.5,0.0,0.0,44.59475026084435,0.007299997378140688,0.0,24.793850699067107,19.793599564399102,0,1,0,17.31166876958534,0.0,27.28308149125901,1048576,0,1048576,8,4,0.25,2,0.5,0,1,1.0,0.241032865595602,3,0,3,0.0,2.0,0.5,2.0,3,0.5,0.5,0.0,0.951171875,0.048828125,0.0,256,1024,0,0.0,133.98297187616885,0.047099965740926564,0.0,119.77548372706033,14.160388183367589,0,521.463337999447,0,428.163338006269,5.25453508826351e-07,9.32028341529192e-07,1.420838210541682e-05,1.3319998550313956e-07,2.980924382304677e-07,4.459475026084435e-07,1.654310388211441e-05,predictor_only,nsga2
0,374,374,train,2.5906853675842285,0.228515625,0.634765625,8,64,512,63.108000002102926,1.3244149561103726,2.456022668080921,29.325822614099717,64.38779999734834,1.162732643924532,3.7540079412386396,4.916740585163172,0.006299989763647318,0.0,2.3605679379005853,2.5498726574989385,0,126.76480374801412,8112.9474398729035,2097152.0,2,0.5,0.5,0.0,0.0,0.0,82.14056645875459,0.00689999433234334,0.0,63.12843462522216,19.00523183920008,0,1,0,17.45931273746919,64.6812537212854,0.0,1048576,1048576,0,8,4,0.25,2,0.5,0,1,1.0,0.2307606527190679,3,3,0,1.0,0.0,0.0,1.0,0,0.5,0.5,0.0,0.953125,0.046875,0.0,256,1024,0,0.0,132.42504095316406,0.04689994966611266,0.0,119.23577576500257,13.142365238495355,0,521.463337999447,0,458.3553379973441,5.297659824441492e-07,9.824090672323683e-07,1.4265932150286926e-05,1.1627326439245321e-07,3.7540079412386397e-07,8.21405664587546e-07,1.7091186923067305e-05,predictor_only,nsga2
0,375,375,train,2.5272191762924194,0.283203125,0.6640625,8,64,512,89.18169999378733,1.2180412039405162,2.569390616915389,29.66345180882159,48.37180000322405,1.3232568976575898,3.355881828106272,4.6791387257638615,0.006400005077011883,0.0,2.4114594091700052,2.261279311516845,0,89.70349631214684,5741.023763977398,2097152.0,2,0.5,0.5,0.0,0.0,0.0,80.17314668734547,0.007800001185387373,0.0,60.66912328786002,19.49622339830006,0,1,0,18.10710396053906,62.0660427268064,0.0,1048576,1048576,0,8,4,0.25,2,0.5,0,1,1.0,0.25097720212391433,3,0,3,0.0,2.0,0.5,2.0,3,0.5,0.5,0.0,0.9443359375,0.0556640625,0.0,256,1024,0,0.0,133.80353451870997,0.04990001616533846,0.0,119.84552364306234,13.908110859482315,0,521.463337999447,0,432.2816380056597,4.872164815762065e-07,1.0277562467661555e-06,1.4277466836480515e-05,1.32325689765759e-07,3.3558818281062723e-07,8.017314668734548e-07,1.7062084904272717e-05,predictor_only,nsga2
0,376,376,train,2.5869643092155457,0.23828125,0.634765625,8,64,512,81.42629999201745,1.242971923829118,2.2598762087132718,34.49188882536286,51.977099996292964,1.3529391021877157,2.8360042012653883,4.1889433034531045,0.006999995093792677,0.0,2.5336373320328507,1.6483059763264607,0,98.2471480791364,6287.817477064729,2097152.0,2,0.5,0.5,0.0,0.0,0.0,84.6280373261747,0.006800008122809231,0.0,64.10628917263611,20.514948145415786,0,1,0,18.504790833790562,66.12324649238414,0.0,1048576,1048576,0,8,4,0.25,2,0.5,0,1,1.0,0.26061071707684524,3,3,0,1.0,0.0,0.0,1.0,0,0.5,0.5,0.0,0.947265625,0.052734375,0.0,256,1024,0,0.0,151.97894783162099,21.001300017815083,0.0,119.76158901338246,11.21605880042343,0,521.463337999447,0,440.0370380074296,4.971887695316471e-07,9.039504834853088e-07,1.4460543487795553e-05,1.3529391021877158e-07,2.8360042012653885e-07,8.462803732617472e-07,1.7126857444419566e-05,predictor_only,nsga2
0,377,377,train,2.5795767307281494,0.236328125,0.646484375,8,64,512,61.265699987416156,1.2924729692938923,2.4388497040310773,29.752515409093462,49.55369999515824,1.1294890506451993,3.6064266182000897,4.735915668845289,0.006000002031214535,0.0,2.3394958882440173,2.390419778570057,0,130.57664280340146,8356.905139417693,2097152.0,2,0.5,0.5,0.0,0.0,0.0,80.2674034832506,0.007499998901039362,0.0,61.54499720294008,18.71490628140949,0,1,0,17.65791952530109,62.60948395794952,0.0,1048576,1048576,0,8,4,0.25,2,0.5,0,1,1.0,0.16091838189257093,3,0,3,0.0,2.0,0.5,2.0,3,0.5,0.5,0.0,0.955078125,0.044921875,0.0,256,1024,0,0.0,133.93535232967372,0.04649997572414577,0.0,119.7599456688055,14.128906685144067,0,521.463337999447,0,460.1976380120309,5.169891877175569e-07,9.755398816124308e-07,1.4301778948159962e-05,1.1294890506451994e-07,3.60642661820009e-07,8.026740348325061e-07,1.7070573619206985e-05,predictor_only,nsga2
0,378,378,train,2.500037431716919,0.265625,0.638671875,8,64,512,108.5187999997288,1.238407437744159,2.731499953274365,30.835189026374405,63.060200001928024,1.3496388710487786,4.051127299712311,5.40076617076109,0.006799993570894003,0.0,2.512671775051844,2.881294402138352,0,73.71926597745289,4718.033022556985,2097152.0,2,0.5,0.5,0.0,0.0,0.0,79.81970934364234,0.010499992640689015,0.0,60.428908277456124,19.38030107354553,0,1,0,16.565122827291834,63.25458651635051,0.0,1048576,1048576,0,8,4,0.25,2,0.5,0,1,1.0,0.1859599251701455,3,3,0,1.0,0.0,0.0,1.0,0,0.5,0.5,0.0,0.955078125,0.044921875,0.0,256,1024,0,0.0,139.22038566957173,0.05360000068321824,0.0,119.2242057960726,19.942579872815895,0,521.463337999447,0,412.94453799971825,4.953629750976635e-07,1.092599981309746e-06,1.4285307779450393e-05,1.3496388710487785e-07,4.0511272997123117e-07,7.981970934364234e-07,1.7211544446370337e-05,predictor_only,nsga2
0,379,379,train,2.5015218257904053,0.255859375,0.658203125,8,64,512,72.48099999560509,1.242702683427111,2.4474600235333215,29.182402267845006,63.811900006840006,1.3342245464305642,3.3282081725296933,4.6624327189602575,0.006999995093792677,0.0,2.4514260848467995,2.2040066390196658,0,110.3722303535371,7063.822742626375,2097152.0,2,0.5,0.5,0.0,0.0,0.0,78.1937293952349,0.006399990525096655,0.0,58.363126660530156,19.824202744179637,0,1,0,18.112444037943444,60.08128535729145,0.0,1048576,1048576,0,8,4,0.25,2,0.5,0,1,1.0,0.2091524583687337,3,0,3,0.0,2.0,0.5,2.0,3,0.5,0.5,0.0,0.958984375,0.041015625,0.0,256,1024,0,0.0,131.49025989922174,0.048399975639767945,0.0,119.2770572345097,12.164802689072287,0,521.463337999447,0,448.98233800384196,4.970810733708445e-07,9.789840094133288e-07,1.4199716594553311e-05,1.3342245464305642e-07,3.3282081725296934e-07,7.81937293952349e-07,1.6923962243185858e-05,predictor_only,nsga2
0,380,380,train,2.5089350938796997,0.287109375,0.681640625,8,64,512,164.80470000533387,1.2720312808083065,2.369137560628137,37.284581127212604,49.38830000173766,1.1646737799318554,3.4029855965598816,4.567659376491737,0.006499991286545992,0.0,2.329479095895413,2.2316802893097782,0,48.54201037792433,3106.688664187157,2097152.0,2,0.5,0.5,0.0,0.0,0.0,82.98077103958363,0.007399998139590025,0.0,63.23867506288968,19.734695978554356,0,1,0,17.03308458065758,65.94768645892604,0.0,1048576,1048576,0,8,4,0.25,2,0.5,0,1,1.0,0.14759070521249812,3,3,0,1.0,0.0,0.0,1.0,0,0.5,0.5,0.0,0.9541015625,0.0458984375,0.0,256,1024,0,0.0,163.7029998745962,32.81680001236964,0.0,118.4534398958037,12.432759966422848,0,521.463337999447,0,356.6586379941132,5.088125123233226e-07,9.476550242512548e-07,1.4527578026195405e-05,1.1646737799318554e-07,3.4029855965598817e-07,8.298077103958362e-07,1.7270619210814993e-05,predictor_only,nsga2
0,381,381,train,2.512701094150543,0.26171875,0.662109375,8,64,512,198.32969999697525,1.2408552874082468,2.2367804435780236,60.965621879578016,33.83709999616258,1.1594534628901743,2.87941794063586,4.038871403526034,0.007199996616691351,0.0,2.3445393176236324,1.6871320892857105,0,40.33667001690615,2581.5468810819934,2097152.0,2,0.5,0.5,0.0,0.0,0.0,79.14352962958799,0.00689999433234334,0.0,57.84124300254575,21.295386632709885,0,1,0,17.910370673148876,61.23315895643911,0.0,1048576,1048576,0,8,4,0.25,2,0.5,0,1,1.0,0.18595995617580352,3,0,3,0.0,2.0,0.5,2.0,3,0.5,0.5,0.0,0.9501953125,0.0498046875,0.0,256,1024,0,0.0,257.7730304422572,0.04789998638443649,126.0,119.13236935254845,12.592761103324277,0,521.463337999447,0,323.1336380024718,4.963421149632987e-07,8.947121774312094e-07,1.5521559301053617e-05,1.1594534628901743e-07,2.87941794063586e-07,7.914352962958799e-07,1.8107936030096607e-05,predictor_only,nsga2
0,382,382,train,2.5434736609458923,0.25,0.646484375,8,64,512,74.93249999242835,1.2817539309172603,2.3659297089706093,29.88159096892251,49.333700007991865,1.3027215241478316,3.027377737519027,4.3300992616668585,0.005399997462518513,0.0,2.456145239021816,1.8685540251825243,0,106.76132838861604,6832.725016871426,2097152.0,2,0.5,0.5,0.0,0.0,0.0,79.87084711154492,0.009599985787644982,0.0,60.44270227167939,19.41854485407788,0,1,0,17.442493702817966,62.42835340872695,0.0,1048576,1048576,0,8,4,0.25,2,0.5,0,1,1.0,0.19776865982085054,3,3,0,1.0,0.0,0.0,1.0,0,0.5,0.5,0.0,0.9404296875,0.0595703125,0.0,256,1024,0,0.0,134.11709843524153,0.048999994760379195,0.0,120.08745811379532,13.980640326685808,0,521.463337999447,0,446.5308380070187,5.12701572366904e-07,9.463718835882438e-07,1.427498468026981e-05,1.3027215241478318e-07,3.027377737519027e-07,7.987084711154491e-07,1.6965776533507094e-05,predictor_only,nsga2
0,383,383,train,2.493238687515259,0.25390625,0.677734375,8,64,512,2470.037399994908,1.4584077000151219,5.653194763200895,247.57841486333854,47.64449999493081,1.6794901891108518,9.08549158130034,10.764981770411193,0.006799993570894003,0.0,2.5000043708012183,8.25817740603908,0,3.2388160443240444,207.28422683673884,2097152.0,2,0.5,0.5,0.0,0.0,0.0,76.33145314344216,0.007499984349124134,0.0,56.701438355852716,19.622514803240314,0,1,0,17.17457025560855,59.1568828878336,0.0,1048576,1048576,0,8,4,0.25,2,0.5,0,1,1.0,0.2201412464909665,3,0,3,0.0,2.0,0.5,2.0,3,0.5,0.5,0.0,0.9501953125,0.0498046875,0.0,256,1024,0,0.0,1018.7600693062184,71.46060002560262,0.0,120.40222238047043,826.8972469001453,0,1631.3813120046646,1,-838.6560879902433,5.833630800060488e-07,2.2612779052803582e-06,2.298748372777658e-05,1.6794901891108518e-07,9.085491581300342e-07,7.633145314344216e-07,2.7671937421538526e-05,predictor_only,nsga2
0,384,384,train,2.5742592215538025,0.232421875,0.673828125,8,64,512,72.20910000614822,1.2601360162666242,2.470726426645652,29.38757693339014,54.908799997065216,1.232929530712825,3.411970613071396,4.644900143784221,0.006100002792663872,0.0,2.325256931581169,2.3135432094103883,0,110.78782607029837,7090.420868499095,2097152.0,2,0.5,0.5,0.0,0.0,0.0,80.14859398417599,0.008000002708286047,0.0,61.11132474079484,19.029269240672857,0,1,0,17.140736157610647,63.00785782656534,0.0,1048576,1048576,0,8,4,0.25,2,0.5,0,1,1.0,0.241032865595602,3,3,0,1.0,0.0,0.0,1.0,0,0.5,0.5,0.0,0.951171875,0.048828125,0.0,256,1024,0,0.0,132.47375750520965,0.046200017095543444,0.0,119.16888373597405,13.258673752140075,0,1631.3813120046646,0,1559.1722119985163,5.040544065066495e-07,9.882905706582607e-07,1.4262495684250985e-05,1.2329295307128251e-07,3.4119706130713964e-07,8.0148593984176e-07,1.7020816615636074e-05,predictor_only,nsga2
0,385,385,train,2.4529656767845154,0.283203125,0.689453125,8,64,512,178.34659999061842,1.2267057741257175,2.288609795867934,37.4133960970221,38.916599994990975,1.328064287772523,2.8448098900688565,4.172874177841379,0.006200018106028438,0.0,2.3409476493887205,1.8257265103466307,0,44.85622458850482,2870.7983736643087,2097152.0,2,0.5,0.5,0.0,0.0,0.0,83.46699031542339,0.00689999433234334,0.0,64.23362690053153,19.226463420559508,0,1,0,17.580569737171643,65.88642057825174,0.0,1048576,1048576,0,8,4,0.25,2,0.5,0,1,1.0,0.241032865595602,3,0,3,0.0,2.0,0.5,2.0,3,0.5,0.5,0.0,0.9580078125,0.0419921875,0.0,256,1024,0,0.0,163.71484666806302,32.5233999901684,0.0,118.51541292052302,12.676033757371613,0,1631.3813120046646,0,1453.0347120140461,4.90682309650287e-07,9.154439183471736e-07,1.4541538080437725e-05,1.3280642877725233e-07,2.8448098900688564e-07,8.346699031542339e-07,1.719962162937356e-05,predictor_only,nsga2
0,386,386,train,2.470831036567688,0.302734375,0.658203125,8,64,512,85.57480000308715,1.1821242563844452,2.2530418779040997,29.301127628183874,63.274800006183796,1.2958884193087405,2.897673514243847,4.193561933552587,0.006599992047995329,0.0,2.439397008257111,1.7475649332474812,0,93.48437291513956,5982.999866568932,2097152.0,2,0.5,0.5,0.0,0.0,0.0,76.50784241902258,0.00790000194683671,0.0,57.77307596128563,18.72686645579013,0,1,0,17.3579916780129,59.149850741009686,0.0,1048576,1048576,0,8,4,0.25,2,0.5,0,1,1.0,0.16091838189257093,3,3,0,1.0,0.0,0.0,1.0,0,0.5,0.5,0.0,0.96484375,0.03515625,0.0,256,1024,0,0.0,130.94517504988968,0.04499997885432094,0.0,119.42251062519126,11.477664445844095,0,1631.3813120046646,0,1545.8065120015774,4.7284970255377816e-07,9.012167511616398e-07,1.416990256995755e-05,1.2958884193087406e-07,2.897673514243847e-07,7.650784241902259e-07,1.6728403641218455e-05,predictor_only,nsga2
0,387,387,train,2.395375609397888,0.291015625,0.6796875,8,64,512,75.4198000067845,1.3111166708867745,2.3283859729765606,29.472457078792154,50.73400000401307,1.1292625837019459,3.101940164054228,4.231202747756174,0.00589998671784997,0.0,2.2010023805834487,2.024300380454875,0,106.07153463342152,6788.578216538977,2097152.0,2,0.5,0.5,0.0,0.0,0.0,81.50837911045329,0.006999995093792677,0.0,60.74546145532165,20.75591766003785,0,1,0,17.12802797831695,64.38035113213634,0.0,1048576,1048576,0,8,4,0.25,2,0.5,0,1,1.0,0.241032865595602,3,0,3,0.0,2.0,0.5,2.0,3,0.5,0.5,0.0,0.9404296875,0.0595703125,0.0,256,1024,0,0.0,132.44783889062197,0.04539999645203352,0.0,119.00882790616156,13.39361098800837,0,1631.3813120046646,0,1555.96151199788,5.244466683547098e-07,9.313543891906242e-07,1.4233735099277137e-05,1.129262583701946e-07,3.101940164054228e-07,8.15083791104533e-07,1.6927740222702617e-05,predictor_only,nsga2
0,388,388,train,2.5118147134780884,0.25,0.6484375,8,64,512,150.63540000119247,1.3099689814244897,2.2877815780263893,43.85902678320426,46.14959999162238,1.1938412935405767,3.1933427471825393,4.387184040723116,0.00650000583846122,0.0,2.354280570473872,2.0264034644107825,0,53.108013733311935,3398.912878931964,2097152.0,2,0.5,0.5,0.0,0.0,0.0,80.73319939790086,0.008700008038431406,0.0,61.01836000160738,19.70613938825506,0,1,0,16.38778144023273,64.34541795766813,0.0,1048576,1048576,0,8,4,0.25,2,0.5,0,1,1.0,0.26061071707684524,3,3,0,1.0,0.0,0.0,1.0,0,0.5,0.5,0.0,0.947265625,0.052734375,0.0,256,1024,0,0.0,189.82710937062052,58.35100005788263,0.0,118.9495633644405,12.526545948297384,0,1406.211950002465,0,1255.5765500012726,5.239875925697959e-07,9.151126312105558e-07,1.4704260801308924e-05,1.1938412935405765e-07,3.1933427471825396e-07,8.073319939790086e-07,1.7389411423140598e-05,predictor_only,nsga2
0,389,389,train,2.390924572944641,0.294921875,0.712890625,8,64,512,147.4028999946313,1.2614003232835624,2.381302642159662,44.005124577519155,54.11450000246987,1.391351988053068,2.7826862153395755,4.1740382033926435,0.00580001506023109,0.0,2.2847276252621294,1.8835105630702833,0,54.27264814764992,3473.4494814495947,2097152.0,2,0.5,0.5,0.0,0.0,0.0,83.39702389052037,0.007599999662488699,0.0,63.1338761506352,20.25554774022269,0,1,0,16.64246558200965,66.75455830851072,0.0,1048576,1048576,0,8,4,0.25,2,0.5,0,1,1.0,0.19776865982085054,3,0,3,0.0,2.0,0.5,2.0,3,0.5,0.5,0.0,0.9521484375,0.0478515625,0.0,256,1024,0,0.0,190.59131017184953,56.055100008961745,0.0,119.81919372861886,14.71701643426891,0,1406.211950002465,0,1258.8090500078338,5.04560129313425e-07,9.525210568638649e-07,1.491799060771691e-05,1.3913519880530682e-07,2.7826862153395754e-07,8.339702389052038e-07,1.7626445853138667e-05,predictor_only,nsga2
0,390,390,train,2.3965110778808594,0.28515625,0.67578125,8,64,512,114.61750000307802,1.233884641305014,2.460868693743141,35.25625221990165,70.75050000275951,1.1225634361064736,3.1640876923885957,4.28665112849507,0.006799993570894003,0.0,2.12347308697662,2.1563780479475554,0,69.79676055597625,4466.99267558248,2097152.0,2,0.5,0.5,0.0,0.0,0.0,84.68940262029886,0.007199996616691351,0.0,64.67058654447244,20.01161607920973,0,1,0,17.31653963487997,67.37286298541889,0.0,1048576,1048576,0,8,4,0.25,2,0.5,0,1,1.0,0.2091524583687337,3,3,0,1.0,0.0,0.0,1.0,0,0.5,0.5,0.0,0.9501953125,0.0498046875,0.0,256,1024,0,0.0,155.8040222197992,23.155100003350526,0.0,119.41277589163352,13.236146324815163,0,1406.211950002465,0,1291.594449999387,4.935538565220056e-07,9.843474774972564e-07,1.4479838261548526e-05,1.1225634361064737e-07,3.164087692388596e-07,8.468940262029887e-07,1.7233298734620285e-05,predictor_only,nsga2
0,391,391,train,2.447546899318695,0.279296875,0.658203125,8,64,512,146.22310000413563,1.2420842668261285,2.1747733179746183,37.500008727676864,37.06709999823943,1.3089254452175223,3.0442148435352543,4.353140288752776,0.008400005754083395,0.0,2.340999543210166,2.003740739788528,0,54.71054360925277,3501.474790992177,2097152.0,2,0.5,0.0,0.5,0.0,0.0,46.71503500059322,0.007199996616691351,0.0,26.06310962047864,20.644725383497885,0,1,0,17.914125901503834,0.0,28.800909099089385,1048576,0,1048576,8,4,0.25,2,0.5,0,1,1.0,0.18595995617580352,3,0,3,0.0,2.0,0.5,2.0,3,0.5,0.5,0.0,0.9580078125,0.0419921875,0.0,256,1024,0,0.0,163.66746524991046,32.38770003372338,0.0,119.87241681863252,11.40734839755459,0,1406.211950002465,0,1259.9888499983294,4.968337067304515e-07,8.699093271898473e-07,1.4589847541138966e-05,1.3089254452175222e-07,3.0442148435352546e-07,4.6715035000593224e-07,1.6859054953940472e-05,predictor_only,nsga2
0,392,392,train,2.365594983100891,0.25,0.70703125,8,64,512,168.46939999959432,1.298239193285276,2.2372261637811457,37.45900186871615,37.35540001071058,1.3107024980205806,3.1817087973648293,4.49241129538541,0.00650000583846122,0.0,2.511073013325926,1.9748382762210228,0,47.4860865767474,3039.1095409118334,2097152.0,2,0.5,0.5,0.0,0.0,0.0,81.9634672673499,0.00689999433234334,0.0,61.75881670206737,20.197750570950195,0,1,0,18.761749969349317,63.20171729800059,0.0,1048576,1048576,0,8,4,0.25,2,0.5,0,1,1.0,0.19776865982085054,3,3,0,1.0,0.0,0.0,1.0,0,0.5,0.5,0.0,0.9560546875,0.0439453125,0.0,256,1024,0,0.0,163.9778689031303,32.425800018245354,0.0,120.15528653157436,11.396782353310588,0,1406.211950002465,0,1237.7425500028708,5.192956773141105e-07,8.948904655124582e-07,1.4624142590251082e-05,1.3107024980205806e-07,3.1817087973648293e-07,8.19634672673499e-07,1.730720453528969e-05,predictor_only,nsga2
0,393,393,train,2.394759953022003,0.255859375,0.697265625,8,64,512,81.52069999778178,1.263763144228494,2.411278178920341,29.35502201262706,48.59559999022167,1.3621760217446406,3.2972099978046265,4.659386019549267,0.005900001269765198,0.0,2.351525397448916,2.3019606208305854,0,98.13338044002617,6280.536348161675,2097152.0,2,0.5,0.5,0.0,0.0,0.0,79.28459568471746,0.006700007361359894,0.0,60.719162534560745,18.55873314279534,0,1,0,16.810046136293103,62.47454954842435,0.0,1048576,1048576,0,8,4,0.25,2,0.5,0,1,1.0,0.13364216641330787,3,0,3,0.0,2.0,0.5,2.0,3,0.5,0.5,0.0,0.9521484375,0.0478515625,0.0,256,1024,0,0.0,132.12025334310357,0.04959997022524476,0.0,118.32638963227183,13.744263740606517,0,1406.211950002465,0,1324.6912500046833,5.055052576913976e-07,9.645112715681363e-07,1.4199472050436918e-05,1.3621760217446409e-07,3.2972099978046266e-07,7.928459568471746e-07,1.692827313849855e-05,predictor_only,nsga2
0,394,394,train,2.200872242450714,0.3046875,0.73046875,8,64,512,88.26560000306927,1.223780331353363,2.3915176678784973,29.422505231454128,37.47309999016579,1.2129426429209593,3.8430278108269875,5.055970453747947,0.006200018106028438,0.0,2.496623924675524,2.5531465109663944,0,90.63450953952932,5800.608610529876,2097152.0,2,0.5,0.5,0.0,0.0,0.0,82.51154953301372,0.006600006599910557,0.0,61.85608580580206,20.64886372061175,0,1,0,17.383478604175373,65.12807092883835,0.0,1048576,1048576,0,8,4,0.25,2,0.5,0,1,1.0,0.18595995617580352,3,3,0,1.0,0.0,0.0,1.0,0,0.5,0.5,0.0,0.9443359375,0.0556640625,0.0,256,1024,0,0.0,132.15121292274395,0.045700042392127216,0.0,118.95640959079094,13.149103289560884,0,1406.211950002465,0,1317.9463499993958,4.895121325413452e-07,9.56607067151399e-07,1.4165259008165016e-05,1.2129426429209593e-07,3.8430278108269873e-07,8.251154953301373e-07,1.694209074856269e-05,predictor_only,nsga2
0,395,395,train,2.5297346115112305,0.216796875,0.646484375,8,64,512,414.9003000056837,1.2494413369529478,77.34967280972249,38.33419527601892,73.5796999942977,1.1950646463383299,3.039429607029601,4.234494253367931,0.007399998139590025,0.0,2.2997272461361087,1.927367009092232,0,19.281694224362298,1234.028430359187,2097152.0,2,0.5,0.5,0.0,0.0,0.0,80.1635768427403,0.011199997970834374,0.0,59.32341103515106,20.828965809618403,0,1,0,17.68963430729103,62.47394253544927,0.0,1048576,1048576,0,8,4,0.25,2,0.5,0,1,1.0,0.19776865982085054,3,0,3,0.0,2.0,0.5,2.0,3,0.5,0.5,0.0,0.953125,0.046875,0.0,256,1024,0,0.0,467.7332376907774,36.60839998337906,300.0,118.96975287261485,12.155084834783544,0,1500.772245506736,0,1085.8719455010523,4.997765347811792e-07,3.0939869123889e-05,1.4641793123845216e-05,1.1950646463383298e-07,3.039429607029601e-07,8.01635768427403e-07,4.7306523976279585e-05,predictor_only,nsga2
0,396,396,train,2.3729854226112366,0.27734375,0.685546875,8,64,512,924.5456000062404,25.11752264395953,3.4445249481851947,63.03279893442817,49.91820000577718,51.817515923488095,5.617754019102149,57.435269942590246,0.006799993570894003,0.0,2.563613114131983,54.86485683488737,0,8.652889967845864,553.7849579421353,2097152.0,2,0.5,0.5,0.0,0.0,0.0,84.55037242210466,0.007299997378140688,0.0,64.48616925638342,20.056903168343087,0,1,0,17.18026707542065,67.370105346684,0.0,1048576,1048576,0,8,4,0.25,2,0.5,0,1,1.0,0.2307606527190679,3,3,0,1.0,0.0,0.0,1.0,0,0.5,0.5,0.0,0.9501953125,0.0498046875,0.0,256,1024,0,0.0,366.3793861062916,0.06799997936468571,0.0,119.2487256181028,247.06266050882408,0,1753.0466690070134,0,828.501069000773,1.004700905758381e-05,1.3778099792740777e-06,2.4751302281730287e-05,5.18175159234881e-06,5.617754019102149e-07,8.455037242210466e-07,4.276515203706825e-05,predictor_only,nsga2
0,397,397,train,2.515374481678009,0.24609375,0.666015625,8,64,512,166.5519999951357,1.2390782475525368,2.364315936532466,37.48904569317786,39.23470000154339,1.3089246867219475,3.4154380205495904,4.724362707271538,0.006699992809444666,0.0,2.512048076058454,2.205614638403639,0,48.03275834259152,3074.0965339258573,2097152.0,2,0.5,0.5,0.0,0.0,0.0,83.46598629258304,0.007299997378140688,0.0,62.589860037481714,20.868826257723185,0,1,0,17.489372137927237,65.9766141546558,0.0,1048576,1048576,0,8,4,0.25,2,0.5,0,1,1.0,0.2201412464909665,3,0,3,0.0,2.0,0.5,2.0,3,0.5,0.5,0.0,0.94921875,0.05078125,0.0,256,1024,0,0.0,164.36975950905142,31.92390000913292,0.0,119.58635340418196,12.859506095736567,0,1753.0466690070134,0,1586.4946690118777,4.956312990210147e-07,9.457263746129863e-07,1.4616793526924705e-05,1.3089246867219474e-07,3.4154380205495905e-07,8.346598629258304e-07,1.7365247334211692e-05,predictor_only,nsga2
0,398,398,train,2.6789517998695374,0.267578125,0.626953125,8,64,512,86.60309998958837,1.299176026062287,2.3152467970836517,29.324601009967825,48.208500011241995,1.2518182985949462,3.122329085407583,4.374147384002529,0.006100002792663872,0.0,2.4917340067721314,1.876313374437734,0,92.374379515078,5911.960288964992,2097152.0,2,0.5,0.5,0.0,0.0,0.0,77.58756013442412,0.007399998139590025,0.0,57.729361928588695,19.850798207695846,0,1,0,17.309146599062817,60.27841353536131,0.0,1048576,1048576,0,8,4,0.25,2,0.5,0,1,1.0,0.241032865595602,3,3,0,1.0,0.0,0.0,1.0,0,0.5,0.5,0.0,0.943359375,0.056640625,0.0,256,1024,0,0.0,131.75609533245506,0.04570001328829676,0.0,119.2651767780011,12.44521854116566,0,1753.0466690070134,0,1666.443569017425,5.196704104249149e-07,9.260987188334607e-07,1.4161472372782463e-05,1.251818298594946e-07,3.122329085407583e-07,7.758756013442412e-07,1.682053184178533e-05,predictor_only,nsga2
0,399,399,train,2.691771149635315,0.20703125,0.61328125,8,64,512,103.44269999768585,1.2302536696451696,2.2101463039845934,32.5932455844077,53.1592999905115,1.1444852684833333,2.9044921303044853,4.048977398787819,0.006200003554113209,0.0,2.3598434474980383,1.682933947735667,0,77.3367541974907,4949.552268639405,2097152.0,2,0.5,0.5,0.0,0.0,0.0,80.39403983731799,0.00689999433234334,0.0,61.205575670759636,19.18156417222601,0,1,0,17.42190751422028,62.97213232309771,0.0,1048576,1048576,0,8,4,0.25,2,0.5,0,1,1.0,0.241032865595602,3,0,3,0.0,2.0,0.5,2.0,3,0.5,0.5,0.0,0.955078125,0.044921875,0.0,256,1024,0,0.0,144.13458223214985,12.804299971321598,0.0,120.37019805736597,10.960084203462271,0,1753.0466690070134,0,1649.6039690093276,4.921014678580678e-07,8.840585215938374e-07,1.4429709653637653e-05,1.1444852684833332e-07,2.9044921303044857e-07,8.039403983731801e-07,1.7014707781341514e-05,predictor_only,nsga2
0,400,400,val,2.5414777398109436,0.259765625,0.662109375,8,64,512,901.5496000065468,1.2894842238777784,3.1565062273443525,225.58389113214122,0.0,0.0,0.0,0.0,0.0,0.0,0.0,0.0,0,8.873600660841339,567.9104422938457,0.0,0,0.0,0.0,0.0,0.0,0.0,0.0,0.0,0.0,0.0,0.0,0,0,0,0.0,0.0,0.0,0,0,0,8,4,0.25,2,0.5,2,1,1.0,0.241032865595602,0,0,0,0.0,0.0,0.0,0.0,0,0.5,0.5,0.0,0.9443359375,0.0556640625,0.0,256,1024,0,0.0,920.1195263334533,0.051099996198900044,800.0,109.97016894622838,10.098257391026163,0,1005.6171400070161,0,104.06754000046931,5.157936895511115e-07,1.2626024909377414e-06,0.0001353503346792847,0.0,0.0,0.0,0.00013712873085977356,predictor_only,nsga2
0,400,400,train,2.6183796525001526,0.251953125,0.6328125,8,64,512,1177.9705999942962,126.34387531550641,202.37980745153664,426.03254601136325,48.17009999533184,1.1520018791202151,3.175393129251973,4.3273950083721875,0.006199989002197981,0.0,2.3279449770330882,1.9932500423369015,0,6.791335207095601,434.6454532541185,2097152.0,2,0.5,0.5,0.0,0.0,0.0,481.40538617831055,0.007199996616691351,400.0,64.87380091271577,16.52438526897815,0,1,0,268.0147435540167,213.39064262429386,0.0,1048576,1048576,0,8,4,0.25,2,0.5,0,1,1.0,0.14759070521249812,3,3,0,1.0,0.0,0.0,1.0,0,0.5,0.5,0.0,0.947265625,0.052734375,0.0,256,1024,0,0.0,3019.024915113626,0.052100003813393414,2900.0,110.10386541870236,8.868949691109709,0,1170.3222849996375,1,-7.648314994658676,5.053755012620257e-05,8.095192298061466e-05,0.0002556195276068179,1.1520018791202153e-07,3.1753931292519727e-07,5.240835147031694e-06,0.00039278257536150404,predictor_only,nsga2
0,401,401,train,2.6722540855407715,0.2578125,0.603515625,8,64,512,90.74189999955706,1.2802567210596323,3.6281248854988934,25.696104961394457,58.001299999887124,1.1685093757586873,5.611006351741553,6.7795157275002405,0.005799985956400633,0.0,2.333643331523361,4.440072410020479,0,88.16116743060944,5642.314715559004,2097152.0,2,0.5,0.5,0.0,0.0,0.0,84.66791779129083,0.006399990525096655,0.0,65.85503953594412,18.806478264821628,0,1,0,19.500234045692256,65.16768374559858,0.0,1048576,1048576,0,8,4,0.25,2,0.5,0,1,1.0,0.19776865982085054,3,0,3,0.0,2.0,0.5,2.0,3,0.5,0.5,0.0,0.9501953125,0.0498046875,0.0,256,1024,0,0.0,122.41794627181191,0.04740001168102026,0.0,110.26474699083035,12.105799269300544,0,1170.3222849996375,0,1079.5803850000805,5.121026884238529e-07,1.4512499541995575e-06,1.541766297683667e-05,1.1685093757586873e-07,5.611006351741553e-07,9.770145454041055e-07,1.9035981737614207e-05,predictor_only,nsga2
0,402,402,train,2.568416953086853,0.244140625,0.611328125,8,64,512,96.86449999571778,1.3030742568786755,2.735287617025884,25.43597731248418,82.89760000479873,1.3739897987670482,3.667532057419556,5.041521856186604,0.006300004315562546,0.0,2.4047063265348134,2.630515525336228,0,82.58874419017775,5285.679628171376,2097152.0,2,0.5,0.5,0.0,0.0,0.0,83.40730519776551,0.007300011930055916,0.0,65.44241451907551,17.957590666759934,0,1,0,18.264650579621758,65.14265461814375,0.0,1048576,1048576,0,8,4,0.25,2,0.5,0,1,1.0,0.2307606283979408,3,3,0,1.0,0.0,0.0,1.0,0,0.5,0.5,0.0,0.9443359375,0.0556640625,0.0,256,1024,0,0.0,117.89735674555496,0.046800021664239466,0.0,109.4350830330289,8.41547369086183,0,1170.3222849996375,0,1073.4577850039198,5.212297027514702e-07,1.0941150468103539e-06,1.5261586387490507e-05,1.373989798767048e-07,3.667532057419556e-07,9.643583612139426e-07,1.8345441683884933e-05,predictor_only,nsga2
0,403,403,train,2.630967915058136,0.2421875,0.6015625,8,64,512,90.85010000853799,1.2351241393510224,2.2865168234165605,25.770147627018094,38.06440001062583,1.3790240680264667,3.2773282536606247,4.656352321687091,0.006000002031214535,0.0,2.584179669440693,2.066172650215184,0,88.05617102322566,5635.594945486442,2097152.0,2,0.5,0.5,0.0,0.0,0.0,78.65484453562914,0.007299997378140688,0.0,60.39176188955513,18.255782648695877,0,1,0,19.223865811789643,59.4309787238395,0.0,1048576,1048576,0,8,4,0.25,2,0.5,0,1,1.0,0.14759070521249812,3,0,3,0.0,2.0,0.5,2.0,3,0.5,0.5,0.0,0.9423828125,0.0576171875,0.0,256,1024,0,0.0,117.1671543591427,0.04759998410008848,0.0,110.15345254820414,6.966101826838456,0,1170.3222849996375,0,1079.4721849910995,4.940496557404089e-07,9.146067293666242e-07,1.5462088576210855e-05,1.3790240680264668e-07,3.2773282536606245e-07,9.054104028039703e-07,1.8241790596290566e-05,predictor_only,nsga2
0,404,404,train,2.6547924876213074,0.25,0.61328125,8,64,512,76.95550000062212,1.2272173159574025,2.370454873516637,25.666443826129434,49.31170000054408,1.2630073699368172,2.9492417538233555,4.212249123760173,0.006099988240748644,0.0,2.332998308509832,1.8731508270095925,0,103.95483162481827,6653.109223988369,2097152.0,2,0.5,0.5,0.0,0.0,0.0,81.16718073437785,0.0070999813033267856,0.0,63.154198405324905,18.005882347749612,0,1,0,19.17117346145143,61.99600727292642,0.0,1048576,1048576,0,8,4,0.25,2,0.5,0,1,1.0,0.2201412464909665,3,3,0,1.0,0.0,0.0,1.0,0,0.5,0.5,0.0,0.9384765625,0.0615234375,0.0,256,1024,0,0.0,117.05646406241391,0.04999997327104211,0.0,110.24371551877837,6.76274857036449,0,1170.3222849996375,0,1093.3667849990154,4.90886926382961e-07,9.481819494066548e-07,1.5399866295677662e-05,1.263007369936817e-07,2.9492417538233553e-07,9.356638218896312e-07,1.8195823905732926e-05,predictor_only,nsga2
0,405,405,train,2.579841673374176,0.240234375,0.615234375,8,64,512,76.73610000347253,1.2519102889697284,2.459263970912907,25.61952326664876,45.57539999950677,1.157084293163391,3.3798328745915613,4.536917167754952,0.015399986295960844,0.0,2.1786391327956247,2.3428780486633665,0,104.25205017700671,6672.131211328429,2097152.0,2,0.5,0.5,0.0,0.0,0.0,85.56655451775748,0.00650000583846122,0.0,66.86319310555736,18.69686140636167,0,1,0,18.944466362781746,66.62208815497574,0.0,1048576,1048576,0,8,4,0.25,2,0.5,0,1,1.0,0.18595995617580352,3,0,3,0.0,2.0,0.5,2.0,3,0.5,0.5,0.0,0.947265625,0.052734375,0.0,256,1024,0,0.0,117.32279010612558,0.045900000259280205,0.0,109.98733860469652,7.289551501169788,0,1170.3222849996375,0,1093.586184996165,5.007641155878915e-07,9.837055883651628e-07,1.5371713959989252e-05,1.157084293163391e-07,3.3798328745915615e-07,9.88909721487526e-07,1.829878510220533e-05,predictor_only,nsga2
0,406,406,train,2.655296504497528,0.2421875,0.603515625,8,64,512,89.04569999140222,1.2435266703613872,2.2456271384060846,25.836137625569513,52.874599990900606,1.098464576167029,2.9286321561507114,4.027096732317741,0.006000016583129764,0.0,2.3286485423099097,1.692448173424701,0,89.84049943201072,5749.791963648686,2097152.0,2,0.5,0.5,0.0,0.0,0.0,83.01800311015877,0.009300012607127428,0.0,66.03525482749704,16.973448270054597,0,1,0,17.00784406122283,66.01015904893595,0.0,1048576,1048576,0,8,4,0.25,2,0.5,0,1,1.0,0.2509772150348662,3,3,0,1.0,0.0,0.0,1.0,0,0.5,0.5,0.0,0.931640625,0.068359375,0.0,256,1024,0,0.0,117.30116573734794,0.04389999958220869,0.0,111.12286691602142,6.134398821744307,0,1170.3222849996375,0,1081.2765850082353,4.974106681445549e-07,8.982508553624338e-07,1.5501682575341707e-05,1.0984645761670292e-07,2.9286321561507113e-07,9.622003491994595e-07,1.8262254121279926e-05,predictor_only,nsga2
0,407,407,train,2.546667158603668,0.283203125,0.63671875,8,64,512,1795.6802999979118,4.212803500240966,212.25468527428083,30.26832507208234,35.13150000071619,7.563416234352582,260.300587503782,267.8640037381346,0.006600006599910557,0.0,2.218359387678283,265.6390443438564,0,4.4551335473668425,285.1285470314779,2097152.0,2,0.5,0.5,0.0,0.0,0.0,83.70770342669645,0.006200018106028438,0.0,66.4896400292075,17.211863379382944,0,1,0,17.42736821403427,66.28033521266218,0.0,1048576,1048576,0,8,4,0.25,2,0.5,0,1,1.0,0.17369072493825644,3,0,3,0.0,2.0,0.5,2.0,3,0.5,0.5,0.0,0.9482421875,0.0517578125,0.0,256,1024,0,0.0,986.9432553864167,0.07360000745393336,300.0,109.59223316688555,577.277422212077,0,1669.4820284959114,1,-126.19827150200035,1.6851214000963865e-06,8.490187410971234e-05,1.81609950432494e-05,7.563416234352582e-07,2.6030058750378206e-05,9.696377046922887e-07,0.0001325040286315639,predictor_only,nsga2
0,408,408,train,2.514985978603363,0.23046875,0.64453125,8,64,512,90.75650000886526,1.275489648007567,3.0904122106397027,25.558126601210766,43.372300002374686,1.1778175571524625,4.876992349050156,6.054809906202619,0.006199989002197981,0.0,2.1777564336090047,3.870853483591416,0,88.14698508904007,5641.407045698565,2097152.0,2,0.5,0.5,0.0,0.0,0.0,80.97766143557013,0.006799993570894003,0.0,62.51106373497051,18.459797707028716,0,1,0,17.67402590304051,63.30363553252961,0.0,1048576,1048576,0,8,4,0.25,2,0.5,0,1,1.0,0.17369072493825644,3,3,0,1.0,0.0,0.0,1.0,0,0.5,0.5,0.0,0.955078125,0.044921875,0.0,256,1024,0,0.0,119.69611383943214,0.046500033931806684,0.0,109.14105386422001,10.508559941280328,0,1669.4820284959114,0,1578.7255284870462,5.101958592030267e-07,1.2361648842558812e-06,1.533487596072646e-05,1.1778175571524625e-07,4.876992349050156e-07,9.363838854207604e-07,1.862310158022639e-05,predictor_only,nsga2
0,409,409,train,2.6637858152389526,0.259765625,0.5859375,8,64,512,87.59260000078939,1.3610625079678669,2.326978967469695,25.482095257465886,49.0214999881573,1.2041016649918272,3.0012649716655337,4.205366636657361,0.005900001269765198,0.0,2.244860542166565,1.9546060932210307,0,91.33087348765098,5845.1759032096625,2097152.0,2,0.5,0.5,0.0,0.0,0.0,80.91329638796144,0.008799994247965515,0.0,62.1276040133575,18.77689238035598,0,1,0,18.564432021658657,62.348864366302784,0.0,1048576,1048576,0,8,4,0.25,2,0.5,0,1,1.0,0.2307606527190679,3,0,3,0.0,2.0,0.5,2.0,3,0.5,0.5,0.0,0.9482421875,0.0517578125,0.0,256,1024,0,0.0,116.68054693161378,0.04719999560620636,0.0,110.39228929277847,6.24105764322908,0,1669.4820284959114,0,1581.889428495122,5.444250031871467e-07,9.30791586987878e-07,1.5289257154479526e-05,1.2041016649918272e-07,3.001264971665534e-07,9.338306926122199e-07,1.8118841100932506e-05,predictor_only,nsga2
0,410,410,train,2.5338656902313232,0.251953125,0.638671875,8,64,512,112.36149999604095,1.2894940892709017,2.2476702982570553,25.422779161563234,47.05540000577457,1.2809739135128542,3.1069133079901228,4.387887221502977,0.006999995093792677,0.0,2.49345716709651,1.887430059312674,0,71.19813105156861,4556.680387300391,2097152.0,2,0.5,0.5,0.0,0.0,0.0,81.28431289311607,0.006600006599910557,0.0,63.276837065559384,18.000875820956765,0,1,0,17.884220276380283,63.400092616735776,0.0,1048576,1048576,0,8,4,0.25,2,0.5,0,1,1.0,0.2201412464909665,3,3,0,1.0,0.0,0.0,1.0,0,0.5,0.5,0.0,0.953125,0.046875,0.0,256,1024,0,0.0,115.83977419636477,0.05520001286640763,0.0,109.41466798383193,6.369906199666435,0,1669.4820284959114,0,1557.1205284998705,5.157976357083606e-07,8.990681193028222e-07,1.525366749693794e-05,1.2809739135128542e-07,3.106913307990123e-07,9.39643314164632e-07,1.8046965288264058e-05,predictor_only,nsga2
0,411,411,train,2.582494854927063,0.263671875,0.66015625,8,64,512,87.39519999653567,1.2298996493630687,2.217587635890207,25.35261670388392,38.971899994066916,1.2654953624509433,2.6911178445310915,3.956613206982035,0.005999987479299307,0.0,2.3561381479426,1.594475071560136,0,91.53716065821071,5858.378282125485,2097152.0,2,0.5,0.0,0.5,0.0,0.0,44.07285706706716,0.006799993570894003,0.0,26.150332516103692,17.915724557392572,0,1,0,17.902612032986568,0.0,26.17024503408059,1048576,0,1048576,8,4,0.25,2,0.5,0,1,1.0,0.26994862967019156,3,0,3,0.0,2.0,0.5,2.0,3,0.5,0.5,0.0,0.9404296875,0.0595703125,0.0,256,1024,0,0.0,115.2004159565488,0.04650000482797623,0.0,109.52476516788006,5.62915078384075,0,1669.4820284959114,0,1582.0868284993758,4.919598597452276e-07,8.87035054356083e-07,1.5211570022330353e-05,1.2654953624509435e-07,2.691117844531092e-07,4.930690607388327e-07,1.74792953178687e-05,predictor_only,nsga2
0,412,412,train,2.6616259813308716,0.21484375,0.630859375,8,64,512,77.53150000644382,1.2906742971508323,2.3799192636812476,25.722760267418696,53.07800001173746,1.234573187937506,3.3443195747252616,4.578892762662767,0.008899980457499623,0.0,2.2731006753709337,2.296892106834334,0,103.18253634714617,6603.682326217355,2097152.0,2,0.5,0.5,0.0,0.0,0.0,78.31772310408061,0.00689999433234334,0.0,60.74697699346305,17.563846116285205,0,1,0,17.14145190347537,61.176271200605235,0.0,1048576,1048576,0,8,4,0.25,2,0.5,0,1,1.0,0.2091524583687337,3,3,0,1.0,0.0,0.0,1.0,0,0.5,0.5,0.0,0.9443359375,0.0556640625,0.0,256,1024,0,0.0,117.57341531300311,0.0564999645575881,0.0,110.31808243887942,7.198832909566113,0,1170.3222849996375,0,1092.7907849931937,5.162697188603329e-07,9.519677054724991e-07,1.543365616045122e-05,1.234573187937506e-07,3.344319574725262e-07,9.055297734420165e-07,1.8265312634492346e-05,predictor_only,nsga2
0,413,413,train,2.6470474004745483,0.251953125,0.595703125,8,64,512,79.06429999275133,1.2570502300016333,2.3196466286912747,25.47939970412793,63.10699999448843,1.2849942444401936,3.3230661955825216,4.608060440022715,0.006200003554113209,0.0,2.48613780967069,2.115722626797912,0,101.18218739109871,6475.659993030317,2097152.0,2,0.5,0.5,0.0,0.0,0.0,86.31158365596909,0.006200003554113209,0.0,68.23169167174139,18.073691980673587,0,1,0,19.303516981876292,67.0080666740928,0.0,1048576,1048576,0,8,4,0.25,2,0.5,0,1,1.0,0.19776865982085054,3,0,3,0.0,2.0,0.5,2.0,3,0.5,0.5,0.0,0.947265625,0.052734375,0.0,256,1024,0,0.0,116.22438625128333,0.044400017941370606,0.0,109.69116291740706,6.48882331593491,0,1170.3222849996375,0,1091.2579850068862,5.028200920006532e-07,9.278586514765099e-07,1.5287639822476757e-05,1.2849942444401938e-07,3.3230661955825216e-07,9.971319699078764e-07,1.8176256579864065e-05,predictor_only,nsga2
0,414,414,train,2.491309881210327,0.23828125,0.6171875,8,64,512,89.79600000020582,1.2497223748989752,2.367905450115731,25.522158876951732,63.286600008723326,1.1621480431358333,3.399666555071872,4.561814598207706,0.005800000508315861,0.0,2.3426158602629403,2.213398737436449,0,89.08983596313533,5701.749501640661,2097152.0,2,0.5,0.5,0.0,0.0,0.0,82.03818322983616,0.006099988240748644,0.0,64.27272309769593,17.759360143899478,0,1,0,17.571343160803117,64.46684006903304,0.0,1048576,1048576,0,8,4,0.25,2,0.5,0,1,1.0,0.14759070521249812,3,3,0,1.0,0.0,0.0,1.0,0,0.5,0.5,0.0,0.953125,0.046875,0.0,256,1024,0,0.0,116.55914680786574,0.047299996367655694,0.0,109.71351129551303,6.79833551598507,0,1170.3222849996375,0,1080.5262849994317,4.998889499595902e-07,9.471621800462925e-07,1.531329532617104e-05,1.1621480431358333e-07,3.3996665550718716e-07,9.493155124364276e-07,1.8165843428434122e-05,predictor_only,nsga2
0,415,415,train,2.602097749710083,0.255859375,0.61328125,8,64,512,84.14050001010764,1.2848153255359132,2.5359680886481404,25.46115972607595,48.78399999870453,1.3292501194169681,3.364639677367971,4.693889796784939,0.00549999822396785,0.0,2.3468519829730026,2.341537815587969,0,95.07793418276339,6084.987787696857,2097152.0,2,0.5,0.0,0.5,0.0,0.0,44.83819432939552,0.006399990525096655,0.0,27.30386041286123,17.527933926009197,0,1,0,17.076388917165954,0.0,27.76180541222957,1048576,0,1048576,8,4,0.25,2,0.5,0,1,1.0,0.16091838189257093,3,0,3,0.0,2.0,0.5,2.0,3,0.5,0.5,0.0,0.9619140625,0.0380859375,0.0,256,1024,0,0.0,117.12777256104002,0.047200024710036814,0.0,110.02260321083011,7.05796932549987,0,1170.3222849996375,0,1086.18178498953,5.139261302143654e-07,1.0143872354592563e-06,1.527669583564557e-05,1.3292501194169681e-07,3.3646396773679714e-07,5.039055541184143e-07,1.77783037351161e-05,predictor_only,nsga2
0,416,416,train,2.651395797729492,0.26171875,0.59375,8,64,512,89.3668000062462,1.2701210815407686,2.308415993204826,25.44931719638867,50.09630000859033,1.169330618298006,3.0660170594914544,4.235347677789461,0.006799993570894003,0.0,2.2200079246389692,2.0085397595795973,0,89.51770100014608,5729.132864009349,2097152.0,2,0.5,0.0,0.5,0.0,0.0,41.840241758823,0.007499998901039362,0.0,23.532962382585218,18.29977937733674,0,1,0,17.88400342484696,0.0,23.95623833397604,1048576,0,1048576,8,4,0.25,2,0.5,0,1,1.0,0.2091524583687337,3,3,0,1.0,0.0,0.0,1.0,0,0.5,0.5,0.0,0.9462890625,0.0537109375,0.0,256,1024,0,0.0,116.11141708453705,0.045100037823431194,0.0,109.69075066337503,6.375566383338605,0,1170.3222849996375,0,1080.9554849933913,5.080484326163075e-07,9.233663972819304e-07,1.52695903178332e-05,1.169330618298006e-07,3.0660170594914547e-07,4.66314894256182e-07,1.7590854809766566e-05,predictor_only,nsga2
0,417,417,train,2.545210301876068,0.2578125,0.66015625,8,64,512,103.64970000227913,1.264925273541295,2.3983394412135572,25.364721761879654,52.48740001115948,1.1515536366029362,3.564096791941929,4.7156504285448655,0.006000016583129764,0.0,2.3819887384902314,2.3276616734715043,0,77.1823055688393,4939.667556405715,2097152.0,2,0.5,0.5,0.0,0.0,0.0,80.12591059914226,0.006999995093792677,0.0,61.62198116071879,18.496929443329684,0,1,0,19.028863370671885,61.09704722847038,0.0,1048576,1048576,0,8,4,0.25,2,0.5,0,1,1.0,0.2307606527190679,3,0,3,0.0,2.0,0.5,2.0,3,0.5,0.5,0.0,0.9580078125,0.0419921875,0.0,256,1024,0,0.0,116.11194590653804,0.04470000567380339,0.0,109.21921700442896,6.848028896435276,0,1170.3222849996375,0,1066.6725849973584,5.059701094165181e-07,9.593357764854228e-07,1.521883305712779e-05,1.1515536366029362e-07,3.5640967919419294e-07,9.234532004483633e-07,1.8079157186332578e-05,predictor_only,nsga2
0,418,418,train,2.5391767024993896,0.24609375,0.625,8,64,512,117.43889999343082,1.3111150264344227,2.4864606279807906,25.39062305920748,48.99989999830723,1.1356260730613563,3.2306326129565077,4.366258686017864,0.005999987479299307,0.0,2.1893683052174424,2.170890393321122,0,68.11994901602856,4359.676737025828,2097152.0,2,0.5,0.5,0.0,0.0,0.0,84.81077151713575,0.007199996616691351,0.0,66.25910703075374,18.544464489765325,0,1,0,17.816244199984972,66.99452731715078,0.0,1048576,1048576,0,8,4,0.25,2,0.5,0,1,1.0,0.11898847320993522,3,3,0,1.0,0.0,0.0,1.0,0,0.5,0.5,0.0,0.958984375,0.041015625,0.0,256,1024,0,0.0,116.75279485449079,0.05149999924469739,0.0,110.32497365480992,6.376321200436156,0,1170.3222849996375,0,1052.8833850062067,5.244460105737692e-07,9.945842511923164e-07,1.5234373835524486e-05,1.1356260730613563e-07,3.230632612956508e-07,9.820967698056591e-07,1.8172126735698015e-05,predictor_only,nsga2
0,419,419,train,2.4846825003623962,0.26953125,0.65625,8,64,512,78.03710000007413,1.2964016607573499,2.47171687423224,25.487873437331093,49.12460000196006,1.125676973527636,3.5379281748518245,4.66360514837946,0.005399997462518513,0.0,2.387087460581259,2.271117690335683,0,102.51402840397704,6560.89781785453,2097152.0,2,0.5,0.5,0.0,0.0,0.0,81.18454465320097,0.007700000423938036,0.0,63.63469875615675,17.542145896620283,0,1,0,18.500966869262285,62.68357778393869,0.0,1048576,1048576,0,8,4,0.25,2,0.5,0,1,1.0,0.19776865982085054,3,0,3,0.0,2.0,0.5,2.0,3,0.5,0.5,0.0,0.955078125,0.044921875,0.0,256,1024,0,0.0,117.02396788928273,0.04629995964933187,0.0,109.71123959438087,7.266428335252529,0,1170.3222849996375,0,1092.2851849995634,5.1856066430294e-07,9.886867496928963e-07,1.5292724062398656e-05,1.125676973527636e-07,3.537928174851825e-07,9.372126020998869e-07,1.820354459333233e-05,predictor_only,nsga2
0,420,420,train,2.491508960723877,0.255859375,0.64453125,8,64,512,127.93650000821799,1.358106608649971,4.7406506582287395,25.877060141154967,113.64359999424778,1.2066980223626034,7.917192939837767,9.12389096220037,0.007599999662488699,0.0,2.3327607957323666,6.783530166805515,0,62.53053248254909,4001.954078883142,2097152.0,2,0.5,0.5,0.0,0.0,0.0,85.04438575486242,0.009099996532313526,0.0,67.48620851611457,17.549077242215525,0,1,0,18.433118131161528,66.61126762370088,0.0,1048576,1048576,0,8,4,0.25,2,0.5,0,1,1.0,0.19776865982085054,3,3,0,1.0,0.0,0.0,1.0,0,0.5,0.5,0.0,0.9580078125,0.0419921875,0.0,256,1024,0,0.0,127.90326963213468,0.05479998071677983,0.0,109.96591484371635,17.88255480770156,0,1170.3222849996375,0,1042.3857849914195,5.432426434599884e-07,1.8962602632914957e-06,1.5526236084692977e-05,1.2066980223626034e-07,7.917192939837767e-07,9.836663927960257e-07,1.9861794480460524e-05,predictor_only,nsga2
0,421,421,train,2.4335280060768127,0.259765625,0.654296875,8,64,512,88.27950000704732,1.3473927105111057,2.220984690737491,26.10235166507564,39.336800007731654,1.3302918559042909,3.09179410605353,4.422085961957821,0.006599992047995329,0.0,2.4601744117081923,1.9553115582016332,0,90.6202388903707,5799.695288983725,2097152.0,2,0.5,0.5,0.0,0.0,0.0,80.62607000619732,0.006799993570894003,0.0,63.08406361106684,17.53520640155959,0,1,0,17.977652748226966,62.64841725797036,0.0,1048576,1048576,0,8,4,0.25,2,0.5,0,1,1.0,0.241032865595602,3,0,3,0.0,2.0,0.5,2.0,3,0.5,0.5,0.0,0.94921875,0.05078125,0.0,256,1024,0,0.0,118.68291626529695,0.05750000127591193,0.0,110.59897934411904,8.026436919901997,0,1170.3222849996375,0,1082.0427849925902,5.389570842044422e-07,8.883938762949963e-07,1.5661410999045383e-05,1.330291855904291e-07,3.0917941060535306e-07,9.315575345779139e-07,1.8462528090318515e-05,predictor_only,nsga2
0,422,422,train,2.5380964279174805,0.267578125,0.65234375,8,64,512,117.60830000275746,1.264883766978488,2.47464657315818,25.185797541625277,48.3410000015283,1.2625630612614214,3.479590677954663,4.742153739216084,0.006000002031214535,0.0,2.5075910029033137,2.2285627342815566,0,68.02183160525938,4353.3972227366,2097152.0,2,0.5,0.5,0.0,0.0,0.0,77.77018341457224,0.006999995093792677,0.0,59.49035165887244,18.272831760606024,0,1,0,17.725053144003017,60.04513027056923,0.0,1048576,1048576,0,8,4,0.25,2,0.5,0,1,1.0,0.26061071707684524,3,3,0,1.0,0.0,0.0,1.0,0,0.5,0.5,0.0,0.943359375,0.056640625,0.0,256,1024,0,0.0,115.70131152704778,0.04369998350739479,0.0,108.69159846530431,6.966013078236074,0,1170.3222849996375,0,1052.71398499688,5.059535067913952e-07,9.89858629263272e-07,1.5111478524975163e-05,1.2625630612614215e-07,3.4795906779546633e-07,8.977920946868607e-07,1.7979298129638298e-05,predictor_only,nsga2
0,423,423,train,2.6753572821617126,0.265625,0.595703125,8,64,512,76.06680000026245,1.2664360064114215,2.387696053282695,25.585291757145427,48.548599996138364,1.1144997624262263,3.166692489188852,4.281192251615078,0.006100002792663872,0.0,2.166931984807674,2.1081602640147405,0,105.16933577640471,6730.837489689901,2097152.0,2,0.5,0.5,0.0,0.0,0.0,81.39971902550255,0.006699992809444666,0.0,62.94676943848778,18.44624959420532,0,1,0,19.391845688919823,62.00787333658272,0.0,1048576,1048576,0,8,4,0.25,2,0.5,0,1,1.0,0.2201412464909665,3,0,3,0.0,2.0,0.5,2.0,3,0.5,0.5,0.0,0.951171875,0.048828125,0.0,256,1024,0,0.0,116.95769526735818,0.04409997200127691,0.0,110.21289798424081,6.700697311116079,0,1170.3222849996375,0,1094.255484999375,5.065744025645686e-07,9.550784213130781e-07,1.5351175054287254e-05,1.1144997624262262e-07,3.166692489188852e-07,9.380129369281908e-07,1.81789600402546e-05,predictor_only,nsga2
0,424,424,train,2.5740015506744385,0.2578125,0.638671875,8,64,512,89.77230000891723,1.278359804112481,2.4110267477419756,25.632179497144023,59.907000002567656,1.2483698011970799,3.328798209003857,4.577168010200936,0.005999987479299307,0.0,2.4363367054279355,2.1348313172937017,0,89.1133555211333,5703.254753352531,2097152.0,2,0.5,0.5,0.0,0.0,0.0,77.30541508595141,0.00689999433234334,0.0,59.1899757160802,18.108539375538875,0,1,0,18.052666869747185,59.25274821620423,0.0,1048576,1048576,0,8,4,0.25,2,0.5,0,1,1.0,0.18595995617580352,3,3,0,1.0,0.0,0.0,1.0,0,0.5,0.5,0.0,0.9501953125,0.0498046875,0.0,256,1024,0,0.0,117.28626419599392,0.04730004002340138,0.0,109.88582167658325,7.353142479387269,0,1170.3222849996375,0,1080.5499849907203,5.113439216449926e-07,9.644106990967904e-07,1.5379307698286412e-05,1.24836980119708e-07,3.328798209003857e-07,8.915596472919225e-07,1.8204338767340213e-05,predictor_only,nsga2
0,425,425,train,2.4816590547561646,0.259765625,0.658203125,8,64,512,113.04140000720508,1.2941202587444396,2.353652572680283,25.77016910516443,63.48069998784922,1.1989190397506262,3.174367006948266,4.373286046698892,0.005800000508315861,0.0,2.1573013693162952,2.2101846768742814,0,70.76990580074465,4529.273971247658,2097152.0,2,0.5,0.5,0.0,0.0,0.0,82.43310348513538,0.006300004315562546,0.0,64.08761976591833,18.339183714901473,0,1,0,19.72428978835366,62.70881369678171,0.0,1048576,1048576,0,8,4,0.25,2,0.5,0,1,1.0,0.16091838189257093,3,0,3,0.0,2.0,0.5,2.0,3,0.5,0.5,0.0,0.94921875,0.05078125,0.0,256,1024,0,0.0,117.67176774635661,0.04839999019168317,0.0,110.32772985614557,7.295637900019369,0,1158.9392649997892,0,1045.8978649925841,5.176481034977758e-07,9.414610290721134e-07,1.5462101463098657e-05,1.1989190397506263e-07,3.1743670069482664e-07,9.49748662244917e-07,1.830828786258335e-05,predictor_only,nsga2
0,426,426,train,2.425199031829834,0.28515625,0.6640625,8,64,512,92.47289999620989,1.2504687415395959,2.512227304322922,25.402760750638322,51.361400008318014,1.3352325939363077,3.404918624724326,4.740151218660634,0.005599998985417187,0.0,2.4911289073749145,2.243422312300302,0,86.51089659166409,5536.697381866502,2097152.0,2,0.5,0.5,0.0,0.0,0.0,80.61741068067383,0.006999995093792677,0.0,63.17289915848185,17.43751152709818,0,1,0,16.960890398568928,63.65652028210489,0.0,1048576,1048576,0,8,4,0.25,2,0.5,0,1,1.0,0.19776865982085054,3,3,0,1.0,0.0,0.0,1.0,0,0.5,0.5,0.0,0.9541015625,0.0458984375,0.0,256,1024,0,0.0,116.66182718600336,0.04530001024249941,0.0,109.42738807316283,7.18913910259801,0,1158.9392649997892,0,1066.4663650035793,5.001874966158384e-07,1.0048909217291688e-06,1.524165645038299e-05,1.3352325939363078e-07,3.404918624724326e-07,9.334871473709479e-07,1.8154237137965005e-05,predictor_only,nsga2
0,427,427,train,2.509993016719818,0.25,0.650390625,8,64,512,383.81489999301266,1.244324900977317,77.20696492165531,25.394195035714684,53.00240000360645,1.155973870080129,2.984144722431247,4.140118592511376,0.006000016583129764,0.0,2.2805565097833322,1.853562066144914,0,20.84332618879426,1333.9728760828327,2097152.0,2,0.5,0.5,0.0,0.0,0.0,83.6993852576879,0.006300004315562546,0.0,66.32102449739259,17.37206075597974,0,1,0,17.636710882469128,66.06267437521876,0.0,1048576,1048576,0,8,4,0.25,2,0.5,0,1,1.0,0.19776865982085054,3,0,3,0.0,2.0,0.5,2.0,3,0.5,0.5,0.0,0.9619140625,0.0380859375,0.0,256,1024,0,0.0,415.3819394333893,0.04490000719670206,300.0,108.93719209856866,6.399847327623857,0,1158.9392649997892,0,775.1243650067765,4.977299603909268e-07,3.088278596866213e-05,1.5236517021428809e-05,1.155973870080129e-07,2.984144722431247e-07,9.691192013273162e-07,4.8000164011060315e-05,predictor_only,nsga2
0,428,428,train,2.537515103816986,0.279296875,0.62109375,8,64,512,82.6907000009669,1.2540051852629757,2.885505122355056,25.1801719300083,48.97010000422597,1.140737009783702,4.21428118570003,5.355018195483732,0.005999987479299307,0.0,2.247859675761635,3.1011585322427972,0,96.74489700787936,6191.673408504279,2097152.0,2,0.5,0.5,0.0,0.0,0.0,81.51125987507699,0.00650000583846122,0.0,63.277357097375855,18.22740277186267,0,1,0,18.32959310004536,63.18166677503163,0.0,1048576,1048576,0,8,4,0.25,2,0.5,0,1,1.0,0.16091838189257093,3,3,0,1.0,0.0,0.0,1.0,0,0.5,0.5,0.0,0.951171875,0.048828125,0.0,256,1024,0,0.0,117.27872895050531,0.04930004070047289,0.0,108.3759716385301,8.853457271274756,0,1158.9392649997892,0,1076.2485649988223,5.016020741051903e-07,1.1542020489420223e-06,1.5108103158004977e-05,1.1407370097837021e-07,4.21428118570003e-07,9.414759323008331e-07,1.8240885032901395e-05,predictor_only,nsga2
0,429,429,train,2.627758800983429,0.2421875,0.607421875,8,64,512,82.93769998999778,1.322087829710039,2.279881424411249,25.67354322320005,61.21720001101494,1.1899371372101424,3.0641829787318797,4.2541201159420226,0.005900001269765198,0.0,2.1645922667479587,2.0836278479242982,0,96.45678074246138,6173.233967517528,2097152.0,2,0.5,0.0,0.5,0.0,0.0,41.87284380829383,0.006599992047995329,0.0,24.40463692412379,17.46160689212204,0,1,0,17.00199397678425,0.0,24.87084983150958,1048576,0,1048576,8,4,0.25,2,0.5,0,1,1.0,0.25097720212391433,3,0,3,0.0,2.0,0.5,2.0,3,0.5,0.5,0.0,0.9404296875,0.0595703125,0.0,256,1024,0,0.0,117.10204990928537,0.16370000957977027,0.0,109.88624574494983,7.052104154755755,0,902.6605884930881,0,819.7228885030903,5.288351318840157e-07,9.119525697644997e-07,1.540412593392003e-05,1.1899371372101425e-07,3.06418297873188e-07,4.6847013774595744e-07,1.7738795784908705e-05,predictor_only,nsga2
0,430,430,train,2.4461267590522766,0.27734375,0.65234375,8,64,512,87.44149999984074,1.2821218023958056,2.237582425295147,25.315067497065375,36.85000000405125,1.2304066140087249,3.143328134306276,4.373734748315001,0.007700000423938036,0.0,2.4478199258945352,1.918214821996527,0,91.48869256956938,5855.27632445244,2097152.0,2,0.5,0.5,0.0,0.0,0.0,82.35221971096792,0.006499991286545992,0.0,65.5028302429737,16.84288947670767,0,1,0,18.38296283912705,63.96925687184087,0.0,1048576,1048576,0,8,4,0.25,2,0.5,0,1,1.0,0.19776865982085054,3,3,0,1.0,0.0,0.0,1.0,0,0.5,0.5,0.0,0.9404296875,0.0595703125,0.0,256,1024,0,0.0,115.33908689902532,0.04730001091957092,0.0,109.20058785279674,6.091199035309002,0,295.53658199983977,0,208.09508199999902,5.128487209583223e-07,8.950329701180588e-07,1.5189040498239224e-05,1.230406614008725e-07,3.143328134306276e-07,9.514607108533608e-07,1.7985756375000466e-05,predictor_only,nsga2
0,431,431,train,2.555801808834076,0.279296875,0.65234375,8,64,512,76.55069998872932,1.2373058954116352,2.3277525029615056,25.557173869041858,50.80120000638999,1.1785414495925342,3.0590269350962154,4.23756838468875,0.005699999746866524,0.0,2.196849007153946,2.0350193777879366,0,104.50453747177185,6688.290398193399,2097152.0,2,0.5,0.5,0.0,0.0,0.0,81.8344569870292,0.006700007361359894,0.0,64.24308911435911,17.58466786530873,0,1,0,19.21351340158173,62.62094358544746,0.0,1048576,1048576,0,8,4,0.25,2,0.5,0,1,1.0,0.3045938747931645,3,0,3,0.0,2.0,0.5,2.0,3,0.5,0.5,0.0,0.94140625,0.05859375,0.0,256,1024,0,0.0,116.48892906965999,0.052100003813393414,0.0,109.53314031512014,6.90368875072647,0,295.53658199983977,0,218.98588201111045,4.949223581646541e-07,9.311010011846024e-07,1.5334304321425115e-05,1.1785414495925343e-07,3.059026935096216e-07,9.435864570411868e-07,1.812767097628443e-05,predictor_only,nsga2
0,432,432,train,2.4722521901130676,0.28515625,0.6875,8,64,512,91.92049999546725,1.237228093541796,2.4370134258987695,25.47320469907603,49.50329998973757,1.1413327849000376,3.32914033252218,4.470473117422218,0.005800000508315861,0.0,2.20656139528158,2.2581117216323214,0,87.03078170389396,5569.970029049214,2097152.0,2,0.5,0.5,0.0,0.0,0.0,82.72081365841156,0.007099995855242014,0.0,65.00168711357632,17.712026548979996,0,1,0,18.492616393270755,64.2281972651408,0.0,1048576,1048576,0,8,4,0.25,2,0.5,0,1,1.0,0.241032865595602,3,3,0,1.0,0.0,0.0,1.0,0,0.5,0.5,0.0,0.94140625,0.05859375,0.0,256,1024,0,0.0,116.58978487406638,0.04640003317035735,0.0,109.82088026761436,6.722504573281683,0,295.53658199983977,0,203.61608200437252,4.948912374167184e-07,9.748053703595079e-07,1.5283922819445617e-05,1.1413327849000377e-07,3.32914033252218e-07,9.556645311143973e-07,1.8156331270078463e-05,predictor_only,nsga2
0,433,433,train,2.6054149866104126,0.2578125,0.6171875,8,64,512,97.999699995853,1.2683093306047488,2.731987798533228,25.425368579402697,38.760800001909956,1.1567483712973996,3.98846155449057,5.145209925787969,0.006299989763647318,0.0,2.207484270160336,2.9314256658639866,0,81.63206997846473,5224.452478621743,2097152.0,2,0.5,0.5,0.0,0.0,0.0,84.30908052804222,0.007199996616691351,0.0,65.13244677990403,19.169433751521503,0,1,0,18.689319621486256,65.61976090655597,0.0,1048576,1048576,0,8,4,0.25,2,0.5,0,1,1.0,0.2091524583687337,3,0,3,0.0,2.0,0.5,2.0,3,0.5,0.5,0.0,0.9580078125,0.0419921875,0.0,256,1024,0,0.0,117.7026628341627,0.06510000093840063,0.0,109.69858989565395,7.938972937570344,0,295.53658199983977,0,197.53688200398676,5.073237322418996e-07,1.092795119413291e-06,1.5255221147641617e-05,1.1567483712973997e-07,3.9884615544905703e-07,9.743303270935342e-07,1.834419131896914e-05,predictor_only,nsga2
0,434,434,train,2.49972403049469,0.28515625,0.669921875,8,64,512,207.5537000055192,1.3101738935598959,2.6487430277176824,31.019449887412634,150.9065999998711,1.2597045124724817,3.9532827832052306,5.212987295677713,0.008400005754083395,0.0,2.481461881962255,2.7231254079613736,0,38.5440560959943,2466.819590143635,2097152.0,2,0.5,0.5,0.0,0.0,0.0,85.8084926258434,0.009799987310543656,0.0,67.1319256407819,18.66676699775094,0,1,0,18.887380799561377,66.92111182628202,0.0,1048576,1048576,0,8,4,0.25,2,0.5,0,1,1.0,0.17369072493825644,3,3,0,1.0,0.0,0.0,1.0,0,0.5,0.5,0.0,0.9521484375,0.0478515625,0.0,256,1024,0,0.0,139.91346723476084,0.05870001041330397,0.0,109.48092507776822,30.37384214657932,0,334.94709599850415,0,127.39339599298495,5.240695574239584e-07,1.0594972110870728e-06,1.861166993244758e-05,1.2597045124724818e-07,3.9532827832052307e-07,9.91927149910998e-07,2.170846258043738e-05,predictor_only,nsga2
0,435,435,train,2.5847043991088867,0.244140625,0.634765625,8,64,512,1183.9714000088861,1.446543353923448,31.70385440576263,27.575719778543956,121.57869999646209,1.4446264246487668,64.26463561496769,65.70926203961645,0.009100011084228754,0.0,2.392078891865816,63.308083136666404,0,6.756914265856162,432.4425130147944,2097152.0,2,0.5,0.5,0.0,0.0,0.0,79.22655280772928,0.007800001185387373,0.0,62.76217366621197,16.456579140331918,0,1,0,17.108087751636205,62.11846505609307,0.0,1048576,1048576,0,8,4,0.25,2,0.5,0,1,1.0,0.2091524583687337,3,0,3,0.0,2.0,0.5,2.0,3,0.5,0.5,0.0,0.9375,0.0625,0.0,256,1024,0,0.0,242.90447015292014,0.0706000137142837,0.0,109.7367219013664,133.09714823783946,0,906.291072501915,1,-277.68032750697114,5.786173415693792e-07,1.2681541762305054e-05,1.6545431867126372e-05,1.4446264246487668e-07,6.426463561496769e-06,9.165024581894789e-07,3.7293019633151926e-05,predictor_only,nsga2
0,436,436,train,2.538494348526001,0.2890625,0.65234375,8,64,512,91.48570000252221,1.283010641038434,2.345425824571311,25.495808508486004,61.134000003221445,1.3230148983777408,2.871235879968559,4.1942507783463,0.006200003554113209,0.0,2.386237206063413,1.801813568728774,0,87.44440448479885,5596.4418870271265,2097152.0,2,0.5,0.5,0.0,0.0,0.0,79.37647535608974,0.006799993570894003,0.0,61.554496042776265,17.815179319742573,0,1,0,18.15635884018182,61.22011651590792,0.0,1048576,1048576,0,8,4,0.25,2,0.5,0,1,1.0,0.25097720212391433,3,3,0,1.0,0.0,0.0,1.0,0,0.5,0.5,0.0,0.9462890625,0.0537109375,0.0,256,1024,0,0.0,116.49697989638298,0.045800028601661325,0.0,110.2564768982143,6.19470296956703,0,906.291072501915,0,814.8053724993928,5.132042564153737e-07,9.381703298285244e-07,1.52974851050916e-05,1.323014898377741e-07,2.871235879968559e-07,9.162049865927131e-07,1.808448975576284e-05,predictor_only,nsga2
0,437,437,train,2.4407288432121277,0.28125,0.685546875,8,64,512,91.69650000694674,1.2630741086405746,2.193387679861918,25.729387595054998,57.872899997164495,1.1573165126790983,3.0269763464587376,4.184292859137836,0.006100002792663872,0.0,2.2660455444776466,1.9121473118675254,0,87.24338176497662,5583.576432958504,2097152.0,2,0.5,0.5,0.0,0.0,0.0,83.09436854574847,0.006400005077011883,0.0,63.99643398860941,19.09153455206205,0,1,0,19.33012261596999,63.76424592977848,0.0,1048576,1048576,0,8,4,0.25,2,0.5,0,1,1.0,0.2307606527190679,3,0,3,0.0,2.0,0.5,2.0,3,0.5,0.5,0.0,0.951171875,0.048828125,0.0,256,1024,0,0.0,116.74339753422996,0.04759996954817325,0.0,110.42019233953522,6.275605225146579,0,334.94709599850415,0,243.25059599155742,5.052296434562298e-07,8.773550719447672e-07,1.5437632557032997e-05,1.1573165126790982e-07,3.026976346458738e-07,9.584721773170417e-07,1.819711873566482e-05,predictor_only,nsga2
0,438,438,train,2.648328423500061,0.23828125,0.619140625,8,64,512,88.97969999816269,1.3219744002450953,2.463867546390519,25.936269816543035,48.39710000669584,1.1565180796836705,3.308014565187382,4.464532644871053,0.006000002031214535,0.0,2.164671874491423,2.2938607683484147,0,89.90713716755641,5754.0567787236105,2097152.0,2,0.5,0.5,0.0,0.0,0.0,80.4560365170003,0.00689999433234334,0.0,63.45495383282707,16.994182689840887,0,1,0,17.917620573264863,62.53841594373544,0.0,1048576,1048576,0,8,4,0.25,2,0.5,0,1,1.0,0.2091524583687337,3,3,0,1.0,0.0,0.0,1.0,0,0.5,0.5,0.0,0.9423828125,0.0576171875,0.0,256,1024,0,0.0,118.88844705271457,0.04559996887110174,0.0,111.24508813097232,7.597758952871173,0,334.94709599850415,0,245.96739600034147,5.287897600980382e-07,9.855470185562074e-07,1.5561761889925815e-05,1.1565180796836705e-07,3.308014565187382e-07,9.296371970574738e-07,1.845218913012464e-05,predictor_only,nsga2
0,439,439,train,2.4921497106552124,0.248046875,0.6484375,8,64,512,91.82770000188611,1.2643483808739944,2.2418115271285215,25.673397670651333,63.58810000529047,1.296520192546759,3.0387369022033823,4.335257094750141,0.005999987479299307,0.0,2.5226774210522205,1.8065796862186216,0,87.11873303047614,5575.598913950473,2097152.0,2,0.5,0.5,0.0,0.0,0.0,79.7372829832077,0.006300004315562546,0.0,61.47008900652904,18.260893972363117,0,1,0,17.822484624772244,61.91479835843547,0.0,1048576,1048576,0,8,4,0.25,2,0.5,0,1,1.0,0.06940013978643762,3,0,3,0.0,2.0,0.5,2.0,3,0.5,0.5,0.0,0.955078125,0.044921875,0.0,256,1024,0,0.0,116.7182303146154,0.04789998638443649,0.0,110.62472449306594,6.0456058351650235,0,334.94709599850415,0,243.11939599661804,5.057393523495978e-07,8.967246108514087e-07,1.54040386023908e-05,1.2965201925467593e-07,3.038736902203383e-07,9.212024265489481e-07,1.8161230701615768e-05,predictor_only,nsga2
0,440,440,train,2.5001530051231384,0.26953125,0.642578125,8,64,512,93.77120000135619,1.2704006093669384,2.3370200319439176,25.585725634778267,50.82619999302551,1.3429866239605932,3.5383928091000456,4.881379433060639,0.008399991202168167,0.0,2.5263785498363465,2.346600892022124,0,85.31313118263515,5460.040395688649,2097152.0,2,0.5,0.5,0.0,0.0,0.0,79.95672594102716,0.006399990525096655,0.0,62.257040704829926,17.693285245672133,0,1,0,18.834356180858606,61.12236976016855,0.0,1048576,1048576,0,8,4,0.25,2,0.5,0,1,1.0,0.2201412853775118,3,3,0,1.0,0.0,0.0,1.0,0,0.5,0.5,0.0,0.955078125,0.044921875,0.0,256,1024,0,0.0,116.7725851043565,0.04820006142836064,0.0,109.78742430865697,6.936960734271173,0,334.94709599850415,0,241.17589599714796,5.081602437467753e-07,9.348080127775671e-07,1.5351435380866958e-05,1.3429866239605934e-07,3.538392809100046e-07,9.218119989306088e-07,1.8204353579627972e-05,predictor_only,nsga2
0,441,441,train,2.651551902294159,0.2421875,0.6015625,8,64,512,91.63619999890216,1.282773793434121,2.294031482451321,25.553760623941066,53.36999999417458,1.2737823039374143,3.28800088423629,4.561783188173704,0.005699999746866524,0.0,2.5377555657757096,2.018327622651128,0,87.30079050970394,5587.250592621052,2097152.0,2,0.5,0.0,0.5,0.0,0.0,45.566289293400956,0.006100017344579101,0.0,27.02768353612555,18.53250573993083,0,1,0,19.202378323387432,0.0,26.363910970013528,1048576,0,1048576,8,4,0.25,2,0.5,0,1,1.0,0.17369072493825644,3,0,3,0.0,2.0,0.5,2.0,3,0.5,0.5,0.0,0.955078125,0.044921875,0.0,256,1024,0,0.0,116.52226359930603,0.045800028601661325,0.0,110.02051626071201,6.455947309992375,0,334.94709599850415,0,243.310895999602,5.131095173736485e-07,9.176125929805284e-07,1.5332256374364638e-05,1.2737823039374144e-07,3.28800088423629e-07,5.083907148740366e-07,1.7727547518410223e-05,predictor_only,nsga2
0,442,442,train,2.600721001625061,0.236328125,0.666015625,8,64,512,91.74699999857694,1.2398144349784381,2.4080284106678533,25.51605759867528,36.17110000050161,1.3414072342309329,3.2384319601239073,4.57983919435484,0.006400005077011883,0.0,2.417035303242801,2.1564038860350276,0,87.19536120813625,5580.50311732072,2097152.0,2,0.5,0.5,0.0,0.0,0.0,78.24898141093237,0.006399990525096655,0.0,60.21687653385986,18.025704886547427,0,1,0,18.94222385557646,59.306757555355915,0.0,1048576,1048576,0,8,4,0.25,2,0.5,0,1,1.0,0.17369068483706285,3,3,0,1.0,0.0,0.0,1.0,0,0.5,0.5,0.0,0.9443359375,0.0556640625,0.0,256,1024,0,0.0,116.65560177728628,0.0452999520348385,0.0,109.64521521937833,6.9650866058731165,0,334.94709599850415,0,243.2000959999272,4.959257739913752e-07,9.632113642671414e-07,1.5309634559205168e-05,1.3414072342309329e-07,3.2384319601239074e-07,9.011033292200355e-07,1.8127858946119205e-05,predictor_only,nsga2
0,443,443,train,2.516162395477295,0.267578125,0.625,8,64,512,81.34570000402164,1.242181148637038,2.2036321941357473,25.577873074488405,37.64190000947565,1.1511140712260848,2.9340006583948983,4.085114729620983,0.006299989763647318,0.0,2.190167900330955,1.888646839526381,0,98.34449337962688,6294.0475762961205,2097152.0,2,0.5,0.5,0.0,0.0,0.0,84.70477439800015,0.008399991202168167,0.0,67.37217134140155,17.324203065396432,0,1,0,18.01376101463667,66.69101338336348,0.0,1048576,1048576,0,8,4,0.25,2,0.5,0,1,1.0,0.2307606527190679,3,0,3,0.0,2.0,0.5,2.0,3,0.5,0.5,0.0,0.9462890625,0.0537109375,0.0,256,1024,0,0.0,116.09474566904477,0.046699977247044444,0.0,109.23949037847632,6.808555313321407,0,334.94709599850415,0,253.60139599448252,4.968724594548153e-07,8.814528776542989e-07,1.5346723844693042e-05,1.151114071226085e-07,2.9340006583948985e-07,9.804297707467285e-07,1.8113990425510984e-05,predictor_only,nsga2
0,444,444,train,2.3295282125473022,0.330078125,0.6953125,8,64,512,96.50230000261217,1.282768346677116,2.475898383358766,25.499737660956413,49.4582000101218,1.2205001876471269,3.4284693409483022,4.648969528595429,0.005900015821680427,0.0,2.332356517176631,2.3107129955971173,0,82.89871952340961,5305.518049498215,2097152.0,2,0.5,0.0,0.5,0.0,0.0,41.904925476599345,0.006599992047995329,0.0,24.064152041732648,17.8341734428187,0,1,0,18.240945170954838,0.0,23.663980305644507,1048576,0,1048576,8,4,0.25,2,0.5,0,1,1.0,0.17369070345169255,3,3,0,1.0,0.0,0.0,1.0,0,0.5,0.5,0.0,0.962890625,0.037109375,0.0,256,1024,0,0.0,117.03361756396917,0.04910001007374376,0.0,109.0887821706761,7.895735383219346,0,334.94709599850415,0,238.44479599589198,5.131073386708463e-07,9.903593533435065e-07,1.5299842596573843e-05,1.220500187647127e-07,3.4284693409483023e-07,4.663772153772825e-07,1.7734583456825026e-05,predictor_only,nsga2
0,445,445,train,2.419337511062622,0.3046875,0.6640625,8,64,512,75.79240000632126,1.2398667114371844,2.234258243151187,25.27752927452597,48.08749999210704,1.2422297956252,3.026381964649535,4.2686117602747355,0.00580001506023109,0.0,2.399061975376302,1.8637497698382024,0,105.550087465832,6755.205597813248,2097152.0,2,0.5,0.5,0.0,0.0,0.0,84.0106832656356,0.006999995093792677,0.0,67.21360853031283,16.790074740228995,0,1,0,18.650363096212146,65.36032016942346,0.0,1048576,1048576,0,8,4,0.25,2,0.5,0,1,1.0,0.26061071707684524,3,0,3,0.0,2.0,0.5,2.0,3,0.5,0.5,0.0,0.951171875,0.048828125,0.0,256,1024,0,0.0,115.00661691645738,0.045400040107779205,0.0,109.34053313255946,5.6206837437901385,0,334.94709599850415,0,259.1546959921829,4.959466845748738e-07,8.937032972604748e-07,1.5166517564715581e-05,1.2422297956252e-07,3.026381964649535e-07,9.70827472995203e-07,1.7953856195573603e-05,predictor_only,nsga2
0,446,446,train,2.3347588181495667,0.298828125,0.6953125,8,64,512,90.2771999972174,1.2935618336483365,2.414544672295883,25.40746459429095,61.823600000934675,1.2419112157185679,3.3482781517928344,4.590189367511402,0.005399982910603285,0.0,2.4171070812039583,2.1676823033968406,0,88.61497017271701,5671.3580910538885,2097152.0,2,0.5,0.5,0.0,0.0,0.0,84.4947769471725,0.006599992047995329,0.0,66.34671745844322,18.141459496681264,0,1,0,17.77365355751583,66.72112338965667,0.0,1048576,1048576,0,8,4,0.25,2,0.5,0,1,1.0,0.2201412464909665,3,3,0,1.0,0.0,0.0,1.0,0,0.5,0.5,0.0,0.9384765625,0.0615234375,0.0,256,1024,0,0.0,116.46228440094067,0.04490000719670206,0.0,109.87462445889446,6.542759934849512,0,334.94709599850415,0,244.66989600128676,5.174247334593347e-07,9.658178689183533e-07,1.5244478756574568e-05,1.241911215718568e-07,3.3482781517928347e-07,9.783900162510381e-07,1.8165130311954434e-05,predictor_only,nsga2
0,447,447,train,2.390860378742218,0.298828125,0.669921875,8,64,512,90.20789999340195,1.203628010196183,2.23195078832778,25.44317476340865,60.17189999693073,1.3991300976203132,3.057478372108945,4.456608469729258,0.005999987479299307,0.0,2.4325025961117763,2.018105886138182,0,88.68304569266597,5675.714924330622,2097152.0,2,0.5,0.5,0.0,0.0,0.0,82.41277855340647,0.007800001185387373,0.0,63.63983407604016,18.76514447618092,0,1,0,18.910378129767114,63.50240042363935,0.0,1048576,1048576,0,8,4,0.25,2,0.5,0,1,1.0,0.2201412464909665,3,0,3,0.0,2.0,0.5,2.0,3,0.5,0.5,0.0,0.947265625,0.052734375,0.0,256,1024,0,0.0,115.51501424773045,0.05439997767098248,0.0,108.68499205689811,6.775622213161349,0,334.94709599850415,0,244.7391960051022,4.814512040784732e-07,8.927803153311121e-07,1.526590485804519e-05,1.3991300976203133e-07,3.057478372108945e-07,9.511325863813433e-07,1.803692981080904e-05,predictor_only,nsga2
0,448,448,train,2.452048659324646,0.267578125,0.66015625,8,64,512,1163.980099998298,33.30810994205271,3.307904004422856,47.95694463874974,77.69449999614153,70.39994063356833,5.259551660231367,75.6594922937997,0.007599999662488699,0.0,2.346732193150546,73.30516010098667,0,6.872963830780154,439.8696851699299,2097152.0,2,0.5,0.5,0.0,0.0,0.0,82.27219747878297,0.006999995093792677,0.0,63.42184996929971,18.843347514389485,0,1,0,17.455946440939535,64.81625103784344,0.0,1048576,1048576,0,8,4,0.25,2,0.5,0,1,1.0,0.26061071707684524,3,3,0,1.0,0.0,0.0,1.0,0,0.5,0.5,0.0,0.9501953125,0.0498046875,0.0,256,1024,0,0.0,338.2918343409013,0.06599999323952943,0.0,108.87535997176644,229.35047437589526,0,894.1963359955092,1,-269.78376400278887,1.3323243976821086e-05,1.3231616017691424e-06,2.8774166783249842e-05,7.0399940633568335e-06,5.259551660231367e-07,9.523544768635166e-07,5.193887606808356e-05,predictor_only,nsga2
0,449,449,train,2.5096441507339478,0.25390625,0.685546875,8,64,512,388.78930000646506,1.2402102958093197,78.47328168774693,25.676492244580615,48.87620000226889,1.1533837358306334,5.584037410663658,6.737421146494292,0.005900001269765198,0.0,2.4169712915739403,4.314549853650585,0,20.576645044557367,1316.9052828516715,2097152.0,2,0.5,0.5,0.0,0.0,0.0,86.10883519012087,0.006699992809444666,0.0,67.52819788948054,18.573937307830896,0,1,0,19.75826856490403,66.35056662521684,0.0,1048576,1048576,0,8,4,0.25,2,0.5,0,1,1.0,0.26994862967019156,3,0,3,0.0,2.0,0.5,2.0,3,0.5,0.5,0.0,0.953125,0.046875,0.0,256,1024,0,0.0,421.55993691254747,0.046800021664239466,300.0,110.21458040325362,11.298556487629627,0,896.6586640021682,0,507.8693639957031,4.96084118323728e-07,3.138931267509878e-05,1.5405895346748367e-05,1.1533837358306335e-07,5.584037410663659e-07,9.937894851516422e-07,4.895882373997194e-05,predictor_only,nsga2
0,450,450,train,2.5269822478294373,0.25,0.658203125,8,64,512,87.2428000002401,1.2008155747981342,2.309539735064014,25.43795857859594,48.332200007280335,1.1037733680760105,3.07488798589249,4.178661353968501,0.007700000423938036,0.0,2.205862317868541,1.9650990356760214,0,91.69706042123319,5868.611866958924,2097152.0,2,0.5,0.5,0.0,0.0,0.0,83.89588327420769,0.006700007361359894,0.0,66.45269289277364,17.436490374072683,0,1,0,16.715938370688843,67.17994490351884,0.0,1048576,1048576,0,8,4,0.25,2,0.5,0,1,1.0,0.17369072493825644,3,3,0,1.0,0.0,0.0,1.0,0,0.5,0.5,0.0,0.9521484375,0.0478515625,0.0,256,1024,0,0.0,115.79325555383235,0.0475000124424696,0.0,109.39935415809644,6.346401383293443,0,896.6586640021682,0,809.4158640019281,4.803262299192538e-07,9.238158940256058e-07,1.5262775147157562e-05,1.1037733680760105e-07,3.07488798589249e-07,9.733187225491145e-07,1.8058102129048388e-05,predictor_only,nsga2
0,451,451,train,2.5763984322547913,0.248046875,0.626953125,8,64,512,92.96560000802856,1.3564464374963907,3.2166752118906303,25.58261222762901,52.72310000145808,1.2792980564221832,5.300508806913911,6.579806863336094,0.006499991286545992,0.0,2.467537642664381,4.105769229385167,0,86.0524102130133,5507.354253632851,2097152.0,2,0.0,0.5,0.5,0.0,0.0,92.9895661215843,0.006499991286545992,0.0,73.9700941533079,19.01297197698987,0,1,0,0.0,67.73776842677705,25.251797694807255,0,1048576,1048576,8,4,0.25,2,0.5,0,1,1.0,0.2307606283979408,3,0,3,0.0,2.0,0.5,2.0,3,0.5,0.5,0.0,0.9482421875,0.0517578125,0.0,256,1024,0,0.0,120.62293550806412,0.04760004230774939,0.0,110.2836115767601,10.291723888996247,0,896.6586640021682,0,803.6930639941396,5.425785749985563e-07,1.2866700847562522e-06,1.5349567336577404e-05,1.2792980564221833e-07,5.300508806913911e-07,1.0653711980693971e-06,1.890216788073522e-05,predictor_only,nsga2
0,452,452,train,2.3450551629066467,0.296875,0.693359375,8,64,512,103.06670000136364,1.2413009918735076,2.1944956980980233,25.718426893651653,49.522600005730055,1.2534939336413242,2.942604333480535,4.196098267121859,0.00689999433234334,0.0,2.4237090904000755,1.7654891823894403,0,77.61888544999215,4967.6086687994975,2097152.0,2,0.5,0.5,0.0,0.0,0.0,85.890944918825,0.02540000423323363,0.0,67.39774213506065,18.467802779531116,0,1,0,18.934547778758432,66.95639714006657,0.0,1048576,1048576,0,8,4,0.25,2,0.5,0,1,1.0,0.17369072493825644,3,3,0,1.0,0.0,0.0,1.0,0,0.5,0.5,0.0,0.953125,0.046875,0.0,256,1024,0,0.0,116.61689433449274,0.04479997733142227,0.0,109.78754666132767,6.784547695833649,0,896.6586640021682,0,793.5919640008045,4.96520396749403e-07,8.777982792392094e-07,1.543105613619099e-05,1.2534939336413244e-07,2.9426043334805354e-07,9.928222434683831e-07,1.8217806882360174e-05,predictor_only,nsga2
0,453,453,train,2.4809221625328064,0.287109375,0.662109375,8,64,512,125.34410000080243,1.2705325854443323,2.469402398708399,25.770808541311368,56.63799999456387,1.4032812762343627,3.342661817130851,4.745943093365214,0.006200003554113209,0.0,2.4629795032263164,2.276763586584784,0,63.82379526562096,4084.7228969997414,2097152.0,2,0.5,0.5,0.0,0.0,0.0,82.10585540528194,0.00650000583846122,0.0,62.95411221141854,19.145243188024935,0,1,0,18.577036129255788,63.528819276026155,0.0,1048576,1048576,0,8,4,0.25,2,0.5,0,1,1.0,0.241032865595602,3,0,3,0.0,2.0,0.5,2.0,3,0.5,0.5,0.0,0.9521484375,0.0478515625,0.0,256,1024,0,0.0,118.0429741018564,0.051700000767596066,0.0,110.31761771007112,7.673656391017695,0,896.6586640021682,0,771.3145640013657,5.08213034177733e-07,9.877609594833596e-07,1.546248512478682e-05,1.4032812762343628e-07,3.342661817130851e-07,9.481161926048718e-07,1.8381169620389307e-05,predictor_only,nsga2
0,454,454,train,2.3765313625335693,0.267578125,0.693359375,8,64,512,90.21530000609346,1.2633866148263735,2.4174741941268847,25.65368228981941,49.56729999685194,1.192667818037869,3.2133046163460746,4.405972434383943,0.006200003554113209,0.0,2.4524622703495087,1.9473101604803214,0,88.67577144551105,5675.249372512707,2097152.0,2,0.5,0.5,0.0,0.0,0.0,82.23472716510211,0.006199989002197981,0.0,64.23762435571669,17.990902820383226,0,1,0,18.39096007717414,63.84376708792797,0.0,1048576,1048576,0,8,4,0.25,2,0.5,0,1,1.0,0.10351650354811201,3,3,0,1.0,0.0,0.0,1.0,0,0.5,0.5,0.0,0.96484375,0.03515625,0.0,256,1024,0,0.0,117.3381723950907,0.04529999569058418,0.0,110.50234140974753,6.790530989652575,0,896.6586640021682,0,806.4433639960747,5.053546459305493e-07,9.66989677650754e-07,1.5392209373891645e-05,1.192667818037869e-07,3.2133046163460747e-07,9.500348058268769e-07,1.8255185746738222e-05,predictor_only,nsga2
0,455,455,train,2.370831251144409,0.26953125,0.7265625,8,64,512,96.45690000616014,1.3655915420004787,2.4506697522061986,25.820560726584656,48.32660000829492,1.3642239207256277,3.4348323526624838,4.7990562733881115,0.006599992047995329,0.0,2.506504632409509,2.2859516489306073,0,82.93773759836252,5308.015206295201,2097152.0,2,0.5,0.5,0.0,0.0,0.0,79.35368736697986,0.006700007361359894,0.0,60.96155757871576,18.38542978090274,0,1,0,18.443615493833395,60.910071873146464,0.0,1048576,1048576,0,8,4,0.25,2,0.5,0,1,1.0,0.13364216641330787,3,0,3,0.0,2.0,0.5,2.0,3,0.5,0.5,0.0,0.9609375,0.0390625,0.0,256,1024,0,0.0,118.54728808316534,0.04609998723026365,0.0,110.45604010609256,8.045147989842494,0,896.6586640021682,0,800.201763996008,5.462366168001915e-07,9.802679008824796e-07,1.5492336435950788e-05,1.3642239207256277e-07,3.4348323526624843e-07,9.153570174160914e-07,1.8414103598388362e-05,predictor_only,nsga2
0,456,456,train,2.4938442707061768,0.26171875,0.6484375,8,64,512,90.36659999401309,1.5293935754628403,2.7552079699597276,26.044560218728876,75.7861000020057,1.495560482586397,4.225910150549026,5.721470633135423,0.007199996616691351,0.0,2.3254972807515957,3.3887733557671367,0,88.52730403961161,5665.747458535143,2097152.0,2,0.5,0.5,0.0,0.0,0.0,77.54241472227208,0.006600006599910557,0.0,60.43753042763987,17.09828428803231,0,1,0,18.19910084766184,59.343313874610246,0.0,1048576,1048576,0,8,4,0.25,2,0.5,0,1,1.0,0.18595995617580352,3,3,0,1.0,0.0,0.0,1.0,0,0.5,0.5,0.0,0.94140625,0.05859375,0.0,256,1024,0,0.0,121.31664705660576,0.06779997784178704,0.0,110.46455375829512,10.784293320468844,0,896.6586640021682,0,806.2920640081551,6.117574301851361e-07,1.1020831879838911e-06,1.562673613123732e-05,1.4955604825863972e-07,4.2259101505490267e-07,8.941107749719412e-07,1.880683458769183e-05,predictor_only,nsga2
0,457,457,train,2.514979064464569,0.275390625,0.658203125,8,64,512,106.60469999129418,1.288177455807216,2.3760848478579026,25.86846534298885,35.14310000173282,1.1881543401608303,3.182231352593796,4.370385692754627,0.006499991286545992,0.0,2.2207878332343265,2.1430978682337543,0,75.04289170891715,4802.745069370698,2097152.0,2,0.5,0.5,0.0,0.0,0.0,86.27770299055558,0.007000009645707905,0.0,67.17877325374131,19.09192972716857,0,1,0,19.664791069612598,66.61291192094299,0.0,1048576,1048576,0,8,4,0.25,2,0.5,0,1,1.0,0.19776865982085054,3,0,3,0.0,2.0,0.5,2.0,3,0.5,0.5,0.0,0.9443359375,0.0556640625,0.0,256,1024,0,0.0,118.13091058661587,0.05369998689275235,0.0,110.25446655475699,7.822744044966116,0,896.6586640021682,0,790.053964010874,5.152709823228865e-07,9.504339391431611e-07,1.5521079205793308e-05,1.1881543401608305e-07,3.1822313525937964e-07,9.960028537474417e-07,1.8419825550282264e-05,predictor_only,nsga2
0,458,458,train,2.4844176173210144,0.26953125,0.68359375,8,64,512,94.24829999625217,1.3105130716925024,2.4487664480495246,25.52292214392253,47.47249999491032,1.2251135761373424,3.4340708000785916,4.659184376215934,0.005900001269765198,0.0,2.3763356021362267,2.2769487728099422,0,84.88126702604815,5432.401089667082,2097152.0,2,0.0,0.0,1.0,0.0,0.0,51.91671798135517,0.007400012691505253,0.0,34.81756853908403,17.091749429579636,0,1,0,0.0,0.0,25.958358990677585,0,0,2097152,8,4,0.25,2,0.5,0,1,1.0,0.26061071707684524,3,3,0,1.0,0.0,0.0,1.0,0,0.5,0.5,0.0,0.9462890625,0.0537109375,0.0,256,1024,0,0.0,117.12880665465823,0.04699999408330768,0.0,109.87818889173575,7.203617768839168,0,896.6586640021682,0,802.410364005916,5.242052286770011e-07,9.7950657921981e-07,1.5313753286353515e-05,1.2251135761373424e-07,3.4340708000785917e-07,5.727653785535373e-07,1.7856148910425457e-05,predictor_only,nsga2
0,459,459,train,2.4695035815238953,0.275390625,0.646484375,8,64,512,104.711000007228,1.2656329644568711,3.2923494766513883,25.711112407561615,65.97729999339208,1.2318810798644688,4.79267174316546,6.024552823029929,0.005900001269765198,0.0,2.263314473235779,3.755338348524385,0,76.40003055473854,4889.601955503266,2097152.0,2,0.5,0.5,0.0,0.0,0.0,83.58177170607557,0.007299997378140688,0.0,65.07221126209197,18.502260446605455,0,1,0,19.436486017516255,64.14528568855931,0.0,1048576,1048576,0,8,4,0.25,2,0.5,0,1,1.0,0.2790043706260659,3,0,3,0.0,2.0,0.5,2.0,3,0.5,0.5,0.0,0.935546875,0.064453125,0.0,256,1024,0,0.0,121.07637939467952,0.04669999179895967,0.0,110.91150159005504,10.118177812825513,0,896.6586640021682,0,791.9476639949402,5.062531857827485e-07,1.3169397906605554e-06,1.5426667444536967e-05,1.231881079864469e-07,4.79267174316546e-07,9.641082884378743e-07,1.8816423991721138e-05,predictor_only,nsga2
0,460,460,train,2.4964380860328674,0.27734375,0.6640625,8,64,512,109.84940000344068,1.5403564994707701,3.931047101932602,25.79582008346761,55.28629999025725,1.7361658356732024,6.166071362874877,7.90223719854808,0.007700000423938036,0.0,2.3514367941875993,5.543100403936543,0,72.82631651545582,4660.884256989172,2097152.0,2,0.5,0.5,0.0,0.0,0.0,80.42195202625935,0.009300012607127428,0.0,62.187120492526105,18.22553152112611,0,1,0,18.520476169434534,61.90147585682481,0.0,1048576,1048576,0,8,4,0.25,2,0.5,0,1,1.0,0.19776865982085054,3,3,0,1.0,0.0,0.0,1.0,0,0.5,0.5,0.0,0.9482421875,0.0517578125,0.0,256,1024,0,0.0,125.06889473948391,0.05319999763742089,0.0,109.64402489436063,15.37166984748587,0,896.6586640021682,0,786.8092639987275,6.161425997883081e-07,1.5724188407730407e-06,1.5477492050080562e-05,1.7361658356732023e-07,6.166071362874877e-07,9.28022471976243e-07,1.9384299682472966e-05,predictor_only,nsga2
0,461,461,train,2.3837594985961914,0.3046875,0.689453125,8,64,512,2149.8108000087086,3.961742965445068,83.15153860831977,46.238867450315134,39.779600003384985,6.359989640210079,155.48792372776734,161.8479133679774,0.006700007361359894,0.0,2.3469110330561644,159.49430232755986,0,3.721255972251893,238.16038222412115,2097152.0,2,0.5,0.5,0.0,0.0,0.0,81.50292032081396,0.006799993570894003,0.0,65.06791773002523,16.428202597217833,0,1,0,17.725253238333664,63.777667082480285,0.0,1048576,1048576,0,8,4,0.25,2,0.5,0,1,1.0,0.08706732569954011,3,0,3,0.0,2.0,0.5,2.0,3,0.5,0.5,0.0,0.96484375,0.03515625,0.0,256,1024,0,0.0,533.4085960963199,0.0646000262349844,0.0,108.60512586908814,424.7388702009968,0,1292.4728465045337,1,-857.337953504175,1.5846971861780268e-06,3.326061544332791e-05,2.774332047018908e-05,6.35998964021008e-07,1.5548792372776734e-05,9.425845373731e-07,7.971600897386586e-05,predictor_only,nsga2
0,462,462,train,2.4960212111473083,0.2890625,0.646484375,8,64,512,106.9984000059776,1.2456891161569563,2.3400721456827718,25.36601730760068,47.48009999457281,1.190580522233283,3.634127639104461,4.824708161337744,0.006700007361359894,0.0,2.4027985822616413,2.4152095717147426,0,74.76677438895054,4785.073560892834,2097152.0,2,0.5,0.5,0.0,0.0,0.0,84.44470771676896,0.006900008884258568,0.0,66.01639621040817,18.421411497476527,0,1,0,19.674335440120466,64.77037227664849,0.0,1048576,1048576,0,8,4,0.25,2,0.5,0,1,1.0,0.18595995617580352,3,3,0,1.0,0.0,0.0,1.0,0,0.5,0.5,0.0,0.9443359375,0.0556640625,0.0,256,1024,0,0.0,115.8071142777616,0.04679997800849378,0.0,108.97337654764748,6.786937752105626,0,1292.4728465045337,0,1185.474446498556,4.982756464627826e-07,9.360288582731087e-07,1.5219610384560403e-05,1.190580522233283e-07,3.634127639104461e-07,9.739878217209865e-07,1.8110373527151054e-05,predictor_only,nsga2
0,463,463,train,2.282100796699524,0.298828125,0.71484375,8,64,512,89.58260000508744,1.296987263569207,2.2609466310031325,25.467306149845065,62.0240999996895,1.1922006569461248,3.3150954907327965,4.507296147678922,0.006600006599910557,0.0,2.3211276727374797,2.1795684683415306,0,89.30205974693672,5715.33182380395,2097152.0,2,0.5,0.5,0.0,0.0,0.0,83.38713887654887,0.008199989679269493,0.0,63.85565291219759,19.52328597467201,0,1,0,19.98599093492465,63.401147941624224,0.0,1048576,1048576,0,8,4,0.25,2,0.5,0,1,1.0,0.2091524583687337,3,0,3,0.0,2.0,0.5,2.0,3,0.5,0.5,0.0,0.955078125,0.044921875,0.0,256,1024,0,0.0,116.10096017766963,0.04529993748292327,0.0,109.74978126356285,6.305878976623862,0,1292.4728465045337,0,1202.8902464994462,5.187949054276828e-07,9.043786524012531e-07,1.528038368990704e-05,1.1922006569461247e-07,3.3150954907327967e-07,9.60673684648737e-07,1.8114960547152603e-05,predictor_only,nsga2
0,464,464,train,2.7597402930259705,0.26953125,0.583984375,8,64,512,73.87849999940954,1.3069103349941127,2.5161168526627127,25.52179411530272,47.720899994601496,1.1859766253353416,3.3845801411524588,4.5705567664878,0.006200003554113209,0.0,2.3119259061101496,2.2524308568235374,0,108.2844361435031,6930.203913184198,2097152.0,2,0.5,0.5,0.0,0.0,0.0,82.19693963116254,0.00580001506023109,0.0,64.10143543875992,18.089704177342373,0,1,0,18.033974137628483,64.16296549353405,0.0,1048576,1048576,0,8,4,0.25,2,0.5,0,1,1.0,0.25097720212391433,3,3,0,1.0,0.0,0.0,1.0,0,0.5,0.5,0.0,0.947265625,0.052734375,0.0,256,1024,0,0.0,117.37928521183818,0.04579998494591564,0.0,110.08850020139252,7.244985025499767,0,1292.4728465045337,0,1218.5943465051241,5.227641339976451e-07,1.006446741065085e-06,1.531307646918163e-05,1.1859766253353417e-07,3.384580141152459e-07,9.502953272986933e-07,1.8249638348191836e-05,predictor_only,nsga2
0,465,465,train,2.550896406173706,0.27734375,0.646484375,8,64,512,88.39580000494607,1.312157535800802,2.4005898066624733,25.42831235709012,48.879399997531436,1.2719989565594159,3.3758840428601884,4.647882999419604,0.006100017344579101,0.0,2.5401041315855544,2.101678850489471,0,90.50101360628864,5792.064870802473,2097152.0,2,0.0,0.5,0.5,0.0,0.0,87.5983035676476,0.007499998901039362,0.0,68.76725482223961,18.823548746506965,0,1,0,0.0,61.22090130382814,26.37740226381947,0,1048576,1048576,8,4,0.25,2,0.5,0,1,1.0,0.16091838189257093,3,0,3,0.0,2.0,0.5,2.0,3,0.5,0.5,0.0,0.9580078125,0.0419921875,0.0,256,1024,0,0.0,116.5642387982136,0.047500026994384825,0.0,109.62922893854739,6.88750983267183,0,896.6586640021682,0,808.2628639972221,5.248630143203209e-07,9.602359226649895e-07,1.5256987414254073e-05,1.271998956559416e-07,3.3758840428601886e-07,9.984248382841323e-07,1.8205299489465477e-05,predictor_only,nsga2
0,466,466,train,2.551679015159607,0.28515625,0.63671875,8,64,512,93.31740000925492,1.2703333860807287,2.6712296306415513,25.473360265321,50.13899999903515,1.1857995494102744,4.03832386580754,5.224123415217814,0.006200003554113209,0.0,2.4169742903805456,2.800949121283156,0,85.72800218613472,5486.592139912622,2097152.0,2,0.5,0.5,0.0,0.0,0.0,79.92595710760172,0.006200003554113209,0.0,61.09456372656838,18.82519337747922,0,1,0,19.24734112032165,60.67861598728007,0.0,1048576,1048576,0,8,4,0.25,2,0.5,0,1,1.0,0.19776865982085054,3,3,0,1.0,0.0,0.0,1.0,0,0.5,0.5,0.0,0.95703125,0.04296875,0.0,256,1024,0,0.0,117.65969312817313,0.04380004247650504,0.0,109.75376849766214,7.862124588034487,0,896.6586640021682,0,803.3412639929132,5.081333544322914e-07,1.0684918522566206e-06,1.52840161591926e-05,1.1857995494102745e-07,4.03832386580754e-07,9.206168030505773e-07,1.8303670510453872e-05,predictor_only,nsga2
0,467,467,train,2.3270909786224365,0.302734375,0.705078125,8,64,512,79.13719999487512,1.2698551685608772,2.233245383349014,25.392128558822893,55.69949999335222,1.3224258485997755,3.0232768403036765,4.345702688903452,0.00589998671784997,0.0,2.4033936760630192,1.9364090261225833,0,101.08898105488966,6469.694787512938,2097152.0,2,0.0,0.5,0.5,0.0,0.0,89.39800083713565,0.007299997378140688,0.0,70.64409997124297,18.746600868514548,0,1,0,0.0,62.21911990759046,27.178880929545198,0,1048576,1048576,8,4,0.25,2,0.5,0,1,1.0,0.17369072493825644,3,0,3,0.0,2.0,0.5,2.0,3,0.5,0.5,0.0,0.9462890625,0.0537109375,0.0,256,1024,0,0.0,115.58091644293114,0.04669999179895967,0.0,109.46842872039649,6.065787730735705,0,896.6586640021682,0,817.521464007293,5.079420674243509e-07,8.932981533396056e-07,1.5235277135293737e-05,1.3224258485997754e-07,3.0232768403036766e-07,1.0184182481865374e-06,1.8089505873134576e-05,predictor_only,nsga2
0,468,468,train,2.513148069381714,0.279296875,0.642578125,8,64,512,90.90250000008382,1.2775228517283665,2.347385698073386,25.66818982356238,52.94979999598581,1.156419564282786,3.007072289804408,4.163491854087194,0.005299996701069176,0.0,2.3111259095395362,1.8470659478465885,0,88.00541233277733,5632.346389297749,2097152.0,2,0.5,0.5,0.0,0.0,0.0,81.09165398798436,0.006799993570894003,0.0,63.52067203296793,17.564181961445527,0,1,0,18.3923965816061,62.69925740637825,0.0,1048576,1048576,0,8,4,0.25,2,0.5,0,1,1.0,0.241032865595602,3,3,0,1.0,0.0,0.0,1.0,0,0.5,0.5,0.0,0.9423828125,0.0576171875,0.0,256,1024,0,0.0,117.1723934934565,0.04470002022571862,0.0,110.72118081972967,6.406512653501119,0,896.6586640021682,0,805.7561640020843,5.110091406913467e-07,9.389542792293545e-07,1.5400913894137424e-05,1.1564195642827861e-07,3.007072289804408e-07,9.363150546925999e-07,1.8203541554159442e-05,predictor_only,nsga2
0,469,469,train,2.407827317714691,0.298828125,0.6875,8,64,512,97.67879999708384,1.2794921025660544,2.345901052157164,25.44824688667464,48.03190000529867,1.2341266418427823,3.393003542796488,4.62713018463927,0.005999987479299307,0.0,2.4601838604251656,2.1609463367348054,0,81.9002495934557,5241.615973981165,2097152.0,2,0.5,0.5,0.0,0.0,0.0,83.29002588376349,0.007800001185387373,0.0,65.12714785137418,18.155078031203924,0,1,0,19.656103245350188,63.6339226384133,0.0,1048576,1048576,0,8,4,0.25,2,0.5,0,1,1.0,0.19776865982085054,3,0,3,0.0,2.0,0.5,2.0,3,0.5,0.5,0.0,0.94921875,0.05078125,0.0,256,1024,0,0.0,116.29456016559142,0.04879997868556529,0.0,109.10715981804898,7.138600368856883,0,896.6586640021682,0,798.9798640050843,5.117968410264218e-07,9.383604208628657e-07,1.5268948132004782e-05,1.2341266418427823e-07,3.393003542796488e-07,9.601681041144613e-07,1.814198651647246e-05,predictor_only,nsga2
0,470,470,train,2.5380812883377075,0.2578125,0.6171875,8,64,512,89.42750000278465,1.4691476621459618,2.4203361498643536,25.514329925913515,49.733100007870235,1.66126520351136,3.1464138062160663,4.807679009727426,0.00589998671784997,0.0,2.3829328031344676,2.418846219875108,0,89.45694045802952,5725.244189313889,2097152.0,2,0.5,0.5,0.0,0.0,0.0,76.56536886754542,0.006999995093792677,0.0,59.701835166934444,16.85653370551718,0,1,0,17.744148371127167,58.82122049641825,0.0,1048576,1048576,0,8,4,0.25,2,0.5,0,1,1.0,0.17369070345169255,3,3,0,1.0,0.0,0.0,1.0,0,0.5,0.5,0.0,0.95703125,0.04296875,0.0,256,1024,0,0.0,117.6152549516953,0.04809998790733516,0.0,109.6514819725375,7.915672991250482,0,896.6586640021682,0,807.2311639993835,5.876590648583848e-07,9.681344599457416e-07,1.5308597955548106e-05,1.66126520351136e-07,3.1464138062160666e-07,8.832961296682906e-07,1.8228455510993266e-05,predictor_only,nsga2
0,471,471,train,2.3465038537979126,0.283203125,0.673828125,8,64,512,76.40920000267215,1.3292231405490715,2.3279350532662955,25.61404166087826,50.604000003659166,1.1129130148124808,3.1277814799363677,4.2406944947488485,0.007200011168606579,0.0,2.169532701467184,2.0639617821130583,0,104.69806386739245,6700.676087513117,2097152.0,2,0.5,0.5,0.0,0.0,0.0,86.59937256286626,0.006399990525096655,0.0,67.87448596241391,18.718486609927254,0,1,0,20.110151889923472,66.48922067294279,0.0,1048576,1048576,0,8,4,0.25,2,0.5,0,1,1.0,0.18595995617580352,3,0,3,0.0,2.0,0.5,2.0,3,0.5,0.5,0.0,0.951171875,0.048828125,0.0,256,1024,0,0.0,117.08479941877452,0.044299973524175584,0.0,110.97742886618224,6.063070579068096,0,896.6586640021682,0,820.249463999496,5.316892562196288e-07,9.311740213065182e-07,1.5368424996526953e-05,1.1129130148124808e-07,3.127781479936368e-07,9.989721669745482e-07,1.8254329890502538e-05,predictor_only,nsga2
0,472,472,train,2.4457032680511475,0.29296875,0.673828125,8,64,512,103.02799999772105,1.2510488828970294,2.534342445988811,25.346146425671314,48.833699998795055,1.2904793292758228,3.4742400616961477,4.764719390971971,0.006100002792663872,0.0,2.508902569924614,2.2497168182546923,0,77.64804084458702,4969.474614053569,2097152.0,2,0.0,0.5,0.5,0.0,0.0,84.13037981687675,0.009099996532313526,0.0,67.463327366052,16.65795245429244,0,1,0,0.0,60.29615658362171,23.834223233255045,0,1048576,1048576,8,4,0.25,2,0.5,0,1,1.0,0.19776865982085054,3,3,0,1.0,0.0,0.0,1.0,0,0.5,0.5,0.0,0.953125,0.046875,0.0,256,1024,0,0.0,116.52615101822863,0.048100046114996076,0.0,109.14197667236857,7.33607429974505,0,896.6586640021682,0,793.6306640044471,5.004195531588117e-07,1.0137369783955244e-06,1.5207687855402786e-05,1.2904793292758228e-07,3.474240061696148e-07,9.61896111336011e-07,1.816021243739033e-05,predictor_only,nsga2
0,473,473,train,2.4680466651916504,0.283203125,0.66796875,8,64,512,1124.284199991962,7.580891174302179,3.8319863362592845,26.57819640336643,223.30690000671893,12.903814108244578,6.497775883881868,19.401589992126446,0.008100003469735384,0.0,2.4937775949872742,16.89971239366944,0,7.1156322257530356,455.4004624481943,2097152.0,2,0.5,0.0,0.5,0.0,0.0,45.88289174304851,0.006299989763647318,0.0,26.242374987446258,19.634216765838605,0,1,0,18.823124298719645,0.0,27.059767444328866,1048576,0,1048576,8,4,0.25,2,0.5,0,1,1.0,0.2091524583687337,3,0,3,0.0,2.0,0.5,2.0,3,0.5,0.5,0.0,0.9541015625,0.0458984375,0.0,256,1024,0,0.0,151.96429565571157,0.06699997175019234,0.0,109.81289636693943,42.084399317021976,0,1260.7286394949915,0,136.44443950302957,3.032356469720872e-06,1.5327945345037142e-06,1.594691784201986e-05,1.290381410824458e-06,6.497775883881869e-07,5.129484523191428e-07,2.296517629777623e-05,predictor_only,nsga2
0,474,474,train,2.6124833822250366,0.232421875,0.634765625,8,64,512,90.80909998738207,1.313086968002638,2.4110743893889257,25.7710617052021,35.96490000199992,1.2126022915223924,3.689095452732058,4.9016977442544505,0.006599992047995329,0.0,2.3267664258868423,2.568331326319613,0,88.09592766786501,5638.139370743361,2097152.0,2,0.5,0.5,0.0,0.0,0.0,84.78826386765613,0.007099995855242014,0.0,67.56618257735808,17.214981294442808,0,1,0,18.22172895158544,66.56653491607068,0.0,1048576,1048576,0,8,4,0.25,2,0.5,0,1,1.0,0.14759070521249812,3,3,0,1.0,0.0,0.0,1.0,0,0.5,0.5,0.0,0.9453125,0.0546875,0.0,256,1024,0,0.0,117.98089225037465,0.05150001379661262,0.0,110.64433518892176,7.285057047656294,0,1260.7286394949915,0,1169.9195395076094,5.252347872010553e-07,9.644297557555704e-07,1.546263702312126e-05,1.2126022915223927e-07,3.689095452732058e-07,9.810157085087024e-07,1.8423487049012032e-05,predictor_only,nsga2
0,475,475,train,2.5508185029029846,0.263671875,0.61328125,8,64,512,88.97690000594594,1.2719295478133015,2.435340188215654,25.342783797694224,47.272800002247095,1.3192369730434987,3.566067503451416,4.885304476494914,0.005999987479299307,0.0,2.5399250575910592,2.3393794314245557,0,89.90996640138057,5754.237849688357,2097152.0,2,0.5,0.5,0.0,0.0,0.0,84.05916160610015,0.006700007361359894,0.0,66.25365868760959,17.798802911129208,0,1,0,19.295122505686226,64.76403910041392,0.0,1048576,1048576,0,8,4,0.25,2,0.5,0,1,1.0,0.17369072493825644,3,0,3,0.0,2.0,0.5,2.0,3,0.5,0.5,0.0,0.951171875,0.048828125,0.0,256,1024,0,0.0,116.20021413489272,0.045799926738254726,0.0,109.12398010781706,7.0304341003374,0,1260.7286394949915,0,1171.7517394890456,5.087718191253207e-07,9.741360752862618e-07,1.5205670278616533e-05,1.319236973043499e-07,3.566067503451416e-07,9.701196942618292e-07,1.8147228314939438e-05,predictor_only,nsga2
0,476,476,train,2.4551453590393066,0.240234375,0.6328125,8,64,512,70.91609999770299,1.290952827543671,2.1316923906914926,25.345460247601512,53.7041999923531,1.136380412178269,2.6237169910315794,3.7600974032098486,0.006299989763647318,0.0,2.180483242505609,1.5733141709405922,0,112.8077713310206,7219.697365185319,2097152.0,2,0.5,0.5,0.0,0.0,0.0,77.83849326728226,0.00650000583846122,0.0,60.0725345031199,17.759458758323895,0,1,0,18.086890570265147,59.75160269701711,0.0,1048576,1048576,0,8,4,0.25,2,0.5,0,1,1.0,0.18595995617580352,3,3,0,1.0,0.0,0.0,1.0,0,0.5,0.5,0.0,0.9482421875,0.0517578125,0.0,256,1024,0,0.0,115.0724218633467,0.044200001866556704,0.0,109.27451710619636,5.753704755283786,0,1260.7286394949915,0,1189.8125394972885,5.163811310174684e-07,8.526769562765971e-07,1.5207276148560906e-05,1.136380412178269e-07,2.62371699103158e-07,8.978881380668568e-07,1.7850232114242815e-05,predictor_only,nsga2
0,477,477,train,2.2643244862556458,0.310546875,0.7109375,8,64,512,91.49200000683777,1.2218033355769782,2.3348460273737666,25.844023103929832,48.303200004738756,1.3425712640742449,3.237896821201778,4.5804680852760224,0.005599998985417187,0.0,2.484124071574687,2.090744014715918,0,87.4383832577587,5596.056528496557,2097152.0,2,0.5,0.5,0.0,0.0,0.0,76.88725256795729,0.006799993570894003,0.0,59.31483732315793,17.565615251228472,0,1,0,17.364497259439716,59.522755308517574,0.0,1048576,1048576,0,8,4,0.25,2,0.5,0,1,1.0,0.2201412464909665,3,0,3,0.0,2.0,0.5,2.0,3,0.5,0.5,0.0,0.9580078125,0.0419921875,0.0,256,1024,0,0.0,117.60268986752232,0.045599997974932194,0.0,109.79982079053963,7.757269079007737,0,1260.7286394949915,0,1169.2366394881537,4.887213342307912e-07,9.339384109495066e-07,1.5506413862357894e-05,1.342571264074245e-07,3.237896821201778e-07,8.879180362966081e-07,1.8275038452362402e-05,predictor_only,nsga2
0,478,478,train,2.43554151058197,0.28515625,0.65234375,8,64,512,80.96609999483917,1.2781152992392317,2.325533211824367,25.63836546656796,41.950799990445375,1.282917120302794,3.127374186474542,4.410291306777336,0.006300004315562546,0.0,2.34566385125673,2.058327451205044,0,98.80556424164776,6323.5561114654565,2097152.0,2,0.5,0.5,0.0,0.0,0.0,85.44900599079504,0.006499991286545992,0.0,67.39163334234797,18.05087265716052,0,1,0,18.124288963369295,67.32471702742575,0.0,1048576,1048576,0,8,4,0.25,2,0.5,0,1,1.0,0.30459390115263907,3,3,0,1.0,0.0,0.0,1.0,0,0.5,0.5,0.0,0.931640625,0.068359375,0.0,256,1024,0,0.0,116.96805591052626,0.04949998401571065,0.0,109.85089263898954,7.067663287521024,0,872.642644498335,0,791.6765445034958,5.112461196956927e-07,9.30213284729747e-07,1.5383019279940778e-05,1.282917120302794e-07,3.1273741864745423e-07,9.89139493962802e-07,1.8254647309006752e-05,predictor_only,nsga2
0,479,479,train,2.3784932494163513,0.314453125,0.689453125,8,64,512,91.43450000556186,1.2658931993351388,2.4706910469299146,25.548711516285252,47.60220000753179,1.3779601355806124,3.2147739675640663,4.592734103144679,0.006299989763647318,0.0,2.4109561545939293,2.175477958787102,0,87.49336963775967,5599.575656816619,2097152.0,2,0.5,0.5,0.0,0.0,0.0,77.42824289629958,0.00750001345295459,0.0,60.92153981033926,16.499203072507367,0,1,0,17.49539391565225,59.93284898064733,0.0,1048576,1048576,0,8,4,0.25,2,0.5,0,1,1.0,0.2307606527190679,3,0,3,0.0,2.0,0.5,2.0,3,0.5,0.5,0.0,0.9443359375,0.0556640625,0.0,256,1024,0,0.0,117.14118305020122,0.04739999712910503,0.0,109.34265290897628,7.7511301440958285,0,742.2372704955311,0,650.8027704899692,5.063572797340556e-07,9.88276418771966e-07,1.5329226909771146e-05,1.3779601355806124e-07,3.2147739675640664e-07,8.941481269242904e-07,1.8177282145515924e-05,predictor_only,nsga2
0,480,480,train,2.4385523200035095,0.26953125,0.66796875,8,64,512,89.46199998899829,1.405781704543428,2.3778799544060014,25.441456224885368,40.112199989380315,1.5618357286787006,3.133343998754758,4.695179727433459,0.007100010407157242,0.0,2.428936233323062,2.2591434837032396,0,89.42244280857784,5723.036339748982,2097152.0,2,0.5,0.5,0.0,0.0,0.0,77.72132384681115,0.006200018106028438,0.0,58.90515952426941,18.809964304435702,0,1,0,17.783493838029408,59.93783000878173,0.0,1048576,1048576,0,8,4,0.25,2,0.5,0,1,1.0,0.1859599251701455,3,3,0,1.0,0.0,0.0,1.0,0,0.5,0.5,0.0,0.9619140625,0.0380859375,0.0,256,1024,0,0.0,116.9004715353392,0.051300026825629175,0.0,109.96996008248888,6.87921142602468,0,742.2372704955311,0,652.7752705065328,5.623126818173712e-07,9.511519817624006e-07,1.526487373493122e-05,1.5618357286787006e-07,3.133343998754758e-07,8.970888984856747e-07,1.8144945269740013e-05,predictor_only,nsga2
0,481,481,train,2.426630675792694,0.259765625,0.654296875,8,64,512,91.51790000032634,1.3104041976300338,3.34933865057864,25.428193130595375,65.3801000007661,1.1075468148126997,4.936776298858107,6.044323113670806,0.00549999822396785,0.0,2.3907333563899886,3.6480897590568504,0,87.4136380569639,5594.47283564569,2097152.0,2,0.5,0.0,0.5,0.0,0.0,43.15054293899101,0.007000009645707905,0.0,25.13063906455835,18.012903864786956,0,1,0,19.37690099688218,0.0,23.77364194210883,1048576,0,1048576,8,4,0.25,2,0.5,0,1,1.0,0.17369072493825644,3,0,3,0.0,2.0,0.5,2.0,3,0.5,0.5,0.0,0.9462890625,0.0537109375,0.0,256,1024,0,0.0,120.35174391521618,0.04840003384742886,0.0,109.35726322793931,10.946080653429451,0,742.2372704955311,0,650.7193704952048,5.241616790520135e-07,1.3397354602314561e-06,1.5256915878357222e-05,1.1075468148126997e-07,4.936776298858107e-07,4.790527132741277e-07,1.8204298042281898e-05,predictor_only,nsga2
0,482,482,train,2.448653280735016,0.267578125,0.646484375,8,64,512,87.47450000373647,1.2853990186674291,2.062679390532767,25.146474175527036,37.83620000467636,1.197028989050271,2.7863533041533737,3.9833822932036447,0.006400005077011883,0.0,2.2472231960522757,1.7297590920743569,0,91.45417859467261,5853.067430059047,2097152.0,2,0.5,0.5,0.0,0.0,0.0,78.79753302274507,0.007000009645707905,0.0,60.45632884877208,18.334204164327275,0,1,0,17.23822894102756,61.55930408171751,0.0,1048576,1048576,0,8,4,0.25,2,0.5,0,1,1.0,0.2201412464909665,3,3,0,1.0,0.0,0.0,1.0,0,0.5,0.5,0.0,0.943359375,0.056640625,0.0,256,1024,0,0.0,113.97821033890892,0.04930002614855766,0.0,108.43915233128997,5.4897579814703885,0,742.2372704955311,0,654.7627704917946,5.141596074669717e-07,8.250717562131069e-07,1.5087884505316219e-05,1.1970289890502712e-07,2.786353304153374e-07,9.110939383908857e-07,1.773654803670755e-05,predictor_only,nsga2
0,483,483,train,2.4417788982391357,0.27734375,0.673828125,8,64,512,103.05220000736881,1.2644307488483495,2.4473674748827348,25.390685029654307,49.364199992851354,1.2711226627140781,3.409071673137608,4.680194335851686,0.005800000508315861,0.0,2.518849622752273,2.155544712591097,0,77.62980673504521,4968.307631042893,2097152.0,2,0.5,0.5,0.0,0.0,0.0,82.57931045358106,0.006900008884258568,0.0,63.61846644582566,18.953943998871146,0,1,0,18.380709422802315,64.19860103077875,0.0,1048576,1048576,0,8,4,0.25,2,0.5,0,1,1.0,0.14759074590838162,3,0,3,0.0,2.0,0.5,2.0,3,0.5,0.5,0.0,0.962890625,0.037109375,0.0,256,1024,0,0.0,116.40993301354155,0.04600001557264477,0.0,109.43234719679204,6.931585801176873,0,734.5673939968369,0,631.5151939894681,5.057722995393397e-07,9.78946989953094e-07,1.5234411017792582e-05,1.2711226627140782e-07,3.409071673137608e-07,9.54190306597368e-07,1.8141340047467555e-05,predictor_only,nsga2
0,484,484,train,2.3777599930763245,0.28515625,0.728515625,8,64,512,92.78400000766851,1.316393137676321,2.4660327000052957,25.838572142452435,50.152499999967404,1.1682678204884709,3.2763406724489483,4.444608492937419,0.00589998671784997,0.0,2.3312411143661764,2.1074673918533926,0,86.22083310167392,5518.133318507131,2097152.0,2,0.5,0.5,0.0,0.0,0.0,84.85259487110645,0.007099995855242014,0.0,66.3312715224373,18.514223352813914,0,1,0,17.557242279227243,67.29535259187921,0.0,1048576,1048576,0,8,4,0.25,2,0.5,0,1,1.0,0.19776865982085054,3,3,0,1.0,0.0,0.0,1.0,0,0.5,0.5,0.0,0.9453125,0.0546875,0.0,256,1024,0,0.0,118.48399192053621,0.055700031225569546,0.0,109.0393453590224,9.388946530288235,0,734.5673939968369,0,641.7833939891684,5.265572550705283e-07,9.864130800021184e-07,1.550314328547146e-05,1.168267820488471e-07,3.2763406724489487e-07,9.83116653894823e-07,1.8443691123732672e-05,predictor_only,nsga2
0,485,485,train,2.470976710319519,0.296875,0.65625,8,64,512,97.33760000381153,1.3030163539268924,2.291458524420835,26.095133417183902,48.02740000013728,1.3923085512655986,3.1257552350028996,4.518063786268498,0.005600013537332416,0.0,2.4434851960360504,2.0689785766951156,0,82.18733369584872,5259.989356534318,2097152.0,2,0.5,0.5,0.0,0.0,0.0,79.47863390770162,0.006300004315562546,0.0,61.84022253882593,17.632111364560128,0,1,0,17.804896760394655,61.673737147306966,0.0,1048576,1048576,0,8,4,0.25,2,0.5,0,1,1.0,0.2307606527190679,3,0,3,0.0,2.0,0.5,2.0,3,0.5,0.5,0.0,0.9580078125,0.0419921875,0.0,256,1024,0,0.0,118.75843318212651,0.04759996954817325,0.0,110.67026206999924,8.040571142579116,0,734.5673939968369,0,637.2297939930254,5.212065415707569e-07,9.165834097683341e-07,1.565708005031034e-05,1.3923085512655987e-07,3.1257552350029e-07,9.181338133716301e-07,1.8464810193647907e-05,predictor_only,nsga2
0,486,486,train,2.469339370727539,0.25390625,0.677734375,8,64,512,141.00969998980872,1.3844564506433146,3.294192273683908,25.705121502281116,344.8717999999644,1.3788402958930048,4.971870862258351,6.350711158151356,0.006799993570894003,0.0,2.2940296850662163,4.049881479514245,0,56.73328336486653,3630.930135351458,2097152.0,2,0.5,0.5,0.0,0.0,0.0,79.6913291512208,0.01060000795405358,0.0,61.442891003594696,18.23783813967206,0,1,0,18.617623464084463,61.07370568713634,0.0,1048576,1048576,0,8,4,0.25,2,0.5,0,1,1.0,0.26061071707684524,3,3,0,1.0,0.0,0.0,1.0,0,0.5,0.5,0.0,0.94921875,0.05078125,0.0,256,1024,0,0.0,121.53508090643336,0.050000016926787794,0.0,109.9976974738558,11.48738341565078,0,749.9917424900893,0,608.9820425002806,5.537825802573259e-07,1.317676909473563e-06,1.542307290136867e-05,1.3788402958930048e-07,4.971870862258351e-07,9.190607028864805e-07,1.8848664209801173e-05,predictor_only,nsga2
0,487,487,train,2.34674209356308,0.3046875,0.693359375,8,64,512,290.2380000014091,7.845091917035147,5.492904044335593,28.364685265900903,121.60829998902045,15.249239502832117,8.678487264922927,23.927726767755043,0.00689999433234334,0.0,2.189107662377908,21.731719111044793,0,27.5634907781558,1764.0634098019711,2097152.0,2,0.5,0.5,0.0,0.0,0.0,84.44180104297872,0.007299997378140688,0.0,65.09615132855785,19.33834971704272,0,1,0,19.146762938014803,65.29503810496392,0.0,1048576,1048576,0,8,4,0.25,2,0.5,0,1,1.0,0.2091524583687337,3,0,3,0.0,2.0,0.5,2.0,3,0.5,0.5,0.0,0.943359375,0.056640625,0.0,256,1024,0,0.0,166.8107249090866,0.06279998342506588,0.0,110.66626808989788,56.08165683576365,0,823.8597509958319,0,533.6217509944228,3.1380367668140593e-06,2.1971616177342377e-06,1.7018811159540543e-05,1.5249239502832119e-06,8.678487264922926e-07,9.750080866397152e-07,2.572179030750406e-05,predictor_only,nsga2
0,488,488,train,2.525500774383545,0.287109375,0.638671875,8,64,512,89.24450000631623,1.2091373863311181,2.325867212960562,25.339222123465053,47.48799999651965,1.3295592519836261,3.451198712498759,4.780757964482385,0.005699999746866524,0.0,2.5397577817942185,2.2353001829413,0,89.64037401811645,5736.983937159453,2097152.0,2,0.5,0.5,0.0,0.0,0.0,82.33008605156581,0.006800008122809231,0.0,65.87119468853801,16.452091354905,0,1,0,17.945782560773317,64.3843034907925,0.0,1048576,1048576,0,8,4,0.25,2,0.5,0,1,1.0,0.30459390115263907,3,3,0,1.0,0.0,0.0,1.0,0,0.5,0.5,0.0,0.9453125,0.0546875,0.0,256,1024,0,0.0,115.49690689102694,0.04709999484475702,0.0,109.21171161836476,6.238095277817431,0,823.8597509958319,0,734.6152509895156,4.836549545324473e-07,9.303468851842249e-07,1.520353327407903e-05,1.3295592519836263e-07,3.451198712498759e-07,9.520694674972431e-07,1.8047680377741182e-05,predictor_only,nsga2
0,489,489,train,2.4250625371932983,0.287109375,0.6796875,8,64,512,89.06919999571983,1.2720288783549856,2.4646799650245925,25.48624747424529,48.21020000963472,1.2717673087636163,3.1748730299929315,4.446640338756548,0.00589998671784997,0.0,2.409527790698398,2.0312125613403,0,89.81679619428755,5748.274956434403,2097152.0,2,0.5,0.5,0.0,0.0,0.0,76.97064604322921,0.006900008884258568,0.0,59.25379881742347,17.709947216921478,0,1,0,18.37029741832908,58.60034862490013,0.0,1048576,1048576,0,8,4,0.25,2,0.5,0,1,1.0,0.2201412853775118,3,0,3,0.0,2.0,0.5,2.0,3,0.5,0.5,0.0,0.953125,0.046875,0.0,256,1024,0,0.0,116.89182527049947,0.04899998020846397,0.0,109.61423997952733,7.228585310763673,0,823.8597509958319,0,734.790551000112,5.088115513419944e-07,9.85871986009837e-07,1.5291748484547172e-05,1.2717673087636162e-07,3.174873029992932e-07,8.869071576820923e-07,1.8118003213456748e-05,predictor_only,nsga2
0,490,490,train,2.361497640609741,0.326171875,0.720703125,8,64,512,102.10990000632592,1.276036999480188,3.0769128380849553,25.545678357089898,44.95379999571014,1.2956069472698961,5.085367075641118,6.380974022911014,0.007499998901039362,0.0,2.298486274682303,4.074987749327671,0,78.34619026474537,5014.156176943704,2097152.0,2,0.5,0.5,0.0,0.0,0.0,84.79234384780668,0.007599999662488699,0.0,66.89702346031456,17.887720387829617,0,1,0,17.374213452592194,67.41813039521448,0.0,1048576,1048576,0,8,4,0.25,2,0.5,0,1,1.0,0.2963165802149685,3,3,0,1.0,0.0,0.0,1.0,0,0.5,0.5,0.0,0.931640625,0.068359375,0.0,256,1024,0,0.0,119.59451277862017,0.04999997327104211,0.0,109.67261134141052,9.871901463938604,0,823.8597509958319,0,721.749850989506,5.104147997920751e-07,1.2307651352339822e-06,1.532740701425394e-05,1.2956069472698962e-07,5.085367075641118e-07,9.827596992684956e-07,1.8689444050839596e-05,predictor_only,nsga2
0,491,491,train,2.420072853565216,0.30859375,0.66796875,8,64,512,366.99949999456294,1.2750419841107767,77.26300327189416,25.451831858769147,51.25930000212975,1.2007044944529386,2.9920629409470276,4.192767435399967,0.006199989002197981,0.0,2.19702869358458,1.9895387528131885,0,21.79833542493408,1395.0934671957812,2097152.0,2,0.5,0.5,0.0,0.0,0.0,86.47950134072336,0.007800001185387373,0.0,67.5763088892784,18.89539245025957,0,1,0,19.543971088014914,66.93553025270845,0.0,1048576,1048576,0,8,4,0.25,2,0.5,0,1,1.0,0.17369072493825644,3,0,3,0.0,2.0,0.5,2.0,3,0.5,0.5,0.0,0.9599609375,0.0400390625,0.0,256,1024,0,0.0,415.95950845909636,0.045899985707364976,300.0,109.73158181719063,6.182026656198365,0,365.70250749740785,1,-1.2969924971550881,5.100167936443107e-07,3.090520130875767e-05,1.5271099115261486e-05,1.2007044944529385e-07,2.992062940947028e-07,9.986660739126504e-07,4.810426003511611e-05,predictor_only,nsga2
0,492,492,train,2.4700037837028503,0.234375,0.6640625,8,64,512,368.35140000039246,1.28245366622099,77.45452089185008,25.476118941072656,53.10119999921881,1.1886423341970045,3.2131906711518914,4.401833005348896,0.006400005077011883,0.0,2.2407139482728566,2.1547190519990274,0,21.718332770443403,1389.9732973083778,2097152.0,2,0.5,0.5,0.0,0.0,0.0,82.08539332124136,0.00650000583846122,0.0,63.5396525287926,18.5392407866103,0,1,0,18.853910970009462,63.2314823512319,0.0,1048576,1048576,0,8,4,0.25,2,0.5,0,1,1.0,0.19776865982085054,3,3,0,1.0,0.0,0.0,1.0,0,0.5,0.5,0.0,0.9541015625,0.0458984375,0.0,256,1024,0,0.0,416.8523739965749,0.047699984861537814,300.0,109.578950739684,7.225723272029388,0,404.51734949754615,0,36.16594949715369,5.12981466488396e-07,3.098180835674004e-05,1.528567136464359e-05,1.1886423341970045e-07,3.2131906711518915e-07,9.473168979148773e-07,4.816796138632179e-05,predictor_only,nsga2
0,493,493,train,2.4508825540542603,0.232421875,0.673828125,8,64,512,86.25439999741502,1.2489768896346594,2.242653392329374,25.550731250865887,48.683500004699454,1.2287860800774428,3.1181943274076533,4.346980407485097,0.006199989002197981,0.0,2.5259152401177296,1.8148651783651684,0,92.74781637137792,5935.860247768187,2097152.0,2,0.5,0.5,0.0,0.0,0.0,79.04982268266261,0.006700007361359894,0.0,62.193845617775416,16.849277057525825,0,1,0,17.652727753537825,61.397094929124776,0.0,1048576,1048576,0,8,4,0.25,2,0.5,0,1,1.0,0.241032865595602,3,0,3,0.0,2.0,0.5,2.0,3,0.5,0.5,0.0,0.9384765625,0.0615234375,0.0,256,1024,0,0.0,116.16944613131969,0.04339998122304678,0.0,109.89936676129255,6.226679388804076,0,404.51734949754615,0,318.2629495001311,4.995907558538638e-07,8.970613569317496e-07,1.5330438750519532e-05,1.228786080077443e-07,3.1181943274076536e-07,9.132924166848755e-07,1.8075081320738533e-05,predictor_only,nsga2
0,494,494,train,2.393389880657196,0.26953125,0.67578125,8,64,512,76.03779999772087,1.2348349909273921,2.314647097018574,25.139068382607668,57.693000009749085,1.2692933727848643,3.2162022877056544,4.4854956604905185,0.005900001269765198,0.0,2.489959290759412,1.9896363684613418,0,105.20944570718878,6733.404525260082,2097152.0,2,0.5,0.5,0.0,0.0,0.0,78.28474496834347,0.006999995093792677,0.0,61.03255583935009,17.245189133899597,0,1,0,18.431677340002555,59.85306762834092,0.0,1048576,1048576,0,8,4,0.25,2,0.5,0,1,1.0,0.1859599251701455,3,3,0,1.0,0.0,0.0,1.0,0,0.5,0.5,0.0,0.9501953125,0.0498046875,0.0,256,1024,0,0.0,114.75420188221452,0.04549999721348286,0.0,108.50298468910907,6.20571719589197,0,404.51734949754615,0,328.4795494998253,4.939339963709568e-07,9.258588388074296e-07,1.50834410295646e-05,1.2692933727848642e-07,3.216202287705655e-07,9.025535849401166e-07,1.7854337015732157e-05,predictor_only,nsga2
0,495,495,train,2.553752303123474,0.25390625,0.650390625,8,64,512,105.23729999840725,1.2414275373586585,2.3864441129632565,25.54527127643852,47.94129999936558,1.242429215760485,3.281465520211812,4.523894735972297,0.00549999822396785,0.0,2.524913221711981,1.9934815160363488,0,76.01795164043013,4865.148904987528,2097152.0,2,0.5,0.5,0.0,0.0,0.0,84.7480250152143,0.006600006599910557,0.0,66.84973875825757,17.89168625035682,0,1,0,17.791702318164173,66.95632269705013,0.0,1048576,1048576,0,8,4,0.25,2,0.5,0,1,1.0,0.24103284089209526,3,0,3,0.0,2.0,0.5,2.0,3,0.5,0.5,0.0,0.9404296875,0.0595703125,0.0,256,1024,0,0.0,116.69257170704172,0.04590001481119543,0.0,110.55996353126125,6.08670816096928,0,404.51734949754615,0,299.2800494991389,4.965710149434634e-07,9.545776451853027e-07,1.532716276586311e-05,1.2424292157604851e-07,3.2814655202118125e-07,9.81392895546243e-07,1.8212093795135346e-05,predictor_only,nsga2
0,496,496,train,2.3094541430473328,0.294921875,0.705078125,8,64,512,82.6768999977503,1.322307443707755,2.483602546341927,25.57582065726325,61.00279999373015,1.2215488886044346,3.3977956913009377,4.6193445799053725,0.0053000112529844046,0.0,2.259372989356314,2.3546715792960735,0,96.76104497353808,6192.706878306437,2097152.0,2,0.5,0.5,0.0,0.0,0.0,82.09362065870438,0.006799993570894003,0.0,63.729119516139676,18.357701148993808,0,1,0,18.688587412440306,63.405033246264075,0.0,1048576,1048576,0,8,4,0.25,2,0.5,0,1,1.0,0.1859599251701455,3,3,0,1.0,0.0,0.0,1.0,0,0.5,0.5,0.0,0.9609375,0.0390625,0.0,256,1024,0,0.0,117.52692258925174,0.044700034777633846,0.0,109.87585139329154,7.6063711611825555,0,404.51734949754615,0,321.84044949979585,5.28922977483102e-07,9.934410185367707e-07,1.534549239435795e-05,1.2215488886044348e-07,3.397795691300938e-07,9.47746273079572e-07,1.8277537121447933e-05,predictor_only,nsga2
0,497,497,train,2.4175789952278137,0.271484375,0.67578125,8,64,512,105.25269999925513,1.2482910925108164,2.3970629211896695,25.489942959757823,48.884999996516854,1.3234757190879933,3.2867852455312248,4.6102609646192185,0.005999987479299307,0.0,2.5998812349285636,2.0043797422113556,0,76.00682921414274,4864.437069705135,2097152.0,2,0.5,0.5,0.0,0.0,0.0,86.01040858713782,0.006900008884258568,0.0,68.16283681665873,17.840671761594834,0,1,0,18.774397651265367,67.23601093587246,0.0,1048576,1048576,0,8,4,0.25,2,0.5,0,1,1.0,0.241032865595602,3,0,3,0.0,2.0,0.5,2.0,3,0.5,0.5,0.0,0.9453125,0.0546875,0.0,256,1024,0,0.0,116.54118789383324,0.047299996367655694,0.0,109.97208519294709,6.521802704518488,0,404.51734949754615,0,299.264649498291,4.993164370043266e-07,9.588251684758678e-07,1.5293965775854692e-05,1.3234757190879932e-07,3.2867852455312246e-07,9.945761077431232e-07,1.8207709585539934e-05,predictor_only,nsga2
0,498,498,train,2.4989553689956665,0.23828125,0.65234375,8,64,512,93.93030000501312,1.3530827527903617,2.7371630552791393,26.01043583064451,60.85180000809487,1.5252204113365144,3.920241981113982,5.445462392450496,0.006000002031214535,0.0,2.5818198203609146,2.8576425700583674,0,85.16862855696705,5450.792227645891,2097152.0,2,0.0,0.5,0.5,0.0,0.0,92.84746158636591,0.009300012607127428,0.0,75.25920703108594,17.578954542672843,0,1,0,0.0,66.3245620821131,26.52289950425281,0,1048576,1048576,8,4,0.25,2,0.5,0,1,1.0,0.19776865982085054,3,3,0,1.0,0.0,0.0,1.0,0,0.5,0.5,0.0,0.943359375,0.056640625,0.0,256,1024,0,0.0,120.40272655485605,0.051999944844283164,0.0,110.88790463345816,9.462821976553586,0,404.51734949754615,0,310.587049492533,5.412331011161447e-07,1.0948652221116556e-06,1.5606261498386705e-05,1.5252204113365146e-07,3.9202419811139825e-07,1.0611237400278852e-06,1.884802980088744e-05,predictor_only,nsga2
0,499,499,train,2.39948832988739,0.25,0.66015625,8,64,512,1776.147199998377,7.446866494069587,60.48207943541894,39.41390148207572,61.45300000207499,13.65557361742617,110.2596239907281,123.91519760815427,0.008699993486516178,0.0,2.360302762674941,121.54619485199282,0,4.50412865323249,288.26423380687936,2097152.0,2,0.5,0.5,0.0,0.0,0.0,76.7093631665291,0.00680002267472446,0.0,59.69856645637391,17.003996687480473,0,1,0,18.030666242750435,58.678696923778666,0.0,1048576,1048576,0,8,4,0.25,2,0.5,0,1,1.0,0.2091524583687337,3,0,3,0.0,2.0,0.5,2.0,3,0.5,0.5,0.0,0.9501953125,0.0498046875,0.0,256,1024,0,0.0,429.37138964625694,0.0769999751355499,0.0,109.75518618271961,319.5392034884018,0,862.525883995329,1,-913.6213160030479,2.9787465976278347e-06,2.4192831774167573e-05,2.364834088924543e-05,1.365557361742617e-06,1.102596239907281e-05,8.844510255128482e-07,6.409589004736911e-05,predictor_only,nsga2
0,500,500,val,2.549004316329956,0.240234375,0.666015625,8,64,512,291.45319999952335,1.2733413076188727,2.357270630929979,144.87355571061644,0.0,0.0,0.0,0.0,0.0,0.0,0.0,0.0,0,27.448566532968417,1756.7082581099787,0.0,0,0.0,0.0,0.0,0.0,0.0,0.0,0.0,0.0,0.0,0.0,0,0,0,0.0,0.0,0.0,0,0,0,8,4,0.25,2,0.5,2,1,1.0,0.18595995617580352,0,0,0,0.0,0.0,0.0,0.0,0,0.5,0.5,0.0,0.962890625,0.037109375,0.0,256,1024,0,0.0,594.0166705966611,0.0475000124424696,440.0,146.43614352230009,7.5330270619185935,0,862.525883995329,0,571.0726839958056,5.09336523047549e-07,9.429082523719916e-07,6.76604859927613e-06,0.0,0.0,0.0,8.218293374695671e-06,predictor_only,nsga2
0,500,500,train,2.521034061908722,0.216796875,0.65234375,8,64,512,204.5384999946691,1.291820566635319,2.015646643474814,65.3726387399374,36.18260000075679,1.240311769059808,2.543027777327228,3.783339546387036,0.007099995855242014,0.0,2.309914324454838,1.4663252260769557,0,39.11224971317767,2503.1839816433708,2097152.0,2,0.0,0.5,0.5,0.0,0.0,91.31902642555458,0.006800008122809231,0.0,72.47862568787217,18.833600729559603,0,1,0,0.0,64.45485832179457,26.864168103760008,0,1048576,1048576,8,4,0.25,2,0.5,0,1,1.0,0.06940013978643762,3,3,0,1.0,0.0,0.0,1.0,0,0.5,0.5,0.0,0.9599609375,0.0400390625,0.0,256,1024,0,0.0,274.72042380019013,0.051499984692782164,120.0,148.53138475966063,6.137539055836697,0,862.525883995329,0,657.9873840006599,5.167282266541276e-07,8.062586573899258e-07,3.526646652875194e-06,1.240311769059808e-07,2.543027777327228e-07,9.669186004630659e-07,6.194886092021017e-06,predictor_only,nsga2
0,501,501,train,2.4540445804595947,0.2734375,0.65234375,8,64,512,191.18959999468643,1.3693617125573683,2.2041463463163797,48.49952580280258,35.06589999597054,1.4131706921065759,2.8924143336409545,4.30558502574753,0.00580001506023109,0.0,2.3660233452871244,1.9337616654001744,0,41.843061323215345,2677.955924685782,2097152.0,2,0.5,0.5,0.0,0.0,0.0,79.68190303208681,0.006699992809444666,0.0,62.02101391126509,17.65418912801228,0,1,0,17.803924541834366,61.877978490252445,0.0,1048576,1048576,0,8,4,0.25,2,0.5,0,1,1.0,0.19776865982085054,3,0,3,0.0,2.0,0.5,2.0,3,0.5,0.5,0.0,0.9599609375,0.0400390625,0.0,256,1024,0,0.0,208.29213544670532,51.93110000982415,0.0,148.9971481802362,7.36388725664498,0,862.525883995329,0,671.3362840006425,5.477446850229472e-07,8.816585385265519e-07,2.878552277945174e-06,1.413170692106576e-07,2.8924143336409544e-07,8.324268794045369e-07,5.570940883473963e-06,predictor_only,nsga2
0,502,502,train,2.6042014956474304,0.244140625,0.619140625,8,64,512,201.1966999998549,1.2688191638349093,2.171051945814418,49.42425234330027,36.18800001277123,1.3497698658454886,2.7617488463475084,4.111518712192997,0.006599992047995329,0.0,2.3585173182959074,1.7464014018490945,0,39.761885946040984,2544.760700546623,2097152.0,2,0.5,0.0,0.5,0.0,0.0,41.50837084883726,0.007100010407157242,0.0,25.038001501148315,16.463269337281783,0,1,0,16.43832867403303,0.0,25.070042174804225,1048576,0,1048576,8,4,0.25,2,0.5,0,1,1.0,0.13364216641330787,3,3,0,1.0,0.0,0.0,1.0,0,0.5,0.5,0.0,0.9521484375,0.0478515625,0.0,256,1024,0,0.0,211.45649381179837,56.25100000179373,0.0,146.2446059156898,8.960887894314833,0,404.51734949754615,0,203.32064949769125,5.075276655339638e-07,8.684207783257673e-07,3.0071537082319142e-06,1.3497698658454888e-07,2.761748846347508e-07,4.4796036583643857e-07,5.242214389147384e-06,predictor_only,nsga2
0,503,503,train,2.4986711740493774,0.267578125,0.6171875,8,64,512,178.39200000162236,1.2659765848460356,2.327704370783012,44.83022623685221,37.372599996160716,1.2564331815114986,3.1959419141140053,4.452375095625504,0.006600021151825786,0.0,2.446849362171343,1.9989257123023354,0,44.844808932678106,2870.067771691399,2097152.0,2,0.5,0.5,0.0,0.0,0.0,76.23007187032233,0.008300004992634058,0.0,58.5292826470804,17.692489218249296,0,1,0,17.63038669942935,58.59968517089298,0.0,1048576,1048576,0,8,4,0.25,2,0.5,0,1,1.0,0.2201412464909665,3,0,3,0.0,2.0,0.5,2.0,3,0.5,0.5,0.0,0.9580078125,0.0419921875,0.0,256,1024,0,0.0,193.69562876992504,38.775799999712035,0.0,146.0114065880142,8.908422182198809,0,404.51734949754615,0,226.12534949592379,5.063906339384142e-07,9.31081748313205e-07,2.7204197714290976e-06,1.2564331815114988e-07,3.1959419141140054e-07,7.975614921020821e-07,5.400691155345349e-06,predictor_only,nsga2
0,504,504,train,2.5324938893318176,0.244140625,0.650390625,8,64,512,202.51269999425858,1.2627620242444153,2.285336342240022,48.37782480610972,35.257900002761744,1.1496439584900024,3.014095078725868,4.16373903721587,0.007199996616691351,0.0,2.362926326959638,1.7936127136395412,0,39.5035002581396,2528.2240165209346,2097152.0,2,0.5,0.5,0.0,0.0,0.0,78.50373096172578,0.010400006431154907,0.0,59.56403751644078,18.929293438853847,0,1,0,16.92495080050182,61.57878016122396,0.0,1048576,1048576,0,8,4,0.25,2,0.5,0,1,1.0,0.18595995617580352,3,3,0,1.0,0.0,0.0,1.0,0,0.5,0.5,0.0,0.9560546875,0.0439453125,0.0,256,1024,0,0.0,207.70369269037664,53.97870005981531,0.0,146.5336975087808,7.191295121780546,0,404.51734949754615,0,202.00464950328757,5.051048096977662e-07,9.141345368960089e-07,2.8373087363665394e-06,1.1496439584900026e-07,3.0140950787258683e-07,8.188872112182614e-07,5.491809197900163e-06,predictor_only,nsga2
0,505,505,train,2.4865247011184692,0.271484375,0.666015625,8,64,512,198.9956000033999,1.3022178406481353,2.3676815270566722,77.8966492699639,36.254100006772205,1.2044771483156338,3.079174369271963,4.283651517587597,0.006599992047995329,0.0,2.3520669597603794,1.924984565779222,0,40.20169188751626,2572.9082808010407,2097152.0,2,0.5,0.5,0.0,0.0,0.0,79.1073913548856,0.008199989679269493,0.0,61.75664024881119,17.342551116395136,0,1,0,15.232917323939517,63.87447403094608,0.0,1048576,1048576,0,8,4,0.25,2,0.5,0,1,1.0,0.3045938747931645,3,0,3,0.0,2.0,0.5,2.0,3,0.5,0.5,0.0,0.947265625,0.052734375,0.0,256,1024,0,0.0,326.2661945506749,50.95589994743932,120.0,147.78671646415546,7.5235781390800724,0,404.51734949754615,0,205.52174949414626,5.208871362592542e-07,9.470726108226689e-07,4.060567289029045e-06,1.204477148315634e-07,3.079174369271963e-07,8.21539748196735e-07,6.7784319360664624e-06,predictor_only,nsga2
0,506,506,train,2.451026499271393,0.27734375,0.650390625,8,64,512,111.41689999203663,1.2243372670090569,2.6422352594575944,35.04725150083219,51.08460001065396,1.3034383381123944,3.70006163137906,5.003499969491454,0.006300004315562546,0.0,2.3514240065059053,2.6457759586699865,0,71.80174819819601,4595.311884684545,2097152.0,2,0.5,0.5,0.0,0.0,0.0,78.45586445995116,0.006800008122809231,0.0,60.65762431573117,17.79144013609719,0,1,0,17.035977109759052,61.41988735019211,0.0,1048576,1048576,0,8,4,0.25,2,0.5,0,1,1.0,0.2307606527190679,3,3,0,1.0,0.0,0.0,1.0,0,0.5,0.5,0.0,0.95703125,0.04296875,0.0,256,1024,0,0.0,155.65529610919538,0.047900015488266945,0.0,146.97225101129123,8.635145082415862,0,404.51734949754615,0,293.1004495055095,4.897349068036227e-07,1.0568941037830378e-06,2.298893708303026e-06,1.3034383381123945e-07,3.70006163137906e-07,8.186305988190297e-07,5.164503314657861e-06,predictor_only,nsga2
0,507,507,train,2.4775155186653137,0.24609375,0.68359375,8,64,512,202.64730000053532,1.232284726765671,2.266797996488477,49.73920216542878,41.723599992110394,1.334589544823492,3.1278614300221794,4.462450974845671,0.006600006599910557,0.0,2.50442457829957,1.9514263899461908,0,39.477261837276046,2526.544757585667,2097152.0,2,0.5,0.5,0.0,0.0,0.0,77.13858182472931,0.009399998816661537,0.0,58.725591476101904,18.403590349810752,0,1,0,16.739973464564123,60.39860836016519,0.0,1048576,1048576,0,8,4,0.25,2,0.5,0,1,1.0,0.17369072493825644,3,0,3,0.0,2.0,0.5,2.0,3,0.5,0.5,0.0,0.9541015625,0.0458984375,0.0,256,1024,0,0.0,212.9531395547317,56.82099997648038,0.0,149.08494431722522,7.047195261026097,0,404.51734949754615,0,201.87004949701083,4.929138907062684e-07,9.067191985953908e-07,2.9076704207710896e-06,1.3345895448234918e-07,3.127861430022179e-07,8.048657651764214e-07,5.558414372733737e-06,predictor_only,nsga2
0,508,508,train,2.6734412908554077,0.287109375,0.59375,8,64,512,214.115299997502,1.280843388407295,2.2493276935125257,50.4086576714503,48.33780000626575,1.3446723009907486,3.09592917540708,4.440601476397829,0.015399986295960844,0.0,2.6319377254878704,1.7932637646139975,0,37.36287242070469,2391.2238349251,2097152.0,2,0.5,0.5,0.0,0.0,0.0,78.05394916628049,0.006700007361359894,0.0,60.004776116792684,18.042473042126435,0,1,0,17.572707555639905,60.48124161064058,0.0,1048576,1048576,0,8,4,0.25,2,0.5,0,1,1.0,0.17369070345169255,3,3,0,1.0,0.0,0.0,1.0,0,0.5,0.5,0.0,0.955078125,0.044921875,0.0,256,1024,0,0.0,215.7553150134805,58.85479997959919,0.0,150.06319301035342,6.837322023527873,0,404.51734949754615,0,190.40204950004414,5.12337355362918e-07,8.997310774050103e-07,2.922223875061078e-06,1.3446723009907487e-07,3.09592917540708e-07,8.156849067740846e-07,5.594037362242874e-06,predictor_only,nsga2
0,509,509,train,2.62720388174057,0.271484375,0.642578125,8,64,512,96.82710000197403,1.2582344426296617,2.701295775347114,35.699854912582325,62.8520999889588,1.1168147621543731,3.830184572368222,4.946999334522595,0.00650000583846122,0.0,2.332933459238298,2.607565869445836,0,82.62064421213371,5287.721229576558,2097152.0,2,0.5,0.0,0.5,0.0,0.0,41.989265381316756,0.008500006515532732,0.0,24.7646473822375,17.21611799256372,0,1,0,17.21814158264049,0.0,24.771123798676264,1048576,0,1048576,8,4,0.25,2,0.5,0,1,1.0,0.2201412464909665,3,0,3,0.0,2.0,0.5,2.0,3,0.5,0.5,0.0,0.951171875,0.048828125,0.0,256,1024,0,0.0,158.63754052223638,0.04879997868556529,0.0,148.55334008851733,10.035400455033496,0,404.51734949754615,0,307.6902494955721,5.032937770518648e-07,1.0805183101388456e-06,2.455567119308014e-06,1.1168147621543731e-07,3.830184572368222e-07,4.543289369784485e-07,4.988408076929432e-06,predictor_only,nsga2
0,510,510,train,2.520495057106018,0.306640625,0.640625,8,64,512,102.28589999314863,1.2493515409763776,2.745229711180704,35.3264869529537,65.29730001057032,1.2154246433982618,3.9470531061079326,5.162477749506195,0.006400005077011883,0.0,2.470874159039069,2.6852035853901137,0,78.21138386768838,5005.5285675320565,2097152.0,2,0.5,0.5,0.0,0.0,0.0,76.58459860385885,0.008500006515532732,0.0,59.07567195170485,17.50042664563847,0,1,0,16.977450797552635,59.607147806306216,0.0,1048576,1048576,0,8,4,0.25,2,0.5,0,1,1.0,0.17369072493825644,3,3,0,1.0,0.0,0.0,1.0,0,0.5,0.5,0.0,0.9560546875,0.0439453125,0.0,256,1024,0,0.0,157.28427282044314,0.04709999484475702,0.0,148.15664995395736,9.080522871640992,0,404.51734949754615,0,302.2314495043975,4.99740616390551e-07,1.0980918844722815e-06,2.3354342995081437e-06,1.2154246433982618e-07,3.9470531061079323e-07,7.998008876336938e-07,5.249315462955291e-06,predictor_only,nsga2
0,511,511,train,2.6686031818389893,0.2421875,0.59765625,8,64,512,883.0860000016401,4.129728420663045,3.5596234571951597,89.08798271614324,128.26949999725912,7.697494091818173,5.282529189155534,12.980023280973708,0.007700000423938036,0.0,2.293108485075059,10.67921479547471,0,9.059130074369957,579.7843247596772,2097152.0,2,0.5,0.5,0.0,0.0,0.0,80.52999448980954,0.00650000583846122,0.0,61.72549829182381,18.797996192147266,0,1,0,16.132159192433733,64.3978352973758,0.0,1048576,1048576,0,8,4,0.25,2,0.5,0,1,1.0,0.16091838189257093,3,0,3,0.0,2.0,0.5,2.0,3,0.5,0.5,0.0,0.9541015625,0.0458984375,0.0,256,1024,0,0.0,387.1093383760058,0.0701999815646559,0.0,148.11867580209366,238.92046259234746,0,716.6009730011849,1,-166.48502700045515,1.6518913682652181e-06,1.423849382878064e-06,3.436983685382361e-05,7.697494091818174e-07,5.282529189155534e-07,8.375642632829629e-07,3.9581144196347224e-05,predictor_only,nsga2
0,512,512,train,2.4156360626220703,0.322265625,0.671875,8,64,512,212.97400000912603,1.305157688522944,2.0371711692757866,48.21164788516155,41.40519999782555,1.3070707035911389,2.9776707330911125,4.284741436682252,0.006000002031214535,0.0,2.5159647876144704,1.7627766470365664,0,37.56309425828007,2404.0380325299243,2097152.0,2,0.5,0.0,0.5,0.0,0.0,42.77927684623249,0.006800008122809231,0.0,23.944243247662257,18.828233590447425,0,1,0,18.342912216898803,0.0,24.43636462933369,1048576,0,1048576,8,4,0.25,2,0.5,0,1,1.0,0.2307606283979408,3,3,0,1.0,0.0,0.0,1.0,0,0.5,0.5,0.0,0.9482421875,0.0517578125,0.0,256,1024,0,0.0,206.21590697184112,52.79849999351427,0.0,146.94125801918767,6.476148959139173,0,716.6009730011849,0,503.6269729920589,5.220630754091775e-07,8.148684677103147e-07,2.8465318730971768e-06,1.307070703591139e-07,2.9776707330911125e-07,4.6447859289612255e-07,5.076416152781017e-06,predictor_only,nsga2
0,513,513,train,2.539761006832123,0.271484375,0.640625,8,64,512,102.68730000825599,1.2448271899888839,2.492750738087458,34.7115204195119,49.679800009471364,1.286049139022828,3.513118121409861,4.7991672604326885,0.005700014298781753,0.0,2.4259367277572315,2.3675305183766753,0,77.90566207987484,4985.96237311199,2097152.0,2,0.5,0.5,0.0,0.0,0.0,76.6246339651033,0.006900008884258568,0.0,59.32832611206808,17.289407844150958,0,1,0,16.725324606202065,59.89930935890123,0.0,1048576,1048576,0,8,4,0.25,2,0.5,0,1,1.0,0.17369072493825644,3,0,3,0.0,2.0,0.5,2.0,3,0.5,0.5,0.0,0.9560546875,0.0439453125,0.0,256,1024,0,0.0,153.79639339035296,0.05140002758707851,0.0,145.6706758780953,8.074317484670585,0,716.6009730011849,0,613.9136729929289,4.979308759955536e-07,9.971002952349833e-07,2.322755483319631e-06,1.286049139022828e-07,3.513118121409861e-07,7.99696988863437e-07,5.097400369456873e-06,predictor_only,nsga2
0,514,514,train,2.603129506111145,0.265625,0.615234375,8,64,512,103.30390000308398,1.244902562785554,2.362570174884889,35.172280317623134,47.73859999841079,1.2810670638624297,3.439356008899506,4.720423072761935,0.005799985956400633,0.0,2.3988224027366716,2.315800684068864,0,77.44066350929312,4956.2024645947595,2097152.0,2,0.5,0.5,0.0,0.0,0.0,78.25609372775072,0.006700007361359894,0.0,60.403501704511754,17.845892015877613,0,1,0,18.382467730528422,59.873625997222305,0.0,1048576,1048576,0,8,4,0.25,2,0.5,0,1,1.0,0.2201412464909665,3,3,0,1.0,0.0,0.0,1.0,0,0.5,0.5,0.0,0.935546875,0.064453125,0.0,256,1024,0,0.0,155.1190122211743,0.04509997961577028,0.0,146.54006784476252,8.533844396796002,0,716.6009730011849,0,613.2970729981009,4.979610251142217e-07,9.450280699539555e-07,2.3546205782389973e-06,1.28106706386243e-07,3.4393560088995065e-07,8.193258727385641e-07,5.088977853321933e-06,predictor_only,nsga2
0,515,515,train,2.5171111822128296,0.27734375,0.640625,8,64,512,212.21070000319742,1.2740453688074103,2.3193550546088915,49.40776798972804,52.08539999148343,1.1617172532719662,3.2295297265041767,4.391246979776143,0.006200003554113209,0.0,2.334690912560773,2.0503560636612566,0,37.69820419835223,2412.6850686945427,2097152.0,2,0.5,0.0,0.5,0.0,0.0,40.95665659342467,0.007499998901039362,0.0,24.278536919651113,16.670619674872512,0,1,0,16.07121072142687,0.0,24.885445871997796,1048576,0,1048576,8,4,0.25,2,0.5,0,1,1.0,0.17369072493825644,3,0,3,0.0,2.0,0.5,2.0,3,0.5,0.5,0.0,0.95703125,0.04296875,0.0,256,1024,0,0.0,212.00467365257737,57.34320000919979,0.0,147.16054723345252,7.50092640992508,0,716.6009730011849,0,504.3902729979875,5.096181475229642e-07,9.277420218435566e-07,2.914130188316718e-06,1.1617172532719662e-07,3.229529726504177e-07,4.4170898737710037e-07,5.232324043037952e-06,predictor_only,nsga2
0,516,516,train,2.6085627675056458,0.263671875,0.58984375,8,64,512,104.88899999472778,1.3087127902542832,2.373585613624349,34.838431254714365,41.125000003376044,1.1381136648880463,3.1796861504508116,4.317799815338858,0.006200003554113209,0.0,2.3667275429797803,1.9448722688049647,0,76.27037849558694,4881.304223717564,2097152.0,2,0.5,0.5,0.0,0.0,0.0,82.70822991528367,0.006400005077011883,0.0,63.5072069764288,19.194622933777868,0,1,0,17.68291684388122,65.02531307140245,0.0,1048576,1048576,0,8,4,0.25,2,0.5,0,1,1.0,0.2201412464909665,3,3,0,1.0,0.0,0.0,1.0,0,0.5,0.5,0.0,0.953125,0.046875,0.0,256,1024,0,0.0,154.082918634372,0.04760005685966462,0.0,146.02417123911005,8.011147338402271,0,716.6009730011849,0,611.7119730064571,5.234851161017133e-07,9.494342454497397e-07,2.271087713458522e-06,1.1381136648880464e-07,3.179686150450812e-07,8.624481328405992e-07,5.03823518938446e-06,predictor_only,nsga2
0,517,517,train,2.5940370559692383,0.279296875,0.615234375,8,64,512,394.63189999514725,1.3377815412736254,77.30921407365541,48.95954334764403,36.883100008708425,1.2062249682973851,3.1047733049793544,4.31099827327674,0.006400005077011883,0.0,2.19699106095895,2.107607207240777,0,20.272004691191167,1297.4083002362347,2097152.0,2,0.5,0.5,0.0,0.0,0.0,76.92556851313302,0.006699992809444666,0.0,60.27575606380299,16.643112456520576,0,1,0,16.81462171040163,60.11094680273138,0.0,1048576,1048576,0,8,4,0.25,2,0.5,0,1,1.0,0.16091838189257093,3,0,3,0.0,2.0,0.5,2.0,3,0.5,0.5,0.0,0.951171875,0.048828125,0.0,256,1024,0,0.0,510.42615585029233,54.937199980486184,300.0,147.6172015431556,7.871754326650549,0,729.6098204985886,0,334.9779205034414,5.351126165094501e-07,3.092368562946217e-05,2.984233049966524e-06,1.2062249682973853e-07,3.104773304979355e-07,8.028849285521334e-07,3.5677016051817947e-05,predictor_only,nsga2
0,518,518,train,2.627636730670929,0.234375,0.61328125,8,64,512,93.29219999199267,1.2281332458316387,2.4570831378822575,34.12069091438721,51.13490000076126,1.157520884947315,3.368157080802602,4.525677965749917,0.006299989763647318,0.0,2.2181897283422156,2.3011882476440544,0,85.7511587198921,5488.074158073095,2097152.0,2,0.5,0.5,0.0,0.0,0.0,79.452487878337,0.007000009645707905,0.0,61.302968651989005,18.14251921670228,0,1,0,18.303202047460996,61.149285830875996,0.0,1048576,1048576,0,8,4,0.25,2,0.5,0,1,1.0,0.19776865982085054,3,3,0,1.0,0.0,0.0,1.0,0,0.5,0.5,0.0,0.943359375,0.056640625,0.0,256,1024,0,0.0,151.22362919240445,0.045999971916899085,0.0,143.44813949969028,7.729489720797253,0,729.6098204985886,0,636.317620506596,4.912532983326555e-07,9.828332551529032e-07,2.254751329370942e-06,1.1575208849473151e-07,3.3681570808026025e-07,8.31131282878292e-07,5.012536962309784e-06,predictor_only,nsga2
0,519,519,train,2.540557861328125,0.263671875,0.638671875,8,64,512,98.05040000355802,1.2871441361886937,2.4491434447949105,35.589402995574986,55.646900000283495,1.2476830236021736,3.4980342053389646,4.745717228941138,0.006200003554113209,0.0,2.4691696427504333,2.270347582636592,0,81.589860009237,5221.751040591168,2097152.0,2,0.5,0.5,0.0,0.0,0.0,75.16332827920127,0.006599992047995329,0.0,57.576030636022345,17.58069765113092,0,1,0,17.070911778732935,58.092416500468325,0.0,1048576,1048576,0,8,4,0.25,2,0.5,0,1,1.0,0.2201412464909665,3,0,3,0.0,2.0,0.5,2.0,3,0.5,0.5,0.0,0.9482421875,0.0517578125,0.0,256,1024,0,0.0,157.30276230623437,0.04800001624971628,0.0,148.085848023579,9.16891426640565,0,729.6098204985886,0,631.5594204950306,5.148576544754776e-07,9.796573779179641e-07,2.3790670098670135e-06,1.2476830236021736e-07,3.498034205338965e-07,7.857751063494786e-07,5.133928871504048e-06,predictor_only,nsga2
0,520,520,train,2.721165359020233,0.228515625,0.603515625,8,64,512,92.79029999743216,1.3262544214400636,2.48172377548697,35.163234310018346,38.25990000041202,1.4787950105069925,3.5049648906466553,4.983759901153648,0.006200003554113209,0.0,2.4837576145827516,2.493802283016783,0,86.21497920841055,5517.7586693382755,2097152.0,2,0.0,0.5,0.5,0.0,0.0,81.11831996364482,0.00650000583846122,0.0,64.46651283337022,16.645307124436144,0,1,0,0.0,57.82824965948554,23.29007030415928,0,1048576,1048576,8,4,0.25,2,0.5,0,1,1.0,0.16091842229213763,3,3,0,1.0,0.0,0.0,1.0,0,0.5,0.5,0.0,0.958984375,0.041015625,0.0,256,1024,0,0.0,155.8848500277815,0.05370000144466758,0.0,146.77288112722704,9.058268899109805,0,729.6098204985886,0,636.8195205011565,5.305017685760255e-07,9.92689510194788e-07,2.4096604046949523e-06,1.4787950105069925e-07,3.504964890646655e-07,8.577633402447668e-07,5.288991013825897e-06,predictor_only,nsga2
0,521,521,train,2.5474364161491394,0.271484375,0.65234375,8,64,512,194.2051999940304,1.1969362243760309,2.336832489306836,44.41355131111608,36.5384000033373,1.214861454400365,2.985201587863214,4.200063042263579,0.006400019628927112,0.0,2.3264419845122886,1.8672210381223637,0,41.1933295654099,2636.3730921862334,2097152.0,2,0.0,0.5,0.5,0.0,0.0,91.83992953690978,0.006300004315562546,0.0,72.92969778950213,18.90393174309208,0,1,0,0.0,64.50359088233724,27.336338654572536,0,1048576,1048576,8,4,0.25,2,0.5,0,1,1.0,0.26994862967019156,3,0,3,0.0,2.0,0.5,2.0,3,0.5,0.5,0.0,0.953125,0.046875,0.0,256,1024,0,0.0,191.7892800991958,35.90259997872636,0.0,147.30940407544614,8.577276045023288,0,729.6098204985886,0,535.4046205045582,4.787744897504124e-07,9.347329957227343e-07,2.8511815285161334e-06,1.214861454400365e-07,2.9852015878632143e-07,9.730719726782428e-07,5.657767290893881e-06,predictor_only,nsga2
0,522,522,train,2.6269277334213257,0.2265625,0.58984375,8,64,512,107.05489999963902,1.2591759800014495,2.4300080987428982,34.03442935601955,49.208700002054684,1.1643207924823589,3.1531915155439014,4.31751230802626,0.005800000508315861,0.0,2.3831281082663685,1.9285841992515755,0,74.72731535606141,4782.54818278793,2097152.0,2,0.5,0.5,0.0,0.0,0.0,81.54767728297719,0.006799993570894003,0.0,62.91594042230162,18.624936867104672,0,1,0,18.30380119319245,63.243876089784735,0.0,1048576,1048576,0,8,4,0.25,2,0.5,0,1,1.0,0.19776869931901056,3,3,0,1.0,0.0,0.0,1.0,0,0.5,0.5,0.0,0.953125,0.046875,0.0,256,1024,0,0.0,150.89445373905556,0.04700000863522291,0.0,143.40747915813068,7.4399745722896995,0,729.6098204985886,0,622.5549204989496,5.036703920005799e-07,9.720032394971594e-07,2.279327063273511e-06,1.164320792482359e-07,3.1531915155439014e-07,8.520843752161569e-07,5.038836300790034e-06,predictor_only,nsga2
0,523,523,train,2.5716745853424072,0.28515625,0.650390625,8,64,512,385.94939999165945,1.265764076302132,8.63878508728885,69.63471565144765,120.47029999666847,1.2246092093731555,14.162843423797625,15.387452633170781,0.007499984349124134,0.0,2.307447025401912,13.072505623419744,0,20.728052102479708,1326.5953345587013,2097152.0,2,0.5,0.5,0.0,0.0,0.0,79.379528658646,0.009499999578110874,0.0,60.743425892878456,18.626602766189425,0,1,0,17.61467742450477,61.76485123414122,0.0,1048576,1048576,0,8,4,0.25,2,0.5,0,1,1.0,0.2201412703795926,3,0,3,0.0,2.0,0.5,2.0,3,0.5,0.5,0.0,0.9423828125,0.0576171875,0.0,256,1024,0,0.0,318.15705926015454,139.65810000081547,0.0,143.84622650431794,34.652732755021155,0,729.6098204985886,0,343.6604205069292,5.063056305208529e-07,3.45551403491554e-06,3.889911854104964e-06,1.2246092093731557e-07,1.4162843423797626e-06,8.290246414354694e-07,1.0219501424293906e-05,predictor_only,nsga2
0,524,524,train,2.426022469997406,0.31640625,0.67578125,8,64,512,1311.408699999447,1.5207391455583563,2.8998868802904645,69.50154313061415,102.88629999558907,1.583664279040896,3.853992033587973,5.437656312628869,0.00829999044071883,0.0,2.194061375357493,3.235294946830657,0,6.100305648191694,390.4195614842684,2097152.0,2,0.5,0.0,0.5,0.0,0.0,43.66050359599588,0.007299997378140688,0.0,25.927678990145054,17.725524608472682,0,1,0,17.297174656372952,0.0,26.363328939622924,1048576,0,1048576,8,4,0.25,2,0.5,0,1,1.0,0.13364216641330787,3,3,0,1.0,0.0,0.0,1.0,0,0.5,0.5,0.0,0.951171875,0.048828125,0.0,256,1024,0,0.0,295.68867662585194,18.735699995886534,0.0,149.04377569833622,127.90920093162917,0,1230.5298335004761,1,-80.87886649897086,6.082956582233426e-07,1.159954752116186e-06,1.9928713647031338e-05,1.583664279040896e-07,3.8539920335879735e-07,4.711993852727046e-07,2.271192907390646e-05,predictor_only,nsga2
0,525,525,train,2.3949713110923767,0.318359375,0.67578125,8,64,512,220.20720000728033,1.2953153878383294,2.6935272222706317,51.077954244055974,43.719299996155314,1.2570368462576895,3.801424824220493,5.058461670478183,0.006299989763647318,0.0,2.4909330368977995,2.5612286438167353,0,36.329255675926284,2325.072363259282,2097152.0,2,0.5,0.0,0.5,0.0,0.0,41.20980732597024,0.00829999044071883,0.0,23.9198015053552,17.28170583017432,0,1,0,16.964991809179658,0.0,24.24481551679058,1048576,0,1048576,8,4,0.25,2,0.5,0,1,1.0,0.2307606527190679,3,0,3,0.0,2.0,0.5,2.0,3,0.5,0.5,0.0,0.9423828125,0.0576171875,0.0,256,1024,0,0.0,220.2671874166597,62.102999989292584,0.0,149.29884427579896,8.865343151568158,0,1230.5298335004761,0,1010.3226334931958,5.181261551353318e-07,1.0774108889082528e-06,2.9636932973603344e-06,1.2570368462576895e-07,3.801424824220493e-07,4.4602805687806174e-07,5.511104565329799e-06,predictor_only,nsga2
0,526,526,train,2.4686659574508667,0.29296875,0.66796875,8,64,512,209.90129999700002,1.2612426362101214,2.2933641060094176,49.69233611454678,40.50730000017211,1.2005803363153682,2.7764987261355007,3.977079062450869,0.006600006599910557,0.0,2.22354030861034,1.7469387472406186,0,38.11296970121022,2439.230060877454,2097152.0,2,0.5,0.5,0.0,0.0,0.0,79.02723127643219,0.007399998139590025,0.0,60.45707648499109,18.562754793301497,0,1,0,16.299892508475647,62.72733876795654,0.0,1048576,1048576,0,8,4,0.25,2,0.5,0,1,1.0,0.17369072493825644,3,3,0,1.0,0.0,0.0,1.0,0,0.5,0.5,0.0,0.9482421875,0.0517578125,0.0,256,1024,0,0.0,212.98777142706524,57.19459999818355,0.0,147.67935640309815,8.113815025783527,0,1230.5298335004761,0,1020.6285335034761,5.044970544840485e-07,9.173456424037671e-07,2.839203129301181e-06,1.2005803363153682e-07,2.776498726135501e-07,8.228720977812732e-07,5.481625830215357e-06,predictor_only,nsga2
0,527,527,train,2.2990097999572754,0.36328125,0.689453125,8,64,512,203.35009999689646,1.286404912839593,2.3928578066066732,49.123405477503574,47.57860000245273,1.3693737045480996,3.191093864981116,4.560467569529216,0.006499991286545992,0.0,2.620718443714644,1.9332491345280256,0,39.34082481049818,2517.8127878718833,2097152.0,2,0.5,0.5,0.0,0.0,0.0,74.77232698656458,0.006799993570894003,0.0,56.60294966735631,18.162577325637372,0,1,0,15.817637085011704,58.954689901552875,0.0,1048576,1048576,0,8,4,0.25,2,0.5,0,1,1.0,0.16091838189257093,3,0,3,0.0,2.0,0.5,2.0,3,0.5,0.5,0.0,0.9501953125,0.0498046875,0.0,256,1024,0,0.0,211.21067278779938,56.97930003225338,0.0,146.09601665528993,8.135356100256052,0,1230.5298335004761,0,1027.1797335035797,5.145619651358373e-07,9.571431226426694e-07,2.9161471658457834e-06,1.3693737045480997e-07,3.1910938649811165e-07,7.793585440356693e-07,5.623257554612881e-06,predictor_only,nsga2
0,528,528,train,2.505981922149658,0.259765625,0.658203125,8,64,512,98.73190001235344,1.2437785762918243,2.4326423191787194,35.477820058479026,51.13069999788422,1.2174584753734663,3.6963386042503457,4.913797079623812,0.005800000508315861,0.0,2.2758237894956475,2.632173289619849,0,81.02668916844377,5185.708106780401,2097152.0,2,0.5,0.5,0.0,0.0,0.0,80.6321564637324,0.006300004315562546,0.0,63.216618686916576,17.40923777250026,0,1,0,17.532395028840874,63.09976143489152,0.0,1048576,1048576,0,8,4,0.25,2,0.5,0,1,1.0,0.25097720212391433,3,3,0,1.0,0.0,0.0,1.0,0,0.5,0.5,0.0,0.9443359375,0.0556640625,0.0,256,1024,0,0.0,156.6169638157983,0.04669999179895967,0.0,148.51224080784075,8.058023016158565,0,729.6098204985886,0,630.8779204862352,4.975114305167298e-07,9.730569276714879e-07,2.363376941438228e-06,1.2174584753734665e-07,3.6963386042503455e-07,8.413863546950057e-07,5.166711362283833e-06,predictor_only,nsga2
0,529,529,train,2.7183815836906433,0.22265625,0.62109375,8,64,512,109.66580000240356,1.267256755594636,2.381765448632294,35.89789634927645,40.27190001215786,1.3366938619052322,3.110437956461783,4.447131818367015,0.006599992047995329,0.0,2.346042359727437,2.094489466591583,0,72.94823957500962,4668.687332800616,2097152.0,2,0.5,0.5,0.0,0.0,0.0,74.73870755879625,0.006400005077011883,0.0,56.305679308071674,18.426628245647564,0,1,0,16.463246138961047,58.27546141983521,0.0,1048576,1048576,0,8,4,0.25,2,0.5,0,1,1.0,0.1859599163750709,3,0,3,0.0,2.0,0.5,2.0,3,0.5,0.5,0.0,0.9462890625,0.0537109375,0.0,256,1024,0,0.0,158.18767421401353,0.044800006435252726,0.0,150.15867871785636,7.984195489721907,0,729.6098204985886,0,619.9440204961851,5.069027022378544e-07,9.527061794529177e-07,2.3909825053720897e-06,1.3366938619052323e-07,3.110437956461783e-07,7.803135678658847e-07,5.075618136765448e-06,predictor_only,nsga2
0,530,530,train,2.408145844936371,0.27734375,0.681640625,8,64,512,196.54699999955483,1.2696601838480657,2.251223951781397,47.91941939293905,35.319000002346,1.2680740897838045,3.2567273367524643,4.524801426536269,0.006300004315562546,0.0,2.5050113783942987,2.013490043826408,0,40.702525591805156,2604.96163787553,2097152.0,2,0.5,0.5,0.0,0.0,0.0,74.44744413075536,0.006700007361359894,0.0,56.4992771685385,17.941466954855493,0,1,0,16.26425146427653,58.183192666478824,0.0,1048576,1048576,0,8,4,0.25,2,0.5,0,1,1.0,0.19776865982085054,3,3,0,1.0,0.0,0.0,1.0,0,0.5,0.5,0.0,0.947265625,0.052734375,0.0,256,1024,0,0.0,205.76121411427403,52.78950004139915,0.0,145.86052304399448,7.111191028880417,0,729.6098204985886,0,533.0628204990338,5.078640735392263e-07,9.004895807125588e-07,2.8803583132842035e-06,1.2680740897838047e-07,3.256727336752464e-07,7.770029442361066e-07,5.518195054425723e-06,predictor_only,nsga2
0,531,531,train,2.4654335975646973,0.2890625,0.6640625,8,64,512,90.46060001128353,1.2676049664356166,2.3544025376437023,33.7312195916528,38.879500003531575,1.219568006096334,3.0821502903295395,4.301718296425873,0.006400005077011883,0.0,2.3367078501040948,1.9586104412447671,0,88.43531397855153,5659.860094627298,2097152.0,2,0.5,0.5,0.0,0.0,0.0,73.90077808817256,0.006799993570894003,0.0,55.77355101897127,18.120427075630385,0,1,0,16.447467272954775,57.453310815217776,0.0,1048576,1048576,0,8,4,0.25,2,0.5,0,1,1.0,0.2307606527190679,3,0,3,0.0,2.0,0.5,2.0,3,0.5,0.5,0.0,0.94140625,0.05859375,0.0,256,1024,0,0.0,149.41290838292846,0.04619998799171299,0.0,142.06526575834084,7.301442636595907,0,729.6098204985886,0,639.1492204873051,5.070419865742466e-07,9.417610150574809e-07,2.2702255056889435e-06,1.219568006096334e-07,3.08215029032954e-07,7.719027154276351e-07,4.921103052390893e-06,predictor_only,nsga2
0,532,532,train,2.537667691707611,0.296875,0.63671875,8,64,512,193.07769999431912,1.3722619197617267,2.4233329300861084,43.429157419267156,39.06999999890104,1.3461261840277272,3.429923261036503,4.77604944506423,0.006799993570894003,0.0,2.3212340320405778,2.4480154194527586,0,41.43388162565514,2651.768424041929,2097152.0,2,0.5,0.5,0.0,0.0,0.0,77.01670936914813,0.006999995093792677,0.0,59.16340725781144,17.8463021162429,0,1,0,17.893396673101705,59.123312696046426,0.0,1048576,1048576,0,8,4,0.25,2,0.5,0,1,1.0,0.18595995617580352,3,3,0,1.0,0.0,0.0,1.0,0,0.5,0.5,0.0,0.953125,0.046875,0.0,256,1024,0,0.0,188.89900907645998,31.97989998443518,0.0,148.48808124427237,8.431027847752427,0,729.6098204985886,0,536.5321205042695,5.489047679046908e-07,9.693331720344434e-07,2.7076574315087244e-06,1.3461261840277275e-07,3.4299232610365036e-07,8.059538870376848e-07,5.509454202991966e-06,predictor_only,nsga2
0,533,533,train,2.6017295122146606,0.255859375,0.638671875,8,64,512,94.13310000672936,1.2056185121216816,2.5235957956826414,34.68833773361401,50.48669999814592,1.1465517797925986,3.3444088099050457,4.490960589697645,0.006299989763647318,0.0,2.2820577531049215,2.202602846829075,0,84.98514352852052,5439.0491858253135,2097152.0,2,0.0,0.5,0.5,0.0,0.0,86.45350258814616,0.006799993570894003,0.0,68.85001106682628,17.596691527748987,0,1,0,0.0,61.73967198909592,24.713830599050254,0,1048576,1048576,8,4,0.25,2,0.5,0,1,1.0,0.18595995617580352,3,0,3,0.0,2.0,0.5,2.0,3,0.5,0.5,0.0,0.9453125,0.0546875,0.0,256,1024,0,0.0,153.67020816567336,0.045900000259280205,0.0,145.86159300727155,7.762715158142555,0,729.6098204985886,0,635.4767204918593,4.822474048486727e-07,1.0094383182730566e-06,2.322768404308852e-06,1.1465517797925986e-07,3.344408809905046e-07,9.139626870795621e-07,5.177512873479908e-06,predictor_only,nsga2
0,534,534,train,2.6709173917770386,0.251953125,0.6171875,8,64,512,94.28269999625627,1.2645052693174796,2.344124035129945,35.15691219129772,47.60109999915585,1.1483381865553113,3.1381691474072992,4.286507333962611,0.006000002031214535,0.0,2.209155162289857,2.071352169641539,0,84.85029756275641,5430.41904401641,2097152.0,2,0.5,0.5,0.0,0.0,0.0,82.86281475294945,0.006999995093792677,0.0,63.77735392167812,19.078460836177523,0,1,0,18.044926086404267,64.81788866654517,0.0,1048576,1048576,0,8,4,0.25,2,0.5,0,1,1.0,0.2201412464909665,3,3,0,1.0,0.0,0.0,1.0,0,0.5,0.5,0.0,0.9521484375,0.0478515625,0.0,256,1024,0,0.0,155.06216598298056,0.047200010158121586,0.0,147.4138466609461,7.601119311876368,0,729.6098204985886,0,635.3271205023324,5.05802107726992e-07,9.376496140519782e-07,2.3520607728503037e-06,1.1483381865553113e-07,3.138169147407299e-07,8.64717999702303e-07,5.088881227727838e-06,predictor_only,nsga2
0,535,535,train,2.8202059268951416,0.23046875,0.55859375,8,64,512,106.49909998755902,1.3206208295842528,3.3811594085543097,35.40288710491992,50.088600008166395,1.3282285717023208,4.904779033582434,6.2330076052847545,0.006499991286545992,0.0,2.360178851614603,3.866328762383606,0,75.11730036811733,4807.507223559509,2097152.0,2,0.5,0.5,0.0,0.0,0.0,75.51446872864537,0.009900002623908222,0.0,56.74131609407162,18.763252631949847,0,1,0,16.797246698426473,58.7172220302189,0.0,1048576,1048576,0,8,4,0.25,2,0.5,0,1,1.0,0.25097720212391433,3,0,3,0.0,2.0,0.5,2.0,3,0.5,0.5,0.0,0.943359375,0.056640625,0.0,256,1024,0,0.0,160.41866937223392,0.05089998012408614,0.0,147.56596079035165,12.80180860175821,0,729.6098204985886,0,623.1107205110296,5.282483318337012e-07,1.352463763421724e-06,2.4838615804227355e-06,1.3282285717023208e-07,4.904779033582435e-07,7.887391806833068e-07,5.776613616889944e-06,predictor_only,nsga2
0,536,536,train,2.6402968168258667,0.220703125,0.61328125,8,64,512,596.890800006804,1.2328555430444055,15.912402129451563,37.05923568710277,674.6871000068495,1.2397992029093028,27.114541855943624,28.354341058852928,0.008600007276982069,0.0,2.3942119326332,25.951529118942748,0,13.402764118905313,857.7769036099401,2097152.0,2,0.5,0.5,0.0,0.0,0.0,80.40654697251259,0.007399998139590025,0.0,62.20872380841729,18.190423165955714,0,1,0,16.567597160445374,63.83894981206721,0.0,1048576,1048576,0,8,4,0.25,2,0.5,0,1,1.0,0.2201412464909665,3,3,0,1.0,0.0,0.0,1.0,0,0.5,0.5,0.0,0.94921875,0.05078125,0.0,256,1024,0,0.0,216.81797343839492,0.06410003697965294,0.0,146.11921040026047,70.63466300115479,0,829.7279760043594,0,232.8371759975554,4.931422172177624e-07,6.364960851780625e-06,3.3398289950697193e-06,1.2397992029093028e-07,2.7114541855943625e-06,8.372006640460166e-07,1.3870566833999417e-05,predictor_only,nsga2
0,537,537,train,2.6187230944633484,0.197265625,0.66015625,8,64,512,104.43160000431817,1.3070252536168754,2.2946718211273005,34.70615776811802,48.62230000435375,1.3177686792024386,2.951500312189956,4.269268991392394,0.006799993570894003,0.0,2.388740378488745,1.8737286193327551,0,76.60443194624293,4902.683644559547,2097152.0,2,0.5,0.0,0.5,0.0,0.0,44.00275517609647,0.007099995855242014,0.0,24.72914881572027,19.266506364520964,0,1,0,17.44541284826293,0.0,26.557342327833545,1048576,0,1048576,8,4,0.25,2,0.5,0,1,1.0,0.16091841241856653,3,0,3,0.0,2.0,0.5,2.0,3,0.5,0.5,0.0,0.943359375,0.056640625,0.0,256,1024,0,0.0,153.2314193714488,0.045200009481050074,0.0,146.1728053470079,7.013414014959826,0,829.7279760043594,0,725.2963760000413,5.228101014467502e-07,9.178687284509202e-07,2.3349448812439353e-06,1.3177686792024388e-07,2.951500312189956e-07,4.749183774574906e-07,4.677468987738336e-06,predictor_only,nsga2
0,538,538,train,2.575356662273407,0.263671875,0.62890625,8,64,512,413.65119999682065,1.252395326478892,77.47754798251005,35.29373894068465,50.203599996166304,1.1840153065647772,3.374213058934582,4.5582283654993585,0.005700014298781753,0.0,2.2968943175440435,2.2556340336565337,0,19.33991889819875,1237.75480948472,2097152.0,2,0.0,0.5,0.5,0.0,0.0,85.83113876182398,0.006700007361359894,0.0,66.33085719123707,19.493581563225554,0,1,0,0.0,58.53962164042972,27.291517121394264,0,1048576,1048576,8,4,0.25,2,0.5,0,1,1.0,0.18595995617580352,3,3,0,1.0,0.0,0.0,1.0,0,0.5,0.5,0.0,0.951171875,0.048828125,0.0,256,1024,0,0.0,456.09472899869434,0.0540999899385497,300.0,147.80335563771249,8.237273371043301,0,829.7279760043594,0,416.0767760075388,5.009581305915569e-07,3.099101919300402e-05,2.3694282408606516e-06,1.1840153065647771e-07,3.3742130589345817e-07,9.128944218610284e-07,3.5230122822867186e-05,predictor_only,nsga2
0,539,539,train,2.520992934703827,0.271484375,0.65234375,8,64,512,185.52689999341965,1.3000342815791974,2.2285274502861765,60.178992927244565,54.68980000296142,1.2379597050669724,3.020233441055603,4.258193146122576,0.006300004315562546,0.0,2.4783888797770888,1.7735042620299242,0,43.120199173729375,2759.69274711868,2097152.0,2,0.5,0.5,0.0,0.0,0.0,76.11119103747922,0.008300004992634058,0.0,58.329425335338456,17.773465697148133,0,1,0,16.003636842618718,60.107554194860505,0.0,1048576,1048576,0,8,4,0.25,2,0.5,0,1,1.0,0.14759070521249812,3,0,3,0.0,2.0,0.5,2.0,3,0.5,0.5,0.0,0.95703125,0.04296875,0.0,256,1024,0,0.0,254.83021863643972,101.24439997889567,0.0,146.76195345587428,6.823865201669794,0,829.7279760043594,0,644.2010760109398,5.200137126316789e-07,8.914109801144706e-07,3.3439557023393537e-06,1.2379597050669723e-07,3.020233441055603e-07,7.931191840600297e-07,5.974318893757791e-06,predictor_only,nsga2
0,540,540,train,2.5004480481147766,0.263671875,0.638671875,8,64,512,86.86640000087209,1.2105566940197463,2.3530978906372293,35.16945399633454,48.53110000840388,1.1314437754455977,2.986573362043046,4.118017137488644,0.005699999746866524,0.0,2.3476133240973507,1.7647038136444264,0,92.09438753686291,5894.040802359226,2097152.0,2,0.5,0.5,0.0,0.0,0.0,76.7291169482574,0.006999995093792677,0.0,60.266794758669505,16.455322194494105,0,1,0,16.204962589916363,60.52415435834104,0.0,1048576,1048576,0,8,4,0.25,2,0.5,0,1,1.0,0.16091842229213763,3,3,0,1.0,0.0,0.0,1.0,0,0.5,0.5,0.0,0.953125,0.046875,0.0,256,1024,0,0.0,154.93243432396605,0.04829996032640338,0.0,145.87543139287277,9.008702970766864,0,829.7279760043594,0,742.8615760034874,4.842226776078984e-07,9.412391562548917e-07,2.351239928056189e-06,1.1314437754455977e-07,2.9865733620430464e-07,7.997010946624068e-07,4.98820457033025e-06,predictor_only,nsga2
0,541,541,train,2.4873841404914856,0.232421875,0.6484375,8,64,512,92.1472000045469,1.2430780950925393,2.2871924893295645,34.367898224594356,48.04419999709353,1.3184899910512027,2.778890625619323,4.0973806166705256,0.006499991286545992,0.0,2.320721868285752,1.7701587570982278,0,86.81667140112616,5556.266969672074,2097152.0,2,0.5,0.5,0.0,0.0,0.0,80.26072592726405,0.00689999433234334,0.0,62.032645358067576,18.22118057486412,0,1,0,17.496678130590055,62.764047796673985,0.0,1048576,1048576,0,8,4,0.25,2,0.5,0,1,1.0,0.20915249756217386,3,0,3,0.0,2.0,0.5,2.0,3,0.5,0.5,0.0,0.953125,0.046875,0.0,256,1024,0,0.0,151.59267523606584,0.04499999340623617,0.0,143.87611159959633,7.671563643063285,0,565.8762780025421,0,473.7290779979952,4.972312380370157e-07,9.148769957318259e-07,2.31260460063302e-06,1.3184899910512026e-07,2.7788906256193235e-07,8.376006155338205e-07,4.972051511602735e-06,predictor_only,nsga2
0,542,542,train,2.438066065311432,0.283203125,0.662109375,8,64,512,97.8707000031136,1.3159463886178369,2.4349800420072167,34.84170931400519,47.682299991720356,1.2647582625831322,3.3351979786394668,4.599956241222599,0.00589998671784997,0.0,2.325761281394578,2.268294973110171,0,81.73966529390513,5231.338578809929,2097152.0,2,0.5,0.5,0.0,0.0,0.0,76.71423061252428,0.007399998139590025,0.0,58.70204451355681,18.00478610082788,0,1,0,17.67417406391263,59.040056548611645,0.0,1048576,1048576,0,8,4,0.25,2,0.5,0,1,1.0,0.32801678846337606,3,3,0,1.0,0.0,0.0,1.0,0,0.5,0.5,0.0,0.935546875,0.064453125,0.0,256,1024,0,0.0,154.37054297852097,0.049299997044727206,0.0,146.05182726497944,8.269415716496827,0,565.8762780025421,0,468.0055779994285,5.263785554471348e-07,9.739920168028868e-07,2.360983205533811e-06,1.2647582625831324e-07,3.3351979786394665e-07,8.02490654253068e-07,5.1238400561591605e-06,predictor_only,nsga2
0,543,543,train,2.4410805106163025,0.26171875,0.671875,8,64,512,109.65749999741092,1.2911128130467902,2.495907151277785,34.82004443520563,49.547799993888475,1.1286722203798443,3.6264718064432304,4.755144026823075,0.010099989594891667,0.0,2.362404374466945,2.382639662761238,0,72.95376099608222,4669.040703749262,2097152.0,2,0.5,0.5,0.0,0.0,0.0,74.53502197824567,0.006999995093792677,0.0,56.56848661251527,17.959535370636605,0,1,0,16.52149586079987,58.01352611744579,0.0,1048576,1048576,0,8,4,0.25,2,0.5,0,1,1.0,0.2307606527190679,3,0,3,0.0,2.0,0.5,2.0,3,0.5,0.5,0.0,0.9521484375,0.0478515625,0.0,256,1024,0,0.0,154.42825759812084,0.04890000855084509,0.0,146.15759031942864,8.221767270141365,0,565.8762780025421,0,456.2187780051312,5.16445125218716e-07,9.98362860511114e-07,2.3215074831983098e-06,1.1286722203798442e-07,3.6264718064432306e-07,7.783932115040564e-07,5.090223083114504e-06,predictor_only,nsga2
0,544,544,train,2.4368900060653687,0.318359375,0.697265625,8,64,512,112.53640000359155,1.2562388523976846,3.017153273672755,35.315657536237474,39.16550001304131,1.3427154270327304,4.756232616666636,6.098948043699366,0.006099988240748644,0.0,2.487695825669139,3.6051522297894794,0,71.08747847155422,4549.59862217947,2097152.0,2,0.5,0.5,0.0,0.0,0.0,81.50490081633356,0.006700007361359894,0.0,62.727822592753675,18.770378216218525,0,1,0,17.651514601156595,63.85338621517697,0.0,1048576,1048576,0,8,4,0.25,2,0.5,0,1,1.0,0.16091842229213763,3,3,0,1.0,0.0,0.0,1.0,0,0.5,0.5,0.0,0.953125,0.046875,0.0,256,1024,0,0.0,158.3561986492316,0.05080002301838249,0.0,148.01132576009937,10.294072866113881,0,565.8762780025421,0,453.33987799895056,5.02495540959074e-07,1.2068613094691023e-06,2.345765312429166e-06,1.3427154270327304e-07,4.756232616666636e-07,8.503520373656489e-07,5.515369004592928e-06,predictor_only,nsga2
0,545,545,train,2.623782455921173,0.265625,0.607421875,8,64,512,79.17180001095403,1.2676438046301939,2.2999469015501592,34.47217032235733,51.90980000770651,1.1120231104905418,3.050952547490824,4.162975657981366,0.006100017344579101,0.0,2.3113544521743856,1.8455211884624014,0,101.04480325178788,6466.8674081144245,2097152.0,2,0.5,0.5,0.0,0.0,0.0,77.23479606140674,0.007199996616691351,0.0,58.45007125234925,18.7775248124408,0,1,0,16.49905534309899,60.73574071830775,0.0,1048576,1048576,0,8,4,0.25,2,0.5,0,1,1.0,0.16091838189257093,3,0,3,0.0,2.0,0.5,2.0,3,0.5,0.5,0.0,0.9365234375,0.0634765625,0.0,256,1024,0,0.0,152.15904411415073,0.047099951189011335,0.0,144.6843620205886,7.42758214237313,0,565.8762780025421,0,486.7044779915881,5.070575218520775e-07,9.199787606200638e-07,2.319232284424398e-06,1.1120231104905419e-07,3.050952547490824e-07,8.053460713002654e-07,4.967912203994942e-06,predictor_only,nsga2
0,546,546,train,2.393100142478943,0.318359375,0.685546875,8,64,512,101.6310999984853,1.3094780475020689,3.3367803229596413,34.86177030695193,55.3205999894999,1.2432928115971669,5.0590503314333,6.302343143030467,0.006000002031214535,0.0,2.217461846655244,4.078881294344009,0,78.71528778918501,5037.778418507841,2097152.0,2,0.5,0.5,0.0,0.0,0.0,78.83271383116647,0.006800008122809231,0.0,60.746119637069526,18.079794185974137,0,1,0,17.8932512153101,60.93946261585637,0.0,1048576,1048576,0,8,4,0.25,2,0.5,0,1,1.0,0.2307606527190679,3,3,0,1.0,0.0,0.0,1.0,0,0.5,0.5,0.0,0.9443359375,0.0556640625,0.0,256,1024,0,0.0,158.0321147096546,0.05990000499878079,0.0,146.61591543121224,11.356299273443561,0,565.8762780025421,0,464.2451780040568,5.237912190008275e-07,1.3347121291838567e-06,2.3420807054437383e-06,1.243292811597167e-07,5.059050331433301e-07,8.241136407422849e-07,5.654932008673755e-06,predictor_only,nsga2
0,547,547,train,2.611580491065979,0.27734375,0.630859375,8,64,512,212.66489999834448,1.2401403629059482,2.228150844414768,48.78940962626353,38.51559999748133,1.3234910271072788,2.928723652352416,4.252214679459694,0.006600006599910557,0.0,2.5315397660744945,1.7140749067852896,0,37.61769047159078,2407.5321901818097,2097152.0,2,0.5,0.5,0.0,0.0,0.0,81.26641106269284,0.008999995770864189,0.0,63.01589699594225,18.241514070979726,0,1,0,16.836855681320397,64.42955538137244,0.0,1048576,1048576,0,8,4,0.25,2,0.5,0,1,1.0,0.18595995617580352,3,0,3,0.0,2.0,0.5,2.0,3,0.5,0.5,0.0,0.962890625,0.037109375,0.0,256,1024,0,0.0,209.03080333433698,52.8780999884475,0.0,148.85240931772032,7.300294028169148,0,565.8762780025421,0,353.2113780041976,4.960561451623793e-07,8.912603377659074e-07,2.91018118263399e-06,1.323491027107279e-07,2.928723652352416e-07,8.463378219895691e-07,5.569056955497814e-06,predictor_only,nsga2
0,548,548,train,2.6058194041252136,0.234375,0.646484375,8,64,512,4521.058300000732,1.2947191189041263,114.86404247304976,584.9243678122971,47.887499997159466,1.2336953915357856,237.9319224649729,239.16561785650867,0.006000002031214535,0.0,2.4489100818152796,236.7107077726622,0,1.7694968079712436,113.2477957101596,2097152.0,2,0.5,0.5,0.0,0.0,0.0,81.87626054289682,0.006199989002197981,0.0,63.22351780454028,18.64654274935433,0,1,0,17.920835356675,63.95542518622182,0.0,1048576,1048576,0,8,4,0.25,2,0.5,0,1,1.0,0.241032865595602,3,3,0,1.0,0.0,0.0,1.0,0,0.5,0.5,0.0,0.953125,0.046875,0.0,256,1024,0,0.0,2804.332517617004,2193.8845999975456,0.0,149.9900779598658,460.4578396595927,0,1088.8632095030312,1,-3432.1950904977007,5.178876475616505e-07,4.59456169892199e-05,2.4615074373007543e-05,1.2336953915357856e-07,2.3793192246497293e-05,8.546042761423181e-07,9.584974507158228e-05,predictor_only,nsga2
0,549,549,train,2.571631908416748,0.259765625,0.619140625,8,64,512,98.70950000185985,1.2797885709362882,2.374805423431344,35.14096897144365,48.62000000139233,1.3638760701281467,3.2107060824417166,4.574582152569864,0.005699999746866524,0.0,2.5277649050937483,2.0411172477292485,0,81.04507625682443,5186.8848804367635,2097152.0,2,0.5,0.5,0.0,0.0,0.0,77.43640606999071,0.006900023436173797,0.0,59.22340334996788,18.20610269658665,0,1,0,16.132556537697845,61.303849532292865,0.0,1048576,1048576,0,8,4,0.25,2,0.5,0,1,1.0,0.19776869931901056,3,0,3,0.0,2.0,0.5,2.0,3,0.5,0.5,0.0,0.9599609375,0.0400390625,0.0,256,1024,0,0.0,155.1822518632451,0.050500064389780164,0.0,147.50052229614417,7.631229502711165,0,1088.8632095030312,0,990.1537095011713,5.119154283745153e-07,9.499221693725379e-07,2.3434648186810363e-06,1.3638760701281468e-07,3.210706082441717e-07,8.066291737753027e-07,5.069389805460379e-06,predictor_only,nsga2
0,550,550,train,2.4775607585906982,0.283203125,0.64453125,8,64,512,207.19290000852197,1.2589774096986341,2.215622466290157,46.999847029068555,45.323099999222904,1.2907457044545798,2.9298557389253634,4.220601443379943,0.006300018867477775,0.0,2.3971610605775204,1.8171403639349446,0,38.61117532741532,2471.1152209545803,2097152.0,2,0.0,0.5,0.5,0.0,0.0,82.87139670556373,0.00650000583846122,0.0,66.28496787850054,16.579928821224726,0,1,0,0.0,57.321417696624266,25.549979008939456,0,1048576,1048576,8,4,0.25,2,0.5,0,1,1.0,0.17369072493825644,3,3,0,1.0,0.0,0.0,1.0,0,0.5,0.5,0.0,0.9423828125,0.0576171875,0.0,256,1024,0,0.0,201.8977876202294,47.71940005593933,0.0,146.82348420891918,7.354903355370878,0,1088.8632095030312,0,881.6703094945092,5.035909638794536e-07,8.862489865160628e-07,2.8030049905614145e-06,1.2907457044545797e-07,2.9298557389253636e-07,8.798139250735161e-07,5.494719010368441e-06,predictor_only,nsga2
0,551,551,train,2.3785475492477417,0.3046875,0.669921875,8,64,512,183.13219999254216,1.2685455570772817,2.137033335648296,53.817531402277666,52.62090000906028,1.1756325791732491,2.8721996773921745,4.047832256565424,0.005700014298781753,0.0,2.2224723808639752,1.8196598614026664,0,43.684050736435495,2795.7792471318717,2097152.0,2,0.5,0.5,0.0,0.0,0.0,78.21978207019843,0.00689999433234334,0.0,58.80807180501323,19.404810270852856,0,1,0,17.72973549826446,60.49004657193397,0.0,1048576,1048576,0,8,4,0.25,2,0.5,0,1,1.0,0.2091524583687337,3,0,3,0.0,2.0,0.5,2.0,3,0.5,0.5,0.0,0.9501953125,0.0498046875,0.0,256,1024,0,0.0,228.892441180013,73.66529999126215,0.0,148.70116397290008,6.525977215850755,0,1088.8632095030312,0,905.731009510489,5.074182228309127e-07,8.548133342593184e-07,3.0076255978064645e-06,1.1756325791732491e-07,2.872199677392175e-07,8.176572916985133e-07,5.5922976722517516e-06,predictor_only,nsga2
0,552,552,train,2.498091757297516,0.251953125,0.626953125,8,64,512,164.91120000137016,1.3094650518769468,2.375535160928063,51.76114279828202,53.069700006744824,1.3824587506787547,3.0145013267457283,4.396960077424483,0.006300004315562546,0.0,2.3698144566563606,2.0208456164525597,0,48.510662036729435,3104.682370350684,2097152.0,2,0.0,0.0,1.0,0.0,0.0,49.84087297295993,0.006599992047995329,0.0,32.16041018689926,17.673862794012674,0,1,0,0.0,0.0,24.920436486479964,0,0,2097152,8,4,0.25,2,0.5,0,1,1.0,0.11898847320993522,3,3,0,1.0,0.0,0.0,1.0,0,0.5,0.5,0.0,0.9609375,0.0390625,0.0,256,1024,0,0.0,221.78457204434815,69.77779998851474,0.0,144.4446565593716,7.562115496461814,0,1088.8632095030312,0,923.952009501661,5.237860207507787e-07,9.502140643712251e-07,3.0005324827641137e-06,1.3824587506787548e-07,3.0145013267457285e-07,5.465000255352797e-07,5.460728601163847e-06,predictor_only,nsga2
0,553,553,train,2.3464645743370056,0.296875,0.65234375,8,64,512,215.68219999608118,1.3035375155108655,2.277744835318688,60.555975101871354,37.820199999259785,1.3211636368301365,3.1187928745812465,4.439956511411383,0.006199989002197981,0.0,2.523804926289505,1.9099515961196798,0,37.09143781316929,2373.8520200428347,2097152.0,2,0.5,0.5,0.0,0.0,0.0,77.79932850845907,0.006900008884258568,0.0,59.47696871520237,18.315459784372443,0,1,0,15.736471064630798,62.06285744382828,0.0,1048576,1048576,0,8,4,0.25,2,0.5,0,1,1.0,0.16091838189257093,3,0,3,0.0,2.0,0.5,2.0,3,0.5,0.5,0.0,0.95703125,0.04296875,0.0,256,1024,0,0.0,256.54902981080363,102.44910001347307,0.0,146.71539063026492,7.384539167065634,0,1088.8632095030312,0,873.18100950695,5.214150062043463e-07,9.110979341274753e-07,3.3753215550432805e-06,1.3211636368301366e-07,3.1187928745812467e-07,8.094662272138523e-07,6.061296373730093e-06,predictor_only,nsga2
0,554,554,train,2.4518653750419617,0.287109375,0.654296875,8,64,512,195.9698999999091,1.2240625024909007,2.4017424118651904,48.17594026441196,38.65810000570491,1.242781678926199,3.13407761445725,4.376859293383449,0.006399990525096655,0.0,2.4676036172942624,1.9028556855640895,0,40.822387405495974,2612.6327939517423,2097152.0,2,0.5,0.5,0.0,0.0,0.0,78.02599676184315,0.007000009645707905,0.0,59.530161410394996,18.488835341802446,0,1,0,18.33614632531109,59.689850436532055,0.0,1048576,1048576,0,8,4,0.25,2,0.5,0,1,1.0,0.2307606527190679,3,3,0,1.0,0.0,0.0,1.0,0,0.5,0.5,0.0,0.947265625,0.052734375,0.0,256,1024,0,0.0,207.2069807150722,53.97649999940768,0.0,145.98372851770782,7.24675219795674,0,565.8762780025421,0,369.906378002633,4.896250009963603e-07,9.606969647460761e-07,2.8694386567926675e-06,1.242781678926199e-07,3.13407761445725e-07,8.169322602690537e-07,5.5743788121425024e-06,predictor_only,nsga2
0,555,555,train,2.400025486946106,0.28515625,0.6796875,8,64,512,218.2841999892844,1.2393137634385374,2.435183762460456,50.425334736760206,57.44879999838304,1.2855373806023978,3.299546004867485,4.585083385469883,0.006000002031214535,0.0,2.3588056004484503,2.220277782990218,0,36.64930100800567,2345.555264512363,2097152.0,2,0.5,0.5,0.0,0.0,0.0,79.94649381247984,0.007499998901039362,0.0,62.169130519375244,17.76986329420355,0,1,0,15.659738131497615,64.28675568098222,0.0,1048576,1048576,0,8,4,0.25,2,0.5,0,1,1.0,0.19776865982085054,3,0,3,0.0,2.0,0.5,2.0,3,0.5,0.5,0.0,0.9482421875,0.0517578125,0.0,256,1024,0,0.0,216.39932905063682,58.4171999944374,0.0,148.38997805069232,9.592151005507084,0,565.8762780025421,0,347.5920780132577,4.957255053754149e-07,9.740735049841823e-07,2.9665361506506098e-06,1.2855373806023977e-07,3.299546004867485e-07,8.307844143877937e-07,5.725627913944989e-06,predictor_only,nsga2
0,556,556,train,2.354899764060974,0.306640625,0.69921875,8,64,512,104.56690000137314,1.3063379396873835,2.2855413005561664,35.38327353677107,61.43349999911152,1.2079193511018835,3.1152645147420843,4.323183865843967,0.005800000508315861,0.0,2.3539251748034418,1.96345869053221,0,76.50531377119505,4896.340081356483,2097152.0,2,0.5,0.5,0.0,0.0,0.0,74.40600464052349,0.007499998901039362,0.0,57.67683536616417,16.721669275458293,0,1,0,16.358959823263795,58.0470448172597,0.0,1048576,1048576,0,8,4,0.25,2,0.5,0,1,1.0,0.25097720212391433,3,3,0,1.0,0.0,0.0,1.0,0,0.5,0.5,0.0,0.9501953125,0.0498046875,0.0,256,1024,0,0.0,155.90061110805848,0.04859996261075139,0.0,147.44133675550836,8.410674389939388,0,565.8762780025421,0,461.30937800116897,5.225351758749535e-07,9.142165202224667e-07,2.5026274043569078e-06,1.2079193511018836e-07,3.1152645147420846e-07,7.767779660517626e-07,5.148475453090488e-06,predictor_only,nsga2
0,557,557,train,2.263652741909027,0.326171875,0.716796875,8,64,512,98.0963000038173,1.2975488470057477,2.309778307046315,35.443476251391004,54.426900009275414,1.3466265225186969,3.019103091919093,4.3657296144377895,0.005900001269765198,0.0,2.2951087015848017,2.0647209115832226,0,81.55168388618945,5219.307768716125,2097152.0,2,0.5,0.5,0.0,0.0,0.0,81.61991391480677,0.007399998139590025,0.0,63.826976527328334,17.78553738933885,0,1,0,18.1380338841453,63.48188003066147,0.0,1048576,1048576,0,8,4,0.25,2,0.5,0,1,1.0,0.17369072493825644,3,0,3,0.0,2.0,0.5,2.0,3,0.5,0.5,0.0,0.958984375,0.041015625,0.0,256,1024,0,0.0,156.2032136217723,0.048200017772614956,0.0,148.2785762175085,7.876437386491178,0,565.8762780025421,0,467.7799779987248,5.190195388022991e-07,9.23911322818526e-07,2.411056783626535e-06,1.346626522518697e-07,3.0191030919190933e-07,8.524752069163584e-07,5.143035813607497e-06,predictor_only,nsga2
0,558,558,train,2.171824812889099,0.359375,0.751953125,8,64,512,204.80859999952372,1.1964563866236033,5.832389170973046,38.81407890526758,120.62790000345558,1.3509392101965052,10.062519605178023,11.413458815374529,0.007299997378140688,0.0,2.2901032077208097,9.116055610275579,0,39.06066903123,2499.88281799872,2097152.0,2,0.5,0.5,0.0,0.0,0.0,77.8328894318505,0.008999995770864189,0.0,59.179833718492844,18.6440557175868,0,1,0,15.615106737070512,62.21778269478,0.0,1048576,1048576,0,8,4,0.25,2,0.5,0,1,1.0,0.2509772150348662,3,3,0,1.0,0.0,0.0,1.0,0,0.5,0.5,0.0,0.9521484375,0.0478515625,0.0,256,1024,0,0.0,183.37169785145693,0.05590003274846822,0.0,145.55945797071854,37.75633984798992,0,565.8762780025421,0,361.0676780030184,4.785825546494413e-07,2.3329556683892185e-06,4.65352637357745e-06,1.350939210196505e-07,1.0062519605178023e-06,8.095591077926461e-07,9.415969585946208e-06,predictor_only,nsga2
0,559,559,train,2.4603434205055237,0.30859375,0.658203125,8,64,512,781.8089999927906,22.985624208988245,2.76719053852548,65.85002981687876,67.42289999965578,46.57117413157866,4.311655525764453,50.88282965734311,0.007399998139590025,0.0,2.3791880477477747,48.496241611455744,0,10.232665225660673,654.8905744422831,2097152.0,2,0.5,0.5,0.0,0.0,0.0,73.17839230067578,0.007799986633472145,0.0,56.23612252969443,16.934469784347876,0,1,0,15.992136868142333,57.18625543253344,0.0,1048576,1048576,0,8,4,0.25,2,0.5,0,1,1.0,0.2201412464909665,3,0,3,0.0,2.0,0.5,2.0,3,0.5,0.5,0.0,0.9560546875,0.0439453125,0.0,256,1024,0,0.0,366.4113782575699,0.06810000922996551,0.0,147.69824853949908,218.64502970884087,0,768.4553909990058,1,-13.35360899378486,9.194249683595299e-06,1.1068762154101922e-06,2.058778846103437e-05,4.657117413157866e-06,4.3116555257644533e-07,7.637681967430425e-07,3.674096552251721e-05,predictor_only,nsga2
0,560,560,train,2.3238564133644104,0.3046875,0.69140625,8,64,512,195.2201999956742,1.283846798327137,2.400657077664749,63.01925913517556,50.00830000790302,1.3393452320079877,3.372048312636206,4.711393544644194,0.006799993570894003,0.0,2.527801688141974,2.1767918629313265,0,40.97915595323288,2622.6659810069045,2097152.0,2,0.5,0.5,0.0,0.0,0.0,77.86569383202621,0.006799993570894003,0.0,58.31719467195778,19.54169916649754,0,1,0,18.429352349337847,59.43634148268837,0.0,1048576,1048576,0,8,4,0.25,2,0.5,0,1,1.0,0.2307606283979408,3,3,0,1.0,0.0,0.0,1.0,0,0.5,0.5,0.0,0.9501953125,0.0498046875,0.0,256,1024,0,0.0,266.81505204466976,111.18929999065585,0.0,147.54725804097475,8.078494013039137,0,768.4553909990058,0,573.2351910033316,5.135387193308549e-07,9.602628310658997e-07,3.505924112900587e-06,1.3393452320079877e-07,3.3720483126362066e-07,8.155156430189379e-07,6.266380660780699e-06,predictor_only,nsga2
0,561,561,train,2.5047926902770996,0.271484375,0.626953125,8,64,512,383.7742000032449,1.2395344145028158,77.32831997244824,35.258310559861464,50.67290000442881,1.1007746873744,3.2557021902994823,4.356476877673883,0.00650000583846122,0.0,2.2829913130683317,2.0669855587670893,0,20.845536657742237,1334.1143460955032,2097152.0,2,0.5,0.5,0.0,0.0,0.0,78.58409276120481,0.007099995855242014,0.0,60.4287809667949,18.14821179855467,0,1,0,17.962476488475115,60.6216162727297,0.0,1048576,1048576,0,8,4,0.25,2,0.5,0,1,1.0,0.17369072493825644,3,0,3,0.0,2.0,0.5,2.0,3,0.5,0.5,0.0,0.95703125,0.04296875,0.0,256,1024,0,0.0,455.30465978725005,0.04700003773905337,300.0,148.45615999593704,6.801499753573975,0,768.4553909990058,0,384.68119099576086,4.958137658011263e-07,3.09313279889793e-05,2.2801707440126517e-06,1.1007746873743999e-07,3.2557021902994825e-07,8.217658805889985e-07,3.4964726067149464e-05,predictor_only,nsga2
0,562,562,train,2.5058497190475464,0.2265625,0.6484375,8,64,512,211.75950000179,1.1807502133470664,2.2763148663356105,61.55822395784956,40.60619999654591,1.2619138813549646,3.0353604539857866,4.297274335340751,0.006100002792663872,0.0,2.4349534385030838,1.856220894045004,0,37.77852810100267,2417.825798464171,2097152.0,2,0.5,0.5,0.0,0.0,0.0,78.69490109247197,0.008100003469735384,0.0,60.431467945798914,18.255333143203327,0,1,0,17.248378400011948,61.44652269246002,0.0,1048576,1048576,0,8,4,0.25,2,0.5,0,1,1.0,0.17369072493825644,3,3,0,1.0,0.0,0.0,1.0,0,0.5,0.5,0.0,0.953125,0.046875,0.0,256,1024,0,0.0,260.06115615012897,101.97520002839155,0.0,150.79334385588754,7.292612265849855,0,768.4553909990058,0,556.6958909972158,4.7230008533882663e-07,9.105259465342443e-07,3.401696005287981e-06,1.2619138813549647e-07,3.0353604539857864e-07,8.214457677247436e-07,6.03569523841987e-06,predictor_only,nsga2
0,563,563,train,2.526144504547119,0.26953125,0.640625,8,64,512,198.00279999617487,1.3040581988991784,2.3183232336804798,49.21458142635514,48.093599994899705,1.3625104041750413,3.2320062829103504,4.594516687085392,0.006400005077011883,0.0,2.5311350349899087,2.056981647018471,0,40.403264988624194,2585.8089592719484,2097152.0,2,0.5,0.5,0.0,0.0,0.0,75.06143905175756,0.007499984349124134,0.0,56.70800645547905,18.345932611929385,0,1,0,17.374130425742628,57.68730862601493,0.0,1048576,1048576,0,8,4,0.25,2,0.5,0,1,1.0,0.27900434479240244,3,0,3,0.0,2.0,0.5,2.0,3,0.5,0.5,0.0,0.9423828125,0.0576171875,0.0,256,1024,0,0.0,211.34785143573922,54.67430001590401,0.0,149.26427718435954,7.409274235475658,0,768.4553909990058,0,570.4525910028309,5.216232795596714e-07,9.273292934721921e-07,2.912045749047098e-06,1.3625104041750413e-07,3.2320062829103505e-07,7.853626513690608e-07,5.605812642156562e-06,predictor_only,nsga2
0,564,564,train,2.5371272563934326,0.259765625,0.65625,8,64,512,212.63530000578612,1.351031008753582,2.445102311313526,50.89748704440075,35.45029999804683,1.5327528489080358,3.2827225619067635,4.815475410814799,0.006600006599910557,0.0,2.377273768775242,2.431601635439647,0,37.622927034482395,2407.8673302068732,2097152.0,2,0.5,0.5,0.0,0.0,0.0,79.39471507178379,0.006100017344579101,0.0,61.52848678697135,17.860128267467875,0,1,0,16.549790562180412,62.84492450960339,0.0,1048576,1048576,0,8,4,0.25,2,0.5,0,1,1.0,0.16091842229213763,3,3,0,1.0,0.0,0.0,1.0,0,0.5,0.5,0.0,0.9609375,0.0390625,0.0,256,1024,0,0.0,218.77448145787142,60.63279998488724,0.0,149.5382603298043,8.603421143179855,0,768.4553909990058,0,555.8200909932197,5.404124035014327e-07,9.780409245254103e-07,2.9891655234082365e-06,1.5327528489080359e-07,3.2827225619067637e-07,8.270467318421988e-07,5.816213124358758e-06,predictor_only,nsga2
0,565,565,train,2.200456142425537,0.3203125,0.724609375,8,64,512,195.9777000010945,1.2772144669332925,2.1497827521602937,59.47864015390874,36.91459998663049,1.2172680998206338,3.011787878304362,4.229055978124996,0.006200003554113209,0.0,2.4822036471311084,1.7406523274397743,0,40.82076266428608,2612.528810514309,2097152.0,2,0.0,0.5,0.5,0.0,0.0,89.71166687953294,0.007100010407157242,0.0,71.5026467102185,18.201920158907285,0,1,0,0.0,63.22101634338331,26.490650536149634,0,1048576,1048576,8,4,0.25,2,0.5,0,1,1.0,0.10351650354811201,3,0,3,0.0,2.0,0.5,2.0,3,0.5,0.5,0.0,0.953125,0.046875,0.0,256,1024,0,0.0,251.62254949200928,100.67629998957273,0.0,144.1362936147189,6.809955887717671,0,768.4553909990058,0,572.4776909979113,5.10885786773317e-07,8.599131008641176e-07,3.2996869973286523e-06,1.2172680998206338e-07,3.0117878783043623e-07,9.500979698676287e-07,6.043489452646216e-06,predictor_only,nsga2
0,566,566,train,2.190851867198944,0.326171875,0.716796875,8,64,512,196.1894999985816,1.325574121982586,2.2943296689901205,49.65961349639503,64.01819999155123,1.1887819153665466,2.926027891813848,4.114809807180395,0.00549999822396785,0.0,2.297596043532133,1.8117137654242936,0,40.77669408079309,2609.708421170758,2097152.0,2,0.5,0.5,0.0,0.0,0.0,74.81289629313132,0.006699992809444666,0.0,56.62098435196415,18.185211948357725,0,1,0,16.472151409074407,58.34074488405691,0.0,1048576,1048576,0,8,4,0.25,2,0.5,0,1,1.0,0.2307606527190679,3,3,0,1.0,0.0,0.0,1.0,0,0.5,0.5,0.0,0.9404296875,0.0595703125,0.0,256,1024,0,0.0,213.11806914947095,54.44900001748465,0.0,151.24578578408446,7.423283347901833,0,677.7517889940635,0,481.56228899548194,5.302296487930344e-07,9.177318675960482e-07,2.939710599491816e-06,1.1887819153665468e-07,2.926027891813848e-07,7.81073265749462e-07,5.580226362348401e-06,predictor_only,nsga2
0,567,567,train,2.1847841143608093,0.322265625,0.73046875,8,64,512,200.94960001006257,1.2682272001536612,2.1769119726900077,60.80214079273482,35.67470000416506,1.1836828498055654,2.880605215682206,4.064288065487771,0.006300004315562546,0.0,2.2316398531628074,1.8263482080094016,0,39.810779363681426,2547.8898792756113,2097152.0,2,0.5,0.5,0.0,0.0,0.0,77.05786808149782,0.007399998139590025,0.0,59.19297936699583,17.857488716362408,0,1,0,16.375812742714494,60.68205533878333,0.0,1048576,1048576,0,8,4,0.25,2,0.5,0,1,1.0,0.2606107547134336,3,0,3,0.0,2.0,0.5,2.0,3,0.5,0.5,0.0,0.955078125,0.044921875,0.0,256,1024,0,0.0,256.98911986231394,100.33520001161378,0.0,150.0966147876243,6.557305063075883,0,677.7517889940635,0,476.80218898400096,5.072908800614645e-07,8.707647890760031e-07,3.3235766524511817e-06,1.1836828498055655e-07,2.880605215682206e-07,8.033303063004071e-07,5.911391434437833e-06,predictor_only,nsga2
0,568,568,train,2.339330732822418,0.298828125,0.68359375,8,64,512,225.21509999933187,1.317954596263771,2.2890717588366436,59.745415340089465,37.09930001059547,1.2571885471600117,3.345920037403924,4.603108584563936,0.007299997378140688,0.0,2.549124548094085,2.04668403909171,0,35.52143918673546,2273.3721079510697,2097152.0,2,0.5,0.5,0.0,0.0,0.0,80.02707649688696,0.006400005077011883,0.0,61.570967455109155,18.449709036700792,0,1,0,17.587988034139812,62.439088462747144,0.0,1048576,1048576,0,8,4,0.25,2,0.5,0,1,1.0,0.17369072493825644,3,3,0,1.0,0.0,0.0,1.0,0,0.5,0.5,0.0,0.9619140625,0.0380859375,0.0,256,1024,0,0.0,253.40976678075947,100.40840000147,0.0,145.4820381259974,7.519328653292078,0,662.9626739972433,0,437.74757399791145,5.271818385055084e-07,9.156287035346575e-07,3.386766957589576e-06,1.2571885471600117e-07,3.345920037403924e-07,8.354467410371492e-07,6.125335099123285e-06,predictor_only,nsga2
0,569,569,train,2.1529728770256042,0.349609375,0.728515625,8,64,512,89.8122000071453,1.2339391466619625,2.2878052722181197,35.357374573348245,37.902199997915886,1.3326287971509216,3.09169309014076,4.424321887291682,0.006200003554113209,0.0,2.3867953694392448,2.031326514298324,0,89.07376643259055,5700.721051685795,2097152.0,2,0.5,0.5,0.0,0.0,0.0,75.5476600009674,0.009000010322779417,0.0,57.21183891210379,18.32682107854084,0,1,0,17.666976902380334,57.88068309858707,0.0,1048576,1048576,0,8,4,0.25,2,0.5,0,1,1.0,0.19776865982085054,3,0,3,0.0,2.0,0.5,2.0,3,0.5,0.5,0.0,0.955078125,0.044921875,0.0,256,1024,0,0.0,155.5164759689133,0.047699984861537814,0.0,148.2964703099632,7.1723056740885545,0,662.9626739972433,0,573.150473990098,4.93575658664785e-07,9.15122108887248e-07,2.3286927682137914e-06,1.3326287971509216e-07,3.09169309014076e-07,7.908105538144347e-07,4.970633278309427e-06,predictor_only,nsga2
0,570,570,train,2.360965371131897,0.279296875,0.69140625,8,64,512,1213.2720999943558,1.3031290400716613,2.8045323659129826,89.90739542506782,53.096899995580316,1.3007235517543083,4.483765076499971,5.784488628254279,0.007399998139590025,0.0,2.4634345021551924,3.313654127959496,0,6.5937339252285545,421.9989712146275,2097152.0,2,0.5,0.5,0.0,0.0,0.0,80.03910493812066,0.006999995093792677,0.0,62.43304065726734,17.599064285759532,0,1,0,18.199603783614847,61.83950115450582,0.0,1048576,1048576,0,8,4,0.25,2,0.5,0,1,1.0,0.13364216641330787,3,3,0,1.0,0.0,0.0,1.0,0,0.5,0.5,0.0,0.9560546875,0.0439453125,0.0,256,1024,0,0.0,376.06022732420996,0.06379997648764402,0.0,144.93239177053763,231.06403557718463,0,1121.0250754930153,1,-92.24702450134055,5.212516160286645e-07,1.1218129463651931e-06,3.5385562362319636e-05,1.3007235517543084e-07,4.483765076499971e-07,8.367902569484363e-07,3.844386604448736e-05,predictor_only,nsga2
0,571,571,train,2.4646613001823425,0.25,0.66015625,8,64,512,89.01270000205841,1.263773847236628,2.307444882862959,35.43201347230452,47.47950000455603,1.2455105748074367,3.097426696022273,4.34293727082971,0.006499991286545992,0.0,2.36873482356909,1.967702455974074,0,89.87380594015306,5751.923580169796,2097152.0,2,0.5,0.5,0.0,0.0,0.0,77.06660414987121,0.006699992809444666,0.0,59.68744077790481,17.372463379156947,0,1,0,15.548583705012371,61.518020444858834,0.0,1048576,1048576,0,8,4,0.25,2,0.5,0,1,1.0,0.19776869931901056,3,0,3,0.0,2.0,0.5,2.0,3,0.5,0.5,0.0,0.9453125,0.0546875,0.0,256,1024,0,0.0,156.01292880961643,0.05300001066643745,0.0,147.8299801066164,8.129948692333587,0,1121.0250754930153,0,1032.0123754909569,5.055095388946512e-07,9.229779531451836e-07,2.314860836407703e-06,1.2455105748074367e-07,3.097426696022273e-07,8.017632089087369e-07,4.979405264439246e-06,predictor_only,nsga2
0,572,572,train,2.5597143173217773,0.240234375,0.6328125,8,64,512,94.25419999752194,1.3604876231172494,2.1572730076525124,35.473128937747326,56.97619999409653,1.1519680884211234,2.66864558846247,3.8206136768835934,0.006400005077011883,0.0,2.1840989177938654,1.630114754012716,0,84.87595379576223,5432.061042928783,2097152.0,2,0.0,0.5,0.5,0.0,0.0,82.81723908454734,0.007299997378140688,0.0,65.23097906993004,17.578960017239144,0,1,0,0.0,57.441356410294674,25.37588267425266,0,1048576,1048576,8,4,0.25,2,0.5,0,1,1.0,0.2307606527190679,3,3,0,1.0,0.0,0.0,1.0,0,0.5,0.5,0.0,0.9560546875,0.0439453125,0.0,256,1024,0,0.0,155.96355827406836,0.050300004659220576,0.0,148.57445305673326,7.3388052126758625,0,1121.0250754930153,0,1026.7708754954933,5.441950492468998e-07,8.629092030610051e-07,2.3409469717843217e-06,1.1519680884211235e-07,2.66864558846247e-07,8.789241561939786e-07,5.009036747974564e-06,predictor_only,nsga2
0,573,573,train,2.2442880868911743,0.322265625,0.712890625,8,64,512,1980.1379999989877,459.9144815039252,62.400430492429614,35.21253200873805,49.946300001465715,1.1914363483865142,3.236647333489122,4.428083681875636,0.006399990525096655,0.0,2.3561514398649686,2.0655322514855716,0,4.040120415791058,258.56770661062774,2097152.0,2,0.5,0.5,0.0,0.0,0.0,75.41668050237091,0.008300004992634058,0.0,57.229979594241776,18.178400903136502,0,1,0,17.959517573052366,57.45716292931854,0.0,1048576,1048576,0,8,4,0.25,2,0.5,0,1,1.0,0.16091838189257093,3,0,3,0.0,2.0,0.5,2.0,3,0.5,0.5,0.0,0.9599609375,0.0400390625,0.0,256,1024,0,0.0,2230.1097760203716,1614.2296999896644,420.0,176.9171792038908,18.96289682681629,0,1798.5531794965914,1,-181.58482050239627,9.198289630078505e-06,1.9444605363017895e-06,2.7088023844303617e-06,1.1914363483865143e-07,3.2366473334891224e-07,7.900858401698139e-07,1.5084446759168033e-05,predictor_only,nsga2
0,574,574,train,2.4013108015060425,0.291015625,0.6796875,8,64,512,87.3418999981368,1.2548272299904675,2.2348851389406463,34.70425399636629,55.79980000038631,1.1016506664043357,2.9087816889513274,4.010432355355663,0.006199989002197981,0.0,2.2913427328738667,1.7128896334795982,0,91.59302015585304,5861.953289974595,2097152.0,2,0.5,0.5,0.0,0.0,0.0,77.47800825605853,0.006599992047995329,0.0,58.91916785676106,18.55224040724949,0,1,0,18.050643496689823,59.427364759368714,0.0,1048576,1048576,0,8,4,0.25,2,0.5,0,1,1.0,0.2091524583687337,3,3,0,1.0,0.0,0.0,1.0,0,0.5,0.5,0.0,0.9443359375,0.0556640625,0.0,256,1024,0,0.0,152.7758654611896,0.045899985707364976,0.0,145.9759450298685,6.754020445613726,0,1798.5531794965914,0,1711.2112794984546,5.01930891996187e-07,8.939540555762586e-07,2.3046125952670026e-06,1.1016506664043359e-07,2.9087816889513277e-07,8.108813695539651e-07,4.91242214792898e-06,predictor_only,nsga2
0,575,575,train,2.5768561959266663,0.271484375,0.65234375,8,64,512,95.12600000016391,1.1923337579560611,2.444285622892287,34.61128654496074,47.12259999359958,1.0887591527677891,3.0738610706466267,4.162620223414416,0.005599984433501959,0.0,2.1111238687006266,2.0458963702802873,0,84.09810043401153,5382.278427776738,2097152.0,2,0.0,0.5,0.5,0.0,0.0,85.31488706879514,0.006300004315562546,0.0,65.94180900958474,19.366778054894837,0,1,0,0.0,59.05677392603786,26.25811314275729,0,1048576,1048576,8,4,0.25,2,0.5,0,1,1.0,0.25097720212391433,3,0,3,0.0,2.0,0.5,2.0,3,0.5,0.5,0.0,0.947265625,0.052734375,0.0,256,1024,0,0.0,152.99162370323634,0.04740001168102026,0.0,145.2387487416264,7.705474949928911,0,1798.5531794965914,0,1703.4271794964275,4.769335031824246e-07,9.777142491569149e-07,2.270465391294205e-06,1.0887591527677893e-07,3.0738610706466267e-07,9.05665096973466e-07,5.047040262948452e-06,predictor_only,nsga2
0,576,576,train,2.520087957382202,0.275390625,0.6640625,8,64,512,118.72800000128336,1.2804283723311145,3.060733513569547,34.970837617702884,35.38190000108443,1.2340720952250868,4.694836820884182,5.928908916109269,0.00589998671784997,0.0,2.4461297681375944,3.476879161253825,0,67.3803367325045,4312.341550880288,2097152.0,2,0.5,0.5,0.0,0.0,0.0,78.65268650851799,0.00650000583846122,0.0,60.8544932426213,17.79169326005822,0,1,0,15.430618234755993,63.22206827376199,0.0,1048576,1048576,0,8,4,0.25,2,0.5,0,1,1.0,0.2091524583687337,3,3,0,1.0,0.0,0.0,1.0,0,0.5,0.5,0.0,0.94921875,0.05078125,0.0,256,1024,0,0.0,157.24799801441418,0.049300011596642435,0.0,146.61957874040027,10.579119262417262,0,1798.5531794965914,0,1679.825179495308,5.121713489324458e-07,1.224293405427819e-06,2.279630108470772e-06,1.234072095225087e-07,4.694836820884183e-07,8.173881015546918e-07,5.426373855996657e-06,predictor_only,nsga2
0,577,577,train,2.4619640707969666,0.2734375,0.654296875,8,64,512,135.932999997749,1.2290481087039857,2.114171872539127,42.81684090608563,63.75909999769647,1.2480591759237116,2.760991830686029,4.009051006609741,0.006499991286545992,0.0,2.423996642045338,1.5785543732778569,0,58.85208998582015,3766.5337590924896,2097152.0,2,0.5,0.5,0.0,0.0,0.0,79.01488244220226,0.006699992809444666,0.0,60.47077390728769,18.537408542105133,0,1,0,18.057094106079987,60.957788336122285,0.0,1048576,1048576,0,8,4,0.25,2,0.5,0,1,1.0,0.18595995617580352,3,0,3,0.0,2.0,0.5,2.0,3,0.5,0.5,0.0,0.953125,0.046875,0.0,256,1024,0,0.0,184.64024354931496,31.27820004010573,0.0,146.37355289638708,6.988490612822146,0,1798.5531794965914,0,1662.6201794988424,4.916192434815944e-07,8.456687490156509e-07,2.672171712685159e-06,1.2480591759237117e-07,2.7609918306860294e-07,8.262630126341828e-07,5.2366278184775604e-06,predictor_only,nsga2
0,578,578,train,2.5073400139808655,0.28125,0.625,8,64,512,212.43390000017826,1.2349187738080327,2.4581390702739467,49.31190535507163,35.94269999302924,1.313243541974276,3.4105445058011465,4.723788047775423,0.006599992047995329,0.0,2.562539888070727,2.1546481676567004,0,37.658595645034254,2410.1501212821922,2097152.0,2,0.0,0.5,0.5,0.0,0.0,85.74368007392997,0.00790000194683671,0.0,68.21776090725692,17.518019164726226,0,1,0,0.0,59.605909069163474,26.1377710047665,0,1048576,1048576,8,4,0.25,2,0.5,0,1,1.0,0.17369072493825644,3,3,0,1.0,0.0,0.0,1.0,0,0.5,0.5,0.0,0.955078125,0.044921875,0.0,256,1024,0,0.0,212.01985279661443,55.480800016084686,0.0,148.46825075079846,8.070802029731286,0,1121.0250754930153,0,908.591175492837,4.939675095232131e-07,9.832556281095787e-07,2.9596372851394513e-06,1.313243541974276e-07,3.4105445058011465e-07,9.097123427488326e-07,5.818951570298617e-06,predictor_only,nsga2
0,579,579,train,2.4200265407562256,0.31640625,0.68359375,8,64,512,101.12140000273939,1.304379063127394,2.770792568634352,35.66528938913416,57.57939998875372,1.3119409961561788,4.1833502132861575,5.495291209442336,0.006800008122809231,0.0,2.570287605047905,2.918203596271622,0,79.11204638916087,5063.1709689062955,2097152.0,2,0.5,0.5,0.0,0.0,0.0,75.65104592205721,0.007800001185387373,0.0,56.82947571262946,18.813770208242357,0,1,0,17.965384296967965,57.68566162508924,0.0,1048576,1048576,0,8,4,0.25,2,0.5,0,1,1.0,0.18595995617580352,3,0,3,0.0,2.0,0.5,2.0,3,0.5,0.5,0.0,0.947265625,0.052734375,0.0,256,1024,0,0.0,158.9618440835836,0.05269999383017421,0.0,148.2753630627359,10.633781027017537,0,1121.0250754930153,0,1019.9036754902759,5.217516252509576e-07,1.1083170274537408e-06,2.4812875206879965e-06,1.3119409961561787e-07,4.1833502132861577e-07,7.92441227814508e-07,5.453326522151436e-06,predictor_only,nsga2
0,580,580,train,2.45930016040802,0.294921875,0.685546875,8,64,512,1138.6128999874927,1.4299553297729042,26.251939423932743,46.56275940790944,781.6070999979274,1.54804911225906,51.9481010564181,53.49615016867716,0.00960000033956021,0.0,2.3215468622492703,51.16500330608834,0,7.026086718322935,449.6695499726678,2097152.0,2,0.5,0.5,0.0,0.0,0.0,80.65114791000225,0.007099995855242014,0.0,62.316708758011046,18.32733915613596,0,1,0,15.221321238439483,65.42982667156276,0.0,1048576,1048576,0,8,4,0.25,2,0.5,0,1,1.0,0.16091838189257093,3,3,0,1.0,0.0,0.0,1.0,0,0.5,0.5,0.0,0.94921875,0.05078125,0.0,256,1024,0,0.0,296.97861664646035,43.598499993095174,0.0,147.6547968521989,105.72531980116632,0,1297.643005990394,0,159.03010600290122,5.719821319091617e-07,1.0500775769573098e-05,3.004363927086719e-06,1.54804911225906e-07,5.194810105641811e-06,8.369541215769014e-07,2.02636909670136e-05,predictor_only,nsga2
0,581,581,train,2.6280972957611084,0.251953125,0.607421875,8,64,512,399.3479000055231,76.27744383925972,2.779801451637277,34.67480320026031,41.292399997473694,1.143556637076579,4.001223731385257,5.144780368461836,0.006599992047995329,0.0,2.419066032338529,2.7191143440753116,0,20.03260807752158,1282.0869169613811,2097152.0,2,0.5,0.5,0.0,0.0,0.0,74.63574940751086,0.006799993570894003,0.0,56.35251653572443,18.276432878215534,0,1,0,16.086910609253945,58.54883879825692,0.0,1048576,1048576,0,8,4,0.25,2,0.5,0,1,1.0,0.11898847320993522,3,0,3,0.0,2.0,0.5,2.0,3,0.5,0.5,0.0,0.962890625,0.037109375,0.0,256,1024,0,0.0,454.9281939646292,0.04749999789055437,300.0,145.86961941197336,9.011074554765278,0,1297.643005990394,0,898.2951059848708,3.0510977535703887e-05,1.111920580654911e-06,2.331714216510559e-06,1.143556637076579e-07,4.001223731385257e-07,7.785313152936165e-07,3.524762168500917e-05,predictor_only,nsga2
0,582,582,train,2.4028953909873962,0.287109375,0.669921875,8,64,512,91.51509999355767,1.1852765562380503,2.2599869899543856,34.35579825395636,53.425100006279536,1.3463822551149245,3.1237290840189713,4.470111339133895,0.006400005077011883,0.0,2.5001234645263084,1.963587869530576,0,87.41631254569594,5594.6440029245405,2097152.0,2,0.5,0.5,0.0,0.0,0.0,78.25524472361356,0.006799993570894003,0.0,58.97764600888422,19.270798721158453,0,1,0,17.144685160348665,61.11055956326489,0.0,1048576,1048576,0,8,4,0.25,2,0.5,0,1,1.0,0.18595995617580352,3,3,0,1.0,0.0,0.0,1.0,0,0.5,0.5,0.0,0.951171875,0.048828125,0.0,256,1024,0,0.0,151.20424720059518,0.0445000478066504,0.0,143.33499883717644,7.824748315612066,0,1297.643005990394,0,1206.1279059968363,4.741106224952201e-07,9.039947959817543e-07,2.331259057488024e-06,1.3463822551149245e-07,3.1237290840189717e-07,8.16841817556833e-07,4.973217427435221e-06,predictor_only,nsga2
0,583,583,train,2.589090943336487,0.259765625,0.625,8,64,512,117.83909999940079,1.2486200659496616,2.288475354461213,34.93392273578004,49.73939999763388,1.2725835944039388,3.09283608204366,4.3654196764475985,0.006300004315562546,0.0,2.412206107847048,1.9469135642849877,0,67.88860498285965,4344.870718903017,2097152.0,2,0.5,0.0,0.5,0.0,0.0,43.51576964835235,0.006200003554113209,0.0,24.887085213179738,18.622484431618492,0,1,0,17.381107281850404,0.0,26.13466236650194,1048576,0,1048576,8,4,0.25,2,0.5,0,1,1.0,0.25097720212391433,3,0,3,0.0,2.0,0.5,2.0,3,0.5,0.5,0.0,0.951171875,0.048828125,0.0,256,1024,0,0.0,153.88407262476363,0.04520003858488053,0.0,146.4727945919971,7.366077994181664,0,1297.643005990394,0,1179.8039059909931,4.994480263798646e-07,9.153901417844852e-07,2.316928041035976e-06,1.272583594403939e-07,3.09283608204366e-07,4.6991991104722427e-07,4.638228087892309e-06,predictor_only,nsga2
0,584,584,train,2.548697292804718,0.259765625,0.623046875,8,64,512,402.246900004684,76.2663565691413,2.1188591902469436,36.53412340018376,36.33849999459926,1.1429677569453611,2.7780627078221567,3.921030464767518,0.006100002792663872,0.0,2.307651537385842,1.6072789245890118,0,19.888233101793308,1272.8469185147717,2097152.0,2,0.5,0.5,0.0,0.0,0.0,77.43627516142196,0.007600014214403927,0.0,59.33001871805983,18.09865642914773,0,1,0,15.983926346904417,61.45234881451755,0.0,1048576,1048576,0,8,4,0.25,2,0.5,0,1,1.0,0.2307606527190679,3,3,0,1.0,0.0,0.0,1.0,0,0.5,0.5,0.0,0.9453125,0.0546875,0.0,256,1024,0,0.0,459.677356638288,0.050000016926787794,300.0,152.37151267497205,7.255843946389188,0,1297.643005990394,0,895.3961059857099,3.0506542627656528e-05,8.475436760987775e-07,2.460706387324195e-06,1.1429677569453613e-07,2.778062707822157e-07,8.063306043080285e-07,3.501322634186428e-05,predictor_only,nsga2
0,585,585,train,2.8674444556236267,0.21875,0.591796875,8,64,512,115.88869999104645,1.2487163407032953,2.873864699387239,35.09578096933315,42.734499991638586,1.263844877017157,4.112284220455424,5.376129097472582,0.006200003554113209,0.0,2.4942290114217402,2.8757000824967283,0,69.0311563548622,4417.994006711181,2097152.0,2,0.0,0.5,0.5,0.0,0.0,85.69462794408814,0.00790000194683671,0.0,66.84805495363096,18.838672988510346,0,1,0,0.0,59.901872528325455,25.792755415762684,0,1048576,1048576,8,4,0.25,2,0.5,0,1,1.0,0.17369072493825644,3,0,3,0.0,2.0,0.5,2.0,3,0.5,0.5,0.0,0.9521484375,0.0478515625,0.0,256,1024,0,0.0,156.87344803769471,0.048800051445141435,0.0,147.11770280289693,9.706945183352671,0,1297.643005990394,0,1181.7543059993475,4.994865362813182e-07,1.1495458797548957e-06,2.3204046192408176e-06,1.263844877017157e-07,4.112284220455425e-07,9.085317902724067e-07,5.415581735296697e-06,predictor_only,nsga2
0,586,586,train,2.556597054004669,0.2890625,0.646484375,8,64,512,103.29939999792259,1.3087500373191552,2.158882762464252,34.643137592980565,48.12219999439549,1.2464323354950708,2.8996367552473963,4.146069090742467,0.00580001506023109,0.0,2.331107747625089,1.8091613280571472,0,77.4440370043183,4956.418368276371,2097152.0,2,0.5,0.5,0.0,0.0,0.0,77.53571532602037,0.008600007276982069,0.0,58.8443642841069,18.682751034636482,0,1,0,16.05024133517705,61.48547399084332,0.0,1048576,1048576,0,8,4,0.25,2,0.5,0,1,1.0,0.18595995617580352,3,3,0,1.0,0.0,0.0,1.0,0,0.5,0.5,0.0,0.953125,0.046875,0.0,256,1024,0,0.0,152.4430815710559,0.04990001616533846,0.0,145.35453732309742,7.038644231793129,0,1297.643005990394,0,1194.3436059924713,5.235000149276621e-07,8.635531049857008e-07,2.2725850684654333e-06,1.2464323354950708e-07,2.8996367552473964e-07,8.074576359305578e-07,4.881702733383601e-06,predictor_only,nsga2
0,587,587,train,2.5246968269348145,0.251953125,0.63671875,8,64,512,201.52349999989383,1.235590748104099,2.340330838287886,60.93811860991803,36.01630000048317,1.1730791173460813,3.279250007147933,4.452329124494014,0.006599992047995329,0.0,2.432201291890811,2.013527840555208,0,39.69740651883128,2540.634017205202,2097152.0,2,0.5,0.5,0.0,0.0,0.0,80.36588046640125,0.007399998139590025,0.0,63.29005420246352,17.068426265798127,0,1,0,17.194928493231068,63.170951973170176,0.0,1048576,1048576,0,8,4,0.25,2,0.5,0,1,1.0,0.11898843795383565,3,0,3,0.0,2.0,0.5,2.0,3,0.5,0.5,0.0,0.9453125,0.0546875,0.0,256,1024,0,0.0,258.05616078524,101.2598000233993,0.0,149.90218308649517,6.894177675345575,0,1297.643005990394,0,1096.1195059905,4.942362992416396e-07,9.361323353151545e-07,3.3350787799397016e-06,1.1730791173460813e-07,3.2792500071479334e-07,8.380486616504746e-07,6.048728988596371e-06,predictor_only,nsga2
0,588,588,train,2.607479989528656,0.251953125,0.640625,8,64,512,226.65290000441018,1.2029027222881667,2.329756960110864,49.04907713636129,34.42909999284893,1.2983873910224284,3.152592605801452,4.450979996823881,0.007099995855242014,0.0,2.569512901371417,1.874367099597221,0,35.29610564761664,2258.950761447465,2097152.0,2,0.5,0.5,0.0,0.0,0.0,78.76017395009848,0.00689999433234334,0.0,60.898666034859666,17.854607920906467,0,1,0,17.441542833542716,61.31863111655576,0.0,1048576,1048576,0,8,4,0.25,2,0.5,0,1,1.0,0.16091838189257093,3,3,0,1.0,0.0,0.0,1.0,0,0.5,0.5,0.0,0.9482421875,0.0517578125,0.0,256,1024,0,0.0,210.32694727504128,54.63250004686415,0.0,148.3467867995314,7.3476604286457405,0,1297.643005990394,0,1070.9901059859837,4.811610889152667e-07,9.319027840443455e-07,2.8682712105773822e-06,1.2983873910224284e-07,3.152592605801452e-07,8.224848251680702e-07,5.548917908387453e-06,predictor_only,nsga2
0,589,589,train,2.525904417037964,0.27734375,0.625,8,64,512,107.02739999396726,1.2509266958366965,2.264697226117165,35.518565248996005,49.71490000025369,1.3008261457262393,3.0299304861033334,4.330756631829573,0.006399990525096655,0.0,2.529257072913358,1.7950995683911182,0,74.74651588224178,4783.777016463474,2097152.0,2,0.5,0.5,0.0,0.0,0.0,76.23683667593684,0.00650000583846122,0.0,58.66925040452438,17.561086265574,0,1,0,16.90767997061256,59.32915670532429,0.0,1048576,1048576,0,8,4,0.25,2,0.5,0,1,1.0,0.16091838189257093,3,0,3,0.0,2.0,0.5,2.0,3,0.5,0.5,0.0,0.9580078125,0.0419921875,0.0,256,1024,0,0.0,156.13675668379946,0.04709999484475702,0.0,147.64522452428466,8.444432164670035,0,1297.643005990394,0,1190.6156059964267,5.003706783346785e-07,9.058788904468661e-07,2.361692681278339e-06,1.3008261457262394e-07,3.029930486103334e-07,7.961837267005936e-07,4.9972016399434345e-06,predictor_only,nsga2
0,590,590,train,2.5759899616241455,0.244140625,0.640625,8,64,512,105.49600000376813,1.2707959414124712,2.4112232031266303,35.33917672002375,48.82510000606999,1.2180610989528924,3.1030930676426443,4.321154166595536,0.005999987479299307,0.0,2.3282349403567695,1.9869192387594676,0,75.83154023066302,4853.2185747624335,2097152.0,2,0.5,0.5,0.0,0.0,0.0,76.98088032366245,0.006400005077011883,0.0,58.2172702770047,18.757210041580734,0,1,0,17.808083272043206,59.17279705161924,0.0,1048576,1048576,0,8,4,0.25,2,0.5,0,1,1.0,0.16091838189257093,3,3,0,1.0,0.0,0.0,1.0,0,0.5,0.5,0.0,0.9462890625,0.0537109375,0.0,256,1024,0,0.0,156.08478345825142,0.05029999010730535,0.0,148.25690274797176,7.777580720172326,0,1297.643005990394,0,1192.1470059866258,5.083183765649885e-07,9.644892812506523e-07,2.342044470108042e-06,1.2180610989528926e-07,3.1030930676426444e-07,8.054249697807109e-07,5.052392514363948e-06,predictor_only,nsga2
0,591,591,train,2.573305666446686,0.26171875,0.638671875,8,64,512,122.16149999585468,1.2915913863910593,2.49564657631111,35.65761028503947,46.39610000594985,1.2559177523894887,3.334710577886427,4.590628330275916,0.005299996701069176,0.0,2.2779798598319347,2.3073484737429117,0,65.48654456376926,4191.1388520812325,2097152.0,2,0.5,0.5,0.0,0.0,0.0,78.92770053353372,0.007199996616691351,0.0,60.365294312075434,18.55520622484159,0,1,0,17.655770373741746,61.27193015979198,0.0,1048576,1048576,0,8,4,0.25,2,0.5,0,1,1.0,0.14759070521249812,3,0,3,0.0,2.0,0.5,2.0,3,0.5,0.5,0.0,0.955078125,0.044921875,0.0,256,1024,0,0.0,157.77939299096656,0.04599998646881431,0.0,149.4035904620318,8.329802542465965,0,1297.643005990394,0,1175.4815059945392,5.166365545564238e-07,9.982586305244442e-07,2.4119908941418367e-06,1.2559177523894888e-07,3.3347105778864273e-07,8.245885460828207e-07,5.210537458333117e-06,predictor_only,nsga2
0,592,592,train,2.4617926478385925,0.322265625,0.6640625,8,64,512,121.36679999821354,1.250825156939819,2.814187668528985,35.686967801234495,62.499399995431304,1.1987590860419859,4.033174625529385,5.231933711571371,0.006199989002197981,0.0,2.2800916007989755,2.9456421217701982,0,65.91534163194649,4218.581864444575,2097152.0,2,0.5,0.5,0.0,0.0,0.0,76.33207603843015,0.008700008038431406,0.0,57.45608758096593,18.86728844942579,0,1,0,16.471799950835415,59.860276087594734,0.0,1048576,1048576,0,8,4,0.25,2,0.5,0,1,1.0,0.24103284089209526,3,3,0,1.0,0.0,0.0,1.0,0,0.5,0.5,0.0,0.9462890625,0.0537109375,0.0,256,1024,0,0.0,159.0079225068132,0.051499984692782164,0.0,148.37127732521236,10.585145196908048,0,1297.643005990394,0,1176.2762059921804,5.003300627759276e-07,1.125675067411594e-06,2.487044028040596e-06,1.198759086041986e-07,4.033174625529386e-07,7.962643602859724e-07,5.432506889671228e-06,predictor_only,nsga2
0,593,593,train,2.6380879878997803,0.2109375,0.609375,8,64,512,241.2456000020029,1.2656303180680655,4.9798710648931825,54.59988126156824,772.984399998677,1.264390066481702,7.828487115885721,9.092877182367424,0.008100003469735384,0.0,2.291008867867502,6.7937683110301865,0,33.161089109374316,2122.3097029999562,2097152.0,2,0.5,0.5,0.0,0.0,0.0,74.51945656382867,0.008300004992634058,0.0,57.2837924515304,17.227364107305625,0,1,0,16.387795725949836,58.131660837878826,0.0,1048576,1048576,0,8,4,0.25,2,0.5,0,1,1.0,0.2091524583687337,3,0,3,0.0,2.0,0.5,2.0,3,0.5,0.5,0.0,0.9482421875,0.0517578125,0.0,256,1024,0,0.0,243.38153057811797,75.69120000698604,0.0,148.3287973880015,19.361533183130415,0,1297.643005990394,0,1056.397405988391,5.062521272272262e-07,1.991948425957273e-06,3.246663916901815e-06,1.264390066481702e-07,7.828487115885722e-07,7.779701570901863e-07,7.432122345413243e-06,predictor_only,nsga2
0,594,594,train,2.588304042816162,0.259765625,0.625,8,64,512,725.1395000057528,1.257827237596537,14.383626036856358,103.9922372024461,58.08610000531189,1.380235013475503,27.358750965158354,28.738985978633856,0.007399998139590025,0.0,2.45166821483747,26.279917765656798,0,11.032344766202595,706.0700650369661,2097152.0,2,0.5,0.5,0.0,0.0,0.0,78.68461011384443,0.006699992809444666,0.0,60.42796984121559,18.249940279819384,0,1,0,18.223944462807363,60.46066565103706,0.0,1048576,1048576,0,8,4,0.25,2,0.5,0,1,1.0,0.2091524583687337,3,3,0,1.0,0.0,0.0,1.0,0,0.5,0.5,0.0,0.9423828125,0.0576171875,0.0,256,1024,0,0.0,478.534761907596,242.93070002750028,0.0,146.53512153187037,89.06894034822538,0,1297.643005990394,0,572.5035059846412,5.031308950386148e-07,5.753450414742543e-06,9.583492782110595e-06,1.380235013475503e-07,2.7358750965158357e-06,8.23293990064059e-07,1.9537266679819198e-05,predictor_only,nsga2
0,595,595,train,2.654375910758972,0.25390625,0.572265625,8,64,512,95.88920000533108,1.220809934929838,2.462861286684866,34.343217717641934,49.338900003931485,1.117222448134187,3.2988548598567515,4.416077307990939,0.007199996616691351,0.0,2.1809731774015413,2.227904133972706,0,83.4287549671941,5339.440317900422,2097152.0,2,0.5,0.5,0.0,0.0,0.0,82.37179979309585,0.007299997378140688,0.0,63.03386860241215,19.330631193305564,0,1,0,18.189560308831922,64.18223948426393,0.0,1048576,1048576,0,8,4,0.25,2,0.5,0,1,1.0,0.18595995617580352,3,0,3,0.0,2.0,0.5,2.0,3,0.5,0.5,0.0,0.9443359375,0.0556640625,0.0,256,1024,0,0.0,152.1075557570266,0.050800052122212946,0.0,143.27821476963044,8.778540935273938,0,1297.643005990394,0,1201.7538059850629,4.883239739719352e-07,9.851445146739464e-07,2.3585486399652172e-06,1.1172224481341871e-07,3.2988548598567517e-07,8.600971185486226e-07,5.133721977958815e-06,predictor_only,nsga2
0,596,596,train,2.4974515438079834,0.248046875,0.65234375,8,64,512,176.18969999602996,1.2784170662084975,2.506096305783175,52.278645177877536,49.81120000593364,1.3108231531280428,3.1880166095080873,4.4988397626361305,0.006999995093792677,0.0,2.285122486420515,2.2067172811218225,0,45.405347729365175,2905.942254679371,2097152.0,2,0.5,0.5,0.0,0.0,0.0,76.89655883724406,0.011900003300979733,0.0,57.98657179367791,18.898087040265175,0,1,0,17.566554638149398,59.33000419909466,0.0,1048576,1048576,0,8,4,0.25,2,0.5,0,1,1.0,0.19776865982085054,3,3,0,1.0,0.0,0.0,1.0,0,0.5,0.5,0.0,0.953125,0.046875,0.0,256,1024,0,0.0,224.25263419947683,67.24719998601358,0.0,147.68922924360047,9.316204969862785,0,1297.643005990394,0,1121.453305994364,5.11366826483399e-07,1.0024385223132702e-06,3.150218194460013e-06,1.3108231531280428e-07,3.1880166095080873e-07,8.040986976487395e-07,5.918006217169035e-06,predictor_only,nsga2
0,597,597,train,2.562869668006897,0.26171875,0.626953125,8,64,512,108.22939999343362,1.2420158134895392,2.67189837270953,35.44647488977475,49.619700002949685,1.3472572436341461,3.8709729461092555,5.218230189743402,0.007499984349124134,0.0,2.480100292011432,2.7306299133828453,0,73.91638578888522,4730.648690488654,2097152.0,2,0.5,0.5,0.0,0.0,0.0,75.25784817247366,0.008799994247965515,0.0,57.48360661699186,17.765441561233835,0,1,0,17.77382634493202,57.48402182754164,0.0,1048576,1048576,0,8,4,0.25,2,0.5,0,1,1.0,0.16091838189257093,3,0,3,0.0,2.0,0.5,2.0,3,0.5,0.5,0.0,0.955078125,0.044921875,0.0,256,1024,0,0.0,157.44155630389525,0.05630000669043511,0.0,147.92622570913596,9.459030588068906,0,1297.643005990394,0,1189.4136059969603,4.968063253958157e-07,1.0687593490838123e-06,2.4007207617597885e-06,1.3472572436341463e-07,3.870972946109256e-07,7.881261344146007e-07,5.276235589628358e-06,predictor_only,nsga2
0,598,598,train,2.538548529148102,0.27734375,0.6484375,8,64,512,243.78459999570623,1.2480412925464055,2.6176145416779315,50.80559797218022,33.51459999976214,1.1704683101589384,3.667916038492173,4.838384348651111,0.006500020390376449,0.0,2.3229522333690857,2.5089320948916494,0,32.815720043107156,2100.206082758858,2097152.0,2,0.0,0.5,0.5,0.0,0.0,89.06583739573236,0.006999995093792677,0.0,70.41358886391272,18.645248536725834,0,1,0,0.0,63.156343538744494,25.909493856987858,0,1048576,1048576,8,4,0.25,2,0.5,0,1,1.0,0.2201412464909665,3,3,0,1.0,0.0,0.0,1.0,0,0.5,0.5,0.0,0.9560546875,0.0439453125,0.0,256,1024,0,0.0,218.68501522561826,61.32910000451375,0.0,147.73002090605954,9.625894315044931,0,1297.643005990394,0,1053.8584059946877,4.992165170185622e-07,1.0470458166711729e-06,3.0297767997172523e-06,1.1704683101589383e-07,3.667916038492173e-07,9.424773616712992e-07,6.002354929943398e-06,predictor_only,nsga2
0,599,599,train,2.4906309843063354,0.244140625,0.66015625,8,64,512,214.00089999951888,1.2214727600316881,3.2207784827085413,60.67730138793752,48.90920000616461,1.1401895585967707,4.642686256221156,5.782875814817927,0.006200003554113209,0.0,2.332166688865136,3.4445091223986775,0,37.38284566640757,2392.5021226500844,2097152.0,2,0.5,0.5,0.0,0.0,0.0,77.62021138245127,0.006699992809444666,0.0,59.324219532395716,18.289291857246113,0,1,0,16.338285698525922,61.28192568392535,0.0,1048576,1048576,0,8,4,0.25,2,0.5,0,1,1.0,0.26061071707684524,3,0,3,0.0,2.0,0.5,2.0,3,0.5,0.5,0.0,0.955078125,0.044921875,0.0,256,1024,0,0.0,260.478210522711,106.12259997287765,0.0,143.64429623589632,10.711314313937015,0,1297.643005990394,0,1083.642105990875,4.885891040126754e-07,1.2883113930834164e-06,3.3509413033271487e-06,1.1401895585967709e-07,4.642686256221156e-07,8.088786852215646e-07,6.515008067126598e-06,predictor_only,nsga2
0,600,600,val,2.464504837989807,0.291015625,0.658203125,8,64,512,310.374699998647,1.3543475663927969,2.186798899967587,129.74104537480477,0.0,0.0,0.0,0.0,0.0,0.0,0.0,0.0,0,25.77521371690785,1649.6136778821024,0.0,0,0.0,0.0,0.0,0.0,0.0,0.0,0.0,0.0,0.0,0.0,0,0,0,0.0,0.0,0.0,0,0,0,8,4,0.25,2,0.5,2,1,1.0,0.18595995617580352,0,0,0,0.0,0.0,0.0,0.0,0,0.5,0.5,0.0,0.95703125,0.04296875,0.0,256,1024,0,0.0,533.1287673646606,23.782000032952055,336.0,158.701849668763,14.644917662945549,0,1047.8048569952796,0,737.4301569966326,5.417390265571188e-07,8.747195599870348e-07,5.189641814992192e-06,0.0,0.0,0.0,6.606100401536346e-06,predictor_only,nsga2
0,600,600,train,2.5954854488372803,0.228515625,0.611328125,8,64,512,699.0916000067955,126.26851629728691,127.3571407711758,266.1207661493363,35.40910000447184,1.1861944634464983,3.1278850416668336,4.314079505113332,0.006300004315562546,0.0,2.3718753999215405,1.9359041008762288,0,11.44340535134006,732.3779424857638,2097152.0,2,0.5,0.5,0.0,0.0,0.0,77.73537354260031,0.007299997378140688,0.0,56.583038051396706,21.145035493825468,0,1,0,18.918697354089396,58.81667618851092,0.0,1048576,1048576,0,8,4,0.25,2,0.5,0,1,1.0,0.2201412464909665,3,3,0,1.0,0.0,0.0,1.0,0,0.5,0.5,0.0,0.9443359375,0.0556640625,0.0,256,1024,0,0.0,2078.9856928711956,0.05390001751948148,1908.0,156.63327959274102,14.29851326093539,0,1047.8048569952796,0,348.7132569884841,5.050740651891477e-05,5.094285630847033e-05,1.064483064597345e-05,1.1861944634464982e-07,3.127885041666834e-07,7.773537354260032e-07,0.00011330385515929588,predictor_only,nsga2
0,601,601,train,2.6343383193016052,0.279296875,0.619140625,8,64,512,513.6027999978978,1.2776091350489736,77.04301707312757,98.88090907773079,48.1316999939736,1.3225039935346878,2.8990659709613635,4.221569964496052,0.006300004315562546,0.0,2.5128721778388594,1.7023977823416294,0,15.576208743067602,996.8773595563265,2097152.0,2,0.5,0.5,0.0,0.0,0.0,80.91505898028296,0.008999995770864189,0.0,61.03299092132853,19.873068063183574,0,1,0,17.87360117671021,63.04145780357276,0.0,1048576,1048576,0,8,4,0.25,2,0.5,0,1,1.0,0.2091524583687337,3,0,3,0.0,2.0,0.5,2.0,3,0.5,0.5,0.0,0.94921875,0.05078125,0.0,256,1024,0,0.0,708.8061411436294,0.04970001464243978,540.0,156.7129269011032,12.043514227883714,0,1047.8048569952796,0,534.2020569973818,5.110436540195896e-07,3.0817206829251025e-05,3.955236363109232e-06,1.322503993534688e-07,2.8990659709613636e-07,8.091505898028297e-07,3.651479443263229e-05,predictor_only,nsga2
0,602,602,train,2.7379996180534363,0.21484375,0.60546875,8,64,512,191.24270000611432,1.2872012304079643,2.325925298441826,52.51879211490791,36.18989999813493,1.2387262360172995,3.053339937195849,4.292066173213149,0.006299989763647318,0.0,2.3995668096013327,1.8861993738481686,0,41.83144333509668,2677.2123734461875,2097152.0,2,0.5,0.5,0.0,0.0,0.0,78.98451874562573,0.009100011084228754,0.0,58.91081446079656,20.064604273744948,0,1,0,17.117059724991513,61.867459020634215,0.0,1048576,1048576,0,8,4,0.25,2,0.5,0,1,1.0,0.2307606527190679,3,3,0,1.0,0.0,0.0,1.0,0,0.5,0.5,0.0,0.9453125,0.0546875,0.0,256,1024,0,0.0,224.5276745750308,52.89999999513384,0.0,157.350510767501,14.277163812395955,0,784.7597395068441,0,593.5170395007298,5.148804921631858e-07,9.303701193767305e-07,2.1007516845963166e-06,1.2387262360172995e-07,3.053339937195849e-07,7.898451874562574e-07,4.765054100913805e-06,predictor_only,nsga2
0,603,603,train,2.63213849067688,0.2265625,0.6015625,8,64,512,3438.103799999226,1.480501033398587,4.443327930315975,989.9955353738646,48.7009000062244,1.4662920752614357,7.601523326445056,9.067815401706492,0.005999987479299307,0.0,2.2537989466509334,6.80801646757626,0,2.326863334707482,148.91925342127885,2097152.0,2,0.5,0.5,0.0,0.0,0.0,78.76712161442792,0.007800001185387373,0.0,59.24175223816889,19.517569375073645,0,1,0,18.068253150975547,60.69886846345238,0.0,1048576,1048576,0,8,4,0.25,2,0.5,0,1,1.0,0.19776865982085054,3,0,3,0.0,2.0,0.5,2.0,3,0.5,0.5,0.0,0.9580078125,0.0419921875,0.0,256,1024,0,0.0,3983.6774573503167,1453.8639999955194,126.0,157.5580715679905,2246.2553857868074,0,1047.8048569952796,1,-2390.298943003946,5.92200413359435e-07,1.77733117212639e-06,3.9599821414954594e-05,1.4662920752614356e-07,7.601523326445057e-07,7.876712161442793e-07,4.366380575675535e-05,predictor_only,nsga2
0,604,604,train,2.5901514887809753,0.275390625,0.646484375,8,64,512,184.51040000945795,1.2818566453171862,2.231716639707835,59.79348051166471,49.53499999828637,1.234328530650639,2.858456672144838,4.092785202795477,0.006099988240748644,0.0,2.405975128831071,1.6807100857236577,0,43.35775458638287,2774.8962935285035,2097152.0,2,0.5,0.5,0.0,0.0,0.0,81.04299047168544,0.007199996616691351,0.0,61.022569402824786,20.013221072243955,0,1,0,18.41958614000869,62.623404331676745,0.0,1048576,1048576,0,8,4,0.25,2,0.5,0,1,1.0,0.2091524583687337,3,3,0,1.0,0.0,0.0,1.0,0,0.5,0.5,0.0,0.9462890625,0.0537109375,0.0,256,1024,0,0.0,253.22821518675892,85.65069999895059,0.0,155.61479678614523,11.96271840166306,0,1047.8048569952796,0,863.2944569858216,5.127426581268746e-07,8.926866558831342e-07,2.391739220466588e-06,1.2343285306506392e-07,2.8584566721448376e-07,8.104299047168544e-07,5.016876959472999e-06,predictor_only,nsga2
0,605,605,train,2.6065521836280823,0.255859375,0.6328125,8,64,512,392.8295999940019,76.29922775777463,2.3772646206189183,40.52884031440632,36.92850000516046,1.16268768954604,3.2008508442340524,4.363538533780092,0.0068999797804281116,0.0,2.140065121639302,2.2165734323603625,0,20.365012298232752,1303.3607870868962,2097152.0,2,0.5,0.0,0.5,0.0,0.0,42.53774197601271,0.007100010407157242,0.0,23.376288450549072,19.154353515056478,0,1,0,17.21054379286979,0.0,25.327198183142922,1048576,0,1048576,8,4,0.25,2,0.5,0,1,1.0,0.2091524583687337,3,0,3,0.0,2.0,0.5,2.0,3,0.5,0.5,0.0,0.94140625,0.05859375,0.0,256,1024,0,0.0,476.8213307711994,4.732700006570667,300.0,156.86461712731077,15.224013637318068,0,1047.8048569952796,0,654.9752570012777,3.0519691103109857e-05,9.509058482475673e-07,1.621153612576253e-06,1.16268768954604e-07,3.2008508442340526e-07,4.253774197601272e-07,3.395348183707182e-05,predictor_only,nsga2
0,606,606,train,2.6146937012672424,0.228515625,0.63671875,8,64,512,185.59390000882559,1.2360196768985485,2.1503146191596,61.993525805591204,39.154200014309026,1.3106757155470814,2.9347550185073765,4.245430734054458,0.006299989763647318,0.0,2.446310630225006,1.7928201140658044,0,43.10463272223308,2758.696494222917,2097152.0,2,0.5,0.5,0.0,0.0,0.0,76.13806752203931,0.007599999662488699,0.0,57.56688758224395,18.56357994013287,0,1,0,17.653167129889027,58.48490039215028,0.0,1048576,1048576,0,8,4,0.25,2,0.5,0,1,1.0,0.2307606527190679,3,3,0,1.0,0.0,0.0,1.0,0,0.5,0.5,0.0,0.9404296875,0.0595703125,0.0,256,1024,0,0.0,261.5194404065974,93.92569998453837,0.0,154.71141709431043,12.882323327748605,0,1047.8048569952796,0,862.210956986454,4.944078707594194e-07,8.601258476638399e-07,2.4797410322236484e-06,1.3106757155470814e-07,2.9347550185073765e-07,7.613806752203931e-07,5.020198499272747e-06,predictor_only,nsga2
0,607,607,train,2.524754047393799,0.283203125,0.66015625,8,64,512,104.806200004532,1.3076179064703577,2.4168005320834096,46.17094689263395,52.74339999596123,1.2527195989393178,3.528913650729128,4.781633249668446,0.005800000508315861,0.0,2.394617366009129,2.381215883151001,0,76.33063376995158,4885.160561276901,2097152.0,2,0.5,0.0,0.5,0.0,0.0,43.82397290410463,0.008499991963617504,0.0,24.112066563422804,19.703406348718207,0,1,0,16.77923854860297,0.0,27.04473435550166,1048576,0,1048576,8,4,0.25,2,0.5,0,1,1.0,0.241032865595602,3,0,3,0.0,2.0,0.5,2.0,3,0.5,0.5,0.0,0.9443359375,0.0556640625,0.0,256,1024,0,0.0,199.58146132475085,30.457800006843172,0.0,155.1744915921179,13.949169725789778,0,1047.8048569952796,0,942.9986569907476,5.230471625881431e-07,9.66720212833364e-07,1.846837875705358e-06,1.2527195989393178e-07,3.528913650729128e-07,4.382397290410463e-07,4.253008305134756e-06,predictor_only,nsga2
0,608,608,train,2.511088192462921,0.24609375,0.646484375,8,64,512,179.59650000557303,1.2416220459130782,2.2221429692960015,45.33008530305595,36.91790001175832,1.364935283460298,3.0525914356334476,4.417526719093745,0.006200003554113209,0.0,2.555481667360283,1.8558450481793494,0,44.54404988795364,2850.819192829033,2097152.0,2,0.5,0.5,0.0,0.0,0.0,79.10049370211074,0.007000009645707905,0.0,59.11280486686104,19.98068882560399,0,1,0,19.15009486810463,59.95039883400611,0.0,1048576,1048576,0,8,4,0.25,2,0.5,0,1,1.0,0.16091838189257093,3,3,0,1.0,0.0,0.0,1.0,0,0.5,0.5,0.0,0.95703125,0.04296875,0.0,256,1024,0,0.0,195.17540127306012,27.083399996627122,0.0,154.73172258799204,13.360278688440983,0,1047.8048569952796,0,868.2083569897065,4.966488183652312e-07,8.888571877184007e-07,1.8132034121222382e-06,1.3649352834602978e-07,3.0525914356334476e-07,7.910049370211075e-07,4.431467027136352e-06,predictor_only,nsga2
0,609,609,train,2.532389461994171,0.24609375,0.669921875,8,64,512,181.1812999949325,1.185054273778953,2.2257080469114157,64.75576215897019,49.244200010434724,1.319305980673942,2.941398495216652,4.260704475890594,0.00650000583846122,0.0,2.6120942163203473,1.6421102537317855,0,44.15442347416802,2825.8831023467533,2097152.0,2,0.5,0.5,0.0,0.0,0.0,76.325149457881,0.007599999662488699,0.0,56.47374992199361,19.843799536224903,0,1,0,18.453133072808598,57.872016385072406,0.0,1048576,1048576,0,8,4,0.25,2,0.5,0,1,1.0,0.2091524583687337,3,0,3,0.0,2.0,0.5,2.0,3,0.5,0.5,0.0,0.951171875,0.048828125,0.0,256,1024,0,0.0,272.6660979186422,102.06969999126159,0.0,158.74052719474702,11.855870732633633,0,784.7597395068441,0,603.5784395119116,4.740217095115812e-07,8.902832187645663e-07,2.590230486358808e-06,1.3193059806739422e-07,2.941398495216652e-07,7.6325149457881e-07,5.1438573568028245e-06,predictor_only,nsga2
0,610,610,train,2.5090516805648804,0.32421875,0.646484375,8,64,512,138.28419998753816,1.2507841129878698,2.2072106559147926,51.367147458112754,49.44940000132192,1.297212199638137,2.9346073572765103,4.2318195569146475,0.006099988240748644,0.0,2.296598670856122,1.9291208978177765,0,57.85145482467347,3702.493108779102,2097152.0,2,0.5,0.5,0.0,0.0,0.0,74.88506570452819,0.007000024197623134,0.0,54.299307826221515,20.578757854109043,0,1,0,17.90281292969196,56.98225277483622,0.0,1048576,1048576,0,8,4,0.25,2,0.5,0,1,1.0,0.17369072493825644,3,3,0,1.0,0.0,0.0,1.0,0,0.5,0.5,0.0,0.9580078125,0.0419921875,0.0,256,1024,0,0.0,219.30056890806165,49.96240000764374,0.0,155.35729874377893,13.98087015663901,0,784.7597395068441,0,646.4755395193059,5.00313645195148e-07,8.828842623659171e-07,2.0546858983245105e-06,1.297212199638137e-07,2.93460735727651e-07,7.488506570452818e-07,4.6099164186223225e-06,predictor_only,nsga2
0,611,611,train,2.4481611251831055,0.283203125,0.673828125,8,64,512,128.70260000636335,1.2956393502988137,2.168970290557635,51.235175479406166,37.39290000521578,1.1949286523258023,2.6811277772831272,3.8760564296089295,0.006499991286545992,0.0,2.2665421607476333,1.60301427757475,0,62.15832346262626,3978.1327016080804,2097152.0,2,0.5,0.0,0.5,0.0,0.0,44.930789342754835,0.00750001345295459,0.0,24.337090526047163,20.586198803254725,0,1,0,18.166180951706757,0.0,26.76460839104808,1048576,0,1048576,8,4,0.25,2,0.5,0,1,1.0,0.13364216641330787,3,0,3,0.0,2.0,0.5,2.0,3,0.5,0.5,0.0,0.9580078125,0.0419921875,0.0,256,1024,0,0.0,218.79914048105047,50.50189996836707,0.0,156.2810865298789,12.016153982804473,0,784.7597395068441,0,656.0571395004807,5.182557401195255e-07,8.675881162230541e-07,2.0494070191762468e-06,1.1949286523258022e-07,2.6811277772831275e-07,4.493078934275484e-07,4.272164411907267e-06,predictor_only,nsga2
0,612,612,train,2.515183389186859,0.2578125,0.64453125,8,64,512,226.04039999714587,1.231713027322333,2.3522239102824076,54.22333372774846,36.2946999957785,1.1344486232132263,3.2940002366636336,4.42844885987686,0.007399998139590025,0.0,2.388323845475192,2.032725016262078,0,35.39174682204681,2265.071796610996,2097152.0,2,0.5,0.5,0.0,0.0,0.0,79.98147995407581,0.006599992047995329,0.0,61.430852117120025,18.54402784490779,0,1,0,17.694370847539417,62.28710910653639,0.0,1048576,1048576,0,8,4,0.25,2,0.5,0,1,1.0,0.2091524583687337,3,3,0,1.0,0.0,0.0,1.0,0,0.5,0.5,0.0,0.9453125,0.0546875,0.0,256,1024,0,0.0,231.2290826614128,61.57520004489925,0.0,154.61596875958875,15.037913856924813,0,784.7597395068441,0,558.7193395096982,4.926852109289332e-07,9.408895641129632e-07,2.168933349109939e-06,1.1344486232132262e-07,3.2940002366636336e-07,7.998147995407582e-07,4.8451678096802795e-06,predictor_only,nsga2
0,613,613,train,2.48868590593338,0.283203125,0.66796875,8,64,512,108.57799999939743,1.2338591636660945,2.2444303355104775,45.05591428646444,69.24769999750424,1.146654691463821,3.082630058935769,4.22928475039959,0.0069999805418774486,0.0,2.4208128881996256,1.8014718816580875,0,73.67907238088762,4715.460632376808,2097152.0,2,0.5,0.5,0.0,0.0,0.0,80.08500325767787,0.007700000423938036,0.0,60.16220935144578,19.915093905808142,0,1,0,16.451062959885782,63.63394029779209,0.0,1048576,1048576,0,8,4,0.25,2,0.5,0,1,1.0,0.14759070521249812,3,0,3,0.0,2.0,0.5,2.0,3,0.5,0.5,0.0,0.9599609375,0.0400390625,0.0,256,1024,0,0.0,194.13681514256407,26.081900025019422,0.0,154.59104124453734,13.463873873007284,0,784.7597395068441,0,676.1817395074467,4.935436654664379e-07,8.977721342041912e-07,1.8022365714585778e-06,1.146654691463821e-07,3.0826300589357696e-07,8.008500325767787e-07,4.417330878745944e-06,predictor_only,nsga2
0,614,614,train,2.5783932209014893,0.2421875,0.634765625,8,64,512,139.78700000734534,1.298385896449492,2.6549574130404467,45.801921778056794,60.5890000006184,1.3654428863836023,3.8850553328006723,5.250498219184275,0.007800001185387373,0.0,2.4323495136580577,2.8103487043408295,0,57.22951898288572,3662.689214904686,2097152.0,2,0.5,0.5,0.0,0.0,0.0,76.60793076715366,0.014499993994832039,0.0,57.000074735213175,19.593356037945643,0,1,0,17.287302382640362,59.3206283845133,0.0,1048576,1048576,0,8,4,0.25,2,0.5,0,1,1.0,0.241032865595602,3,3,0,1.0,0.0,0.0,1.0,0,0.5,0.5,0.0,0.943359375,0.056640625,0.0,256,1024,0,0.0,199.0210603501869,27.45399996638298,0.0,154.71823052300707,16.848829860796872,0,784.7597395068441,0,644.9727394994987,5.193543585797969e-07,1.0619829652161786e-06,1.8320768711222716e-06,1.3654428863836023e-07,3.8850553328006723e-07,7.660793076715366e-07,4.704543324508211e-06,predictor_only,nsga2
0,615,615,train,2.469649016857147,0.294921875,0.666015625,8,64,512,1875.1863000070443,2.9975516476344612,83.20589925281519,39.561300543112836,51.69979999482166,5.2190774471378525,149.10942561934417,154.32850306648203,0.008199989679269493,0.0,2.5363601042617514,151.783942972541,0,4.266240497666525,273.0393918506576,2097152.0,2,0.5,0.5,0.0,0.0,0.0,75.51596338752174,0.007700000423938036,0.0,55.02208750061165,20.48617588648615,0,1,0,19.3001149539677,56.21584843355403,0.0,1048576,1048576,0,8,4,0.25,2,0.5,0,1,1.0,0.19776865982085054,3,0,3,0.0,2.0,0.5,2.0,3,0.5,0.5,0.0,0.9423828125,0.0576171875,0.0,256,1024,0,0.0,503.0590057742499,0.06559999019373208,0.0,154.0481756220963,348.9452301619599,0,1493.431764007106,1,-381.7545359999383,1.1990206590537844e-06,3.3282359701126074e-05,1.5824520217245135e-06,5.219077447137853e-07,1.4910942561934418e-05,7.551596338752174e-07,5.2251842322427796e-05,predictor_only,nsga2
0,616,616,train,2.687301516532898,0.251953125,0.609375,8,64,512,109.57559999951627,1.2015849316516314,2.2699735277582107,40.92721823815258,48.361799999838695,1.287551923297427,2.7151669064100847,4.002718829707511,0.005999987479299307,0.0,2.301086510360027,1.6956323318681856,0,73.00828826624769,4672.530449039852,2097152.0,2,0.5,0.5,0.0,0.0,0.0,76.9613235807304,0.007000009645707905,0.0,57.84566298084195,19.108660590242735,0,1,0,17.195085611590507,59.76623796913989,0.0,1048576,1048576,0,8,4,0.25,2,0.5,0,1,1.0,0.2091524583687337,3,3,0,1.0,0.0,0.0,1.0,0,0.5,0.5,0.0,0.94140625,0.05859375,0.0,256,1024,0,0.0,177.5951067902497,10.075099999085069,0.0,152.8233497039424,14.696657087222238,0,1493.431764007106,0,1383.8561640075898,4.806339726606526e-07,9.079894111032842e-07,1.6370887295261037e-06,1.2875519232974273e-07,2.715166906410085e-07,7.69613235807304e-07,4.195597232068096e-06,predictor_only,nsga2
0,617,617,train,2.4213895201683044,0.296875,0.6796875,8,64,512,201.9912999967346,1.3270104338546966,2.287216193718222,52.937742355059896,35.51790000346955,1.2928798124192786,2.9813963492107494,4.274276161630028,0.006699992809444666,0.0,2.5245182489338642,1.7430579198867187,0,39.60547011014444,2534.750087049244,2097152.0,2,0.5,0.5,0.0,0.0,0.0,77.81166226804615,0.007399998139590025,0.0,58.13942681396664,19.664835455939915,0,1,0,16.73252917616989,61.07913309187625,0.0,1048576,1048576,0,8,4,0.25,2,0.5,0,1,1.0,0.241032865595602,3,0,3,0.0,2.0,0.5,2.0,3,0.5,0.5,0.0,0.9462890625,0.0537109375,0.0,256,1024,0,0.0,226.20787593053126,57.003100009751506,0.0,155.74224036761024,13.462535553169516,0,1493.431764007106,0,1291.4404640103714,5.308041735418787e-07,9.148864774872885e-07,2.1175096942023963e-06,1.2928798124192785e-07,2.9813963492107495e-07,7.781166226804615e-07,4.768744584075027e-06,predictor_only,nsga2
0,618,618,train,2.5499181151390076,0.263671875,0.638671875,8,64,512,70.92919999558944,1.2631115930370582,2.294790843382528,40.24431610813912,47.94940000283532,1.0874833154269583,3.1538317700190506,4.241315085446009,0.005699999746866524,0.0,2.240791611686674,1.9948234740124684,0,112.78693702396798,7218.363969533951,2097152.0,2,0.5,0.5,0.0,0.0,0.0,77.43479242514206,0.007299997378140688,0.0,58.31490785539919,19.11258457236473,0,1,0,16.844397371294644,60.590395053847416,0.0,1048576,1048576,0,8,4,0.25,2,0.5,0,1,1.0,0.2201412703795926,3,3,0,1.0,0.0,0.0,1.0,0,0.5,0.5,0.0,0.943359375,0.056640625,0.0,256,1024,0,0.0,175.2088741782348,5.402699986007065,0.0,158.01685966166553,11.789314530562216,0,1493.431764007106,0,1422.5025640115166,5.052446372148233e-07,9.179163373530113e-07,1.6097726443255646e-06,1.0874833154269585e-07,3.153831770019051e-07,7.743479242514207e-07,4.231413051689421e-06,predictor_only,nsga2
0,619,619,train,2.5447723269462585,0.251953125,0.662109375,8,64,512,176.92600000009406,1.310395677574204,2.195951182219688,45.83239925092603,36.7604999919422,1.1714404866400059,2.8091541721672453,3.9805946588072514,0.007199996616691351,0.0,2.183256031727559,1.7901386304630011,0,45.21638868005306,2893.8488755233957,2097152.0,2,0.5,0.0,0.5,0.0,0.0,42.004032341741784,0.007199996616691351,0.0,22.221420045759544,19.77541229936555,0,1,0,17.2659362354528,0.0,24.738096106288985,1048576,0,1048576,8,4,0.25,2,0.5,0,1,1.0,0.26061071707684524,3,0,3,0.0,2.0,0.5,2.0,3,0.5,0.5,0.0,0.9404296875,0.0595703125,0.0,256,1024,0,0.0,197.3549844428797,31.122099928325042,0.0,153.31083127489666,12.922053239658027,0,1493.431764007106,0,1316.505764007012,5.241582710296817e-07,8.783804728878751e-07,1.833295970037041e-06,1.1714404866400058e-07,2.8091541721672455e-07,4.200403234174179e-07,4.05393450325274e-06,predictor_only,nsga2
0,620,620,train,2.5959081053733826,0.251953125,0.642578125,8,64,512,105.18719999527093,1.2907212992865502,2.332662539509454,39.649211521707116,36.06399999989662,1.3499003479763807,2.9176748794583514,4.267575227434732,0.006900008884258568,0.0,2.30823472231756,1.9524404962329134,0,76.05415816944928,4867.466122844754,2097152.0,2,0.5,0.5,0.0,0.0,0.0,80.21016663698583,0.007800001185387373,0.0,60.63959856367841,19.56276807212204,0,1,0,17.106484413460866,63.10368222352497,0.0,1048576,1048576,0,8,4,0.25,2,0.5,0,1,1.0,0.18595995617580352,3,3,0,1.0,0.0,0.0,1.0,0,0.5,0.5,0.0,0.9443359375,0.0556640625,0.0,256,1024,0,0.0,173.09038144201247,0.05239997699391097,0.0,158.4294340323896,14.60854743262897,0,1493.431764007106,0,1388.244564011835,5.162885197146201e-07,9.330650158037817e-07,1.5859684608682849e-06,1.349900347976381e-07,2.9176748794583517e-07,8.021016663698584e-07,4.264181185500019e-06,predictor_only,nsga2
0,621,621,train,2.6774553656578064,0.255859375,0.615234375,8,64,512,147.1012999973027,1.2939875962167169,2.196595469850106,44.558164216842044,57.485500001348555,1.1690956476773684,2.840902880540461,4.009998528217829,0.006000002031214535,0.0,2.2355002963649735,1.7684982298216407,0,54.383921938315645,3480.5710040522013,2097152.0,2,0.5,0.5,0.0,0.0,0.0,79.46950163068908,0.007599999662488699,0.0,59.70997500473732,19.75192662628926,0,1,0,17.247160409105867,62.22234122158321,0.0,1048576,1048576,0,8,4,0.25,2,0.5,0,1,1.0,0.241032865595602,3,0,3,0.0,2.0,0.5,2.0,3,0.5,0.5,0.0,0.953125,0.046875,0.0,256,1024,0,0.0,192.19498913163542,21.822599999723025,0.0,157.2507397842364,13.121649347676046,0,1493.431764007106,0,1346.3304640098033,5.175950384866868e-07,8.786381879400423e-07,1.7823265686736818e-06,1.1690956476773683e-07,2.840902880540461e-07,7.946950163068907e-07,4.374254664229085e-06,predictor_only,nsga2
0,622,622,train,2.444688618183136,0.263671875,0.66796875,8,64,512,166.891900007613,1.2938424813201148,2.1932825080991347,48.4758348214754,48.453700001118705,1.2211326791033705,2.954958566775949,4.176091245879319,0.005699999746866524,0.0,2.4779680664533243,1.6924231796791283,0,47.93493311959389,3067.835719654009,2097152.0,2,0.5,0.0,0.5,0.0,0.0,41.938026685033236,0.007099995855242014,0.0,21.98296882196569,19.947957867212303,0,1,0,17.97920358227378,0.0,23.958823102759457,1048576,0,1048576,8,4,0.25,2,0.5,0,1,1.0,0.25097720212391433,3,3,0,1.0,0.0,0.0,1.0,0,0.5,0.5,0.0,0.9443359375,0.0556640625,0.0,256,1024,0,0.0,207.85183924357864,39.56000000471249,0.0,155.94857708642206,12.343262152444069,0,1493.431764007106,0,1326.539863999493,5.175369925280459e-07,8.77313003239654e-07,1.9390333928590163e-06,1.2211326791033706e-07,2.954958566775949e-07,4.193802668503324e-07,4.17087278006498e-06,predictor_only,nsga2
0,623,623,train,2.5688748359680176,0.263671875,0.640625,8,64,512,84.98909999616444,1.19256347116262,2.084518836392364,41.003875393463346,35.82299999834504,1.1958878706070992,2.765054032138141,3.9609419027452404,0.005900001269765198,0.0,2.2566723400216597,1.6983695614538155,0,94.12861027767983,6024.231057771509,2097152.0,2,0.5,0.0,0.5,0.0,0.0,42.489760360808944,0.007100010407157242,0.0,23.52501761443328,18.957642735968502,0,1,0,17.23244165734721,0.0,25.257318703461735,1048576,0,1048576,8,4,0.25,2,0.5,0,1,1.0,0.19776865982085054,3,0,3,0.0,2.0,0.5,2.0,3,0.5,0.5,0.0,0.9521484375,0.0478515625,0.0,256,1024,0,0.0,177.12383080407335,9.670100014773197,0.0,154.8687281596922,12.585002629607933,0,1480.5380535076222,0,1395.5489535114577,4.77025388465048e-07,8.338075345569456e-07,1.6401550157385343e-06,1.1958878706070994e-07,2.765054032138141e-07,4.2489760360808944e-07,3.7719797326431413e-06,predictor_only,nsga2
0,624,624,train,2.557413697242737,0.232421875,0.64453125,8,64,512,181.40270000731107,1.3013008192688298,2.2836589587242964,46.36518109467579,35.01669999968726,1.264065202098595,3.3554738618472992,4.619539063945894,0.006499991286545992,0.0,2.405413079905863,2.207625992753485,0,44.10053378005839,2822.434161923737,2097152.0,2,0.0,0.0,1.0,0.0,0.0,50.270840072500576,0.008800008799880743,0.0,31.260764588122512,19.001275475578183,0,1,0,0.0,0.0,25.135420036250288,0,0,2097152,8,4,0.25,2,0.5,0,1,1.0,0.19776865982085054,3,3,0,1.0,0.0,0.0,1.0,0,0.5,0.5,0.0,0.95703125,0.04296875,0.0,256,1024,0,0.0,199.80056349067567,27.718300014385022,0.0,158.0052189777481,14.077044498542538,0,1480.5380535076222,0,1299.135353500311,5.205203277075319e-07,9.134635834897186e-07,1.8546072437870318e-06,1.2640652020985951e-07,3.3554738618472995e-07,5.027084007250058e-07,4.253253462103878e-06,predictor_only,nsga2
0,625,625,train,2.551754415035248,0.2578125,0.626953125,8,64,512,198.616800000309,1.2130019225610542,2.1823947227627873,54.08993905135293,37.246699997922406,1.2592148154611382,3.057745993185164,4.316960808646302,0.006299989763647318,0.0,2.417829201428244,1.8928316174544109,0,40.27836377196582,2577.8152814058126,2097152.0,2,0.5,0.5,0.0,0.0,0.0,75.98830680086675,0.007499998901039362,0.0,54.83551938862489,21.14528741334083,0,1,0,18.95390745671704,57.03439934414972,0.0,1048576,1048576,0,8,4,0.25,2,0.5,0,1,1.0,0.2091524583687337,3,0,3,0.0,2.0,0.5,2.0,3,0.5,0.5,0.0,0.9482421875,0.0517578125,0.0,256,1024,0,0.0,229.94134278670708,55.16479999641888,0.0,159.1747297023889,15.601813087899297,0,1480.5380535076222,0,1281.9212535073132,4.852007690244217e-07,8.729578891051151e-07,2.163597562054117e-06,1.2592148154611383e-07,3.0577459931851644e-07,7.598830680086677e-07,4.713335369056952e-06,predictor_only,nsga2
0,626,626,train,2.5694228410720825,0.244140625,0.6171875,8,64,512,2055.552499994519,1.2862131511558434,37.00604505439231,148.54464151959115,339.31339999253396,1.1943631029211295,81.64466015079013,82.83902325371126,0.006999995093792677,0.0,2.2307476382826112,80.60127562033485,0,3.8918957837980526,249.08133016307536,2097152.0,2,0.5,0.5,0.0,0.0,0.0,76.9706112922778,0.007300011930055916,0.0,56.94097323769154,20.022338042656205,0,1,0,17.29751322169917,59.673098070578625,0.0,1048576,1048576,0,8,4,0.25,2,0.5,0,1,1.0,0.14759070521249812,3,3,0,1.0,0.0,0.0,1.0,0,0.5,0.5,0.0,0.958984375,0.041015625,0.0,256,1024,0,0.0,747.3475989005572,0.06410002242773771,0.0,154.0885388399044,593.1949600382252,0,2171.8264810001706,0,116.27398100565142,5.144852604623375e-07,1.4802418021756926e-05,5.941785660783647e-06,1.1943631029211294e-07,8.164466015079012e-06,7.697061129227781e-07,3.031229738129681e-05,predictor_only,nsga2
0,627,627,train,2.485533833503723,0.27734375,0.650390625,8,64,512,156.7642000009073,1.2140126007081495,2.2787060720248484,54.76928897400238,39.944200005265884,1.2455872760487916,2.9160809322048657,4.161668208253658,0.006599992047995329,0.0,2.369033586244594,1.7860346299610679,0,51.031734083544684,3266.03098134686,2097152.0,2,0.5,0.5,0.0,0.0,0.0,77.18951589327976,0.006900023436173797,0.0,56.009943074863855,21.17267279497974,0,1,0,18.3288252022999,58.860690690979865,0.0,1048576,1048576,0,8,4,0.25,2,0.5,0,1,1.0,0.2307606527190679,3,0,3,0.0,2.0,0.5,2.0,3,0.5,0.5,0.0,0.951171875,0.048828125,0.0,256,1024,0,0.0,233.04803058694154,59.55760003416799,0.0,157.63623555673593,15.854194996037585,0,2171.8264810001706,0,2015.0622809992633,4.856050402832598e-07,9.114824288099394e-07,2.1907715589600955e-06,1.2455872760487916e-07,2.916080932204866e-07,7.718951589327977e-07,4.775921007811458e-06,predictor_only,nsga2
0,628,628,train,2.5074869990348816,0.240234375,0.66015625,8,64,512,114.43260000669397,1.2200989497097732,2.106566392576051,40.253718798082005,54.277000002912246,1.1801704535022504,2.6301514574067024,3.810321910908953,0.00589998671784997,0.0,2.1899749624998393,1.6144469616912631,0,69.90953705495613,4474.2103715171925,2097152.0,2,0.5,0.5,0.0,0.0,0.0,77.88446617723775,0.00689999433234334,0.0,57.28652282785144,20.591043355053976,0,1,0,17.51902694355263,60.36543923368513,0.0,1048576,1048576,0,8,4,0.25,2,0.5,0,1,1.0,0.19776865982085054,3,3,0,1.0,0.0,0.0,1.0,0,0.5,0.5,0.0,0.9609375,0.0390625,0.0,256,1024,0,0.0,174.32153656147136,6.294999999227002,0.0,155.4422865881856,12.584249974058737,0,2171.8264810001706,0,2057.3938809934766,4.880395798839093e-07,8.426265570304204e-07,1.6101487519232805e-06,1.1801704535022505e-07,2.630151457406703e-07,7.788446617723778e-07,4.100691741700883e-06,predictor_only,nsga2
0,629,629,train,2.5061758160591125,0.25,0.640625,8,64,512,108.78100000263657,1.3202709911092314,2.114607157458593,45.256500757253995,45.637100003659725,1.2813731252422718,2.9340654752598168,4.215438600502089,0.007800015737302601,0.0,2.3745826421635003,1.8330559426012856,0,73.54157856820156,4706.6610283649,2097152.0,2,0.5,0.5,0.0,0.0,0.0,79.79606774172315,0.009600014891475439,0.0,60.82127483741163,18.965192889420045,0,1,0,17.90038719068692,61.89568055103623,0.0,1048576,1048576,0,8,4,0.25,2,0.5,0,1,1.0,0.20915249756217386,3,0,3,0.0,2.0,0.5,2.0,3,0.5,0.5,0.0,0.9462890625,0.0537109375,0.0,256,1024,0,0.0,194.76551562328729,26.90460000303574,0.0,155.58225383315755,12.278661787094002,0,2171.8264810001706,0,2063.045480997534,5.281083964436926e-07,8.458428629834375e-07,1.8102600302901602e-06,1.2813731252422718e-07,2.934065475259817e-07,7.979606774172316e-07,4.403715827184731e-06,predictor_only,nsga2
0,630,630,train,2.602718412876129,0.224609375,0.63671875,8,64,512,169.7305999987293,1.2705833257000094,2.2371673957504568,51.82525063040124,47.67010000068694,1.3732025792838807,3.0698388789521793,4.44304145823606,0.006099988240748644,0.0,2.386534742355182,2.050406727640129,0,47.13323859587662,3016.5272701361037,2097152.0,2,0.5,0.5,0.0,0.0,0.0,76.22165570212593,0.007399998139590025,0.0,55.525839235200294,20.688416468786052,0,1,0,17.97566961511787,58.24598608700806,0.0,1048576,1048576,0,8,4,0.25,2,0.5,0,1,1.0,0.2307606527190679,3,3,0,1.0,0.0,0.0,1.0,0,0.5,0.5,0.0,0.9521484375,0.0478515625,0.0,256,1024,0,0.0,221.33200540740685,50.52190001879353,0.0,154.90067248750395,15.909432901109362,0,2171.8264810001706,0,2002.0958810014413,5.082333302800037e-07,8.948669583001829e-07,2.07301002521605e-06,1.3732025792838807e-07,3.0698388789521793e-07,7.622165570212594e-07,4.682631016641102e-06,predictor_only,nsga2
0,631,631,train,2.503128230571747,0.271484375,0.654296875,8,64,512,148.4619999973802,1.2808567992051643,2.3780894393753176,50.80197692508037,35.62559999409132,1.2242802188740596,3.159829582063341,4.3841098009374,0.006599992047995329,0.0,2.3943635165571893,1.9831462923322158,0,53.88547988482767,3448.6707126289707,2097152.0,2,0.5,0.5,0.0,0.0,0.0,76.40000828731499,0.006700007361359894,0.0,58.01129315426253,18.382015125691098,0,1,0,17.31192926230462,59.08807902501037,0.0,1048576,1048576,0,8,4,0.25,2,0.5,0,1,1.0,0.18595995617580352,3,0,3,0.0,2.0,0.5,2.0,3,0.5,0.5,0.0,0.951171875,0.048828125,0.0,256,1024,0,0.0,217.8436926546434,47.30050002399366,0.0,157.2759420441031,13.267250586546616,0,2171.8264810001706,0,2023.3644810027904,5.123427196820658e-07,9.512357757501268e-07,2.032079077003215e-06,1.2242802188740596e-07,3.159829582063341e-07,7.640000828731499e-07,4.698068635402298e-06,predictor_only,nsga2
0,632,632,train,2.590632379055023,0.248046875,0.6171875,8,64,512,84.65740000247024,1.2361660137811972,2.330828481665825,41.08558298538102,50.05160000291653,1.1201550874521795,3.273128997202398,4.393284084654577,0.006000002031214535,0.0,2.350361832003025,2.0369222506203375,0,94.49741549292887,6047.834591547447,2097152.0,2,0.5,0.0,0.5,0.0,0.0,41.76866247531984,0.007000009645707905,0.0,20.848315172486494,20.91334729318764,0,1,0,17.264121949445276,0.0,24.504540525874567,1048576,0,1048576,8,4,0.25,2,0.5,0,1,1.0,0.18595995617580352,3,3,0,1.0,0.0,0.0,1.0,0,0.5,0.5,0.0,0.958984375,0.041015625,0.0,256,1024,0,0.0,178.6103099233122,7.605500009958632,0.0,156.97667570457514,14.028134208778397,0,2171.8264810001706,0,2087.1690809977003,4.944664055124789e-07,9.3233139266633e-07,1.643423319415241e-06,1.1201550874521795e-07,3.2731289972023976e-07,4.1768662475319844e-07,3.927236150812706e-06,predictor_only,nsga2
0,633,633,train,2.600862979888916,0.240234375,0.58984375,8,64,512,142.46730000013486,1.2222573845701503,2.2606865905372264,43.974248537159866,39.93339999578893,1.3090424193339016,3.2232408300473017,4.532283249381203,0.006200018106028438,0.0,2.5356913930425433,1.9903918382326315,0,56.15284242173471,3593.7819149910215,2097152.0,2,0.5,0.5,0.0,0.0,0.0,79.52221799767355,0.007099995855242014,0.0,58.84825784401721,20.666860157801104,0,1,0,17.69487755916475,61.827340438508806,0.0,1048576,1048576,0,8,4,0.25,2,0.5,0,1,1.0,0.19776865982085054,3,0,3,0.0,2.0,0.5,2.0,3,0.5,0.5,0.0,0.9501953125,0.0498046875,0.0,256,1024,0,0.0,189.8287700490689,19.832299978588708,0.0,155.56453784376438,14.431932226715817,0,1328.9383635012884,0,1186.4710635011536,4.889029538280602e-07,9.042746362148904e-07,1.7589699414863946e-06,1.3090424193339017e-07,3.223240830047302e-07,7.952221799767356e-07,4.400598036444201e-06,predictor_only,nsga2
0,634,634,train,2.5671592950820923,0.236328125,0.611328125,8,64,512,225.39269999833778,1.2370498860126564,3.1537679284630427,54.11020426108503,37.239899989799596,1.1491836337767005,4.853438774295401,6.002622408072101,0.006699992809444666,0.0,2.3489980644850568,3.6469243507775997,0,35.49344990591573,2271.580793978607,2097152.0,2,0.5,0.5,0.0,0.0,0.0,81.86653730021199,0.006699992809444666,0.0,61.354578374839306,20.505258932563237,0,1,0,18.81201275082305,63.05452454938894,0.0,1048576,1048576,0,8,4,0.25,2,0.5,0,1,1.0,0.25097720212391433,3,3,0,1.0,0.0,0.0,1.0,0,0.5,0.5,0.0,0.939453125,0.060546875,0.0,256,1024,0,0.0,234.00408830224293,62.220899999374524,0.0,154.93738592256878,16.84580238029964,0,1328.9383635012884,0,1103.5456635029507,4.948199544050627e-07,1.261507171385217e-06,2.1644081704434016e-06,1.1491836337767006e-07,4.853438774295401e-07,8.1866537300212e-07,5.339662910043012e-06,predictor_only,nsga2
0,635,635,train,2.5123871564865112,0.259765625,0.6328125,8,64,512,212.98949999618344,1.255851129106607,2.3655107120902645,54.48328298281072,36.271899996791035,1.1458383375689107,3.1736176374129776,4.319455974981889,0.00650000583846122,0.0,2.2801759285511913,2.0327800405922356,0,37.56036067403641,2403.8630831383302,2097152.0,2,0.5,0.5,0.0,0.0,0.0,80.28267046644952,0.007700000423938036,0.0,60.422699876608114,19.85227058941747,0,1,0,18.408259219518044,61.87441124693147,0.0,1048576,1048576,0,8,4,0.25,2,0.5,0,1,1.0,0.26994862967019156,3,0,3,0.0,2.0,0.5,2.0,3,0.5,0.5,0.0,0.943359375,0.056640625,0.0,256,1024,0,0.0,232.41857929603037,58.76670000725426,0.0,158.52932084597632,15.122558442799797,0,1246.377709502844,0,1033.3882095066606,5.023404516426429e-07,9.462042848361058e-07,2.1793313193124288e-06,1.1458383375689107e-07,3.173617637412978e-07,8.028267046644952e-07,4.862648357953861e-06,predictor_only,nsga2
0,636,636,train,2.4589112997055054,0.251953125,0.681640625,8,64,512,228.63690000667702,1.1966792365255834,2.4186230396469925,64.68721293653857,35.56469999602996,1.171629466397855,3.0504424538468324,4.222071920244687,0.006699992809444666,0.0,2.317858233814194,1.897513693621049,0,34.98982452063447,2239.348769320606,2097152.0,2,0.5,0.5,0.0,0.0,0.0,80.80662524365667,0.006699992809444666,0.0,60.12578528084083,20.674139970006394,0,1,0,17.274677057991116,63.531948185665556,0.0,1048576,1048576,0,8,4,0.25,2,0.5,0,1,1.0,0.2091524583687337,3,3,0,1.0,0.0,0.0,1.0,0,0.5,0.5,0.0,0.9501953125,0.0498046875,0.0,256,1024,0,0.0,273.2100608508445,100.66429997095838,0.0,159.72020495172356,12.825555928162618,0,1247.662977007562,0,1019.0260770008849,4.786716946102334e-07,9.674492158587971e-07,2.5874885174615427e-06,1.1716294663978551e-07,3.0504424538468327e-07,8.080662524365668e-07,5.263882872391609e-06,predictor_only,nsga2
0,637,637,train,2.5443265438079834,0.2734375,0.60546875,8,64,512,88.59230000234675,1.2502774998680506,3.0798359307796774,38.45149584885346,42.484400008106604,1.308602002819573,5.1090535490928595,6.417655551912432,0.006000002031214535,0.0,2.3922825247196675,4.01937302516155,0,90.30028229886558,5779.218067127397,2097152.0,2,0.5,0.5,0.0,0.0,0.0,75.57661482657372,0.006799993570894003,0.0,55.08657148973022,20.4832433432726,0,1,0,17.62758246447064,57.94903236210308,0.0,1048576,1048576,0,8,4,0.25,2,0.5,0,1,1.0,0.17369072493825644,3,0,3,0.0,2.0,0.5,2.0,3,0.5,0.5,0.0,0.9541015625,0.0458984375,0.0,256,1024,0,0.0,171.12643711800473,0.05119998240843415,0.0,154.52618254895913,16.5490545866372,0,1247.662977007562,0,1159.0706770052152,5.001109999472203e-07,1.231934372311871e-06,1.5380598339541384e-06,1.3086020028195732e-07,5.109053549092859e-07,7.557661482657373e-07,4.66763690967021e-06,predictor_only,nsga2
0,638,638,train,2.488477647304535,0.236328125,0.662109375,8,64,512,541.1099000048125,1.1649811820046336,4.6909929319359405,65.38373789217118,165.71210000256542,1.3134372631376596,7.832631416766179,9.146068679903838,0.00689999433234334,0.0,2.4811747327195546,6.657993952851941,0,14.784400018422932,946.2016011790677,2097152.0,2,0.5,0.5,0.0,0.0,0.0,75.33214145527698,0.00999998883344233,0.0,56.34834341832503,18.973798048118507,0,1,0,18.15334582685453,57.17879562842245,0.0,1048576,1048576,0,8,4,0.25,2,0.5,0,1,1.0,0.19776865982085054,3,3,0,1.0,0.0,0.0,1.0,0,0.5,0.5,0.0,0.953125,0.046875,0.0,256,1024,0,0.0,284.95884802444704,96.22059999674093,0.0,155.28690546272662,33.451342564979456,0,1402.3371120066402,0,861.2272120018276,4.6599247280185356e-07,1.876397172774376e-06,2.6153495156868475e-06,1.3134372631376596e-07,7.832631416766179e-07,7.533214145527699e-07,6.625667443806231e-06,predictor_only,nsga2
0,639,639,train,2.423678398132324,0.2578125,0.69921875,8,64,512,1864.6635000040988,1.4650830103279504,117.65421337797693,54.84110567718111,83.16880000347737,1.5185284558346082,243.0072849579546,244.5258134137892,0.007300011930055916,0.0,2.2141484158233613,242.3043649860358,0,4.290316032713883,274.5802260936885,2097152.0,2,0.5,0.5,0.0,0.0,0.0,77.18246106447464,0.008099988917820156,0.0,55.789780318022935,21.384580757533875,0,1,0,17.650971750296655,59.531489314177975,0.0,1048576,1048576,0,8,4,0.25,2,0.5,0,1,1.0,0.14759070521249812,3,0,3,0.0,2.0,0.5,2.0,3,0.5,0.5,0.0,0.9501953125,0.0498046875,0.0,256,1024,0,0.0,695.841608261944,0.08249998791143298,0.0,156.87379195023306,538.8853163237995,0,2057.4961440062907,0,192.83264400219196,5.860332041311802e-07,4.706168535119078e-05,2.1936442270872445e-06,1.5185284558346083e-07,2.430072849579546e-05,7.718246106447464e-07,7.506576873443287e-05,predictor_only,nsga2
0,640,640,train,2.5482019186019897,0.23828125,0.6328125,8,64,512,116.01430000155233,1.2230221379313069,2.1416997596479654,41.00582153310697,48.71119999734219,1.1722162808857899,2.9323466214152507,4.104562902301041,0.005900015821680427,0.0,2.4200500635533215,1.6786128229260384,0,68.95642212615886,4413.211016074167,2097152.0,2,0.5,0.5,0.0,0.0,0.0,72.7078741616557,0.007099995855242014,0.0,53.909075113354895,18.79169905244555,0,1,0,16.490710833094084,56.217163328561604,0.0,1048576,1048576,0,8,4,0.25,2,0.5,0,1,1.0,0.2307606283979408,3,3,0,1.0,0.0,0.0,1.0,0,0.5,0.5,0.0,0.9443359375,0.0556640625,0.0,256,1024,0,0.0,177.48217372274496,5.996299965772778,0.0,156.16432677959574,15.321546977376457,0,2057.4961440062907,0,1941.4818440047384,4.892088551725229e-07,8.566799038591862e-07,1.6402328613242788e-06,1.1722162808857899e-07,2.932346621415251e-07,7.270787416165568e-07,4.123656652202648e-06,predictor_only,nsga2
0,641,641,train,2.5659059286117554,0.255859375,0.634765625,8,64,512,118.4722000034526,1.307864245699653,2.2403551243307382,40.07418923039167,45.949699997436255,1.2505852209242858,2.9450427515976516,4.195627972521938,0.006100002792663872,0.0,2.469475269098914,1.7200527006303592,0,67.52582018352555,4321.652491745635,2097152.0,2,0.5,0.0,0.5,0.0,0.0,42.925435074197054,0.007599999662488699,0.0,22.785648477627785,20.132186596906777,0,1,0,17.318117805043027,0.0,25.607317269154024,1048576,0,1048576,8,4,0.25,2,0.5,0,1,1.0,0.13364216641330787,3,0,3,0.0,2.0,0.5,2.0,3,0.5,0.5,0.0,0.951171875,0.048828125,0.0,256,1024,0,0.0,174.4896344016882,5.206500005442649,0.0,154.32692140852245,14.956212987723113,0,2057.4961440062907,0,1939.023944002838,5.231456982798614e-07,8.961420497322953e-07,1.6029675692156666e-06,1.250585220924286e-07,2.945042751597652e-07,4.2925435074197054e-07,3.8710724652219875e-06,predictor_only,nsga2
0,642,642,train,2.6100958585739136,0.21484375,0.63671875,8,64,512,91.03910000703763,1.2591222246880616,2.2277914311805675,38.26659804533256,51.96260000229813,1.1068403856052627,2.6614026300525095,3.768243015657772,0.006099988240748644,0.0,2.178821531195394,1.5833214962216298,0,87.87336568590742,5623.895403898075,2097152.0,2,0.5,0.5,0.0,0.0,0.0,74.81109710308438,0.00750001345295459,0.0,54.583088434628664,20.22050865500276,0,1,0,16.280673964701855,58.530423138382524,0.0,1048576,1048576,0,8,4,0.25,2,0.5,0,1,1.0,0.2091524583687337,3,3,0,1.0,0.0,0.0,1.0,0,0.5,0.5,0.0,0.9560546875,0.0439453125,0.0,256,1024,0,0.0,167.01404680480476,0.04899996565654874,0.0,153.34979292930592,13.61525390984231,0,2057.4961440062907,0,1966.457043999253,5.036488898752247e-07,8.911165724722272e-07,1.5306639218133027e-06,1.1068403856052626e-07,2.6614026300525094e-07,7.481109710308438e-07,4.050364656757376e-06,predictor_only,nsga2
0,643,643,train,2.617627739906311,0.236328125,0.626953125,8,64,512,118.34739999903832,1.1940245326336392,2.290666625365585,41.819069476732295,50.01809999521356,1.177594936813212,2.74637971871927,3.923974655532482,0.005999987479299307,0.0,2.1971421122142574,1.7208325558389252,0,67.59702708329819,4326.209733331084,2097152.0,2,0.5,0.5,0.0,0.0,0.0,79.99068801715039,0.007399998139590025,0.0,60.6972038135458,19.286084205465002,0,1,0,18.403319315970876,61.587368701179514,0.0,1048576,1048576,0,8,4,0.25,2,0.5,0,1,1.0,0.18595995617580352,3,0,3,0.0,2.0,0.5,2.0,3,0.5,0.5,0.0,0.9482421875,0.0517578125,0.0,256,1024,0,0.0,181.2150425389261,9.478499996475875,0.0,156.60687031556336,15.129672226886864,0,2057.4961440062907,0,1939.1487440072524,4.776098130534558e-07,9.162666501462341e-07,1.672762779069292e-06,1.177594936813212e-07,2.74637971871927e-07,7.99906880171504e-07,4.258943587993734e-06,predictor_only,nsga2
0,644,644,train,2.5257500410079956,0.265625,0.642578125,8,64,512,93.32960000028834,1.214284966705116,2.1663895810587515,39.876723697648416,48.49830000603106,1.1006215206366077,3.2881901056980034,4.388811626334611,0.006200018106028438,0.0,2.3949136011996295,1.9876980070289532,0,85.7167959916178,5485.874943463539,2097152.0,2,0.5,0.0,0.5,0.0,0.0,42.55620352965238,0.007199996616691351,0.0,23.11439540967274,19.434608123362953,0,1,0,16.831998060400608,0.0,25.72420546925177,1048576,0,1048576,8,4,0.25,2,0.5,0,1,1.0,0.16091838189257093,3,3,0,1.0,0.0,0.0,1.0,0,0.5,0.5,0.0,0.9638671875,0.0361328125,0.0,256,1024,0,0.0,173.02959298164913,5.572800000663847,0.0,153.011724151457,14.445068829528285,0,2057.4961440062907,0,1964.1665440060024,4.857139866820465e-07,8.665558324235006e-07,1.5950689479059366e-06,1.1006215206366076e-07,3.288190105698004e-07,4.2556203529652387e-07,3.811781964941469e-06,predictor_only,nsga2
0,645,645,train,2.524769961833954,0.26953125,0.662109375,8,64,512,199.1215000016382,1.2949115584588013,2.1515245766544817,66.990624791783,36.77659999812022,1.2568410481596803,2.733711260452295,3.990552308611975,0.006200003554113209,0.0,2.255278720695618,1.7290735843622438,0,40.17627339920995,2571.2814975494366,2097152.0,2,0.5,0.5,0.0,0.0,0.0,79.09615039212167,0.007599999662488699,0.0,58.14078658169622,20.947763810762964,0,1,0,17.905461942926557,61.19068844919512,0.0,1048576,1048576,0,8,4,0.25,2,0.5,0,1,1.0,0.20915249756217386,3,0,3,0.0,2.0,0.5,2.0,3,0.5,0.5,0.0,0.953125,0.046875,0.0,256,1024,0,0.0,281.7482437075851,110.19750002014916,0.0,156.2874196229568,15.263324064479143,0,1395.970818004858,0,1196.8493180032199,5.179646233835206e-07,8.606098306617927e-07,2.67962499167132e-06,1.2568410481596805e-07,2.733711260452295e-07,7.909615039212169e-07,5.248216180499047e-06,predictor_only,nsga2
0,646,646,train,2.5230653285980225,0.2578125,0.681640625,8,64,512,212.40550000220537,1.2159938324310073,2.254858442191484,52.348597644120815,35.27880000183359,1.2283995832303254,2.7273896662834893,3.9557892495138147,0.006799993570894003,0.0,2.4632069051096024,1.4857823508333186,0,37.66363082069964,2410.472372524777,2097152.0,2,0.5,0.5,0.0,0.0,0.0,75.93052614932144,0.007100010407157242,0.0,55.98454982078218,19.93887631813211,0,1,0,17.055657947465278,58.87486820185616,0.0,1048576,1048576,0,8,4,0.25,2,0.5,0,1,1.0,0.18595995617580352,3,3,0,1.0,0.0,0.0,1.0,0,0.5,0.5,0.0,0.9609375,0.0390625,0.0,256,1024,0,0.0,223.2777996749732,56.75000004703179,0.0,154.05834445745185,12.469455170489583,0,1395.970818004858,0,1183.5653180026527,4.86397532972403e-07,9.019433768765937e-07,2.093943905764833e-06,1.2283995832303254e-07,2.7273896662834895e-07,7.593052614932144e-07,4.637169002058425e-06,predictor_only,nsga2
0,647,647,train,2.469435155391693,0.267578125,0.677734375,8,64,512,180.557100000442,1.263110595610745,3.4068732561176702,46.65508942448952,36.65049999835901,1.3123283733199185,5.723904426863857,7.036232800183775,0.006900008884258568,0.0,2.475718177254385,4.553614614045132,0,44.30706791874979,2835.6523467999864,2097152.0,2,0.5,0.5,0.0,0.0,0.0,76.12133948402311,0.007599999662488699,0.0,54.899169246396724,21.21457023796389,0,1,0,18.608303265933294,57.51303621808981,0.0,1048576,1048576,0,8,4,0.25,2,0.5,0,1,1.0,0.17369072493825644,3,0,3,0.0,2.0,0.5,2.0,3,0.5,0.5,0.0,0.9482421875,0.0517578125,0.0,256,1024,0,0.0,205.30029310487174,33.67529998649843,0.0,153.31512101324037,18.30987210513296,0,1395.970818004858,0,1215.413718004416,5.05244238244298e-07,1.3627493024470682e-06,1.8662035769795808e-06,1.3123283733199188e-07,5.723904426863857e-07,7.612133948402311e-07,5.199033792529556e-06,predictor_only,nsga2
0,648,648,train,2.4364922642707825,0.283203125,0.67578125,8,64,512,131.95619999896735,1.315646356548358,2.2360794999882225,40.21860680379365,53.29310000524856,1.2791902879516583,2.9236337594416106,4.202824047393269,0.006000002031214535,0.0,2.4877086766707297,1.7091153686913252,0,60.625718036322425,3880.045954324635,2097152.0,2,0.5,0.5,0.0,0.0,0.0,78.38658052014296,0.007199996616691351,0.0,57.48685980154825,20.892520721978023,0,1,0,17.857208337241936,60.52937218290102,0.0,1048576,1048576,0,8,4,0.25,2,0.5,0,1,1.0,0.17369072493825644,3,3,0,1.0,0.0,0.0,1.0,0,0.5,0.5,0.0,0.9609375,0.0390625,0.0,256,1024,0,0.0,175.0813306413209,6.0966999881202355,0.0,155.86696994524024,13.117660707960427,0,1395.970818004858,0,1264.0146180058907,5.262585426193432e-07,8.944317999952891e-07,1.608744272151746e-06,1.2791902879516583e-07,2.9236337594416107e-07,7.838658052014296e-07,4.233582824707134e-06,predictor_only,nsga2
0,649,649,train,2.499426305294037,0.24609375,0.658203125,8,64,512,126.2371000048006,1.3531350396176482,2.219199503010196,41.1826594665561,49.91570000129286,1.2354006775341873,3.0137690853351833,4.2491697628693705,0.006200003554113209,0.0,2.365787858771701,1.877181900543556,0,63.37230994205216,4055.8278362913384,2097152.0,2,0.5,0.5,0.0,0.0,0.0,75.98666455081639,0.007700000423938036,0.0,57.230277412543,18.74868713784945,0,1,0,17.406390615846796,58.58027393496958,0.0,1048576,1048576,0,8,4,0.25,2,0.5,0,1,1.0,0.14759070521249812,3,0,3,0.0,2.0,0.5,2.0,3,0.5,0.5,0.0,0.9619140625,0.0380859375,0.0,256,1024,0,0.0,179.01997603673578,8.214099958422594,0.0,156.95136158704216,13.85451449127105,0,1395.970818004858,0,1269.7337180000575,5.412540158470594e-07,8.876798012040785e-07,1.6473063786622444e-06,1.2354006775341872e-07,3.0137690853351834e-07,7.598666455081638e-07,4.261023817508483e-06,predictor_only,nsga2
0,650,650,train,2.58992463350296,0.2578125,0.64453125,8,64,512,181.8178999965312,1.4358435261474785,2.783563976148042,46.998446022430656,402.6776999962749,1.4649176084554048,4.339545843648837,5.804463452104242,0.007199996616691351,0.0,2.3581420692621,3.4391213862254504,0,43.99982620152595,2815.9888768976607,2097152.0,2,0.5,0.5,0.0,0.0,0.0,75.68920080908384,0.010899995686486363,0.0,55.98973556794721,19.688565245450157,0,1,0,17.043514699354255,58.64568610972959,0.0,1048576,1048576,0,8,4,0.25,2,0.5,0,1,1.0,0.2201412464909665,3,3,0,1.0,0.0,0.0,1.0,0,0.5,0.5,0.0,0.958984375,0.041015625,0.0,256,1024,0,0.0,204.87141409890472,0.0703999976394698,0.0,157.32875647207004,47.47225762919523,0,1395.970818004858,0,1214.1529180083269,5.743374104589914e-07,1.1134255904592169e-06,1.8799378408972265e-06,1.464917608455405e-07,4.339545843648838e-07,7.568920080908385e-07,4.905039195116698e-06,predictor_only,nsga2
0,651,651,train,2.5199522972106934,0.232421875,0.642578125,8,64,512,1422.2747000021627,1.8160506342582783,74.8003299695992,68.42871827703271,389.40940001339186,2.5800878050550073,147.95761421914514,150.53770202420014,0.021900006686337292,0.0,2.467468670601786,148.04833334691205,0,5.624788499155146,359.98646394592936,2097152.0,2,0.5,0.5,0.0,0.0,0.0,79.23251367964141,0.007700000423938036,0.0,59.86852605936936,19.35628761984812,0,1,0,17.505500609335407,61.72701307030601,0.0,1048576,1048576,0,8,4,0.25,2,0.5,0,1,1.0,0.241032865595602,3,0,3,0.0,2.0,0.5,2.0,3,0.5,0.5,0.0,0.9453125,0.0546875,0.0,256,1024,0,0.0,580.1803955235608,29.050900004222058,0.0,155.64365248584664,395.4858430334921,0,1832.147394003549,0,409.8726940013862,7.264202537033112e-07,2.992013198783968e-05,2.737148731081309e-06,2.580087805055008e-07,1.4795761421914514e-05,7.923251367964142e-07,4.922979631184073e-05,predictor_only,nsga2
0,652,652,train,2.4870864152908325,0.265625,0.66015625,8,64,512,179.43530000047758,1.34401431960357,2.364435387200067,49.73032667428454,34.290399999008514,1.1687692753290544,3.028292792700335,4.197062068029389,0.006699992809444666,0.0,2.33362277668489,1.8567392985350555,0,44.58406688044006,2853.380280348164,2097152.0,2,0.5,0.5,0.0,0.0,0.0,76.73214401022537,0.007100010407157242,0.0,55.63050056907056,21.09454343074766,0,1,0,17.59796516008219,59.134178850143186,0.0,1048576,1048576,0,8,4,0.25,2,0.5,0,1,1.0,0.2307606527190679,3,3,0,1.0,0.0,0.0,1.0,0,0.5,0.5,0.0,0.958984375,0.041015625,0.0,256,1024,0,0.0,213.7551055243527,42.50169997976627,0.0,155.9729617998242,15.280443744762252,0,1832.147394003549,0,1652.7120940030713,5.37605727841428e-07,9.45774154880027e-07,1.9892130669713817e-06,1.1687692753290544e-07,3.028292792700335e-07,7.673214401022538e-07,4.65962059659803e-06,predictor_only,nsga2
0,653,653,train,2.441685140132904,0.267578125,0.708984375,8,64,512,166.52610000164714,1.365333540408881,2.1509959809908152,45.84425028339395,42.349399998784065,1.1359136496153932,2.8431852624517173,3.9790989120671103,0.0067999790189787745,0.0,2.418344462528899,1.5539544705192327,0,48.04022888719536,3074.574648780503,2097152.0,2,0.5,0.5,0.0,0.0,0.0,76.16262833771395,0.007599999662488699,0.0,55.36453897470447,20.790489363346985,0,1,0,18.12465805356447,58.03797028414948,0.0,1048576,1048576,0,8,4,0.25,2,0.5,0,1,1.0,0.26061071707684524,3,0,3,0.0,2.0,0.5,2.0,3,0.5,0.5,0.0,0.9375,0.0625,0.0,256,1024,0,0.0,197.44231921917458,27.43890004057903,0.0,155.84810893543192,14.15531024316364,0,1832.147394003549,0,1665.6212940019018,5.461334161635525e-07,8.603983923963261e-07,1.8337700113357582e-06,1.1359136496153933e-07,2.843185262451717e-07,7.616262833771396e-07,4.399837994479487e-06,predictor_only,nsga2
0,654,654,train,2.483645439147949,0.22265625,0.642578125,8,64,512,211.70499999425374,1.3115456393993665,2.231398446073286,64.4501166136105,51.58290000690613,1.1492050152815145,3.1660238345716274,4.315228849853142,0.006699992809444666,0.0,2.2786986578168893,2.029830199226808,0,37.78825352241855,2418.448225434787,2097152.0,2,0.5,0.5,0.0,0.0,0.0,76.41709511321612,0.007100010407157242,0.0,54.96241154576017,21.447583557048794,0,1,0,18.291343375787193,58.12575173742893,0.0,1048576,1048576,0,8,4,0.25,2,0.5,0,1,1.0,0.13364216641330787,3,3,0,1.0,0.0,0.0,1.0,0,0.5,0.5,0.0,0.953125,0.046875,0.0,256,1024,0,0.0,271.9722427963327,101.04340003454126,0.0,157.3252102998051,13.603632461986294,0,1832.147394003549,0,1620.4423940092952,5.246182557597466e-07,8.925593784293144e-07,2.578004664544421e-06,1.1492050152815145e-07,3.1660238345716277e-07,7.641709511321613e-07,5.190876134850957e-06,predictor_only,nsga2
0,655,655,train,2.6247482895851135,0.208984375,0.62109375,8,64,512,133.8748999987729,1.2328819662119428,2.349437141572607,42.86310495157053,49.39339999691583,1.155370181821951,3.3454953683186064,4.500865550140557,0.006000016583129764,0.0,2.3597267675364746,2.1351387660209533,0,59.7568345017537,3824.437408112237,2097152.0,2,0.5,0.5,0.0,0.0,0.0,77.32441348553657,0.007399998139590025,0.0,56.53095839834154,20.78605508905543,0,1,0,18.270701818357434,59.05371166717913,0.0,1048576,1048576,0,8,4,0.25,2,0.5,0,1,1.0,0.2201412464909665,3,0,3,0.0,2.0,0.5,2.0,3,0.5,0.5,0.0,0.9501953125,0.0498046875,0.0,256,1024,0,0.0,185.7816962374203,17.911200018716045,0.0,153.39381927174475,14.4766769469595,0,1832.147394003549,0,1698.272494004776,4.931527864847771e-07,9.397748566290428e-07,1.7145241980628212e-06,1.1553701818219512e-07,3.345495368318607e-07,7.732441348553657e-07,4.3707825310460625e-06,predictor_only,nsga2
0,656,656,train,2.4836711287498474,0.236328125,0.658203125,8,64,512,198.60190000326838,1.2124154315582125,2.2797105947106964,52.84210636944367,35.04350000002887,1.151820027495734,3.044706930971212,4.196526958466945,0.014999997802078724,0.0,2.431722058429103,1.7498049022357638,0,40.281385618580316,2578.0086795891402,2097152.0,2,0.5,0.5,0.0,0.0,0.0,75.55018156296063,0.007199996616691351,0.0,55.47939724001931,20.063584326324623,0,1,0,19.54783963194279,56.00234193101784,0.0,1048576,1048576,0,8,4,0.25,2,0.5,0,1,1.0,0.26994862967019156,3,3,0,1.0,0.0,0.0,1.0,0,0.5,0.5,0.0,0.9453125,0.0546875,0.0,256,1024,0,0.0,225.33692958285033,54.907700017793104,0.0,156.20918918308956,14.22004038196767,0,1128.325594003688,0,929.7236940004195,4.84966172623285e-07,9.118842378842786e-07,2.1136842547777474e-06,1.151820027495734e-07,3.044706930971212e-07,7.555018156296064e-07,4.685689176761612e-06,predictor_only,nsga2
0,657,657,train,2.543089985847473,0.234375,0.642578125,8,64,512,106.28310000174679,1.154731612387994,2.403653689621228,39.05224269576466,76.2927000032505,1.2053388725480874,3.420886697438096,4.626225569986183,0.006200003554113209,0.0,2.456358768001134,2.1636667984309357,0,75.2699604161725,4817.27746663504,2097152.0,2,0.5,0.5,0.0,0.0,0.0,78.8047145443805,0.007200011168606579,0.0,58.805178851635624,19.99233568157628,0,1,0,17.981669242536917,60.823045301843585,0.0,1048576,1048576,0,8,4,0.25,2,0.5,0,1,1.0,0.2307606527190679,3,0,3,0.0,2.0,0.5,2.0,3,0.5,0.5,0.0,0.9423828125,0.0576171875,0.0,256,1024,0,0.0,170.44251199109556,0.04400000034365803,0.0,156.52427751512366,13.87423447562823,0,1128.325594003688,0,1022.0424940019411,4.6189264495519765e-07,9.614614758484913e-07,1.5620897078305866e-06,1.2053388725480874e-07,3.4208866974380965e-07,7.880471454438051e-07,4.236113531076699e-06,predictor_only,nsga2
0,658,658,train,2.508094608783722,0.236328125,0.654296875,8,64,512,153.79029999894556,1.242086841307469,2.308434993543795,51.1821454222234,37.17519999190699,1.325980064537379,3.0183706456976256,4.3443507102350045,0.006099988240748644,0.0,2.4486645641928035,1.8895861578014523,0,52.01854721336545,3329.187021655389,2097152.0,2,0.5,0.5,0.0,0.0,0.0,81.66752276487826,0.008999995770864189,0.0,60.0407281432263,21.617794625881086,0,1,0,17.861058835465727,63.80646392941253,0.0,1048576,1048576,0,8,4,0.25,2,0.5,0,1,1.0,0.19776865982085054,3,3,0,1.0,0.0,0.0,1.0,0,0.5,0.5,0.0,0.9521484375,0.0478515625,0.0,256,1024,0,0.0,218.9306690282987,47.81530001491774,0.0,156.75457182788395,14.360797185496999,0,1128.325594003688,0,974.5352940047424,4.968347365229877e-07,9.23373997417518e-07,2.0472858168889366e-06,1.325980064537379e-07,3.0183706456976253e-07,8.166752276487826e-07,4.718604849501725e-06,predictor_only,nsga2
0,659,659,train,2.5100945830345154,0.265625,0.65625,8,64,512,139.09150000836235,1.2598326644773894,2.1814664297263673,45.634787432831196,35.91019999294076,1.2144652590135006,2.7496692168505583,3.964134475864059,0.006600006599910557,0.0,2.3201906822187213,1.637343787045427,0,57.5156820067152,3681.003648429773,2097152.0,2,0.0,0.0,1.0,0.0,0.0,49.78567571350732,0.007599999662488699,0.0,29.636096545610975,20.141979168233846,0,1,0,0.0,0.0,24.89283785675366,0,0,2097152,8,4,0.25,2,0.5,0,1,1.0,0.14759070521249812,3,0,3,0.0,2.0,0.5,2.0,3,0.5,0.5,0.0,0.9560546875,0.0439453125,0.0,256,1024,0,0.0,196.3043461081398,25.790599989704788,0.0,157.88826983830398,12.62547628013104,0,1128.325594003688,0,989.2340939953256,5.039330657909558e-07,8.725865718905469e-07,1.825391497313248e-06,1.2144652590135006e-07,2.749669216850559e-07,4.978567571350731e-07,4.09618133971623e-06,predictor_only,nsga2
0,660,660,train,2.495550274848938,0.2734375,0.658203125,8,64,512,164.17610000644345,1.3808723534797627,2.5641132732904683,50.13657038299422,48.33999999391381,1.1954084390225437,3.3856136876234038,4.581022126645948,0.005499983672052622,0.0,2.1843128322015226,2.391209310772372,0,48.72786764832625,3118.58352949288,2097152.0,2,0.5,0.5,0.0,0.0,0.0,78.20527325103124,0.007400012691505253,0.0,59.64550981917191,18.55236341916782,0,1,0,16.389372271004873,61.81590098002637,0.0,1048576,1048576,0,8,4,0.25,2,0.5,0,1,1.0,0.14759074590838162,3,3,0,1.0,0.0,0.0,1.0,0,0.5,0.5,0.0,0.9580078125,0.0419921875,0.0,256,1024,0,0.0,216.32622403905782,45.23160000098869,0.0,156.86846861829554,14.226155419773562,0,1128.325594003688,0,964.1494939972445,5.523489413919051e-07,1.0256453093161873e-06,2.005462815319769e-06,1.1954084390225437e-07,3.385613687623404e-07,7.820527325103125e-07,4.823612011202769e-06,predictor_only,nsga2
0,661,661,train,2.509508788585663,0.263671875,0.654296875,8,64,512,204.0570000099251,1.2668221071031236,2.3085071940660984,58.48219014846681,38.63909999199677,1.2464553378536474,3.3630355059905765,4.609490843844224,0.006099988240748644,0.0,2.5090730834924373,2.0943177721110375,0,39.20453988381191,2509.0905525639623,2097152.0,2,0.5,0.0,0.5,0.0,0.0,41.329162415983795,0.009600014891475439,0.0,22.1599368567128,19.15962554437952,0,1,0,17.309937951551582,0.0,24.019224464432213,1048576,0,1048576,8,4,0.25,2,0.5,0,1,1.0,0.2790043706260659,3,0,3,0.0,2.0,0.5,2.0,3,0.5,0.5,0.0,0.9365234375,0.0634765625,0.0,256,1024,0,0.0,248.23007779854416,79.23180001671426,0.0,154.92718048418794,14.071097297641991,0,1128.325594003688,0,924.2685939937628,5.067288428412496e-07,9.234028776264394e-07,2.339287605938673e-06,1.2464553378536476e-07,3.3630355059905767e-07,4.13291624159838e-07,4.643660034950622e-06,predictor_only,nsga2
0,662,662,train,2.4918562173843384,0.2890625,0.669921875,8,64,512,982.3399000015343,1.5020688799083448,16.3490720338035,71.00161031164716,1197.4164999992354,1.8938669628210731,29.351244771285415,31.245111734106487,0.008100003469735384,0.0,2.5182761306979042,28.71873559993885,0,8.143812397496129,521.2039934397523,2097152.0,2,0.5,0.5,0.0,0.0,0.0,79.54290755889434,0.007499998901039362,0.0,59.09818948416632,20.437218075826976,0,1,0,18.426638138155546,61.116269420738796,0.0,1048576,1048576,0,8,4,0.25,2,0.5,0,1,1.0,0.2307606527190679,3,3,0,1.0,0.0,0.0,1.0,0,0.5,0.5,0.0,0.9580078125,0.0419921875,0.0,256,1024,0,0.0,355.41100490143606,4.8297000175807625,0.0,159.40656942980908,191.17473545404616,0,1346.7344440020665,0,364.3945440005323,6.00827551963338e-07,6.539628813521401e-06,2.840064412465886e-06,1.8938669628210732e-07,2.9351244771285417e-06,7.954290755889434e-07,1.390046102695022e-05,predictor_only,nsga2
0,663,663,train,2.4717488884925842,0.24609375,0.654296875,8,64,512,194.15890000527725,1.2984476052406606,2.2647576144784516,53.09659207169453,35.942899994552135,1.372976819181257,3.0482680408459673,4.421244860027224,0.00650000583846122,0.0,2.3618669479076475,2.0528779062811155,0,41.20315265810582,2637.0017701187726,2097152.0,2,0.5,0.5,0.0,0.0,0.0,80.86935919305517,0.00750001345295459,0.0,59.855383001379856,21.006476178222357,0,1,0,17.84515847507993,63.02420071797524,0.0,1048576,1048576,0,8,4,0.25,2,0.5,0,1,1.0,0.2307606527190679,3,0,3,0.0,2.0,0.5,2.0,3,0.5,0.5,0.0,0.943359375,0.056640625,0.0,256,1024,0,0.0,226.63918916565459,46.50839998794254,0.0,157.1340507319701,22.996738445741936,0,1346.7344440020665,0,1152.5755439967893,5.193790420962643e-07,9.059030457913808e-07,2.1238636828677813e-06,1.3729768191812572e-07,3.0482680408459674e-07,8.086935919305517e-07,4.7999638486887e-06,predictor_only,nsga2
0,664,664,train,2.5055559873580933,0.259765625,0.654296875,8,64,512,128.6380000092322,1.184139256436114,2.4727848787747746,41.82495626195785,54.42009998660069,1.2317277289129545,3.5774738020056596,4.809201530918614,0.006400019628927112,0.0,2.5220295721894908,2.280771939100196,0,62.18953816047897,3980.130442270654,2097152.0,2,0.5,0.5,0.0,0.0,0.0,80.88487479360157,0.008100003469735384,0.0,59.582185638174685,21.294589151957155,0,1,0,18.54797299388853,62.33690179971305,0.0,1048576,1048576,0,8,4,0.25,2,0.5,0,1,1.0,0.19776865982085054,3,3,0,1.0,0.0,0.0,1.0,0,0.5,0.5,0.0,0.9501953125,0.0498046875,0.0,256,1024,0,0.0,181.92752158867498,10.026499949162826,0.0,155.933164334612,15.967857304900136,0,1346.7344440020665,0,1218.0964439928343,4.7365570257444567e-07,9.8911395150991e-07,1.6729982504783143e-06,1.2317277289129546e-07,3.57747380200566e-07,8.088487479360159e-07,4.425536805590547e-06,predictor_only,nsga2
0,665,665,train,2.5172632336616516,0.228515625,0.6484375,8,64,512,155.8359000046039,1.2579418966181692,2.500008032512546,49.118613867656144,40.302399997017346,1.3087431464551185,3.3609921688532785,4.669735315308397,0.007199996616691351,0.0,2.3373082297637398,2.3252270889279654,0,51.3357234375405,3285.486300002592,2097152.0,2,0.5,0.5,0.0,0.0,0.0,76.02991041845426,0.008000002708286047,0.0,58.00507750900212,18.01683290674387,0,1,0,16.13723993538189,59.89267048307238,0.0,1048576,1048576,0,8,4,0.25,2,0.5,0,1,1.0,0.19776865982085054,3,0,3,0.0,2.0,0.5,2.0,3,0.5,0.5,0.0,0.9482421875,0.0517578125,0.0,256,1024,0,0.0,211.50625518714742,36.353200004668906,0.0,157.86339736679747,17.289657815681032,0,1346.7344440020665,0,1190.8985439974626,5.031767586472677e-07,1.0000032130050187e-06,1.9647445547062455e-06,1.3087431464551186e-07,3.3609921688532785e-07,7.602991041845427e-07,4.695197162073914e-06,predictor_only,nsga2
0,666,666,train,2.4486672282218933,0.2890625,0.673828125,8,64,512,105.10090000752825,1.3419549496129852,2.1330040450939016,40.526549032373694,51.483599992934614,1.1962836824861554,2.774059420275301,3.9703431027614564,0.005700014298781753,0.0,2.4291945098229606,1.5354485786397136,0,76.11660683039008,4871.462837144965,2097152.0,2,0.5,0.5,0.0,0.0,0.0,80.01506627651916,0.007199996616691351,0.0,60.550378955483986,19.457487324418487,0,1,0,16.548771317158636,63.46629495936053,0.0,1048576,1048576,0,8,4,0.25,2,0.5,0,1,1.0,0.19776865982085054,3,3,0,1.0,0.0,0.0,1.0,0,0.5,0.5,0.0,0.951171875,0.048828125,0.0,256,1024,0,0.0,176.0060321083223,8.926900016376749,0.0,153.98851662099082,13.09061547095472,0,1346.7344440020665,0,1241.6335439945383,5.367819798451942e-07,8.532016180375607e-07,1.6210619612949479e-06,1.1962836824861553e-07,2.7740594202753015e-07,8.001506627651917e-07,4.20823053221904e-06,predictor_only,nsga2
0,667,667,train,2.4768198132514954,0.248046875,0.65625,8,64,512,393.0953000090085,1.3070154175233513,78.06657121151055,38.39858196484926,49.02600000787061,1.330739808862235,4.753967175482455,6.08470698434469,0.006099988240748644,0.0,2.420222313704059,3.6583846823998822,0,20.3512472638808,1302.4798248883712,2097152.0,2,0.5,0.5,0.0,0.0,0.0,76.91438536363236,0.006999995093792677,0.0,57.35134466771079,19.556040700827786,0,1,0,17.57449907073999,59.33988629289238,0.0,1048576,1048576,0,8,4,0.25,2,0.5,0,1,1.0,0.1859599251701455,3,0,3,0.0,2.0,0.5,2.0,3,0.5,0.5,0.0,0.94921875,0.05078125,0.0,256,1024,0,0.0,471.0886743755327,0.05149999924469739,300.0,152.70455031205864,18.33262406422936,0,1346.7344440020665,0,953.639143993058,5.228061670093405e-07,3.1226628484604226e-05,1.5359432785939705e-06,1.3307398088622352e-07,4.753967175482455e-07,7.691438536363237e-07,3.4662992482278335e-05,predictor_only,nsga2
0,668,668,train,2.45332270860672,0.27734375,0.65625,8,64,512,97.06460000597872,1.2878091711690896,2.1391710246632405,38.01896092404991,46.36060001212172,1.342921650430661,2.8050076017639887,4.14792925219465,0.006000002031214535,0.0,2.540523166588149,1.6014060835752864,0,82.41848811017748,5274.783239051359,2097152.0,2,0.5,0.5,0.0,0.0,0.0,81.5845557648216,0.006799993570894003,0.0,60.48379532365122,21.093960447599482,0,1,0,17.75730462808798,63.82725113673362,0.0,1048576,1048576,0,8,4,0.25,2,0.5,0,1,1.0,0.2790043706260659,3,3,0,1.0,0.0,0.0,1.0,0,0.5,0.5,0.0,0.9501953125,0.0498046875,0.0,256,1024,0,0.0,165.78376447952894,0.05190000229049474,0.0,153.08346824313352,12.648396234104936,0,1346.7344440020665,0,1249.6698439960878,5.151236684676359e-07,8.556684098652961e-07,1.5207584369619964e-06,1.342921650430661e-07,2.8050076017639885e-07,8.158455576482161e-07,4.122188998162609e-06,predictor_only,nsga2
0,669,669,train,2.455196797847748,0.2734375,0.6484375,8,64,512,104.66270000324585,1.2602979386422635,2.1409400111151315,41.367450094344726,46.86480000964366,1.199747909988885,2.7969730227560645,3.9967209327449496,0.00650000583846122,0.0,2.258645582269801,1.731575344636687,0,76.43528749463188,4891.85839965644,2097152.0,2,0.5,0.5,0.0,0.0,0.0,78.41681034434163,0.008699993486516178,0.0,59.76965000652181,18.63846034433331,0,1,0,17.6907716469358,60.726038697405826,0.0,1048576,1048576,0,8,4,0.25,2,0.5,0,1,1.0,0.2201412464909665,3,0,3,0.0,2.0,0.5,2.0,3,0.5,0.5,0.0,0.943359375,0.056640625,0.0,256,1024,0,0.0,179.07475217640848,11.208899988560006,0.0,155.71798509290042,12.147867094948015,0,788.8978130053857,0,684.2351130021399,5.041191754569053e-07,8.563760044460527e-07,1.654698003773789e-06,1.199747909988885e-07,2.7969730227560647e-07,7.841681034434163e-07,4.199033380394658e-06,predictor_only,nsga2
0,670,670,train,2.4317216277122498,0.291015625,0.685546875,8,64,512,128.6370000016177,1.2526916437455615,2.3627406169884635,40.85996966713667,47.85849999461789,1.3909766294782797,3.4768063505508224,4.867782980029102,0.006099988240748644,0.0,2.4383830453471536,2.4232999464411997,0,62.190021610250426,3980.1613830560273,2097152.0,2,0.5,0.5,0.0,0.0,0.0,75.20865394271199,0.007299997378140688,0.0,55.790075273776274,19.411278671557568,0,1,0,18.021604472970978,57.18704946974101,0.0,1048576,1048576,0,8,4,0.25,2,0.5,0,1,1.0,0.2307606527190679,3,3,0,1.0,0.0,0.0,1.0,0,0.5,0.5,0.0,0.939453125,0.060546875,0.0,256,1024,0,0.0,177.90160771148274,6.393899995600805,0.0,156.46084045857899,15.04686725730296,0,788.8978130053857,0,660.260813003768,5.010766574982247e-07,9.450962467953854e-07,1.6343987866854667e-06,1.3909766294782797e-07,3.4768063505508226e-07,7.5208653942712e-07,4.319436528409108e-06,predictor_only,nsga2
0,671,671,train,2.5255123376846313,0.244140625,0.673828125,8,64,512,108.2967000111239,1.310610013872342,2.2153239474225654,45.36609101570688,36.98650001024362,1.148506591037954,3.0487142736761355,4.197220864714089,0.006200003554113209,0.0,2.446643960836458,1.7443769003235186,0,73.87045153478118,4727.708898225996,2097152.0,2,0.5,0.0,0.5,0.0,0.0,43.207044041659685,0.006599992047995329,0.0,22.752622724307194,20.4478213253045,0,1,0,16.74939834002957,0.0,26.45764570163012,1048576,0,1048576,8,4,0.25,2,0.5,0,1,1.0,0.17369072493825644,3,0,3,0.0,2.0,0.5,2.0,3,0.5,0.5,0.0,0.955078125,0.044921875,0.0,256,1024,0,0.0,195.56809990800713,24.292699963552877,0.0,158.70212994045824,12.57327000399603,0,788.8978130053857,0,680.6011129942618,5.242440055489367e-07,8.861295789690261e-07,1.8146436406282751e-06,1.148506591037954e-07,3.0487142736761356e-07,4.3207044041659694e-07,4.076809752034243e-06,predictor_only,nsga2
0,672,672,train,2.5060409903526306,0.2421875,0.65625,8,64,512,84.61270001134835,1.2280588894338709,2.247972891702699,39.38363727568641,51.02830000396352,1.346494539834711,2.9597981213960405,4.306292661230751,0.006000002031214535,0.0,2.515157549665968,1.7851351095335688,0,94.5473368842994,6051.0295605951615,2097152.0,2,0.5,0.5,0.0,0.0,0.0,76.50373271415202,0.008000002708286047,0.0,57.65924805040547,18.836484661038256,0,1,0,18.0188380433178,58.48489467083422,0.0,1048576,1048576,0,8,4,0.25,2,0.5,0,1,1.0,0.18595995617580352,3,3,0,1.0,0.0,0.0,1.0,0,0.5,0.5,0.0,0.955078125,0.044921875,0.0,256,1024,0,0.0,171.43867622729195,0.04919999628327787,0.0,158.14930672088434,13.240169510124288,0,788.8978130053857,0,704.2851129940374,4.912235557735483e-07,8.991891566810798e-07,1.5753454910274567e-06,1.3464945398347111e-07,2.9597981213960404e-07,7.650373271415203e-07,4.16142479674668e-06,predictor_only,nsga2
0,673,673,train,2.5895233154296875,0.232421875,0.625,8,64,512,152.68400000059046,1.2348340261433555,2.329024297308703,51.391140274292574,48.65159999462776,1.2253036949426737,2.952858406925468,4.178162101868142,0.005699999746866524,0.0,2.4788302396379702,1.6936318624833047,0,52.395454694102646,3353.3091004225694,2097152.0,2,0.5,0.5,0.0,0.0,0.0,78.56097233053855,0.007599999662488699,0.0,58.03782455416646,20.51554777670958,0,1,0,17.181114734459197,61.37985759607935,0.0,1048576,1048576,0,8,4,0.25,2,0.5,0,1,1.0,0.19776865982085054,3,0,3,0.0,2.0,0.5,2.0,3,0.5,0.5,0.0,0.953125,0.046875,0.0,256,1024,0,0.0,219.8199943909785,51.79409999982454,0.0,154.52392489726913,13.50196949388488,0,788.8978130053857,0,636.2138130047953,4.939336104573422e-07,9.316097189234813e-07,2.055645610971703e-06,1.2253036949426735e-07,2.952858406925468e-07,7.856097233053855e-07,4.6846148738447265e-06,predictor_only,nsga2
0,674,674,train,2.49636310338974,0.2734375,0.65625,8,64,512,112.56870000215713,1.282420970081873,2.83675392371687,42.783203853126814,58.938399990438484,1.4099240904019257,4.291350213304853,5.701274303706779,0.009099996532313526,0.0,2.538203814442846,3.1539704927316197,0,71.06708110483282,4548.293190709301,2097152.0,2,0.0,0.5,0.5,0.0,0.0,85.6008347636229,0.010900010238401592,0.0,65.86503136852158,19.724903384862905,0,1,0,0.0,61.64102298640782,23.95981177721508,0,1048576,1048576,8,4,0.25,2,0.5,0,1,1.0,0.2307606527190679,3,3,0,1.0,0.0,0.0,1.0,0,0.5,0.5,0.0,0.9541015625,0.0458984375,0.0,256,1024,0,0.0,187.6095149877022,13.015300006372854,0.0,155.0873777910675,19.506837190261873,0,788.8978130053857,0,676.3291130032286,5.129683880327493e-07,1.1347015694867483e-06,1.7113281541250723e-06,1.4099240904019258e-07,4.2913502133048534e-07,8.560083476362291e-07,4.785133889651477e-06,predictor_only,nsga2
0,675,675,train,2.5327632427215576,0.2265625,0.66796875,8,64,512,1391.894999993383,1.3187057248434375,29.527644744000774,116.67149670179485,99.5684999943478,1.4494720697954953,58.07954551000392,59.529017579799415,0.007299997378140688,0.0,2.384997132434563,57.136720449986704,0,5.747555851901315,367.84357452168416,2097152.0,2,0.5,0.5,0.0,0.0,0.0,76.08768506068483,0.007199996616691351,0.0,56.92550331081173,19.15498175325641,0,1,0,17.287394362427044,58.80029069825778,0.0,1048576,1048576,0,8,4,0.25,2,0.5,0,1,1.0,0.2201412464909665,3,0,3,0.0,2.0,0.5,2.0,3,0.5,0.5,0.0,0.9482421875,0.0517578125,0.0,256,1024,0,0.0,590.0713886825563,10.760600038338453,0.0,154.40022115529715,424.91056748892066,0,1328.354725496755,1,-63.540274496627944,5.27482289937375e-07,1.181105789760031e-05,4.666859868071794e-06,1.4494720697954952e-07,5.807954551000392e-06,7.608768506068484e-07,2.371917866419627e-05,predictor_only,nsga2
0,676,676,train,2.472828209400177,0.275390625,0.6640625,8,64,512,148.06960000714753,1.222500036482591,2.2686337577109454,50.84555913225803,60.99240000185091,1.255690199476463,3.0344780123208537,4.290168211797317,0.007200011168606579,0.0,2.3435894132670647,1.9393787873616453,0,54.028281101135754,3457.8099904726882,2097152.0,2,0.5,0.5,0.0,0.0,0.0,78.56417696273738,0.007399998139590025,0.0,57.225489840937975,21.331287123659813,0,1,0,17.64400512648787,60.92017183624951,0.0,1048576,1048576,0,8,4,0.25,2,0.5,0,1,1.0,0.18595995617580352,3,3,0,1.0,0.0,0.0,1.0,0,0.5,0.5,0.0,0.9609375,0.0390625,0.0,256,1024,0,0.0,217.34677170580625,49.84489998605568,0.0,153.59426059285568,13.907611126894912,0,1328.354725496755,0,1180.2851254896075,4.890000145930365e-07,9.074535030843782e-07,2.0338223652903214e-06,1.2556901994764632e-07,3.034478012320854e-07,7.856417696273738e-07,4.644934473774841e-06,predictor_only,nsga2
0,677,677,train,2.388773798942566,0.267578125,0.703125,8,64,512,151.75670001190156,1.2644510232741253,2.30547309394259,50.25897032857067,41.115300002275035,1.289521477998645,2.9574027022090257,4.246924180207671,0.006300004315562546,0.0,2.4719437993129656,1.7686803765791426,0,52.71561179019319,3373.7991545723644,2097152.0,2,0.5,0.5,0.0,0.0,0.0,75.95444461791472,0.007299997378140688,0.0,55.023778015896454,20.92336660464012,0,1,0,17.67015243101062,58.284292186904096,0.0,1048576,1048576,0,8,4,0.25,2,0.5,0,1,1.0,0.2307606283979408,3,0,3,0.0,2.0,0.5,2.0,3,0.5,0.5,0.0,0.9423828125,0.0576171875,0.0,256,1024,0,0.0,215.31557778314956,48.87289997714106,0.0,153.84143913325397,12.60123867275449,0,1328.354725496755,0,1176.5980254848535,5.057804093096501e-07,9.221892375770359e-07,2.010358813142827e-06,1.2895214779986452e-07,2.957402702209026e-07,7.595444461791472e-07,4.622565324229427e-06,predictor_only,nsga2
0,678,678,train,2.5445340871810913,0.228515625,0.6640625,8,64,512,103.66949999297503,1.2765582813433871,3.381590158907319,40.37279126412487,50.043600000208244,1.2176498228078543,5.292882792347784,6.510532615155639,0.006299989763647318,0.0,2.3521956331382805,4.152036992253711,0,77.16756454866234,4938.72413111439,2097152.0,2,0.5,0.5,0.0,0.0,0.0,76.21991068448821,0.007000009645707905,0.0,55.20895892495855,21.00395174988396,0,1,0,18.255555437069333,57.96435524741888,0.0,1048576,1048576,0,8,4,0.25,2,0.5,0,1,1.0,0.17369072493825644,3,3,0,1.0,0.0,0.0,1.0,0,0.5,0.5,0.0,0.94921875,0.05078125,0.0,256,1024,0,0.0,180.12375881750233,6.309899981715716,0.0,156.03351013648114,17.780348699305463,0,1328.354725496755,0,1224.68522550378,5.106233125373548e-07,1.3526360635629278e-06,1.6149116505649946e-06,1.2176498228078543e-07,5.292882792347785e-07,7.621991068448822e-07,4.891423395025723e-06,predictor_only,nsga2
0,679,679,train,2.518227696418762,0.212890625,0.6640625,8,64,512,109.38620001252275,1.286863594232907,2.306325155291362,38.187003982101,48.15489999600686,1.2467957602191195,3.116554921854787,4.363350682073906,0.006300004315562546,0.0,2.398053119585164,1.95899755817318,0,73.13469948114727,4680.620766793425,2097152.0,2,0.5,0.5,0.0,0.0,0.0,80.00042958217904,0.007299997378140688,0.0,60.15593084243432,19.83719874236659,0,1,0,16.768431338786478,63.23199824339257,0.0,1048576,1048576,0,8,4,0.25,2,0.5,0,1,1.0,0.2091524583687337,3,0,3,0.0,2.0,0.5,2.0,3,0.5,0.5,0.0,0.95703125,0.04296875,0.0,256,1024,0,0.0,167.1207709265011,0.047299996367655694,0.0,154.45647012196721,12.617000808166189,0,1328.354725496755,0,1218.9685254842323,5.147454376931628e-07,9.225300621165448e-07,1.5274801592840401e-06,1.2467957602191197e-07,3.116554921854787e-07,8.000042958217905e-07,4.201095023122929e-06,predictor_only,nsga2
0,680,680,train,2.4851091504096985,0.25,0.6640625,8,64,512,130.3364000050351,1.3036428488953353,2.4142476722923467,41.38883707917245,50.08810000435915,1.177493942259134,3.055435722637422,4.232929664896556,0.006000002031214535,0.0,2.1532705999694643,2.073659062895877,0,61.37915901108162,3928.2661767092236,2097152.0,2,0.5,0.5,0.0,0.0,0.0,74.8258461879551,0.007300011930055916,0.0,55.29084259578018,19.527703580244868,0,1,0,17.16652110118746,57.65932508676764,0.0,1048576,1048576,0,8,4,0.25,2,0.5,0,1,1.0,0.241032865595602,3,3,0,1.0,0.0,0.0,1.0,0,0.5,0.5,0.0,0.935546875,0.064453125,0.0,256,1024,0,0.0,180.42691040144052,10.313300008419901,0.0,155.1870708164251,14.926539576595534,0,1328.354725496755,0,1198.01832549172,5.214571395581342e-07,9.656990689169387e-07,1.655553483166898e-06,1.177493942259134e-07,3.0554357226374225e-07,7.48258461879551e-07,4.314261120011177e-06,predictor_only,nsga2
0,681,681,train,2.498321771621704,0.25390625,0.638671875,8,64,512,106.1943000095198,1.2476869796092864,2.465319535115481,38.44928841434816,48.3273999998346,1.1573713709658198,3.2319791115637093,4.3893504825295295,0.006699992809444666,0.0,2.34431004765983,2.0383404420602544,0,75.33290079017476,4821.305650571185,2097152.0,2,0.5,0.5,0.0,0.0,0.0,77.69628018742333,0.007399998139590025,0.0,58.1693911875883,19.51948900169542,0,1,0,17.691553054160472,60.00472713326285,0.0,1048576,1048576,0,8,4,0.25,2,0.5,0,1,1.0,0.17369072493825644,3,0,3,0.0,2.0,0.5,2.0,3,0.5,0.5,0.0,0.9560546875,0.0439453125,0.0,256,1024,0,0.0,168.6491797162917,0.049899987061508,0.0,154.9320010730902,13.667278656140024,0,788.8978130053857,0,682.7035129958659,4.990747918437146e-07,9.861278140461922e-07,1.5379715365739267e-06,1.1573713709658199e-07,3.23197911156371e-07,7.769628018742333e-07,4.23907199259102e-06,predictor_only,nsga2
0,682,682,train,2.5285726189613342,0.234375,0.65625,8,64,512,210.20980000321288,1.2710998916004284,2.3179742276806072,53.00777325964547,40.074500007904135,1.2412836731891845,3.0476726290621636,4.288956302251348,0.006399990525096655,0.0,2.414009254755715,1.8685470569705365,0,38.05703607939139,2435.650309081049,2097152.0,2,0.5,0.5,0.0,0.0,0.0,76.98075142175577,0.006600006599910557,0.0,56.796225732299725,20.177925682856124,0,1,0,17.69350010428533,59.287251317470435,0.0,1048576,1048576,0,8,4,0.25,2,0.5,0,1,1.0,0.25097720212391433,3,3,0,1.0,0.0,0.0,1.0,0,0.5,0.5,0.0,0.9443359375,0.0556640625,0.0,256,1024,0,0.0,226.38738951570602,56.50189997686539,0.0,155.47128582454636,14.414203714294272,0,788.8978130053857,0,578.6880130021729,5.084399566401714e-07,9.27189691072243e-07,2.1203109303858187e-06,1.2412836731891846e-07,3.0476726290621637e-07,7.698075142175578e-07,4.754643722540926e-06,predictor_only,nsga2
0,683,683,train,2.504874885082245,0.240234375,0.63671875,8,64,512,186.88480000128038,1.2488076589467365,3.140675283447105,49.207166530913184,47.732799997902475,1.2253696982492108,4.7413009985679535,5.9666706968171646,0.006400019628927112,0.0,2.408097855792187,3.55217282139605,0,42.806890624890656,2739.640999993002,2097152.0,2,0.5,0.5,0.0,0.0,0.0,74.39443630072634,0.006900008884258568,0.0,55.116084778040346,19.271451513801733,0,1,0,16.72408914935691,57.67034715136943,0.0,1048576,1048576,0,8,4,0.25,2,0.5,0,1,1.0,0.16091838189257093,3,0,3,0.0,2.0,0.5,2.0,3,0.5,0.5,0.0,0.9404296875,0.0595703125,0.0,256,1024,0,0.0,214.3865978932281,38.71629999775905,0.0,158.22192364921744,17.44837424625159,0,788.8978130053857,0,602.0130130041053,4.995230635786947e-07,1.2562701133788419e-06,1.9682866612365277e-06,1.225369698249211e-07,4.741300998567954e-07,7.439443630072635e-07,5.0646912708830436e-06,predictor_only,nsga2
0,684,684,train,2.4146809577941895,0.26953125,0.66796875,8,64,512,182.38579999888316,1.2601940784518657,2.416087982185525,50.663068381906186,37.96039998997003,1.1745871914115933,3.229489201987785,4.404076393399379,0.007399998139590025,0.0,2.392579102331797,2.004097292927992,0,43.86282340634842,2807.220698006299,2097152.0,2,0.5,0.5,0.0,0.0,0.0,76.2942804630458,0.006999995093792677,0.0,54.82883433132384,21.45844613662816,0,1,0,19.09639934820423,57.197881114841564,0.0,1048576,1048576,0,8,4,0.25,2,0.5,0,1,1.0,0.19776865982085054,3,3,0,1.0,0.0,0.0,1.0,0,0.5,0.5,0.0,0.9560546875,0.0439453125,0.0,256,1024,0,0.0,217.3574017701743,49.938099982682616,0.0,154.31623635828356,13.103065429208115,0,788.8978130053857,0,606.5120130065026,5.040776313807463e-07,9.6643519287421e-07,2.0265227352762475e-06,1.1745871914115934e-07,3.2294892019877853e-07,7.62942804630458e-07,4.7003860035015994e-06,predictor_only,nsga2
0,685,685,train,2.3300700783729553,0.3125,0.6953125,8,64,512,91.25019999919459,1.3176907997039349,2.1848155015479604,40.35079938003172,50.93759999726899,1.2196069064484996,2.869995215114839,4.089602121563338,0.006299989763647318,0.0,2.2954690763126675,1.7878330554870236,0,87.67007995588672,5610.88511717675,2097152.0,2,0.5,0.5,0.0,0.0,0.0,78.46117975101154,0.007900016498751938,0.0,59.14638699450144,19.306892740011353,0,1,0,17.884645153730037,60.57653459728151,0.0,1048576,1048576,0,8,4,0.25,2,0.5,0,1,1.0,0.16091838189257093,3,0,3,0.0,2.0,0.5,2.0,3,0.5,0.5,0.0,0.9560546875,0.0439453125,0.0,256,1024,0,0.0,175.41322272513446,0.056100019719451666,0.0,160.38449022267184,14.972632482743137,0,788.8978130053857,0,697.6476130061911,5.27076319881574e-07,8.739262006191842e-07,1.614031975201269e-06,1.2196069064484997e-07,2.8699952151148394e-07,7.846117975101155e-07,4.208606505368476e-06,predictor_only,nsga2
0,686,686,train,2.368438422679901,0.287109375,0.6796875,8,64,512,110.70290001225658,1.344740793637297,2.6326192007581257,38.48291099996779,49.21489999105688,1.3408425836445417,3.7449430302334825,5.085785613878024,0.007399998139590025,0.0,2.3522873742172457,2.7260982415211887,0,72.26484341666627,4624.949978666641,2097152.0,2,0.5,0.5,0.0,0.0,0.0,78.23984585924761,0.010599993402138352,0.0,59.17345013821311,19.055795727632358,0,1,0,17.030014515008013,61.209831344239596,0.0,1048576,1048576,0,8,4,0.25,2,0.5,0,1,1.0,0.2201412464909665,3,3,0,1.0,0.0,0.0,1.0,0,0.5,0.5,0.0,0.951171875,0.048828125,0.0,256,1024,0,0.0,169.84108397745285,0.05409997538663447,0.0,153.32865323419054,16.458330767875676,0,788.8978130053857,0,678.1949129931292,5.378963174549188e-07,1.0530476803032502e-06,1.5393164399987118e-06,1.3408425836445417e-07,3.7449430302334826e-07,7.823984585924762e-07,4.421237457737159e-06,predictor_only,nsga2
0,687,687,train,2.491211473941803,0.26171875,0.677734375,8,64,512,1754.7079000069061,33.114642744530194,2.924796927359,110.14310868197452,53.18740000075195,56.760642141767384,4.292994027767809,61.053636169535196,0.007999988156370819,0.0,2.303192891649189,58.742443289729636,0,4.559160781579505,291.78629002108835,2097152.0,2,0.5,0.5,0.0,0.0,0.0,74.42771756424085,0.007099995855242014,0.0,55.564534210000545,18.856083358385064,0,1,0,18.03276539847072,56.394952165770135,0.0,1048576,1048576,0,8,4,0.25,2,0.5,0,1,1.0,0.241032865595602,3,0,3,0.0,2.0,0.5,2.0,3,0.5,0.5,0.0,0.947265625,0.052734375,0.0,256,1024,0,0.0,584.7301934154549,0.07090001599863172,0.0,159.306893801027,425.35239959842926,0,1328.354725496755,1,-426.3531745101511,1.3245857097812079e-05,1.1699187709436e-06,4.405724347278982e-06,5.676064214176738e-06,4.292994027767809e-07,7.442771756424085e-07,2.5671141008630586e-05,predictor_only,nsga2
0,688,688,train,2.409680724143982,0.298828125,0.673828125,8,64,512,154.95979999832343,1.286509739630998,2.196266194917266,44.18417367360835,41.12919999170117,1.376455393848708,2.982118628712011,4.3585740225607195,0.00650000583846122,0.0,2.523251148657134,1.8288228680651242,0,51.625959598082574,3304.0614142772847,2097152.0,2,0.5,0.5,0.0,0.0,0.0,79.36915059468876,0.007599999662488699,0.0,59.85236210188989,19.50918849313638,0,1,0,17.665793873929616,61.703356720759146,0.0,1048576,1048576,0,8,4,0.25,2,0.5,0,1,1.0,0.17369070345169255,3,3,0,1.0,0.0,0.0,1.0,0,0.5,0.5,0.0,0.9501953125,0.0498046875,0.0,256,1024,0,0.0,190.66779843262643,24.023499950999394,0.0,154.2482046808486,12.396093800778443,0,1328.354725496755,0,1173.3949254984316,5.146038958523992e-07,8.785064779669066e-07,1.767366946944334e-06,1.3764553938487082e-07,2.982118628712011e-07,7.936915059468877e-07,4.3900262289665994e-06,predictor_only,nsga2
0,689,689,train,2.5176022052764893,0.279296875,0.66015625,8,64,512,94.88629999395926,1.2680511533065593,2.1823386763990174,40.79055427896074,49.13639998994768,1.163504999735763,2.893570825481989,4.057075825217752,0.006800008122809231,0.0,2.4495566922034895,1.6007191248914534,0,84.31054525220233,5395.874896140949,2097152.0,2,0.0,0.5,0.5,0.0,0.0,87.24858830366841,0.007700000423938036,0.0,67.40161125036138,19.839277052883105,0,1,0,0.0,61.99340098909896,25.25518731456946,0,1048576,1048576,8,4,0.25,2,0.5,0,1,1.0,0.19776869931901056,3,0,3,0.0,2.0,0.5,2.0,3,0.5,0.5,0.0,0.9501953125,0.0498046875,0.0,256,1024,0,0.0,176.96377643466528,8.544000025722198,0.0,156.3276228710073,12.09215353793581,0,1328.354725496755,0,1233.4684255027958,5.072204613226237e-07,8.72935470559607e-07,1.6316221711584297e-06,1.1635049997357631e-07,2.893570825481989e-07,8.724858830366842e-07,4.28997156859912e-06,predictor_only,nsga2
0,690,690,train,2.5661779642105103,0.224609375,0.65234375,8,64,512,212.96229999279603,1.317299568261721,3.294311285262741,56.287699885450806,37.943899995298125,1.2075729105282145,4.716088992492131,5.923661903020346,0.005999987479299307,0.0,2.150529937536141,3.7671319780049055,0,37.565157941629465,2404.170108264286,2097152.0,2,0.5,0.5,0.0,0.0,0.0,75.2781151238429,0.007399998139590025,0.0,56.652732020063674,18.617983105639624,0,1,0,16.759475914131443,58.51863920971145,0.0,1048576,1048576,0,8,4,0.25,2,0.5,0,1,1.0,0.19776865982085054,3,3,0,1.0,0.0,0.0,1.0,0,0.5,0.5,0.0,0.9443359375,0.0556640625,0.0,256,1024,0,0.0,243.59724295590104,66.81229997775517,0.0,155.694837107325,21.09010587082089,0,1328.354725496755,0,1115.392425503959,5.269198273046884e-07,1.3177245141050966e-06,2.251507995418032e-06,1.2075729105282145e-07,4.7160889924921314e-07,7.52781151238429e-07,5.441299678368281e-06,predictor_only,nsga2
0,691,691,train,2.5711031556129456,0.224609375,0.662109375,8,64,512,154.8670000047423,1.246594875042294,2.211485929109286,45.77694730547236,52.427900009206496,1.3052873830874812,2.8898134644917643,4.195100847579246,0.006000002031214535,0.0,2.4382583542543674,1.7508424912936635,0,51.6568949024655,3306.041273757792,2097152.0,2,0.5,0.5,0.0,0.0,0.0,75.4203005095934,0.007199996616691351,0.0,54.71386730837321,20.69923320460349,0,1,0,18.984106396074203,56.43619411351919,0.0,1048576,1048576,0,8,4,0.25,2,0.5,0,1,1.0,0.241032865595602,3,0,3,0.0,2.0,0.5,2.0,3,0.5,0.5,0.0,0.94921875,0.05078125,0.0,256,1024,0,0.0,196.9401124384958,24.201000007451512,0.0,160.2131890116938,12.525923419350477,0,1328.354725496755,0,1173.4877254920127,4.986379500169176e-07,8.845943716437145e-07,1.831077892218895e-06,1.3052873830874813e-07,2.8898134644917643e-07,7.54203005095934e-07,4.388023303733386e-06,predictor_only,nsga2
0,692,692,train,2.4358627796173096,0.255859375,0.662109375,8,64,512,105.90389999561012,1.235381714624361,2.192617717396727,42.37190485563396,52.074099992751144,1.2537122436163404,3.043661537556039,4.29737378117238,0.00650000583846122,0.0,2.4819689911467124,1.8089047841872057,0,75.53946984824695,4834.526070287805,2097152.0,2,0.5,0.5,0.0,0.0,0.0,77.44491639774208,0.00750001345295459,0.0,58.039122809310484,19.39829357497865,0,1,0,17.38801612857076,60.05690026917132,0.0,1048576,1048576,0,8,4,0.25,2,0.5,0,1,1.0,0.18595995617580352,3,3,0,1.0,0.0,0.0,1.0,0,0.5,0.5,0.0,0.9521484375,0.0478515625,0.0,256,1024,0,0.0,183.1996171506202,12.94100000814069,0.0,157.67584405990817,12.58277308257134,0,1036.678648500453,0,930.7747485048428,4.941526858497446e-07,8.77047086958691e-07,1.6948761942253585e-06,1.2537122436163403e-07,3.043661537556039e-07,7.744491639774208e-07,4.270262509128452e-06,predictor_only,nsga2
0,693,693,train,2.5291396975517273,0.2421875,0.65234375,8,64,512,95.11500000371598,1.259884972826053,2.1174970700486977,42.772270272518355,73.2997000013711,1.2674834892809224,2.6833056563518696,3.950789145632792,0.006100002792663872,0.0,2.274872181259475,1.669816961580653,0,84.10782622994509,5382.900878716486,2097152.0,2,0.5,0.5,0.0,0.0,0.0,73.63596558263797,0.007099995855242014,0.0,54.04834812119767,19.580517465585054,0,1,0,17.07112540334996,56.56484017928801,0.0,1048576,1048576,0,8,4,0.25,2,0.5,0,1,1.0,0.2091524583687337,3,0,3,0.0,2.0,0.5,2.0,3,0.5,0.5,0.0,0.9541015625,0.0458984375,0.0,256,1024,0,0.0,184.59860926157245,11.233800018089823,0.0,157.6805629664048,15.684246277077783,0,1036.678648500453,0,941.563648496737,5.039539891304213e-07,8.46998828019479e-07,1.7108908109007343e-06,1.2674834892809226e-07,2.6833056563518694e-07,7.363596558263798e-07,4.193282198440294e-06,predictor_only,nsga2
0,694,694,train,2.632010757923126,0.224609375,0.625,8,64,512,117.92740000237245,1.221008957975332,3.213228624326556,38.87357804917778,48.81010000826791,1.332851830902021,4.918224403615945,6.251076234517965,0.005900001269765198,0.0,2.5210107617605697,3.724165471487631,0,67.83777274888033,4341.617455928341,2097152.0,2,0.5,0.0,0.5,0.0,0.0,41.5642085719313,0.007800001185387373,0.0,21.68280667421171,19.87360189653421,0,1,0,18.031135146494243,0.0,23.533073425437063,1048576,0,1048576,8,4,0.25,2,0.5,0,1,1.0,0.2201412853775118,3,3,0,1.0,0.0,0.0,1.0,0,0.5,0.5,0.0,0.9404296875,0.0595703125,0.0,256,1024,0,0.0,173.23126252591865,0.048800036893226206,0.0,154.37626956416707,18.80619292485834,0,1036.678648500453,0,918.7512484980805,4.884035831901329e-07,1.2852914497306225e-06,1.554943121967111e-06,1.332851830902021e-07,4.918224403615944e-07,4.1564208571931306e-07,4.3693878640589764e-06,predictor_only,nsga2
0,695,695,train,2.415290355682373,0.275390625,0.69140625,8,64,512,157.1335999906296,1.3067916458080546,2.1719381287190322,53.25982484076139,35.86419999192003,1.33602743069616,2.8734572080506675,4.209484638746828,0.006200003554113209,0.0,2.45002282369608,1.7532618114966345,0,50.91176609401789,3258.353030017145,2097152.0,2,0.5,0.5,0.0,0.0,0.0,74.84886311675947,0.007399998139590025,0.0,56.67929121655323,18.162171902066646,0,1,0,15.87200042747925,58.97686268928022,0.0,1048576,1048576,0,8,4,0.25,2,0.5,0,1,1.0,0.17369072493825644,3,0,3,0.0,2.0,0.5,2.0,3,0.5,0.5,0.0,0.9521484375,0.0478515625,0.0,256,1024,0,0.0,226.95421846115389,57.232299994211644,0.0,155.43314853204012,14.288769934902128,0,1036.678648500453,0,879.5450485098233,5.227166583232218e-07,8.687752514876129e-07,2.130392993630456e-06,1.33602743069616e-07,2.873457208050668e-07,7.484886311675947e-07,4.691321998483568e-06,predictor_only,nsga2
0,696,696,train,2.689454734325409,0.24609375,0.59765625,8,64,512,94.33550000539981,1.2716606238974406,3.1554601456782523,41.55776066788792,56.39280000468716,1.3239618045106254,4.414301552577522,5.738263357088147,0.007100010407157242,0.0,2.469624646809522,3.261538699871469,0,84.8028069680567,5427.379645955629,2097152.0,2,0.5,0.5,0.0,0.0,0.0,72.99510422571825,0.007199996616691351,0.0,53.61953263554969,19.36837159355186,0,1,0,16.122252204674247,56.872852021044,0.0,1048576,1048576,0,8,4,0.25,2,0.5,0,1,1.0,0.25097720212391433,3,3,0,1.0,0.0,0.0,1.0,0,0.5,0.5,0.0,0.94921875,0.05078125,0.0,256,1024,0,0.0,183.93952574985445,12.835899920901284,0.0,153.37490539466827,17.728720434284867,0,1036.678648500453,0,942.3431484950531,5.086642495589762e-07,1.262184058271301e-06,1.6623104267155168e-06,1.3239618045106255e-07,4.4143015525775227e-07,7.299510422571825e-07,4.736936112511792e-06,predictor_only,nsga2
0,697,697,train,2.6479216814041138,0.22265625,0.619140625,8,64,512,107.10700000345241,1.3360967394241956,2.1372971893416626,39.10932362829925,49.45869999937713,1.2228064613705185,2.8853723409675194,4.108178802338038,0.00580001506023109,0.0,2.4683402490538358,1.634038538223971,0,74.69096612523934,4780.221832015318,2097152.0,2,0.5,0.0,0.5,0.0,0.0,44.33102925457495,0.006200003554113209,0.0,23.695409744430798,20.62941950659004,0,1,0,18.218221505154155,0.0,26.112807749420796,1048576,0,1048576,8,4,0.25,2,0.5,0,1,1.0,0.17369072493825644,3,0,3,0.0,2.0,0.5,2.0,3,0.5,0.5,0.0,0.9560546875,0.0439453125,0.0,256,1024,0,0.0,170.33087022826044,0.05080000846646726,0.0,157.82805707455063,12.452013145243328,0,947.5128134924272,0,840.4058134889748,5.344386957696783e-07,8.54918875736665e-07,1.56437294513197e-06,1.2228064613705186e-07,2.8853723409675195e-07,4.433102925457495e-07,3.8078586894178667e-06,predictor_only,nsga2
0,698,698,train,2.5042510628700256,0.275390625,0.654296875,8,64,512,119.79959999735001,1.342624623905954,2.10748760060637,41.83218113258661,45.98280000209343,1.2260321754927723,2.9341341347429575,4.16016631023573,0.006699992809444666,0.0,2.4456867592650866,1.7077795581611988,0,66.77762882804393,4273.7682449948115,2097152.0,2,0.5,0.5,0.0,0.0,0.0,74.84013225636845,0.00750001345295459,0.0,54.34403424108504,20.488598001830447,0,1,0,17.369442384887307,57.47068987148114,0.0,1048576,1048576,0,8,4,0.25,2,0.5,0,1,1.0,0.2790043706260659,3,3,0,1.0,0.0,0.0,1.0,0,0.5,0.5,0.0,0.9423828125,0.0576171875,0.0,256,1024,0,0.0,181.12917342839575,10.052299985545687,0.0,155.16324292905887,15.913630513791203,0,947.5128134924272,0,827.7132134950772,5.370498495623816e-07,8.42995040242548e-07,1.6732872453034647e-06,1.2260321754927725e-07,2.9341341347429575e-07,7.484013225636846e-07,4.217750088695651e-06,predictor_only,nsga2
0,699,699,train,2.648428440093994,0.234375,0.61328125,8,64,512,398.54229999764357,1.3073627662228706,2.796745884273444,64.82129269531697,194.91480001306627,1.2648994500100337,3.9596311328241827,5.224530582834216,0.006699992809444666,0.0,2.3398313519914753,2.877999238033296,0,20.073101216473347,1284.6784778542942,2097152.0,2,0.5,0.5,0.0,0.0,0.0,75.26210005107009,0.011900003300979733,0.0,55.95459026391054,19.295609783858573,0,1,0,17.09940441533728,58.16269563573282,0.0,1048576,1048576,0,8,4,0.25,2,0.5,0,1,1.0,0.2307606527190679,3,0,3,0.0,2.0,0.5,2.0,3,0.5,0.5,0.0,0.9443359375,0.0556640625,0.0,256,1024,0,0.0,275.7016053832531,83.71950000582729,0.0,157.5496892625635,34.432416114862285,0,1039.3749134948273,0,640.8326134971837,5.229451064891482e-07,1.1186983537093776e-06,2.5928517078126786e-06,1.2648994500100337e-07,3.9596311328241833e-07,7.52621000510701e-07,5.509569226805327e-06,predictor_only,nsga2
0,700,700,val,2.7118996381759644,0.2109375,0.611328125,8,64,512,1424.1264000011142,1.9808649991293006,10.87019274947647,241.87867968521627,0.0,0.0,0.0,0.0,0.0,0.0,0.0,0.0,0,5.617474953430249,359.51839701953594,0.0,0,0.0,0.0,0.0,0.0,0.0,0.0,0.0,0.0,0.0,0.0,0,0,0,0.0,0.0,0.0,0,0,0,8,4,0.25,2,0.5,2,1,1.0,0.18595995617580352,0,0,0,0.0,0.0,0.0,0.0,0,0.5,0.5,0.0,0.9580078125,0.0419921875,0.0,256,1024,0,0.0,1018.9189497352882,0.06979996396694332,800.0,119.08417666102946,99.76497311029176,0,1550.584496997399,0,126.45809699628467,7.923459996517202e-07,4.3480770997905875e-06,0.00013696046271890393,0.0,0.0,0.0,0.00014210088581834623,predictor_only,nsga2
0,700,700,train,2.5596596002578735,0.25,0.6484375,8,64,512,419.4939000008162,1.2843822481539908,77.79766467527473,39.92710212272396,73.50070000393316,1.2169899846410293,4.2242477441260835,5.4412377287671125,0.007299997378140688,0.0,2.2477255928809146,3.1862121385080573,0,19.070553658660533,1220.515434154274,2097152.0,2,0.5,0.5,0.0,0.0,0.0,328.91186564773113,0.008099988917820156,250.0,59.137347555629965,19.766418103183355,0,1,0,16.345267618570404,312.56659802916073,0.0,1048576,1048576,0,8,4,0.25,2,0.5,0,1,1.0,0.19776865982085054,3,3,0,1.0,0.0,0.0,1.0,0,0.5,0.5,0.0,0.9453125,0.0546875,0.0,256,1024,0,0.0,476.03659618461074,35.740000021178275,300.0,119.12974123459816,21.166854928834304,0,1550.584496997399,0,1131.0905969965827,5.137528992615964e-07,3.1119065870109895e-05,1.4686752101678857e-05,1.2169899846410293e-07,4.2242477441260833e-07,3.2891186564773114e-06,5.0152813300404376e-05,predictor_only,nsga2
0,701,701,train,2.6924139857292175,0.23828125,0.595703125,8,64,512,163.7572000036016,1.2360027350957392,2.277292222352448,44.79871153197875,48.509100000956096,1.1731810552503066,3.3609244575575463,4.534105512807853,0.00689999433234334,0.0,2.3047129211535737,2.222492597321936,0,48.852515476013124,3126.56099046484,2097152.0,2,0.5,0.5,0.0,0.0,0.0,79.82169210831081,0.008000002708286047,0.0,59.761532345537645,20.05215976006488,0,1,0,17.543473717761284,62.278218390549526,0.0,1048576,1048576,0,8,4,0.25,2,0.5,0,1,1.0,0.241032865595602,3,0,3,0.0,2.0,0.5,2.0,3,0.5,0.5,0.0,0.9404296875,0.0595703125,0.0,256,1024,0,0.0,193.2480259577078,61.31069999537431,0.0,119.95871248184191,11.978613480491541,0,1550.584496997399,0,1386.8272969937973,4.944010940382957e-07,9.109168889409792e-07,1.4870539989868194e-05,1.1731810552503067e-07,3.360924457557547e-07,7.982169210831082e-07,1.752748544521136e-05,predictor_only,nsga2
0,702,702,train,2.670923948287964,0.234375,0.634765625,8,64,512,71.82289999036584,1.2927265311460627,2.1996324971293206,29.407106953973997,51.64939998940099,1.31435309593752,2.7832089155150483,4.097562011452569,0.006200003554113209,0.0,2.4869624984998193,1.6043995093986358,0,111.38353669284301,7128.546348341953,2097152.0,2,0.5,0.5,0.0,0.0,0.0,81.81305037566085,0.006999995093792677,0.0,62.34387841571831,19.462171964848753,0,1,0,16.63075093555574,65.18229944010511,0.0,1048576,1048576,0,8,4,0.25,2,0.5,0,1,1.0,0.2091524583687337,3,3,0,1.0,0.0,0.0,1.0,0,0.5,0.5,0.0,0.9521484375,0.0478515625,0.0,256,1024,0,0.0,131.59786392899753,0.04710002394858748,0.0,119.32461482501783,12.226149080031107,0,1550.584496997399,0,1478.761597007033,5.170906124584251e-07,8.798529988517284e-07,1.425659306687115e-05,1.31435309593752e-07,2.7832089155150487e-07,8.181305037566086e-07,1.6881423383083173e-05,predictor_only,nsga2
0,703,703,train,2.5651856660842896,0.2421875,0.642578125,8,64,512,95.53619999496732,1.2486107149477423,2.3604602810144586,29.364772373595322,47.400800001923926,1.348860863914605,3.4532528147155483,4.802113678630153,0.005699985194951296,0.0,2.5961047651218774,2.2003089283133246,0,83.7370155334406,5359.168994140198,2097152.0,2,0.5,0.5,0.0,0.0,0.0,81.53589979205196,0.008999995770864189,0.0,62.47292829152319,19.053971504757904,0,1,0,16.389079549665944,65.14682024238601,0.0,1048576,1048576,0,8,4,0.25,2,0.5,0,1,1.0,0.19776865982085054,3,0,3,0.0,2.0,0.5,2.0,3,0.5,0.5,0.0,0.955078125,0.044921875,0.0,256,1024,0,0.0,131.89537347823008,0.05079999391455203,0.0,119.20894475978955,12.635628724526002,0,1550.584496997399,0,1455.0482970024316,4.994442859790969e-07,9.441841124057836e-07,1.4236942454349226e-05,1.348860863914605e-07,3.4532528147155485e-07,8.153589979205196e-07,1.6976141218517645e-05,predictor_only,nsga2
0,704,704,train,2.6345869302749634,0.19921875,0.61328125,8,64,512,95.8295000018552,1.2448896038490007,2.2636103280876996,29.645180636463287,69.7018999926513,1.2944046902727053,2.803682398604253,4.098087088876959,0.006999995093792677,0.0,2.3652183893386924,1.725868704444473,0,83.48072899384984,5342.76665560639,2097152.0,2,0.5,0.5,0.0,0.0,0.0,78.67996937660453,0.008300004992634058,0.0,59.84887869654558,18.822790675066326,0,1,0,16.07643820183052,62.60353117477402,0.0,1048576,1048576,0,8,4,0.25,2,0.5,0,1,1.0,0.2091524583687337,3,3,0,1.0,0.0,0.0,1.0,0,0.5,0.5,0.0,0.9482421875,0.0517578125,0.0,256,1024,0,0.0,132.61472227359997,0.04830003308597952,0.0,119.42490390125066,13.141518339263316,0,1069.2459525010752,0,973.41645249922,4.979558415396005e-07,9.0544413123508e-07,1.4234325387787874e-05,1.2944046902727055e-07,2.803682398604253e-07,7.867996937660455e-07,1.68343337632163e-05,predictor_only,nsga2
0,705,705,train,2.6445080637931824,0.216796875,0.625,8,64,512,105.34719999122899,1.2550397079356799,2.437588580813789,29.89414123485802,49.25280000315979,1.192437183779827,3.2910067936917686,4.4834439774715955,0.005799985956400633,0.0,2.2207676848250255,2.25687630669017,0,75.93864917166177,4860.073546986353,2097152.0,2,0.5,0.5,0.0,0.0,0.0,77.7457871301347,0.007399998139590025,0.0,58.89643563523796,18.841951496757154,0,1,0,16.41691741413901,61.328869715995694,0.0,1048576,1048576,0,8,4,0.25,2,0.5,0,1,1.0,0.2091524583687337,3,0,3,0.0,2.0,0.5,2.0,3,0.5,0.5,0.0,0.9599609375,0.0400390625,0.0,256,1024,0,0.0,134.34707809442995,0.04810000245925039,0.0,122.02112376772816,12.277854324242538,0,1069.2459525010752,0,963.8987525098462,5.020158831742719e-07,9.750354323255156e-07,1.4434281644555892e-05,1.192437183779827e-07,3.2910067936917685e-07,7.774578713013471e-07,1.7137135229104182e-05,predictor_only,nsga2
0,706,706,train,2.459887683391571,0.27734375,0.685546875,8,64,512,129.72009999793954,1.2974936002270894,2.1499537483857867,32.525224868224996,49.336600000970066,1.1628938870682508,2.8131467344296635,3.9760406214979143,0.00589998671784997,0.0,2.3548595271177595,1.6152811076623046,0,61.67076905859625,3946.92921975016,2097152.0,2,0.0,0.5,0.5,0.0,0.0,85.9465740354066,0.007099995855242014,0.0,66.29817264123918,19.641301398312187,0,1,0,0.0,60.55298520876744,25.393588826639157,0,1048576,1048576,8,4,0.25,2,0.5,0,1,1.0,0.19776865982085054,3,3,0,1.0,0.0,0.0,1.0,0,0.5,0.5,0.0,0.95703125,0.04296875,0.0,256,1024,0,0.0,143.89068886735149,13.339500030269846,0.0,119.75717578052601,10.79401305655563,0,1069.2459525010752,0,939.5258525031356,5.189974400908359e-07,8.599814993543148e-07,1.4398685636999548e-05,1.1628938870682509e-07,2.813146734429664e-07,8.59465740354066e-07,1.7034734378948555e-05,predictor_only,nsga2
0,707,707,train,2.504779815673828,0.25,0.65625,8,64,512,149.92709999205545,1.315978391164049,2.472337822915965,37.90663139955609,37.17100000358187,1.1334490119710947,3.346078625651781,4.479527637622875,0.006299989763647318,0.0,2.3660470589490274,2.107180588910201,0,53.3589100403721,3414.9702425838145,2097152.0,2,0.0,0.5,0.5,0.0,0.0,85.90212196519875,0.007199996616691351,0.0,67.06433478653373,18.830587182048326,0,1,0,0.0,62.368151728309705,23.533970236889047,0,1048576,1048576,8,4,0.25,2,0.5,0,1,1.0,0.2091524583687337,3,0,3,0.0,2.0,0.5,2.0,3,0.5,0.5,0.0,0.9404296875,0.0595703125,0.0,256,1024,0,0.0,166.77979045454444,32.677599985618144,0.0,120.75218603925805,13.350004429668228,0,1069.2459525010752,0,919.3188525090197,5.263913564656197e-07,9.88935129166386e-07,1.4647810221987848e-05,1.1334490119710946e-07,3.346078625651781e-07,8.590212196519876e-07,1.7470110691034132e-05,predictor_only,nsga2
0,708,708,train,2.64988112449646,0.240234375,0.611328125,8,64,512,91.4377000008244,1.2781895816147033,2.4577452663577692,29.376449849533685,50.32260000007227,1.1530164129767069,3.340236733035457,4.493253146012164,0.006000016583129764,0.0,2.222779675555788,2.2644734538732463,0,87.49030771355972,5599.379693667822,2097152.0,2,0.5,0.5,0.0,0.0,0.0,85.2530670967179,0.006999995093792677,0.0,64.08743914281972,21.158627958804388,0,1,0,18.354689183937765,66.89837791278013,0.0,1048576,1048576,0,8,4,0.25,2,0.5,0,1,1.0,0.25097720212391433,3,3,0,1.0,0.0,0.0,1.0,0,0.5,0.5,0.0,0.9453125,0.0546875,0.0,256,1024,0,0.0,132.44953879002463,0.04679999256040901,0.0,120.0832545021831,12.319484295281121,0,1069.2459525010752,0,977.8082525002508,5.112758326458814e-07,9.830981065431076e-07,1.4277116984932838e-05,1.1530164129767069e-07,3.3402367330354575e-07,8.52530670967179e-07,1.7073346909690225e-05,predictor_only,nsga2
0,709,709,train,2.539603054523468,0.23828125,0.63671875,8,64,512,61.36459999834187,1.281644897973757,2.485122774502254,29.238223916888607,50.87249999633059,1.3318986144302203,3.524544640105738,4.856443254535958,0.006999995093792677,0.0,2.624145483335,2.2252977761071655,0,130.36619865553607,8343.436713954308,2097152.0,2,0.5,0.5,0.0,0.0,0.0,83.3015663790655,0.006700007361359894,0.0,63.81197660502652,19.482889766677623,0,1,0,16.495087674277457,66.80647870478805,0.0,1048576,1048576,0,8,4,0.25,2,0.5,0,1,1.0,0.241032865595602,3,0,3,0.0,2.0,0.5,2.0,3,0.5,0.5,0.0,0.9453125,0.0546875,0.0,256,1024,0,0.0,132.0199663574585,0.04850000550504774,0.0,119.02345297482226,12.94801337713115,0,1069.2459525010752,0,1007.8813525027333,5.126579591895028e-07,9.940491098009017e-07,1.4191085373634037e-05,1.3318986144302202e-07,3.5245446401057383e-07,8.330156637906551e-07,1.701645243186869e-05,predictor_only,nsga2
0,710,710,train,2.4886727929115295,0.2734375,0.64453125,8,64,512,155.57619999162853,1.3026078505652856,2.363357319917777,36.96736647950211,50.503299993579276,1.2458498761891061,2.8610673452332507,4.106917221422357,0.005599998985417187,0.0,2.2503182224960865,1.850998999940853,0,51.42141650852742,3290.970656545755,2097152.0,2,0.5,0.5,0.0,0.0,0.0,78.1137721651153,0.011299998732283711,0.0,58.97720395076506,19.12526821561795,0,1,0,16.767742032522335,61.34603013259296,0.0,1048576,1048576,0,8,4,0.25,2,0.5,0,1,1.0,0.26994862967019156,3,3,0,1.0,0.0,0.0,1.0,0,0.5,0.5,0.0,0.947265625,0.052734375,0.0,256,1024,0,0.0,162.53332659994066,32.53660003247205,0.0,118.70486782840874,11.291858739059897,0,1069.2459525010752,0,913.6697525094467,5.210431402261142e-07,9.453429279671108e-07,1.4508619657310466e-05,1.2458498761891062e-07,2.861067345233251e-07,7.811377216511529e-07,1.716683516929708e-05,predictor_only,nsga2
0,711,711,train,2.508576989173889,0.259765625,0.66015625,8,64,512,177.16720000316855,1.2501867442754966,2.6927002358436436,37.01948163599953,95.98860000551213,1.1546865124887464,3.7057561604204676,4.860442672909214,0.008000002708286047,0.0,2.1198143176615583,2.7326283525393698,0,45.15483026782981,2889.9091371411077,2097152.0,2,0.5,0.5,0.0,0.0,0.0,82.0442206872324,0.010799994925037026,0.0,62.32721690296515,19.706203789342208,0,1,0,18.663480758160436,63.38073992907196,0.0,1048576,1048576,0,8,4,0.25,2,0.5,0,1,1.0,0.18595995617580352,3,0,3,0.0,2.0,0.5,2.0,3,0.5,0.5,0.0,0.9541015625,0.0458984375,0.0,256,1024,0,0.0,163.8494744644747,20.639100010157563,0.0,120.0855580583007,23.124816396016428,0,1069.2459525010752,0,892.0787524979066,5.000746977101986e-07,1.0770800943374577e-06,1.4611819868386892e-05,1.1546865124887464e-07,3.705756160420468e-07,8.204422068723241e-07,1.7495461134597796e-05,predictor_only,nsga2
0,712,712,train,2.5072286128997803,0.26953125,0.640625,8,64,512,792.9750000039348,1.2476319264523916,2.9394981785992025,34.85447664641758,54.33900000934955,1.2410068325881585,4.540249220716619,5.781256053304778,0.008000002708286047,0.0,2.3676882738396197,3.405567776756872,0,10.088577712264057,645.6689735848996,2097152.0,2,0.0,0.5,0.5,0.0,0.0,89.51131557269208,0.007800015737302601,0.0,67.79303792331919,21.710477633635584,0,1,0,0.0,65.22309656058385,24.288219012108232,0,1048576,1048576,8,4,0.25,2,0.5,0,1,1.0,0.2307606527190679,3,3,0,1.0,0.0,0.0,1.0,0,0.5,0.5,0.0,0.94921875,0.05078125,0.0,256,1024,0,0.0,156.1664270058767,0.06609997944906354,0.0,119.92405728552292,36.17626974090473,0,1254.11909700262,0,461.1440969986852,4.990527705809567e-07,1.175799271439681e-06,1.5193243521436076e-05,1.2410068325881584e-07,4.5402492207166195e-07,8.951131557269209e-07,1.8341334324514114e-05,predictor_only,nsga2
0,713,713,train,2.4968141317367554,0.2578125,0.638671875,8,64,512,78.1274999899324,1.2953341994255543,2.1735734806484777,30.99326050990755,38.99909999745432,1.203962259706663,2.860435592764015,4.0643978524706785,0.006000016583129764,0.0,2.4479783394425305,1.6104194964450178,0,102.39541269870631,6553.306412717204,2097152.0,2,0.5,0.5,0.0,0.0,0.0,84.9182395297672,0.008300004992634058,0.0,63.48376450927917,21.426175015495396,0,1,0,18.02579921598142,66.89244031378578,0.0,1048576,1048576,0,8,4,0.25,2,0.5,0,1,1.0,0.17369070345169255,3,0,3,0.0,2.0,0.5,2.0,3,0.5,0.5,0.0,0.9443359375,0.0556640625,0.0,256,1024,0,0.0,137.84867275992633,0.05390001751948148,0.0,118.4771405952338,19.317632147173043,0,1254.11909700262,0,1175.9915970126876,5.181336797702217e-07,8.694293922593911e-07,1.4253075060917226e-05,1.203962259706663e-07,2.8604355927640155e-07,8.491823952976722e-07,1.689626031349158e-05,predictor_only,nsga2
0,714,714,train,2.5160187482833862,0.267578125,0.650390625,8,64,512,144.2691999982344,1.3315685046654506,2.235099306959679,36.069655815265165,46.832100008032285,1.3109194092949883,3.2290627234337093,4.5399821327286976,0.005900015821680427,0.0,2.3576525660010876,2.1764295509059295,0,55.45150696469476,3548.8964457404645,2097152.0,2,0.5,0.5,0.0,0.0,0.0,83.56220729471906,0.007499998901039362,0.0,64.69509547158913,18.8596118242289,0,1,0,18.05680252467085,65.50540477004822,0.0,1048576,1048576,0,8,4,0.25,2,0.5,0,1,1.0,0.25097720212391433,3,3,0,1.0,0.0,0.0,1.0,0,0.5,0.5,0.0,0.9501953125,0.0498046875,0.0,256,1024,0,0.0,158.5452945075612,24.848999993992038,0.0,120.12847203732404,13.567822476245084,0,1254.11909700262,0,1109.8498970043856,5.326274018661802e-07,8.940397227838715e-07,1.451048927672074e-05,1.3109194092949885e-07,3.2290627234337096e-07,8.356220729471906e-07,1.7226776687590854e-05,predictor_only,nsga2
0,715,715,train,2.527580678462982,0.26953125,0.650390625,8,64,512,104.78939999302384,1.3834387017704337,2.6370557812655537,30.07844032696959,48.52139999275096,1.3619218450461246,3.8781314844954,5.240053329541524,0.005599998985417187,0.0,2.4259944716618067,2.8084588588943005,0,76.34287110777878,4885.943750897842,2097152.0,2,0.0,0.0,1.0,0.0,0.0,50.16639364632367,0.007800001185387373,0.0,30.30633979829656,19.85225384684172,0,1,0,0.0,0.0,25.083196823161835,0,0,2097152,8,4,0.25,2,0.5,0,1,1.0,0.16091838189257093,3,0,3,0.0,2.0,0.5,2.0,3,0.5,0.5,0.0,0.953125,0.046875,0.0,256,1024,0,0.0,136.39573924002232,0.05040000542066991,0.0,121.12486311013802,15.220476124463627,0,1254.11909700262,0,1149.3296970095962,5.533754807081734e-07,1.0548223125062217e-06,1.4292388394745994e-05,1.3619218450461245e-07,3.8781314844954e-07,5.016639364632366e-07,1.6926255457377776e-05,predictor_only,nsga2
0,716,716,train,2.5454346537590027,0.2734375,0.630859375,8,64,512,75.83250000607222,1.2319225030043186,2.1734732760272397,29.034872136237738,50.553699998999946,1.25857900503848,3.029254372090259,4.287833377128739,0.005700014298781753,0.0,2.487346472606051,1.7947868902239064,0,105.49427363051178,6751.633512352754,2097152.0,2,0.5,0.5,0.0,0.0,0.0,80.05405025662327,0.007699985872022808,0.0,58.88800456597642,21.158345704774817,0,1,0,17.908658648413493,62.14539160820977,0.0,1048576,1048576,0,8,4,0.25,2,0.5,0,1,1.0,0.2606107547134336,3,3,0,1.0,0.0,0.0,1.0,0,0.5,0.5,0.0,0.939453125,0.060546875,0.0,256,1024,0,0.0,129.76107166107718,0.0471999665023759,0.0,118.52763414930416,11.18623754527065,0,687.3993555027836,0,611.5668554967114,4.927690012017274e-07,8.69389310410896e-07,1.420942556290477e-05,1.25857900503848e-07,3.029254372090259e-07,8.005405025662327e-07,1.68009077147965e-05,predictor_only,nsga2
0,717,717,train,2.4747700095176697,0.255859375,0.68359375,8,64,512,76.85070000297856,1.2856567951664677,2.3579019577349483,29.305846498460305,49.20000000856817,1.2237805702800708,3.3468901476251034,4.570670717905174,0.00650000583846122,0.0,2.4329667757599025,2.1312039363068105,0,104.09659122296505,6662.181838269763,2097152.0,2,0.5,0.5,0.0,0.0,0.0,80.61782611441922,0.007199996616691351,0.0,60.100241697359365,20.510384420443163,0,1,0,17.809847801405347,62.80797831301388,0.0,1048576,1048576,0,8,4,0.25,2,0.5,0,1,1.0,0.18595995617580352,3,0,3,0.0,2.0,0.5,2.0,3,0.5,0.5,0.0,0.955078125,0.044921875,0.0,256,1024,0,0.0,131.7976210054469,0.047699970309622586,0.0,119.47533808082423,12.274582954313034,0,687.3993555027836,0,610.548655499805,5.142627180665871e-07,9.431607830939794e-07,1.4308798850547206e-05,1.223780570280071e-07,3.3468901476251035e-07,8.061782611441924e-07,1.7029467684642484e-05,predictor_only,nsga2
0,718,718,train,2.5711525678634644,0.23828125,0.638671875,8,64,512,166.49340000003576,1.2106404434564313,2.29474774791096,37.68143998388638,36.5386000048602,1.299463660398084,3.3043493299250972,4.603812990323181,0.006599992047995329,0.0,2.4877786288067503,2.1094343694684357,0,48.04966413283739,3075.178504501593,2097152.0,2,0.0,0.5,0.5,0.0,0.0,86.02273189006605,0.007399998139590025,0.0,64.74181716553181,21.273514726394655,0,1,0,0.0,61.44306149379151,24.57967039627454,0,1048576,1048576,8,4,0.25,2,0.5,0,1,1.0,0.13364216641330787,3,3,0,1.0,0.0,0.0,1.0,0,0.5,0.5,0.0,0.955078125,0.044921875,0.0,256,1024,0,0.0,164.74731270101506,34.62580002087634,0.0,118.29057319048901,11.83093948964973,0,687.3993555027836,0,520.9059555027478,4.842561773825725e-07,9.178990991643839e-07,1.4535188279919903e-05,1.299463660398084e-07,3.304349329925097e-07,8.602273189006605e-07,1.7257952174399837e-05,predictor_only,nsga2
0,719,719,train,2.517118513584137,0.2734375,0.646484375,8,64,512,122.82350000168663,1.3431995146307427,2.164194393993962,34.77616528340337,47.875899996142834,1.242608639653516,2.6408193339585626,3.8834279736120787,0.006199989002197981,0.0,2.247514807787634,1.6297131768222468,0,65.13358491091064,4168.549434298281,2097152.0,2,0.5,0.5,0.0,0.0,0.0,77.79464094762598,0.007800001185387373,0.0,57.2864226593302,20.500418287110403,0,1,0,17.28119525485463,60.51344569277135,0.0,1048576,1048576,0,8,4,0.25,2,0.5,0,1,1.0,0.19776869931901056,3,0,3,0.0,2.0,0.5,2.0,3,0.5,0.5,0.0,0.9541015625,0.0458984375,0.0,256,1024,0,0.0,153.13423676811232,17.58189994143322,0.0,119.44669343026067,16.105643396418444,0,687.3993555027836,0,564.575855501097,5.372798058522971e-07,8.656777575975849e-07,1.4485824382380043e-05,1.242608639653516e-07,2.640819333958563e-07,7.779464094762598e-07,1.705507115266739e-05,predictor_only,nsga2
0,720,720,train,2.580476403236389,0.234375,0.6171875,8,64,512,112.9580000124406,1.2481854416390994,2.4356782308125497,29.596703916844014,57.75709998852108,1.367803774084835,3.5448709415429835,4.912674715627818,0.006600006599910557,0.0,2.5541825932632722,2.351892115764636,0,70.82215670392735,4532.61802905135,2097152.0,2,0.5,0.5,0.0,0.0,0.0,80.02722355009954,0.008100003469735384,0.0,60.93604171020649,19.083081836423307,0,1,0,16.403434941558324,63.623788608541204,0.0,1048576,1048576,0,8,4,0.25,2,0.5,0,1,1.0,0.16091838189257093,3,3,0,1.0,0.0,0.0,1.0,0,0.5,0.5,0.0,0.9423828125,0.0576171875,0.0,256,1024,0,0.0,133.12227035718266,0.04990000161342323,0.0,119.7156843448196,13.35668601074962,0,687.3993555027836,0,574.441355490343,4.992741766556398e-07,9.742712923250199e-07,1.4238917328899153e-05,1.367803774084835e-07,3.5448709415429837e-07,8.002722355009954e-07,1.7004002504943588e-05,predictor_only,nsga2
0,721,721,train,2.4715834259986877,0.30859375,0.66015625,8,64,512,136.3640000054147,1.1702026220913306,2.133916252445608,44.35439268780292,36.8566999968607,1.301045999711146,3.1890606717348717,4.490106671446018,0.006400005077011883,0.0,2.5371935032320714,1.946513163136935,0,58.666080003537125,3754.629120226376,2097152.0,2,0.5,0.5,0.0,0.0,0.0,82.30307478580619,0.007100010407157242,0.0,63.4811167736309,18.814858001768144,0,1,0,16.642517414898258,65.66055737090794,0.0,1048576,1048576,0,8,4,0.25,2,0.5,0,1,1.0,0.19776865982085054,3,0,3,0.0,2.0,0.5,2.0,3,0.5,0.5,0.0,0.947265625,0.052734375,0.0,256,1024,0,0.0,190.63404624935944,59.78479997429531,0.0,119.3880098451151,11.461236429949032,0,687.3993555027836,0,551.0353554973689,4.680810488365323e-07,8.535665009782433e-07,1.4948207923305392e-05,1.3010459997111463e-07,3.189060671734872e-07,8.23030747858062e-07,1.7541896888122832e-05,predictor_only,nsga2
0,722,722,train,2.5572070479393005,0.263671875,0.64453125,8,64,512,149.96629999950528,1.2577492912379298,2.1786807570000826,37.30494589694108,36.21589999238495,1.2579090526813241,2.7974450075285198,4.055354060209844,0.006599992047995329,0.0,2.327625840928549,1.7211282272332997,0,53.34496253534198,3414.0776022618866,2097152.0,2,0.5,0.5,0.0,0.0,0.0,79.61815638888764,0.007600014214403927,0.0,60.12739645091803,19.483159923755213,0,1,0,16.311345320226877,63.306811068660764,0.0,1048576,1048576,0,8,4,0.25,2,0.5,0,1,1.0,0.241032865595602,3,3,0,1.0,0.0,0.0,1.0,0,0.5,0.5,0.0,0.9482421875,0.0517578125,0.0,256,1024,0,0.0,162.96550378071638,32.57399995345622,0.0,118.4466632389122,11.944840588347926,0,687.3993555027836,0,537.4330555032783,5.03099716495172e-07,8.714723028000329e-07,1.4541629294185399e-05,1.2579090526813243e-07,2.79744500752852e-07,7.961815638888764e-07,1.7117918283390465e-05,predictor_only,nsga2
0,723,723,train,2.4478172063827515,0.28515625,0.671875,8,64,512,382.7977000037208,76.29875598628308,2.2071946382827776,30.02408278217177,37.087299991981126,1.1697652216111178,3.0782738214714493,4.248039043082567,0.006299989763647318,0.0,2.272908556960693,1.9688304963582266,0,20.89871256073294,1337.517603886908,2097152.0,2,0.5,0.5,0.0,0.0,0.0,81.03311579218318,0.007800001185387373,0.0,60.85302744995443,20.172288341043362,0,1,0,17.220002278786723,63.81311351339646,0.0,1048576,1048576,0,8,4,0.25,2,0.5,0,1,1.0,0.11898847320993522,3,0,3,0.0,2.0,0.5,2.0,3,0.5,0.5,0.0,0.9599609375,0.0400390625,0.0,256,1024,0,0.0,434.1201336269505,0.0475000124424696,300.0,120.44995755264557,13.622676061862533,0,687.3993555027836,0,304.60165549906276,3.051950239451324e-05,8.82877855313111e-07,1.4249570610711762e-05,1.1697652216111178e-07,3.078273821471449e-07,8.103311579218318e-07,4.68870859227682e-05,predictor_only,nsga2
0,724,724,train,2.624982178211212,0.224609375,0.615234375,8,64,512,88.18299999984447,1.3175057067636375,2.3605280371891304,31.579741425468914,55.39019999559969,1.222439735500596,3.218575421575813,4.441015157076409,0.006399990525096655,0.0,2.496289056152517,1.9383261103987954,0,90.71940488086399,5806.041912375295,2097152.0,2,0.5,0.5,0.0,0.0,0.0,78.5666410886868,0.008300004992634058,0.0,59.89715080575388,18.66119027794028,0,1,0,17.28478960518239,61.281851483504404,0.0,1048576,1048576,0,8,4,0.25,2,0.5,0,1,1.0,0.19776865982085054,3,3,0,1.0,0.0,0.0,1.0,0,0.5,0.5,0.0,0.9658203125,0.0341796875,0.0,256,1024,0,0.0,141.0311006776867,0.05240004975348711,0.0,119.41780685797295,21.560893769960302,0,687.3993555027836,0,599.2163555029391,5.27002282705455e-07,9.442112148756523e-07,1.4324471582560166e-05,1.2224397355005962e-07,3.218575421575813e-07,7.856664108868679e-07,1.7025453006735782e-05,predictor_only,nsga2
0,725,725,train,2.503746509552002,0.25,0.650390625,8,64,512,107.99319999932777,1.430499742803398,2.785797770690754,30.761064408217713,1295.8566000015708,1.6600471531229448,4.115632740205907,5.775679893328852,0.00960000033956021,0.0,2.214396596981593,3.551683296007698,0,74.07805234030899,4740.995349779775,2097152.0,2,0.5,0.5,0.0,0.0,0.0,84.55992966526016,0.010599993402138352,0.0,64.12550169845278,20.42382797340524,0,1,0,18.351841831851374,66.20808783340878,0.0,1048576,1048576,0,8,4,0.25,2,0.5,0,1,1.0,0.2201412464909665,3,0,3,0.0,2.0,0.5,2.0,3,0.5,0.5,0.0,0.9560546875,0.0439453125,0.0,256,1024,0,0.0,139.90944768684744,0.055900003644637764,0.0,118.64913090697658,21.20441677622624,0,687.3993555027836,0,579.4061555034558,5.721998971213592e-07,1.1143191082763017e-06,1.4310261803125383e-05,1.660047153122945e-07,4.115632740205907e-07,8.455992966526016e-07,1.741994809450853e-05,predictor_only,nsga2
0,726,726,train,2.520019829273224,0.26171875,0.638671875,8,64,512,157.6995000068564,1.270452941692318,4.051335613673933,39.55912913656921,58.02290000428911,1.40258779184307,6.14258412410523,7.5451719159483,0.008000002708286047,0.0,2.525640746363873,5.011531166876141,0,50.729071877718724,3246.6606001739983,2097152.0,2,0.5,0.5,0.0,0.0,0.0,80.05508278182877,0.007300011930055916,0.0,60.81882645106123,19.228956318837483,0,1,0,16.575709624393582,63.47937315743519,0.0,1048576,1048576,0,8,4,0.25,2,0.5,0,1,1.0,0.13364216641330787,3,3,0,1.0,0.0,0.0,1.0,0,0.5,0.5,0.0,0.951171875,0.048828125,0.0,256,1024,0,0.0,179.52367076774183,35.53819998342078,0.0,118.54267191700035,25.442798867320693,0,687.3993555027836,0,529.6998554959272,5.081811766769273e-07,1.620534245469573e-06,1.466736598370334e-05,1.4025877918430702e-07,6.14258412410523e-07,8.005508278182879e-07,1.835114942526296e-05,predictor_only,nsga2
0,727,727,train,2.5136225819587708,0.26171875,0.640625,8,64,512,109.17280000285245,1.2330835614763607,3.3182658069070956,29.771261544595376,49.07759999332484,1.1976559576381223,5.56318906207804,6.760845019716163,0.00650000583846122,0.0,2.3778837614382367,4.376461252439465,0,73.27765452691926,4689.769889722833,2097152.0,2,0.0,0.5,0.5,0.0,0.0,92.67822776069954,0.007399998139590025,0.0,70.85113717621027,21.81969058634968,0,1,0,0.0,67.02773541924594,25.650492341453592,0,1048576,1048576,8,4,0.25,2,0.5,0,1,1.0,0.2307606527190679,3,0,3,0.0,2.0,0.5,2.0,3,0.5,0.5,0.0,0.9501953125,0.0498046875,0.0,256,1024,0,0.0,137.29044365191533,0.051700000767596066,0.0,121.18578007195259,16.052963579195136,0,687.3993555027836,0,578.2265554999311,4.932334245905443e-07,1.3273063227628381e-06,1.4414057575518586e-05,1.1976559576381223e-07,5.56318906207804e-07,9.267822776069954e-07,1.7837464102450578e-05,predictor_only,nsga2
0,728,728,train,2.4534619450569153,0.28125,0.64453125,8,64,512,151.14139999786858,1.3008519160831509,2.2386652847318596,44.82611254957826,41.81740000785794,1.2151273889523475,2.849334525967476,4.064461914919823,0.00689999433234334,0.0,2.331925826469014,1.725636094118466,0,52.93021680291445,3387.533875386525,2097152.0,2,0.5,0.5,0.0,0.0,0.0,83.42953952074528,0.007999988156370819,0.0,63.53013581307253,19.89140371951637,0,1,0,17.586626722374245,65.84291279837103,0.0,1048576,1048576,0,8,4,0.25,2,0.5,0,1,1.0,0.241032865595602,3,3,0,1.0,0.0,0.0,1.0,0,0.5,0.5,0.0,0.9482421875,0.0517578125,0.0,256,1024,0,0.0,193.46251900157307,58.52109998522792,0.0,121.1191090490111,13.822309967334062,0,687.3993555027836,0,536.257955504915,5.203407664332603e-07,8.954661138927439e-07,1.4914862649812834e-05,1.2151273889523475e-07,2.849334525967476e-07,8.342953952074528e-07,1.757141111683827e-05,predictor_only,nsga2
0,729,729,train,2.4237236976623535,0.2578125,0.666015625,8,64,512,111.53349999221973,1.2670347700982045,2.255847675731596,29.467195016213033,53.299400009564124,1.2974219198457435,2.870606585610976,4.16802850545672,0.005699999746866524,0.0,2.3612542967607584,1.801074208949095,0,71.72668547003889,4590.507870082489,2097152.0,2,0.5,0.5,0.0,0.0,0.0,84.23362502812454,0.007700014975853264,0.0,63.446113033626034,20.77981197952265,0,1,0,17.161701859192846,67.07192316893169,0.0,1048576,1048576,0,8,4,0.25,2,0.5,0,1,1.0,0.17369072493825644,3,0,3,0.0,2.0,0.5,2.0,3,0.5,0.5,0.0,0.943359375,0.056640625,0.0,256,1024,0,0.0,131.96030984817133,0.04910002462565899,0.0,119.19183165068225,12.719378172863438,0,443.2786710023355,0,331.74517101011577,5.068139080392818e-07,9.023390702926385e-07,1.4313136600562206e-05,1.2974219198457435e-07,2.8706065856109764e-07,8.423362502812455e-07,1.6981428679721046e-05,predictor_only,nsga2
0,730,730,train,2.4701138138771057,0.26171875,0.658203125,8,64,512,144.83199999085627,1.3099371826390462,2.290717132796488,33.781328798225914,49.10740000195801,1.2018747652595523,3.105502735141597,4.307377500401149,0.005900001269765198,0.0,2.2518293057887018,2.0496481933426822,0,55.23603046615801,3535.105949834113,2097152.0,2,0.5,0.0,0.5,0.0,0.0,44.41505034245277,0.00790000194683671,0.0,23.87862072763814,20.528529612867793,0,1,0,17.692678557331057,0.0,26.722371785121716,1048576,0,1048576,8,4,0.25,2,0.5,0,1,1.0,0.25097720212391433,3,3,0,1.0,0.0,0.0,1.0,0,0.5,0.5,0.0,0.9560546875,0.0439453125,0.0,256,1024,0,0.0,149.5279324546458,15.113899949938059,0.0,118.73262962976074,15.681402874946992,0,319.2903725038189,0,174.45837251296263,5.239748730556186e-07,9.162868531185953e-07,1.4388401678068963e-05,1.2018747652595523e-07,3.105502735141597e-07,4.4415050342452777e-07,1.6703551657707815e-05,predictor_only,nsga2
0,731,731,train,2.506605386734009,0.23828125,0.650390625,8,64,512,124.46210000780411,1.352033271928636,2.235265145849448,33.50575891641589,52.02859999553766,1.2212696422185636,3.0480052758273146,4.269274918045879,0.005999987479299307,0.0,2.375832465368348,1.8874424651982313,0,64.27607860882769,4113.669030964972,2097152.0,2,0.5,0.5,0.0,0.0,0.0,83.4717320186746,0.008000002708286047,0.0,62.26398098890632,21.199751027060003,0,1,0,17.272653281093064,66.19907873758154,0.0,1048576,1048576,0,8,4,0.25,2,0.5,0,1,1.0,0.2201412464909665,3,0,3,0.0,2.0,0.5,2.0,3,0.5,0.5,0.0,0.9501953125,0.0498046875,0.0,256,1024,0,0.0,148.37222933677594,14.054799976292998,0.0,118.45261031122394,15.864819049258992,0,319.2903725038189,0,194.8282724960148,5.408133087714545e-07,8.941060583397794e-07,1.4242537440798322e-05,1.2212696422185637e-07,3.0480052758273144e-07,8.347173201867462e-07,1.693910161990089e-05,predictor_only,nsga2
0,732,732,train,2.5575925707817078,0.27734375,0.626953125,8,64,512,101.29380000580568,1.1840299827703276,2.0990696347056454,28.991542014370694,51.67119999532588,1.163064942869561,3.0542138440666893,4.21727878693625,0.006999995093792677,0.0,2.435862693123262,1.774416098719195,0,78.97740061228693,5054.553639186363,2097152.0,2,0.5,0.0,0.5,0.0,0.0,43.073211490706925,0.00750001345295459,0.0,23.717930187495817,19.34778128975815,0,1,0,15.687627871539192,0.0,27.385583619167733,1048576,0,1048576,8,4,0.25,2,0.5,0,1,1.0,0.2201412853775118,3,3,0,1.0,0.0,0.0,1.0,0,0.5,0.5,0.0,0.943359375,0.056640625,0.0,256,1024,0,0.0,129.09856652738665,0.046200017095543444,0.0,117.75532006044185,11.297046449849265,0,319.2903725038189,0,217.99657249801322,4.73611993108131e-07,8.396278538822582e-07,1.419713531430446e-05,1.163064942869561e-07,3.0542138440666897e-07,4.3073211490706925e-07,1.636283515489554e-05,predictor_only,nsga2
0,733,733,train,2.5356510281562805,0.251953125,0.666015625,8,64,512,134.6861999918474,1.2351889744244804,2.0911968982043923,38.21862814281948,71.55969999439549,1.1866286294918231,2.6952220471078396,3.8818506765996625,0.006100002792663872,0.0,2.224398340572458,1.6513523332345406,0,59.39688404305858,3801.400578755749,2097152.0,2,0.5,0.0,0.5,0.0,0.0,43.23780132258298,0.007499998901039362,0.0,22.81666261205985,20.41363871162209,0,1,0,16.867718208829668,0.0,26.370083113753317,1048576,0,1048576,8,4,0.25,2,0.5,0,1,1.0,0.18595995617580352,3,0,3,0.0,2.0,0.5,2.0,3,0.5,0.5,0.0,0.9501953125,0.0498046875,0.0,256,1024,0,0.0,166.18005606179344,33.265699981711805,0.0,119.93100378445867,12.983352295622945,0,319.2903725038189,0,184.6041725119715,4.940755897697923e-07,8.364787592817569e-07,1.465552869929699e-05,1.1866286294918233e-07,2.69522204710784e-07,4.3237801322582995e-07,1.6806646129234336e-05,predictor_only,nsga2
0,734,734,train,2.48812735080719,0.23828125,0.6484375,8,64,512,101.7788000026485,1.2537203267511352,2.409919609455061,29.44967540601029,49.450699996668845,1.1877001732067192,3.434308437360677,4.622008610567397,0.006000002031214535,0.0,2.273161677758236,2.3428469307779456,0,78.60105836120552,5030.467735117153,2097152.0,2,0.5,0.5,0.0,0.0,0.0,79.53570311552139,0.007800001185387373,0.0,58.13938608447364,21.38851702986236,0,1,0,18.390033951498708,61.14566916402268,0.0,1048576,1048576,0,8,4,0.25,2,0.5,0,1,1.0,0.14759074590838162,3,3,0,1.0,0.0,0.0,1.0,0,0.5,0.5,0.0,0.9521484375,0.0478515625,0.0,256,1024,0,0.0,132.45326136886595,0.05440000677481294,0.0,118.74824396301182,13.650617399079316,0,319.2903725038189,0,217.5115725011704,5.014881307004541e-07,9.639678437820244e-07,1.4262556169803127e-05,1.1877001732067192e-07,3.4343084373606775e-07,7.953570311552139e-07,1.6985570036497562e-05,predictor_only,nsga2
0,735,735,train,2.5380337238311768,0.2265625,0.615234375,8,64,512,91.24439999868628,1.2585957460754855,2.478386174627741,29.211660520929634,48.00650000106543,1.118704744075941,3.7645163404262503,4.883221084502191,0.006000002031214535,0.0,2.4312602080628465,2.4459608744081303,0,87.67565269169933,5611.241772268757,2097152.0,2,0.5,0.5,0.0,0.0,0.0,80.20824132119725,0.006399990525096655,0.0,60.166942110455594,20.03489922021657,0,1,0,15.841385699720494,64.36685562147676,0.0,1048576,1048576,0,8,4,0.25,2,0.5,0,1,1.0,0.26061071707684524,3,0,3,0.0,2.0,0.5,2.0,3,0.5,0.5,0.0,0.9375,0.0625,0.0,256,1024,0,0.0,131.79456976653145,0.049899987061508,0.0,117.79122739263428,13.95344238683565,0,319.2903725038189,0,228.04597250513262,5.034382984301942e-07,9.913544698510964e-07,1.424314944362473e-05,1.118704744075941e-07,3.7645163404262504e-07,8.020824132119726e-07,1.7028346733568215e-05,predictor_only,nsga2
0,736,736,train,2.4659122824668884,0.275390625,0.666015625,8,64,512,77.03200000105426,1.2251292128779991,2.142977903387021,35.012196868913406,49.19960000552237,1.1289573975717322,2.6275748666689682,3.7565322642407004,0.005799985956400633,0.0,2.2101463843123486,1.5405858939719512,0,103.8515960677958,6646.502148338931,2097152.0,2,0.5,0.5,0.0,0.0,0.0,82.3744139034678,0.006999995093792677,0.0,63.847284460736894,18.520129447637117,0,1,0,16.791844268368298,65.5825696350995,0.0,1048576,1048576,0,8,4,0.25,2,0.5,0,1,1.0,0.17369072493825644,3,3,0,1.0,0.0,0.0,1.0,0,0.5,0.5,0.0,0.9599609375,0.0400390625,0.0,256,1024,0,0.0,153.52121594071372,21.49489999283105,0.0,120.30947275499061,11.716843192892057,0,319.2903725038189,0,242.25837250276464,4.900516851511997e-07,8.571911613548083e-07,1.459369917445272e-05,1.1289573975717322e-07,2.627574866668968e-07,8.237441390346781e-07,1.7140339386417477e-05,predictor_only,nsga2
0,737,737,train,2.4225760102272034,0.287109375,0.669921875,8,64,512,78.65349999337923,1.221965964683238,2.3627024900954163,29.366187216816606,50.35119999956805,1.1525937634664518,3.146258446203968,4.29885220967042,0.005699999746866524,0.0,2.124082660706212,2.1690695492173413,0,101.71064593473231,6509.481339822868,2097152.0,2,0.5,0.5,0.0,0.0,0.0,81.06107520729998,0.00999998883344233,0.0,61.09266035159197,19.958414866874563,0,1,0,18.38367744471612,62.67739776258385,0.0,1048576,1048576,0,8,4,0.25,2,0.5,0,1,1.0,0.14759070521249812,3,0,3,0.0,2.0,0.5,2.0,3,0.5,0.5,0.0,0.94921875,0.05078125,0.0,256,1024,0,0.0,131.80342268638103,0.04910002462565899,0.0,119.55918812329975,12.195134538455637,0,319.2903725038189,0,240.63687251043967,4.887863858732952e-07,9.450809960381664e-07,1.424343106538991e-05,1.1525937634664519e-07,3.146258446203968e-07,8.106107520729998e-07,1.6917794420341414e-05,predictor_only,nsga2
0,738,738,train,2.5591591000556946,0.255859375,0.66796875,8,64,512,99.7986000002129,1.2094752446580146,2.88599099513534,30.117284068449536,41.28570000466425,1.238892107549253,4.1803678760080505,5.419259983557303,0.007000009645707905,0.0,2.1743587418149524,3.237901232096643,0,80.16064192624954,5130.2810832799705,2097152.0,2,0.5,0.5,0.0,0.0,0.0,79.58310220285117,0.009800001862458885,0.0,59.9314951981182,19.641807002870518,0,1,0,17.899879498753812,61.68322270409736,0.0,1048576,1048576,0,8,4,0.25,2,0.5,0,1,1.0,0.2307606527190679,3,3,0,1.0,0.0,0.0,1.0,0,0.5,0.5,0.0,0.9462890625,0.0537109375,0.0,256,1024,0,0.0,136.85100123297156,0.057199998991563916,0.0,119.8456649757313,16.94813625824869,0,319.2903725038189,0,219.491772503606,4.837900978632059e-07,1.1543963980541362e-06,1.4354369729279265e-05,1.2388921075492531e-07,4.1803678760080507e-07,7.958310220285117e-07,1.7330313245580853e-05,predictor_only,nsga2
0,739,739,train,2.4874865412712097,0.287109375,0.630859375,8,64,512,440.3316999960225,1.3689353000283184,4.261114951439938,48.00962613881877,114.89129999245051,1.2005678961361,7.3312042608730685,8.531772157009168,0.008899995009414852,0.0,2.35059523198784,6.172276930011913,0,18.168080635556397,1162.7571606756094,2097152.0,2,0.5,0.5,0.0,0.0,0.0,81.24378240432124,0.006299989763647318,0.0,61.06174202663464,20.17574038792295,0,1,0,18.080589678658995,63.16319272566224,0.0,1048576,1048576,0,8,4,0.25,2,0.5,0,1,1.0,0.2201412464909665,3,0,3,0.0,2.0,0.5,2.0,3,0.5,0.5,0.0,0.953125,0.046875,0.0,256,1024,0,0.0,214.55870556114814,46.69179998745676,0.0,118.70082737535468,49.1660781983367,0,455.88553999943525,0,15.553840003412745,5.475741200113274e-07,1.7044459805759749e-06,1.5014411590311969e-05,1.2005678961361e-07,7.33120426087307e-07,8.124378240432125e-07,1.89320467306434e-05,predictor_only,nsga2
0,740,740,train,2.496519923210144,0.240234375,0.66015625,8,64,512,86.43520000623539,1.2673777353582765,2.287225188145159,29.820196109202012,55.17230000987183,1.1784193028076895,3.08923495894949,4.26765426175718,0.005799985956400633,0.0,2.39328614552935,1.8685681302714283,0,92.55381425170114,5923.444112108873,2097152.0,2,0.5,0.0,0.5,0.0,0.0,44.22534222533639,0.006299989763647318,0.0,23.468932111397635,20.75011012417511,0,1,0,17.33070606204543,0.0,26.89463616329096,1048576,0,1048576,8,4,0.25,2,0.5,0,1,1.0,0.18595995617580352,3,3,0,1.0,0.0,0.0,1.0,0,0.5,0.5,0.0,0.94921875,0.05078125,0.0,256,1024,0,0.0,133.49919613082182,0.04900002386420965,0.0,121.07751583236427,12.372680274593314,0,455.88553999943525,0,369.45033999319986,5.069510941433106e-07,9.148900752580635e-07,1.4433876839628563e-05,1.1784193028076895e-07,3.08923495894949e-07,4.422534222533639e-07,1.672473685745902e-05,predictor_only,nsga2
0,741,741,train,2.4642876982688904,0.287109375,0.6875,8,64,512,117.20990001049358,1.2367662747084964,2.432424573600419,33.08188272601545,38.14550000242889,1.1250509489005798,3.13869441816428,4.26374536706486,0.006499991286545992,0.0,2.283026846000511,1.974218529777803,0,68.25303789394826,4368.194425212689,2097152.0,2,0.5,0.5,0.0,0.0,0.0,84.17854541103006,0.007800001185387373,0.0,64.01615335876194,20.154592051082737,0,1,0,16.285793275012075,67.89275213601799,0.0,1048576,1048576,0,8,4,0.25,2,0.5,0,1,1.0,0.16091838189257093,3,0,3,0.0,2.0,0.5,2.0,3,0.5,0.5,0.0,0.94140625,0.05859375,0.0,256,1024,0,0.0,147.00429429729746,14.322999981231987,0.0,120.38201310340678,12.299281212658697,0,455.88553999943525,0,338.67563998894167,4.947065098833986e-07,9.729698294401676e-07,1.4356513775491722e-05,1.1250509489005797e-07,3.1386944181642803e-07,8.417854541103007e-07,1.709235010563208e-05,predictor_only,nsga2
0,742,742,train,2.388259768486023,0.298828125,0.689453125,8,64,512,80.01449999574106,1.302190376405866,2.4899832754264137,29.584612721665376,49.44120001164265,1.13602083958627,3.4022272647625385,4.538248104348808,0.006399990525096655,0.0,2.146648077196253,2.385200036627459,0,99.98062875850069,6398.760240544044,2097152.0,2,0.5,0.5,0.0,0.0,0.0,82.99393976325412,0.007000009645707905,0.0,63.74205147201149,19.244888281596914,0,1,0,18.355134645326768,64.63880511792735,0.0,1048576,1048576,0,8,4,0.25,2,0.5,0,1,1.0,0.18595995617580352,3,3,0,1.0,0.0,0.0,1.0,0,0.5,0.5,0.0,0.947265625,0.052734375,0.0,256,1024,0,0.0,133.50714549399063,0.04990001616533846,0.0,120.08079272235213,13.376452755473174,0,314.0068415022681,0,233.99234150652705,5.208761505623465e-07,9.959933101705657e-07,1.4278823002313571e-05,1.1360208395862701e-07,3.4022272647625386e-07,8.299393976325412e-07,1.7079456671113905e-05,predictor_only,nsga2
0,743,743,train,2.535139739513397,0.21875,0.65234375,8,64,512,78.16790000651963,1.2095476609647091,2.1346722828238773,29.546778161698334,47.39730000437703,1.2863441684944195,2.798862104456409,4.0852062729508285,0.00549999822396785,0.0,2.325201869270052,1.7545044054568089,0,102.34249169852416,6549.919468705546,2097152.0,2,0.5,0.0,0.5,0.0,0.0,43.90615246515771,0.006900008884258568,0.0,24.2058775059292,19.69337495034425,0,1,0,16.747197406779883,0.0,27.158955058377828,1048576,0,1048576,8,4,0.25,2,0.5,0,1,1.0,0.14759070521249812,3,0,3,0.0,2.0,0.5,2.0,3,0.5,0.5,0.0,0.9521484375,0.0478515625,0.0,256,1024,0,0.0,131.5639924219477,0.048899935791268945,0.0,120.11678523499457,11.398307251161853,0,314.0068415022681,0,235.8389414957485,4.838190643858837e-07,8.538689131295511e-07,1.4357261558085662e-05,1.2863441684944195e-07,2.798862104456409e-07,4.3906152465157717e-07,1.6542531687547754e-05,predictor_only,nsga2
0,744,744,train,2.5591408014297485,0.267578125,0.638671875,8,64,512,85.19979999982752,1.202435883851552,3.0951531861012143,29.464481857652295,43.78059999726247,1.1305893468511687,4.708792866299085,5.8393822131502535,0.006199989002197981,0.0,2.141256114279778,3.691926109868277,0,93.8958319642092,6009.333245709388,2097152.0,2,0.5,0.5,0.0,0.0,0.0,83.24129432170179,0.010799994925037026,0.0,63.11416788457492,20.11632644220184,0,1,0,16.27549461125624,66.96579971044555,0.0,1048576,1048576,0,8,4,0.25,2,0.5,0,1,1.0,0.2091524583687337,3,3,0,1.0,0.0,0.0,1.0,0,0.5,0.5,0.0,0.943359375,0.056640625,0.0,256,1024,0,0.0,135.04828371042026,0.049399968702346087,0.0,119.05223123693162,15.94665250478628,0,314.0068415022681,0,228.8070415024406,4.809743535406209e-07,1.238061274440486e-06,1.4196548967356205e-05,1.1305893468511687e-07,4.708792866299085e-07,8.32412943217018e-07,1.7331935759869355e-05,predictor_only,nsga2
0,745,745,train,2.562420964241028,0.24609375,0.640625,8,64,512,77.95619999524206,1.3273030518674187,2.254220953805624,29.34632773549687,49.482499991427176,1.2662387349755482,3.03647466380481,4.302713398780358,0.005900001269765198,0.0,2.3171776872921983,1.9796357102183948,0,102.62041223245912,6567.7063828773835,2097152.0,2,0.5,0.5,0.0,0.0,0.0,78.41779498076284,0.007099995855242014,0.0,60.238531404163325,18.172163580744275,0,1,0,16.71976317705859,61.698031803704254,0.0,1048576,1048576,0,8,4,0.25,2,0.5,0,1,1.0,0.16091838189257093,3,0,3,0.0,2.0,0.5,2.0,3,0.5,0.5,0.0,0.95703125,0.04296875,0.0,256,1024,0,0.0,131.71140696467964,0.046599991037510335,0.0,119.2619788901432,12.402828083498944,0,314.0068415022681,0,236.05064150702606,5.309212207469675e-07,9.016883815222497e-07,1.425039244010971e-05,1.2662387349755483e-07,3.03647466380481e-07,7.841779498076285e-07,1.689745133206459e-05,predictor_only,nsga2
0,746,746,train,2.576236367225647,0.240234375,0.638671875,8,64,512,118.59699999331497,1.2674166563177633,2.209068504380251,33.63782383164717,46.5834999922663,1.3085797645999915,3.084319717928902,4.392899482528893,0.006000002031214535,0.0,2.5637428014320642,1.8231566790656148,0,67.45476315326512,4317.104841808968,2097152.0,2,0.5,0.5,0.0,0.0,0.0,78.27486647861448,0.008899995009414852,0.0,58.98748515745398,19.27848132615108,0,1,0,16.601334444344797,61.673532034269684,0.0,1048576,1048576,0,8,4,0.25,2,0.5,0,1,1.0,0.2509772150348662,3,3,0,1.0,0.0,0.0,1.0,0,0.5,0.5,0.0,0.955078125,0.044921875,0.0,256,1024,0,0.0,148.45723596938075,16.36270000017248,0.0,119.70549944921142,12.389036519996846,0,314.0068415022681,0,195.40984150895315,5.069666625271054e-07,8.836274017521005e-07,1.4429591904161468e-05,1.3085797645999915e-07,3.084319717928902e-07,7.827486647861449e-07,1.704222458147971e-05,predictor_only,nsga2
0,747,747,train,2.570365309715271,0.2734375,0.638671875,8,64,512,415.00330000417307,1.3147595969315597,77.3476677739377,29.67966860635893,54.65409999305848,1.1358764494325122,3.0313492130288013,4.1672256624613135,0.006399990525096655,0.0,2.2700350477405946,1.8907906241956223,0,19.276908696896772,1233.7221566013934,2097152.0,2,0.5,0.5,0.0,0.0,0.0,78.35244378592988,0.009499999578110874,0.0,57.89206762855757,20.450876157794195,0,1,0,17.907044451763916,60.44539933416596,0.0,1048576,1048576,0,8,4,0.25,2,0.5,0,1,1.0,0.2091524583687337,3,0,3,0.0,2.0,0.5,2.0,3,0.5,0.5,0.0,0.947265625,0.052734375,0.0,256,1024,0,0.0,433.3683839089128,0.04590002936311066,300.0,120.91545301633506,12.407030863214594,0,440.5618580043664,0,25.55855800019333,5.259038387726239e-07,3.093906710957509e-05,1.4349417226103744e-05,1.1358764494325122e-07,3.0313492130288013e-07,7.835244378592989e-07,4.701463517855689e-05,predictor_only,nsga2
0,748,748,train,2.543326258659363,0.25,0.650390625,8,64,512,88.05580000625923,1.3358167754198162,2.4511278747539587,33.247331324829545,48.02740000013728,1.26544346272943,3.377748878189946,4.643192340919376,0.006100002792663872,0.0,2.546470362421169,2.0906219757055426,0,90.85045106603177,5814.428868226033,2097152.0,2,0.5,0.5,0.0,0.0,0.0,77.18901546255165,0.007199996616691351,0.0,57.02415164832058,20.15766381761437,0,1,0,16.683056318982317,60.50595914356933,0.0,1048576,1048576,0,8,4,0.25,2,0.5,0,1,1.0,0.2201412464909665,3,3,0,1.0,0.0,0.0,1.0,0,0.5,0.5,0.0,0.9599609375,0.0400390625,0.0,256,1024,0,0.0,148.1371039000133,16.111299977637827,0.0,120.07139277017362,11.954411152201857,0,440.5618580043664,0,352.50605799810717,5.343267101679265e-07,9.804511499015835e-07,1.4265192256007206e-05,1.26544346272943e-07,3.377748878189946e-07,7.718901546255165e-07,1.701617950479417e-05,predictor_only,nsga2
0,749,749,train,2.5592270493507385,0.26171875,0.654296875,8,64,512,94.96810000564437,1.301851449975541,2.1822003587630157,29.811696837293596,47.972000000299886,1.3782342630519926,2.869565990673734,4.2478002537257264,0.005600013537332416,0.0,2.356493501843021,1.885706738345373,0,84.23792580454621,5391.227251490957,2097152.0,2,0.5,0.5,0.0,0.0,0.0,85.301730175895,0.006999995093792677,0.0,64.38018626483483,20.914543915966384,0,1,0,17.803190232903745,67.49853994299126,0.0,1048576,1048576,0,8,4,0.25,2,0.5,0,1,1.0,0.2201412853775118,3,0,3,0.0,2.0,0.5,2.0,3,0.5,0.5,0.0,0.9560546875,0.0439453125,0.0,256,1024,0,0.0,133.1829945841286,0.05369998689275235,0.0,119.96277765828077,13.166516938955093,0,440.5618580043664,0,345.593757998722,5.207405799902164e-07,8.728801435052062e-07,1.4283818960466052e-05,1.3782342630519927e-07,2.869565990673734e-07,8.530173017589501e-07,1.6955237011093e-05,predictor_only,nsga2
0,750,750,train,2.567369282245636,0.255859375,0.646484375,8,64,512,96.98099999513943,1.2389020712709171,3.2201886714337,36.91467506433512,38.4355999995023,1.2708730888209228,5.017245486103035,6.288118574923958,0.006200018106028438,0.0,2.20787076093801,4.0740477958799195,0,82.48953414449018,5279.330185247371,2097152.0,2,0.5,0.5,0.0,0.0,0.0,75.9640004293569,0.007199996616691351,0.0,56.81663550901868,19.140164923721528,0,1,0,16.6677455592093,59.2962548701476,0.0,1048576,1048576,0,8,4,0.25,2,0.5,0,1,1.0,0.18595995617580352,3,3,0,1.0,0.0,0.0,1.0,0,0.5,0.5,0.0,0.9541015625,0.0458984375,0.0,256,1024,0,0.0,165.49506322815895,25.795400026254356,0.0,119.13538157526683,20.564281626637747,0,440.5618580043664,0,343.580858009227,4.955608285083669e-07,1.28807546857348e-06,1.4502286923216353e-05,1.270873088820923e-07,5.017245486103035e-07,7.596400042935691e-07,1.767437508208416e-05,predictor_only,nsga2
0,751,751,train,2.514983654022217,0.27734375,0.673828125,8,64,512,218.56259999913163,1.2978200658779964,4.882951809073067,49.40050195880775,126.87599999480881,1.1558688357200908,8.467656505966856,9.623525341686946,0.006700007361359894,0.0,2.3931003388932814,7.223724995432304,0,36.60261818542422,2342.56756386715,2097152.0,2,0.5,0.5,0.0,0.0,0.0,77.211540788225,0.009599985787644982,0.0,56.96154347648538,20.24039732595196,0,1,0,16.294757003311883,60.91678378491311,0.0,1048576,1048576,0,8,4,0.25,2,0.5,0,1,1.0,0.16091842229213763,3,0,3,0.0,2.0,0.5,2.0,3,0.5,0.5,0.0,0.9453125,0.0546875,0.0,256,1024,0,0.0,222.32509533503526,75.45100001152605,0.0,120.54456444213267,26.329530881376527,0,440.5618580043664,0,221.99925800523476,5.191280263511986e-07,1.9531807236292267e-06,1.5158667478841793e-05,1.1558688357200908e-07,8.467656505966856e-07,7.7211540788225e-07,1.9365444170873166e-05,predictor_only,nsga2
0,752,752,train,2.377806067466736,0.298828125,0.69140625,8,64,512,1935.1595000043744,3.0009187000686808,67.58378474951608,62.24695753599451,64.2844999965746,5.022718213149332,121.64368765074879,126.66640586389812,0.008700008038431406,0.0,2.516214575920497,124.14149127993919,0,4.134024025388032,264.57753762483406,2097152.0,2,0.5,0.5,0.0,0.0,0.0,80.97798826025976,0.007099995855242014,0.0,61.36276903626681,19.60811922813771,0,1,0,17.93425370448059,63.043734555779174,0.0,1048576,1048576,0,8,4,0.25,2,0.5,0,1,1.0,0.2307606527190679,3,3,0,1.0,0.0,0.0,1.0,0,0.5,0.5,0.0,0.9482421875,0.0517578125,0.0,256,1024,0,0.0,531.3266439423171,0.07020001066848636,0.0,118.90708802869491,412.34935590295373,0,471.8273119996593,1,-1463.3321880047151,1.2003674800274724e-06,2.7033513899806434e-05,2.8229252992244728e-05,5.022718213149332e-07,1.2164368765074879e-05,8.097798826025977e-07,6.993955484107105e-05,predictor_only,nsga2
0,753,753,train,2.46980357170105,0.22265625,0.66796875,8,64,512,120.14080000517424,1.2483937494690251,2.2517455846937864,32.30148487674521,39.104700001189485,1.3443133511094543,2.94697561411626,4.291288965225714,0.006699992809444666,0.0,2.4820714284535454,1.8025175439627241,0,66.58798186522473,4261.630839374383,2097152.0,2,0.5,0.5,0.0,0.0,0.0,79.60493361714838,0.006799993570894003,0.0,58.56961871958511,21.02851490399237,0,1,0,17.87307504326625,61.73185857388213,0.0,1048576,1048576,0,8,4,0.25,2,0.5,0,1,1.0,0.26061071707684524,3,0,3,0.0,2.0,0.5,2.0,3,0.5,0.5,0.0,0.947265625,0.052734375,0.0,256,1024,0,0.0,143.20649684363207,13.358000011066906,0.0,119.04283400353864,10.80566282902653,0,471.8273119996593,0,351.68651199448504,4.993574997876101e-07,9.006982338775147e-07,1.4249051253551017e-05,1.3443133511094543e-07,2.9469756141162604e-07,7.96049336171484e-07,1.6874285219910198e-05,predictor_only,nsga2
0,754,754,train,2.512506663799286,0.248046875,0.66015625,8,64,512,119.65509998844936,1.262756509141585,2.2633637623598046,33.399727142175415,63.78640000184532,1.207146411861844,3.185771943431102,4.392918355292946,0.006000002031214535,0.0,2.301332553881158,2.0855857993805733,0,66.85827133570504,4278.929365485123,2097152.0,2,0.5,0.5,0.0,0.0,0.0,85.26613330129963,0.007000009645707905,0.0,64.34679337072464,20.912339920929284,0,1,0,17.88622660794458,67.37990669335505,0.0,1048576,1048576,0,8,4,0.25,2,0.5,0,1,1.0,0.2201412464909665,3,3,0,1.0,0.0,0.0,1.0,0,0.5,0.5,0.0,0.9462890625,0.0537109375,0.0,256,1024,0,0.0,147.70338965470722,14.80940000328701,0.0,118.90770378804464,13.986285863375562,0,471.8273119996593,0,352.1722120112099,5.05102603656634e-07,9.05345504943922e-07,1.4346695014668926e-05,1.207146411861844e-07,3.185771943431102e-07,8.526613330129964e-07,1.7049096291811773e-05,predictor_only,nsga2
0,755,755,train,2.4954782128334045,0.291015625,0.654296875,8,64,512,57.77959999977611,1.2713268974462562,2.18705784644454,29.074570104335855,55.95170000742655,1.2125266800822434,2.8495261870931072,4.062052867175351,0.005699999746866524,0.0,2.340570227449583,1.7157826399789007,0,138.4547754788112,8861.105630643917,2097152.0,2,0.5,0.5,0.0,0.0,0.0,85.37910193774269,0.007199996616691351,0.0,64.80121816874725,20.57068377237873,0,1,0,18.700304339300338,66.67879759844234,0.0,1048576,1048576,0,8,4,0.25,2,0.5,0,1,1.0,0.17369072493825644,3,0,3,0.0,2.0,0.5,2.0,3,0.5,0.5,0.0,0.9404296875,0.0595703125,0.0,256,1024,0,0.0,130.1318193929066,0.048699977924115956,0.0,119.00528349570493,11.077835919277554,0,471.8273119996593,0,414.0477119998832,5.085307589785025e-07,8.748231385778161e-07,1.4283278656888578e-05,1.2125266800822434e-07,2.849526187093107e-07,8.537910193774269e-07,1.6926628860539858e-05,predictor_only,nsga2
0,756,756,train,2.467552363872528,0.255859375,0.6796875,8,64,512,91.61889999813866,1.1954953881704173,2.295997662872554,29.40835931729222,48.332999998820014,1.2644811966909033,3.208412545062897,4.472893741753801,0.006599992047995329,0.0,2.5499780025764185,1.9163157471293866,0,87.31727496059838,5588.3055974782965,2097152.0,2,0.5,0.5,0.0,0.0,0.0,77.93097526983118,0.00689999433234334,0.0,58.85356712479148,19.070508150707354,0,1,0,16.53040766540165,61.40056760442953,0.0,1048576,1048576,0,8,4,0.25,2,0.5,0,1,1.0,0.16091838189257093,3,3,0,1.0,0.0,0.0,1.0,0,0.5,0.5,0.0,0.9482421875,0.0517578125,0.0,256,1024,0,0.0,131.59940947334076,0.045599997974932194,0.0,119.76732364900342,11.786485826362417,0,471.8273119996593,0,380.2084120015206,4.781981552681669e-07,9.183990651490216e-07,1.4270970266974852e-05,1.2644811966909033e-07,3.208412545062897e-07,7.793097526983119e-07,1.689416661426573e-05,predictor_only,nsga2
0,757,757,train,2.4414771795272827,0.267578125,0.677734375,8,64,512,96.97939999750815,1.2378132172057326,2.188698755924821,29.36825677417668,49.14279999502469,1.2376602642255212,2.7300381871024695,3.9676984513279905,0.007300011930055916,0.0,2.2712372049075364,1.6891612344903986,0,82.49089506957648,5279.417284452895,2097152.0,2,0.5,0.5,0.0,0.0,0.0,78.81467128449276,0.007499998901039362,0.0,58.793940685229394,20.013230600362323,0,1,0,17.330533538966563,61.4841377455262,0.0,1048576,1048576,0,8,4,0.25,2,0.5,0,1,1.0,0.13364220740348268,3,0,3,0.0,2.0,0.5,2.0,3,0.5,0.5,0.0,0.94921875,0.05078125,0.0,256,1024,0,0.0,131.17907498922892,0.049000009312294424,0.0,120.23930856246957,10.890766417447084,0,471.8273119996593,0,374.84791200215113,4.951252868822931e-07,8.754795023699285e-07,1.4260941236286712e-05,1.2376602642255214e-07,2.73003818710247e-07,7.881467128449276e-07,1.681646258351666e-05,predictor_only,nsga2
0,758,758,train,2.5119221210479736,0.255859375,0.666015625,8,64,512,144.48499999707565,1.286751429048026,2.3080783590982925,33.821996790220915,36.196200002450496,1.2745091054485358,3.1822678683572785,4.456776973805814,0.006400019628927112,0.0,2.355500158519467,2.09487679565742,0,55.3686862406179,3543.5959193995454,2097152.0,2,0.5,0.5,0.0,0.0,0.0,76.36761689818084,0.007499998901039362,0.0,57.38375899066528,18.976357908614535,0,1,0,16.98923678940873,59.37838010877212,0.0,1048576,1048576,0,8,4,0.25,2,0.5,0,1,1.0,0.23076061414162094,3,3,0,1.0,0.0,0.0,1.0,0,0.5,0.5,0.0,0.943359375,0.056640625,0.0,256,1024,0,0.0,149.66730631346894,18.01360005629249,0.0,118.63868400734876,13.015022249827686,0,471.8273119996593,0,327.34231200258364,5.147005716192104e-07,9.232313436393171e-07,1.4369643953399045e-05,1.2745091054485358e-07,3.1822678683572786e-07,7.636761689818085e-07,1.7016929735019964e-05,predictor_only,nsga2
0,759,759,train,2.4298240542411804,0.29296875,0.65625,8,64,512,133.74420000764076,1.303658344186978,2.257038487987337,33.13740635652539,35.03429998818319,1.269984706553549,2.89733223161445,4.167316938167999,0.00650000583846122,0.0,2.3322779141696284,1.8285390181599088,0,59.81523074878924,3828.1747679225114,2097152.0,2,0.5,0.5,0.0,0.0,0.0,78.36654132879221,0.007299997378140688,0.0,59.86477370460081,18.494467626813265,0,1,0,16.389997391395074,61.97654393739714,0.0,1048576,1048576,0,8,4,0.25,2,0.5,0,1,1.0,0.2091524583687337,3,0,3,0.0,2.0,0.5,2.0,3,0.5,0.5,0.0,0.953125,0.046875,0.0,256,1024,0,0.0,146.79241275479882,12.811200038413517,0.0,120.84761814651088,13.133594569874393,0,471.8273119996593,0,338.08311199201853,5.214633376747912e-07,9.028153951949348e-07,1.4399308693296093e-05,1.2699847065535492e-07,2.89733223161445e-07,7.836654132879222e-07,1.7023984533270542e-05,predictor_only,nsga2
0,760,760,train,2.5923672318458557,0.244140625,0.626953125,8,64,512,207.2047000110615,1.2884880522826618,2.122280165899088,60.76568645070756,34.74370000185445,1.2024204212815175,2.890123504357468,4.092543925638985,0.006099988240748644,0.0,2.2326006981658586,1.8538432392323783,0,38.608976488450494,2470.9744952608316,2097152.0,2,0.5,0.0,0.5,0.0,0.0,44.66330854270498,0.00750001345295459,0.0,24.921469295965558,19.734339233286473,0,1,0,16.4726319001237,0.0,28.190676642581284,1048576,0,1048576,8,4,0.25,2,0.5,0,1,1.0,0.19776865982085054,3,3,0,1.0,0.0,0.0,1.0,0,0.5,0.5,0.0,0.9560546875,0.0439453125,0.0,256,1024,0,0.0,256.7058186755572,0.06099996971897781,126.0,119.23829019228634,11.406528513551915,0,471.8273119996593,0,264.6226119885978,5.153952209130647e-07,8.489120663596353e-07,1.5444328538337547e-05,1.2024204212815176e-07,2.890123504357468e-07,4.466330854270499e-07,1.7664523303601196e-05,predictor_only,nsga2
0,761,761,train,2.518427073955536,0.25,0.640625,8,64,512,135.77949999307748,1.2243432553523292,2.2078194146825734,43.6158928718682,36.17359999043401,1.108667176491343,3.127027008396911,4.2356941848882546,0.006600006599910557,0.0,2.3589299363905596,1.8701642418977842,0,58.9186223383171,3770.7918296522944,2097152.0,2,0.5,0.5,0.0,0.0,0.0,78.85481417959832,0.006999995093792677,0.0,58.647648394948845,20.200165789555676,0,1,0,16.481158294643272,62.37365588495504,0.0,1048576,1048576,0,8,4,0.25,2,0.5,0,1,1.0,0.19776865982085054,3,0,3,0.0,2.0,0.5,2.0,3,0.5,0.5,0.0,0.951171875,0.048828125,0.0,256,1024,0,0.0,188.1922221676124,57.6961000188021,0.0,118.85674422232,11.63937792649029,0,471.8273119996593,0,336.0478120065818,4.897373021409316e-07,8.831277658730293e-07,1.479134330422829e-05,1.1086671764913429e-07,3.1270270083969117e-07,7.885481417959831e-07,1.7376325932527062e-05,predictor_only,nsga2
0,762,762,train,2.5415582060813904,0.28515625,0.630859375,8,64,512,92.07640000386164,1.2998585863423204,2.3221998192147835,29.38528022963184,49.22590000205673,1.1426125895884633,3.143223236104416,4.285835825692879,0.006000002031214535,0.0,2.2336721535518986,2.0461636701097663,0,86.88342633115714,5560.539285194057,2097152.0,2,0.5,0.5,0.0,0.0,0.0,78.85579984053135,0.006600006599910557,0.0,57.67773414669779,21.171465687233646,0,1,0,18.244744915368653,60.61105492516269,0.0,1048576,1048576,0,8,4,0.25,2,0.5,0,1,1.0,0.14759070521249812,3,3,0,1.0,0.0,0.0,1.0,0,0.5,0.5,0.0,0.9521484375,0.0478515625,0.0,256,1024,0,0.0,132.02935454075578,0.04769999941345304,0.0,119.2100038463047,12.771650695037625,0,471.8273119996593,0,379.75091199579765,5.199434345369281e-07,9.288799276859133e-07,1.4196375455451147e-05,1.1426125895884635e-07,3.1432232361044164e-07,7.885579984053135e-07,1.6862340398648588e-05,predictor_only,nsga2
0,763,763,train,2.4880822896957397,0.26171875,0.65234375,8,64,512,94.59969999443274,1.2837774537164532,2.209977991675868,30.73586613145594,58.30390000483021,1.231268840556615,3.0573992640523224,4.288668104608938,0.006799993570894003,0.0,2.4321576693561178,1.8497104416819257,0,84.56597044705589,5412.222108611577,2097152.0,2,0.5,0.5,0.0,0.0,0.0,82.79081006400291,0.011600001016631722,0.0,61.521964312498255,21.25724575048803,0,1,0,19.016217514101236,63.774592549901676,0.0,1048576,1048576,0,8,4,0.25,2,0.5,0,1,1.0,0.241032865595602,3,0,3,0.0,2.0,0.5,2.0,3,0.5,0.5,0.0,0.9453125,0.0546875,0.0,256,1024,0,0.0,136.91848630739304,0.05110001075081527,0.0,120.00679949796663,16.860586798675623,0,471.8273119996593,0,377.22761200522655,5.135109814865813e-07,8.839911966703472e-07,1.4285818456059299e-05,1.231268840556615e-07,3.0573992640523224e-07,8.279081006400291e-07,1.6940095545317152e-05,predictor_only,nsga2
0,764,764,train,2.4823118448257446,0.28125,0.66796875,8,64,512,752.7186999941478,1.4262630876792755,4.668089397903382,120.18076316529576,62.829600006807595,1.3147276443732783,8.446608284260053,9.761335928633331,0.006300004315562546,0.0,2.121783441896324,7.633252482421445,0,10.628126246811659,680.2000797959462,2097152.0,2,0.5,0.5,0.0,0.0,0.0,81.38845984345645,0.006699992809444666,0.0,61.66655082418492,19.715209026462077,0,1,0,17.618939269820252,63.769520573636186,0.0,1048576,1048576,0,8,4,0.25,2,0.5,0,1,1.0,0.1859599251701455,3,3,0,1.0,0.0,0.0,1.0,0,0.5,0.5,0.0,0.955078125,0.044921875,0.0,256,1024,0,0.0,505.1004626035137,293.93449999042787,0.0,119.56393234640993,91.60203026667591,0,673.3590049944896,1,-79.35969499965813,5.705052350717104e-07,1.867235759161353e-06,1.853672447199576e-05,1.3147276443732782e-07,8.446608284260053e-07,8.138845984345645e-07,2.2764483657526722e-05,predictor_only,nsga2
0,765,765,train,2.4531081914901733,0.283203125,0.66796875,8,64,512,372.8439999977127,1.331345982525061,77.19885100067256,29.37085956527232,47.04859999765176,1.2934614414933467,2.7516063623683955,4.045067803861742,0.005900001269765198,0.0,2.398765071766807,1.64040273082517,0,21.456637476831066,1373.2247985171882,2097152.0,2,0.5,0.5,0.0,0.0,0.0,78.79500354937191,0.006900008884258568,0.0,58.06170016945301,20.726403371034635,0,1,0,17.831647207500776,60.96335634187113,0.0,1048576,1048576,0,8,4,0.25,2,0.5,0,1,1.0,0.241032865595602,3,0,3,0.0,2.0,0.5,2.0,3,0.5,0.5,0.0,0.9375,0.0625,0.0,256,1024,0,0.0,431.60422619387975,0.047900000936351717,300.0,120.13808184063272,11.418244352310676,0,673.3590049944896,0,300.51500499677695,5.325383930100246e-07,3.087954040026902e-05,1.431082670951514e-05,1.2934614414933468e-07,2.751606362368396e-07,7.879500354937192e-07,4.691536231867408e-05,predictor_only,nsga2
0,766,766,train,2.486563563346863,0.2734375,0.65234375,8,64,512,82.3309999977937,1.2940695759661853,2.7540054527017555,29.56844772451966,48.25629999686498,1.2183377138621838,4.130676611091589,5.349014324953773,0.005800000508315861,0.0,2.321058993155437,3.02215533129002,0,97.16756546925109,6218.72419003207,2097152.0,2,0.0,0.5,0.5,0.0,0.0,87.91720489988829,0.00689999433234334,0.0,67.2067273974832,20.703577508072748,0,1,0,0.0,61.389346306088505,26.527858593799785,0,1048576,1048576,8,4,0.25,2,0.5,0,1,1.0,0.241032865595602,3,3,0,1.0,0.0,0.0,1.0,0,0.5,0.5,0.0,0.9453125,0.0546875,0.0,256,1024,0,0.0,134.4660910127504,0.04929995338898152,0.0,120.85301077673907,13.563780282622368,0,673.3590049944896,0,591.0280049966959,5.176278303864741e-07,1.1016021810807023e-06,1.4328023158062154e-05,1.218337713862184e-07,4.1306766110915895e-07,8.79172048998883e-07,1.7361326651023594e-05,predictor_only,nsga2
0,767,767,train,2.415289282798767,0.263671875,0.69140625,8,64,512,97.08049999608193,1.3107604016002217,2.358702042897585,29.342050254008647,64.21830000181217,1.2201022013243312,2.984374161081916,4.204476362406247,0.005999987479299307,0.0,2.296923768442255,1.9015526064846933,0,82.40498962544737,5273.919336028632,2097152.0,2,0.5,0.5,0.0,0.0,0.0,79.90162732005693,0.007999988156370819,0.0,61.11419142188979,18.779435910010765,0,1,0,16.460895383365635,63.44073193669129,0.0,1048576,1048576,0,8,4,0.25,2,0.5,0,1,1.0,0.17369072493825644,3,0,3,0.0,2.0,0.5,2.0,3,0.5,0.5,0.0,0.951171875,0.048828125,0.0,256,1024,0,0.0,132.0460507940258,0.04900002386420965,0.0,119.73598957620496,12.261061193956653,0,673.3590049944896,0,576.2785049984077,5.243041606400887e-07,9.43480817159034e-07,1.4198107086803758e-05,1.2201022013243312e-07,2.9843741610819164e-07,7.990162732005693e-07,1.6885355974044077e-05,predictor_only,nsga2
0,768,768,train,2.4305781722068787,0.271484375,0.685546875,8,64,512,88.86150000034831,1.314868967268012,2.2056508264332026,32.695883626537366,52.093399994191714,1.1411627908879145,2.940273547057786,4.081436337945701,0.006199989002197981,0.0,2.1933821802142504,1.8818541687292525,0,90.02672668413157,5761.710507784421,2097152.0,2,0.5,0.5,0.0,0.0,0.0,76.88099578781302,0.007700000423938036,0.0,58.575795325058536,18.297500462330543,0,1,0,17.30760859692773,59.57338719088529,0.0,1048576,1048576,0,8,4,0.25,2,0.5,0,1,1.0,0.2201412853775118,3,3,0,1.0,0.0,0.0,1.0,0,0.5,0.5,0.0,0.9580078125,0.0419921875,0.0,256,1024,0,0.0,144.86561368095434,13.712799976929091,0.0,118.93595833469297,12.21685536933228,0,673.3590049944896,0,584.4975049941413,5.25947586907205e-07,8.822603305732811e-07,1.4335279900994012e-05,1.1411627908879145e-07,2.940273547057786e-07,7.688099578781302e-07,1.6920441410147197e-05,predictor_only,nsga2
0,769,769,train,2.5004135370254517,0.27734375,0.654296875,8,64,512,59.48820000048727,1.3250487766759904,2.3636256255001573,28.905796671885877,50.01700000138953,1.2899933362594431,3.320721799383981,4.610715135643424,0.006399990525096655,0.0,2.5198176110300707,2.084497534088257,0,134.4781909982732,8606.604223889484,2097152.0,2,0.5,0.5,0.0,0.0,0.0,83.5481562050955,0.006999995093792677,0.0,62.56426704568569,20.97688916431602,0,1,0,18.604962285131762,64.94319391996373,0.0,1048576,1048576,0,8,4,0.25,2,0.5,0,1,1.0,0.13364216641330787,3,0,3,0.0,2.0,0.5,2.0,3,0.5,0.5,0.0,0.9501953125,0.0498046875,0.0,256,1024,0,0.0,130.3778842962481,0.045699955080635846,0.0,118.50127863289043,11.83090570827707,0,660.8214469985242,0,601.3332469980369,5.300195106703961e-07,9.454502502000631e-07,1.4105011170486778e-05,1.2899933362594432e-07,3.320721799383981e-07,8.354815620509549e-07,1.6877034006972536e-05,predictor_only,nsga2
0,770,770,train,2.5028987526893616,0.2578125,0.64453125,8,64,512,148.68589999969117,1.3091274282259262,2.245236155702812,38.47945614612926,48.469900008058175,1.3708872912117784,3.2362128946306257,4.607100185842404,0.006600006599910557,0.0,2.5792671408421333,2.0212330384003607,0,53.804336495122406,3443.477535687834,2097152.0,2,0.5,0.0,0.5,0.0,0.0,46.475323738532026,0.007099995855242014,0.0,24.675688122900432,21.792535619776352,0,1,0,18.177937031144502,0.0,28.297386707387524,1048576,0,1048576,8,4,0.25,2,0.5,0,1,1.0,0.2307606527190679,3,3,0,1.0,0.0,0.0,1.0,0,0.5,0.5,0.0,0.951171875,0.048828125,0.0,256,1024,0,0.0,168.135278920232,36.578800005372614,0.0,119.62516735015471,11.931311564704668,0,660.8214469985242,0,512.135546998833,5.236509712903705e-07,8.980944622811249e-07,1.4523133324765278e-05,1.3708872912117787e-07,3.236212894630626e-07,4.647532373853203e-07,1.6870342014306334e-05,predictor_only,nsga2
0,771,771,train,2.539635181427002,0.27734375,0.619140625,8,64,512,109.85140000411775,1.3238611126651363,2.5599577727206495,35.51112118683312,41.41499999968801,1.3266285978013967,3.409496826213327,4.736125424014723,0.006599992047995329,0.0,2.4931428623662537,2.236382569600474,0,72.82499062105266,4660.79939974737,2097152.0,2,0.5,0.0,0.5,0.0,0.0,45.107865505350716,0.007499998901039362,0.0,23.82924985528352,21.271115651166152,0,1,0,18.286994436869072,0.0,26.82087106848164,1048576,0,1048576,8,4,0.25,2,0.5,0,1,1.0,0.16091838189257093,3,0,3,0.0,2.0,0.5,2.0,3,0.5,0.5,0.0,0.9580078125,0.0419921875,0.0,256,1024,0,0.0,157.57976028887566,23.41300000261981,0.0,119.90964201121679,14.257118275039055,0,660.8214469985242,0,550.9700469944064,5.295444450660545e-07,1.0239831090882599e-06,1.4504314934465219e-05,1.3266285978013968e-07,3.409496826213327e-07,4.5107865505350716e-07,1.6982533686074514e-05,predictor_only,nsga2
0,772,772,train,2.5117910504341125,0.232421875,0.646484375,8,64,512,133.7408000108553,1.280681138661909,2.33021663534472,33.390722261984656,35.9457000013208,1.16227139669253,3.049781287516225,4.212052684208755,0.006400019628927112,0.0,2.249352434858753,1.9563002297210748,0,59.81675137728571,3828.2720881462856,2097152.0,2,0.5,0.5,0.0,0.0,0.0,81.00987415608029,0.006199989002197981,0.0,59.50696615852945,21.496708008548644,0,1,0,18.92148021417561,62.088393941904684,0.0,1048576,1048576,0,8,4,0.25,2,0.5,0,1,1.0,0.17369070345169255,3,3,0,1.0,0.0,0.0,1.0,0,0.5,0.5,0.0,0.951171875,0.048828125,0.0,256,1024,0,0.0,148.00648014396518,16.886600002180785,0.0,119.55106453305012,11.568815608734242,0,660.8214469985242,0,527.0806469876688,5.122724554647637e-07,9.320866541378879e-07,1.4320418156797767e-05,1.1622713966925301e-07,3.0497812875162253e-07,8.10098741560803e-07,1.6996081276382097e-05,predictor_only,nsga2
0,773,773,train,2.5363982915878296,0.263671875,0.640625,8,64,512,97.71699999691918,1.2709653293959602,2.316156678306183,35.5606022656031,47.632700006943196,1.337005224446166,2.916441932762999,4.253447157209165,0.005800000508315861,0.0,2.5374443967526825,1.7102027599481668,0,81.86823308144068,5239.566917212203,2097152.0,2,0.5,0.5,0.0,0.0,0.0,77.14212514861921,0.008799994247965515,0.0,57.36076572505874,19.77255942931251,0,1,0,17.06870798223683,60.073417166382384,0.0,1048576,1048576,0,8,4,0.25,2,0.5,0,1,1.0,0.18595995617580352,3,0,3,0.0,2.0,0.5,2.0,3,0.5,0.5,0.0,0.953125,0.046875,0.0,256,1024,0,0.0,156.59089709322097,22.698400003719144,0.0,121.05461594162155,12.837881147880282,0,660.8214469985242,0,563.104447001605,5.08386131758384e-07,9.264626713224732e-07,1.4625371807883408e-05,1.3370052244461662e-07,2.916441932762999e-07,7.714212514861921e-07,1.7256986578171374e-05,predictor_only,nsga2
0,774,774,train,2.4861531257629395,0.279296875,0.6484375,8,64,512,81.56619999499526,1.2457348364319305,2.6492416916342387,30.56720435750774,41.42340000544209,1.314656792626142,3.543793063645741,4.858449856271883,0.006199989002197981,0.0,2.4730688393096827,2.3791810279600023,0,98.07863945913134,6277.032925384406,2097152.0,2,0.5,0.5,0.0,0.0,0.0,82.46079915965139,0.007299997378140688,0.0,61.813657050662165,20.639842111611085,0,1,0,16.989774448279903,65.47102471137148,0.0,1048576,1048576,0,8,4,0.25,2,0.5,0,1,1.0,0.19776865982085054,3,3,0,1.0,0.0,0.0,1.0,0,0.5,0.5,0.0,0.95703125,0.04296875,0.0,256,1024,0,0.0,137.84872354229563,0.051799986977130175,0.0,120.1441959794677,17.652727575850804,0,660.8214469985242,0,579.2552470035289,4.982939345727722e-07,1.0596966766536956e-06,1.4384136995439628e-05,1.314656792626142e-07,3.543793063645741e-07,8.246079915965139e-07,1.7252580583889796e-05,predictor_only,nsga2
0,775,775,train,2.3808950185775757,0.291015625,0.697265625,8,64,512,86.26840000215452,1.2308611202526167,2.451377675221996,32.66346621472375,48.19149999821093,1.3348908214321438,3.442056432901723,4.776947254333867,0.006400005077011883,0.0,2.556095313194989,2.2144519360618657,0,92.73276503372233,5934.896962158229,2097152.0,2,0.5,0.0,0.5,0.0,0.0,45.24718547368297,0.006999995093792677,0.0,24.904397263626656,20.33578821496252,0,1,0,16.869864015178294,0.0,28.377321458504674,1048576,0,1048576,8,4,0.25,2,0.5,0,1,1.0,0.241032865595602,3,0,3,0.0,2.0,0.5,2.0,3,0.5,0.5,0.0,0.94140625,0.05859375,0.0,256,1024,0,0.0,145.38282004079343,14.117900020210072,0.0,118.98949591037929,12.275424110204076,0,660.8214469985242,0,574.5530469963696,4.923444481010466e-07,9.805510700887984e-07,1.4304473135542149e-05,1.3348908214321436e-07,3.442056432901723e-07,4.5247185473682976e-07,1.670753523390221e-05,predictor_only,nsga2
0,776,776,train,2.476833701133728,0.255859375,0.634765625,8,64,512,165.34129998763092,1.2985349369830594,2.4945209414609715,38.41171790954363,37.68310000305064,1.282718338680403,3.457851610548376,4.740569949228779,0.006800008122809231,0.0,2.5183784311570916,2.215391509948878,0,48.384472700564054,3096.6062528360994,2097152.0,2,0.5,0.5,0.0,0.0,0.0,78.36698165209293,0.008100003469735384,0.0,57.7354251428022,20.62345650582099,0,1,0,18.10423106248392,60.262750589609006,0.0,1048576,1048576,0,8,4,0.25,2,0.5,0,1,1.0,0.19776865982085054,3,3,0,1.0,0.0,0.0,1.0,0,0.5,0.5,0.0,0.9580078125,0.0419921875,0.0,256,1024,0,0.0,168.81909515195065,34.2868999869097,0.0,120.86479607446671,13.667399090574243,0,660.8214469985242,0,495.48014701089323,5.194139747932238e-07,9.978083765843887e-07,1.4731803805172484e-05,1.2827183386804032e-07,3.4578516105483765e-07,7.836698165209293e-07,1.7506752967993903e-05,predictor_only,nsga2
0,777,777,train,2.567845344543457,0.23828125,0.62109375,8,64,512,126.68869999470189,1.280385778557883,3.1826369344797523,30.773336873299115,171.1275999987265,1.3252069978382337,4.670855769660546,5.99606276749878,0.008100003469735384,0.0,2.3380744822737287,3.6498882817553153,0,63.146412062973994,4041.3703720303356,2097152.0,2,0.5,0.0,0.5,0.0,0.0,45.062791999895836,0.011799987987615168,0.0,26.162864350481648,18.88812766142658,0,1,0,17.20210153014502,0.0,27.86069046975082,1048576,0,1048576,8,4,0.25,2,0.5,0,1,1.0,0.16091838189257093,3,0,3,0.0,2.0,0.5,2.0,3,0.5,0.5,0.0,0.9560546875,0.0439453125,0.0,256,1024,0,0.0,140.94543834534701,0.060600010328926146,0.0,120.28912121194863,20.595717123069456,0,639.9525934953259,0,513.263893500624,5.121543114231532e-07,1.273054773791901e-06,1.4271231852186162e-05,1.3252069978382337e-07,4.670855769660546e-07,4.506279199989585e-07,1.710667513415005e-05,predictor_only,nsga2
0,778,778,train,2.516991913318634,0.263671875,0.626953125,8,64,512,1746.6835000086576,1.3439268943798348,35.4278021133948,121.33050776272032,106.49710000143386,1.295971520414775,65.49616906719075,66.79214058760553,0.006900008884258568,0.0,2.3139654613882543,64.47127511733301,0,4.5801059092013165,293.12677818888426,2097152.0,2,0.5,0.5,0.0,0.0,0.0,80.68880434651612,0.007700014975853264,0.0,62.392542799800744,18.28856153173952,0,1,0,17.196207769240978,63.492596577275144,0.0,1048576,1048576,0,8,4,0.25,2,0.5,0,1,1.0,0.17369072493825644,3,3,0,1.0,0.0,0.0,1.0,0,0.5,0.5,0.0,0.9443359375,0.0556640625,0.0,256,1024,0,0.0,632.4089470819798,4.298699976061471,0.0,118.23068930681595,509.8795577991024,0,1429.339274002338,1,-317.34422600631956,5.375707577519339e-07,1.4171120845357918e-05,1.780239435192723e-05,1.295971520414775e-07,6.549616906719075e-06,8.068880434651613e-07,3.999718805726279e-05,predictor_only,nsga2
0,779,779,train,2.4955276250839233,0.2578125,0.630859375,8,64,512,133.38119999389164,1.1990270353610875,2.350669128236624,37.55305470838286,48.41839999426156,1.0748035665777433,3.02391814220442,4.098721708782163,0.005900015821680427,0.0,2.220132252106315,1.8726894408541683,0,59.978018059129084,3838.5931557842614,2097152.0,2,0.5,0.5,0.0,0.0,0.0,78.71559967952051,0.007800001185387373,0.0,58.26258846030107,20.445211218034068,0,1,0,17.435592992638835,61.28000668688168,0.0,1048576,1048576,0,8,4,0.25,2,0.5,0,1,1.0,0.2091524583687337,3,0,3,0.0,2.0,0.5,2.0,3,0.5,0.5,0.0,0.95703125,0.04296875,0.0,256,1024,0,0.0,164.4110034879223,32.032400005846284,0.0,119.5648579006479,12.813745581428119,0,1429.339274002338,0,1295.9580740084464,4.796108141444351e-07,9.402676512946496e-07,1.461492949525941e-05,1.0748035665777434e-07,3.02391814220442e-07,7.871559967952052e-07,1.7231836128371914e-05,predictor_only,nsga2
0,780,780,train,2.56361985206604,0.23828125,0.626953125,8,64,512,129.22279999474995,1.2860120055988757,2.3063971482785037,32.51662933778085,65.55240000307094,1.2948134890482188,3.079997067146145,4.3748105561943635,0.006400005077011883,0.0,2.257883810621849,2.1105267404955033,0,61.90810052269799,3962.1184334526715,2097152.0,2,0.5,0.5,0.0,0.0,0.0,81.82312770088733,0.007899987394921482,0.0,60.24329863995251,21.57192907353989,0,1,0,18.123910406899398,63.69921729398793,0.0,1048576,1048576,0,8,4,0.25,2,0.5,0,1,1.0,0.19776865982085054,3,3,0,1.0,0.0,0.0,1.0,0,0.5,0.5,0.0,0.9482421875,0.0517578125,0.0,256,1024,0,0.0,144.43615396663293,13.392500011832453,0.0,118.69768726033982,12.345966694460657,0,1429.339274002338,0,1300.116474007588,5.144048022395504e-07,9.225588593114013e-07,1.4366734366001714e-05,1.294813489048219e-07,3.0799970671461454e-07,8.182312770088734e-07,1.7059410360180976e-05,predictor_only,nsga2
0,781,781,train,2.4813709259033203,0.265625,0.654296875,8,64,512,60.499800005345605,1.262742562411694,2.3565931557764355,29.563619211917747,60.43409999983851,1.14229392723809,3.1675101446415654,4.309804071879656,0.006199989002197981,0.0,2.3042708426680547,1.9993332402094026,0,132.22965645566921,8462.69801316283,2097152.0,2,0.5,0.5,0.0,0.0,0.0,81.92445539309317,0.007499998901039362,0.0,62.2715624857208,19.645392908471337,0,1,0,17.699580731389364,64.22487466170381,0.0,1048576,1048576,0,8,4,0.25,2,0.5,0,1,1.0,0.25097720212391433,3,0,3,0.0,2.0,0.5,2.0,3,0.5,0.5,0.0,0.951171875,0.048828125,0.0,256,1024,0,0.0,132.7318197204235,0.046900007873773575,0.0,119.55004890071618,13.134870811833544,0,1429.339274002338,0,1368.8394739969924,5.050970249646775e-07,9.426372623105743e-07,1.4211781529411343e-05,1.1422939272380902e-07,3.1675101446415653e-07,8.192445539309317e-07,1.6909740777805495e-05,predictor_only,nsga2
0,782,782,train,2.5203737020492554,0.240234375,0.646484375,8,64,512,72.21850000496488,1.2127228034352928,2.306241255689036,29.256205604334518,36.7402999982005,1.2032361145183301,3.041314999963422,4.2445511144817525,0.006100002792663872,0.0,2.2999205420344895,1.9385305696545994,0,110.77340606692131,7089.497988282964,2097152.0,2,0.5,0.5,0.0,0.0,0.0,85.28229469062302,0.007000024197623134,0.0,63.96454552770004,21.31074913872535,0,1,0,18.1992884156575,67.08300627496551,0.0,1048576,1048576,0,8,4,0.25,2,0.5,0,1,1.0,0.16091838189257093,3,3,0,1.0,0.0,0.0,1.0,0,0.5,0.5,0.0,0.9599609375,0.0400390625,0.0,256,1024,0,0.0,131.1006786538354,0.04649996117223054,0.0,119.59808929488636,11.456089397776815,0,639.9525934953259,0,567.734093490361,4.850891213741172e-07,9.224965022756145e-07,1.4179851564670842e-05,1.20323611451833e-07,3.0413149999634225e-07,8.528229469062302e-07,1.686471524667498e-05,predictor_only,nsga2
0,783,783,train,2.4936034083366394,0.25390625,0.658203125,8,64,512,111.60990000644233,1.2438184249296889,2.412082013262763,34.92444113540293,47.57969999627676,1.351486720180559,3.1670429242876947,4.518529644468254,0.006499991286545992,0.0,2.3802978055991555,2.131731847582552,0,71.67758704157237,4587.365570660631,2097152.0,2,0.0,0.5,0.5,0.0,0.0,87.27474363418716,0.007199996616691351,0.0,66.52899607904538,20.73854755852507,0,1,0,0.0,61.41938567604482,25.855357958142342,0,1048576,1048576,8,4,0.25,2,0.5,0,1,1.0,0.2307606527190679,3,0,3,0.0,2.0,0.5,2.0,3,0.5,0.5,0.0,0.955078125,0.044921875,0.0,256,1024,0,0.0,154.32136629438153,23.48500001244247,0.0,118.89211131451977,11.944254967419289,0,639.9525934953259,0,528.3426934888836,4.975273699718756e-07,9.648328053051052e-07,1.4451938010888118e-05,1.351486720180559e-07,3.167042924287695e-07,8.727474363418716e-07,1.7238898586953795e-05,predictor_only,nsga2
0,784,784,train,2.4507296085357666,0.24609375,0.646484375,8,64,512,107.4322999920696,1.244442262964273,2.449617442758974,29.598388245516837,60.43159999535419,1.255518122964352,3.5001663246849564,4.755684447649308,0.007800001185387373,0.0,2.4207963352271147,2.3270881112368063,0,74.46480747208301,4765.747678213313,2097152.0,2,0.5,0.0,0.5,0.0,0.0,41.73911533350149,0.007499998901039362,0.0,22.11715485453672,19.61446048006372,0,1,0,16.687647972077578,0.0,25.051467361423907,1048576,0,1048576,8,4,0.25,2,0.5,0,1,1.0,0.241032865595602,3,3,0,1.0,0.0,0.0,1.0,0,0.5,0.5,0.0,0.9560546875,0.0439453125,0.0,256,1024,0,0.0,133.16979180496034,0.04950001311954111,0.0,120.19540136564665,12.92489042619415,0,639.9525934953259,0,532.5202935032563,4.977769051857091e-07,9.798469771035896e-07,1.4243157585005497e-05,1.255518122964352e-07,3.5001663246849564e-07,4.173911533350149e-07,1.6613741065394744e-05,predictor_only,nsga2
0,785,785,train,2.5024049878120422,0.26171875,0.62890625,8,64,512,85.48280000104569,1.3029519110763368,2.397003049190556,30.46352943890033,52.017699999851175,1.2165279149346717,3.4147275084528403,4.631255423387512,0.006400005077011883,0.0,2.4159369269120705,2.2089184913984297,0,93.58498335242629,5989.438934555283,2097152.0,2,0.0,0.5,0.5,0.0,0.0,86.94510637314765,0.008000002708286047,0.0,67.06011878032567,19.876987590113693,0,1,0,0.0,61.860623018319075,25.084483354828578,0,1048576,1048576,8,4,0.25,2,0.5,0,1,1.0,0.2509772150348662,3,0,3,0.0,2.0,0.5,2.0,3,0.5,0.5,0.0,0.9619140625,0.0380859375,0.0,256,1024,0,0.0,136.6539375966689,0.049700000090524554,0.0,118.67196307643249,17.932274520145867,0,639.9525934953259,0,554.4697934942802,5.211807644305346e-07,9.588012196762223e-07,1.4188630183516885e-05,1.2165279149346717e-07,3.4147275084528406e-07,8.694510637314766e-07,1.700118877369387e-05,predictor_only,nsga2
0,786,786,train,2.5125495195388794,0.244140625,0.646484375,8,64,512,159.7940999927232,1.2341703143287281,2.303598379823277,37.321499286403274,47.94049999327399,1.1158636637159989,2.8257364540581182,3.941600117774117,0.006299989763647318,0.0,2.227644753985166,1.707655374025304,0,50.064113357445294,3204.103254876499,2097152.0,2,0.5,0.0,0.5,0.0,0.0,42.59055651837187,0.007800001185387373,0.0,22.83209726504156,19.75065925214492,0,1,0,16.580476100319668,0.0,26.0100804180522,1048576,0,1048576,8,4,0.25,2,0.5,0,1,1.0,0.2307606527190679,3,3,0,1.0,0.0,0.0,1.0,0,0.5,0.5,0.0,0.943359375,0.056640625,0.0,256,1024,0,0.0,163.4370719222211,31.64540001307614,0.0,120.10497914589304,11.686692763251926,0,639.9525934953259,0,480.1584935026027,4.936681257314912e-07,9.214393519293109e-07,1.4564455414458804e-05,1.115863663715999e-07,2.825736454058118e-07,4.259055651837188e-07,1.6799628469080738e-05,predictor_only,nsga2
0,787,787,train,2.370454967021942,0.2890625,0.701171875,8,64,512,134.72240000555757,1.3018413750029034,2.226309999657245,32.98167121080764,36.55000000435393,1.2834076383870792,3.121424028332323,4.404831666719402,0.006299989763647318,0.0,2.4793032457601765,1.919228431195578,0,59.38092417256383,3800.379147044085,2097152.0,2,0.5,0.5,0.0,0.0,0.0,79.80549386836235,0.006999995093792677,0.0,58.82088964990492,20.97760422336364,0,1,0,17.618166863771766,62.187327004590585,0.0,1048576,1048576,0,8,4,0.25,2,0.5,0,1,1.0,0.25097720212391433,3,0,3,0.0,2.0,0.5,2.0,3,0.5,0.5,0.0,0.9501953125,0.0498046875,0.0,256,1024,0,0.0,146.03929034187115,14.969200012274086,0.0,120.15669707376998,10.9133932558271,0,639.9525934953259,0,505.23019348976834,5.207365500011614e-07,8.90523999862898e-07,1.4406075450004436e-05,1.2834076383870792e-07,3.121424028332323e-07,7.980549386836236e-07,1.705587410522406e-05,predictor_only,nsga2
0,788,788,train,2.441509962081909,0.30078125,0.697265625,8,64,512,92.01100000063889,1.2892594420784291,3.282823358342958,29.23366248820089,48.003200005041435,1.375297017974277,4.911083621719587,6.2863806396938635,0.11419999646022916,0.0,2.258935217845396,3.913245425388238,0,86.94518106273586,5564.491588015095,2097152.0,2,0.5,0.5,0.0,0.0,0.0,83.64866062544601,0.007700000423938036,0.0,63.008336285208934,20.63262433981314,0,1,0,18.34390021517967,65.30476041026634,0.0,1048576,1048576,0,8,4,0.25,2,0.5,0,1,1.0,0.18595995617580352,3,3,0,1.0,0.0,0.0,1.0,0,0.5,0.5,0.0,0.953125,0.046875,0.0,256,1024,0,0.0,135.2229811544891,0.04969995643477887,0.0,119.40498770763628,15.768293490418037,0,639.9525934953259,0,547.941593494687,5.157037768313717e-07,1.3131293433371833e-06,1.4261072406611153e-05,1.375297017974277e-07,4.911083621719587e-07,8.364866062544601e-07,1.7555030197003556e-05,predictor_only,nsga2
0,789,789,train,2.4990139603614807,0.265625,0.703125,8,64,512,148.20009999675676,1.291868587511779,2.4158887444478867,33.801794247222425,47.56610000913497,1.1635928934030633,2.936332506274848,4.099925399677911,0.006000002031214535,0.0,2.224996874066134,1.8689285235805626,0,53.9807059473585,3454.765180630944,2097152.0,2,0.5,0.5,0.0,0.0,0.0,80.77980763066921,0.008300004992634058,0.0,60.49222976622595,20.279277859450637,0,1,0,16.13270243975063,64.64710519091858,0.0,1048576,1048576,0,8,4,0.25,2,0.5,0,1,1.0,0.24103284089209526,3,0,3,0.0,2.0,0.5,2.0,3,0.5,0.5,0.0,0.9443359375,0.0556640625,0.0,256,1024,0,0.0,150.03820631672838,15.090700049768202,0.0,121.02809946301792,13.919406803942236,0,639.9525934953259,0,491.75249349856915,5.167474350047116e-07,9.663554977791547e-07,1.4453195877378906e-05,1.1635928934030633e-07,2.936332506274848e-07,8.077980763066922e-07,1.7154089426437256e-05,predictor_only,nsga2
0,790,790,train,2.4503207206726074,0.296875,0.677734375,8,64,512,164.8745999991661,1.34301832716966,2.726028603138815,29.979697359501195,212.13479999278206,1.24451663588433,4.1718872554079836,5.416403891292314,0.008000002708286047,0.0,2.337778977961937,3.0706249106220906,0,48.52143070315112,3105.3715650016716,2097152.0,2,0.5,0.5,0.0,0.0,0.0,82.45848588454207,0.009499985026195645,0.0,61.95184302067982,20.497142878836065,0,1,0,17.668789301593524,64.78969658294855,0.0,1048576,1048576,0,8,4,0.25,2,0.5,0,1,1.0,0.25097720212391433,3,3,0,1.0,0.0,0.0,1.0,0,0.5,0.5,0.0,0.9443359375,0.0556640625,0.0,256,1024,0,0.0,136.19497715923868,0.06469998334068805,0.0,119.01703603258966,17.113241143308322,0,639.9525934953259,0,475.0779934961598,5.372073308678641e-07,1.0904114412555258e-06,1.4192726004275868e-05,1.24451663588433e-07,4.171887255407984e-07,8.245848588454208e-07,1.7186570024373912e-05,predictor_only,nsga2
0,791,791,train,2.6600157618522644,0.26953125,0.65625,8,64,512,921.413100004429,26.042184339425077,3.763395776966171,38.97386519208532,90.54619999369606,50.00356238795414,5.75116134056646,55.7547237285206,0.008500006515532732,0.0,2.283391878414793,53.46283184359028,0,8.68230690192558,555.6676417232371,2097152.0,2,0.5,0.0,0.5,0.0,0.0,44.28311485823176,0.00689999433234334,0.0,25.01688071480962,19.259334149089803,0,1,0,16.509037762776167,0.0,27.774077095455596,1048576,0,1048576,8,4,0.25,2,0.5,0,1,1.0,0.2307606527190679,3,0,3,0.0,2.0,0.5,2.0,3,0.5,0.5,0.0,0.9541015625,0.0458984375,0.0,256,1024,0,0.0,275.11778123390627,0.06630001007579267,0.0,119.55472843734422,155.49675278648624,0,930.0506819997822,0,8.63758199535323,1.0416873735770031e-05,1.5053583107864684e-06,1.4717692646990314e-05,5.000356238795414e-06,5.75116134056646e-07,4.4283114858231767e-07,3.265822821498119e-05,predictor_only,nsga2
0,792,792,train,2.4691230058670044,0.283203125,0.673828125,8,64,512,105.9601000015391,1.273781454142081,2.4939090065293263,29.23129267467796,35.45029999804683,1.1609529333029154,3.2703390399977224,4.431291973300638,0.006200003554113209,0.0,2.3845143535393603,2.0405776162071643,0,75.49940496921793,4831.961918029948,2097152.0,2,0.5,0.5,0.0,0.0,0.0,81.94178310512453,0.009199997293762863,0.0,61.8347735133511,20.097809594479656,0,1,0,16.14992223778912,65.7918608673354,0.0,1048576,1048576,0,8,4,0.25,2,0.5,0,1,1.0,0.2307606527190679,3,3,0,1.0,0.0,0.0,1.0,0,0.5,0.5,0.0,0.9404296875,0.0595703125,0.0,256,1024,0,0.0,131.99593254139745,0.056100034271366894,0.0,120.2571296978527,11.682702809273378,0,930.0506819997822,0,824.0905819982431,5.095125816568324e-07,9.975636026117307e-07,1.426872884590159e-05,1.1609529333029155e-07,3.2703390399977227e-07,8.194178310512452e-07,1.7038352058551462e-05,predictor_only,nsga2
0,793,793,train,2.511293888092041,0.24609375,0.689453125,8,64,512,176.44289998861495,1.3583080645632828,2.6364783434020844,38.39294167617348,39.03520001040306,1.3098059653794378,3.554513659556446,4.8643196249358835,0.006600006599910557,0.0,2.326910452303494,2.530809166032479,0,45.34019028436914,2901.772178199625,2097152.0,2,0.0,0.5,0.5,0.0,0.0,90.87387468810866,0.007199996616691351,0.0,71.47120291122779,19.39547178026418,0,1,0,0.0,65.89937809106151,24.97449659704715,0,1048576,1048576,8,4,0.25,2,0.5,0,1,1.0,0.1859599251701455,3,0,3,0.0,2.0,0.5,2.0,3,0.5,0.5,0.0,0.9541015625,0.0458984375,0.0,256,1024,0,0.0,169.55091233655537,35.76549999706913,0.0,120.2149521156186,13.570460223867638,0,930.0506819997822,0,753.6077820111673,5.43323225825313e-07,1.054591337360834e-06,1.4637551726897993e-05,1.3098059653794379e-07,3.554513659556446e-07,9.087387468810867e-07,1.7630636999458815e-05,predictor_only,nsga2
0,794,794,train,2.6254469752311707,0.248046875,0.630859375,8,64,512,88.30040000611916,1.214869573378359,2.3024458356025757,33.4246153531239,54.01319998782128,1.311716674240881,2.9853669041084885,4.297083578349369,0.005900015821680427,0.0,2.3634698641525436,1.9277136983751455,0,90.59879004688047,5798.32256300035,2097152.0,2,0.5,0.5,0.0,0.0,0.0,84.83926188648718,0.007499998901039362,0.0,64.16752078462144,20.664241102964695,0,1,0,17.72701598926341,67.11224589722377,0.0,1048576,1048576,0,8,4,0.25,2,0.5,0,1,1.0,0.2201412464909665,3,3,0,1.0,0.0,0.0,1.0,0,0.5,0.5,0.0,0.9501953125,0.0498046875,0.0,256,1024,0,0.0,147.7677230484193,14.89090001268778,0.0,119.2918384861151,13.584984549616436,0,742.0127055015456,0,653.7123054954264,4.859478293513437e-07,9.209783342410303e-07,1.4321619622107186e-05,1.3117166742408813e-07,2.9853669041084887e-07,8.483926188648718e-07,1.7006646762399367e-05,predictor_only,nsga2
0,795,795,train,2.634947717189789,0.228515625,0.63671875,8,64,512,82.9478000086965,1.2402177900603317,2.1926080942323667,29.321106106548932,59.324699992430396,1.288963277696228,2.97569874621518,4.2646620239114075,0.005699999746866524,0.0,2.4029875156092926,1.8559745085552488,0,96.44503596388694,6172.482301688764,2097152.0,2,0.0,0.5,0.5,0.0,0.0,87.72155846968053,0.006700021913275123,0.0,68.95769332768455,18.7571651200827,0,1,0,0.0,64.5237788191008,23.197779650579733,0,1048576,1048576,8,4,0.25,2,0.5,0,1,1.0,0.17369072493825644,3,0,3,0.0,2.0,0.5,2.0,3,0.5,0.5,0.0,0.9619140625,0.0380859375,0.0,256,1024,0,0.0,131.01572796336652,0.04600004467647523,0.0,119.55163196997049,11.418095948719552,0,644.7941609970418,0,561.8463609883453,4.960871160241328e-07,8.770432376929468e-07,1.419996008123826e-05,1.2889632776962283e-07,2.97569874621518e-07,8.772155846968053e-07,1.6876772222043284e-05,predictor_only,nsga2
0,796,796,train,2.5399062633514404,0.2890625,0.666015625,8,64,512,84.87479999894276,1.2465843878066867,2.271292001124823,29.20140803830443,48.40080000576563,1.2219864920640575,3.2059792331117327,4.42796572517579,0.005799985956400633,0.0,2.3775206949556282,2.044645044263761,0,94.25537079002083,6032.343730561333,2097152.0,2,0.5,0.5,0.0,0.0,0.0,77.98807740628749,0.006900008884258568,0.0,57.25174262600804,20.729434771395198,0,1,0,18.39665130822138,59.591426098066115,0.0,1048576,1048576,0,8,4,0.25,2,0.5,0,1,1.0,0.14759070521249812,3,3,0,1.0,0.0,0.0,1.0,0,0.5,0.5,0.0,0.9443359375,0.0556640625,0.0,256,1024,0,0.0,130.87713770894374,0.05089999467600137,0.0,119.43756729633233,11.388670417935428,0,644.7941609970418,0,559.919360998099,4.986337551226748e-07,9.085168004499293e-07,1.4269694648018208e-05,1.2219864920640575e-07,3.205979233111733e-07,7.79880774062875e-07,1.6899522550171267e-05,predictor_only,nsga2
0,797,797,train,2.6382917761802673,0.220703125,0.611328125,8,64,512,71.34709999081679,1.2975812893302219,2.4509587085625375,29.863167606608272,62.755499995546415,1.1407615247799576,3.7068989675371764,4.847660492317134,0.00589998671784997,0.0,2.400606572115537,2.441153933483747,0,112.12632152824925,7176.084577807952,2097152.0,2,0.5,0.0,0.5,0.0,0.0,44.85680097738656,0.007599999662488699,0.0,24.156124126327672,20.693076851396405,0,1,0,18.388863066796738,0.0,26.467937910589825,1048576,0,1048576,8,4,0.25,2,0.5,0,1,1.0,0.2201412464909665,3,0,3,0.0,2.0,0.5,2.0,3,0.5,0.5,0.0,0.9443359375,0.0556640625,0.0,256,1024,0,0.0,134.4468304180041,0.04680000711232424,0.0,119.0919311007815,15.308099310110284,0,644.7941609970418,0,573.447061006225,5.190325157320888e-07,9.80383483425015e-07,1.4289418638668805e-05,1.1407615247799577e-07,3.7068989675371764e-07,4.4856800977386564e-07,1.6722168696831488e-05,predictor_only,nsga2
0,798,798,train,2.4267041087150574,0.291015625,0.685546875,8,64,512,107.20980000041891,1.2793903322136542,2.262974555965825,29.273644131132667,53.254599988576956,1.1068993254868522,3.036405671846942,4.143304997333794,0.005700014298781753,0.0,2.185231882955139,1.9523731000798734,0,74.61934805046452,4775.6382752297295,2097152.0,2,0.5,0.5,0.0,0.0,0.0,80.91838789454067,0.007199996616691351,0.0,60.110098238768536,20.80108965915546,0,1,0,16.877093139597044,64.04129475494364,0.0,1048576,1048576,0,8,4,0.25,2,0.5,0,1,1.0,0.2606107547134336,3,3,0,1.0,0.0,0.0,1.0,0,0.5,0.5,0.0,0.947265625,0.052734375,0.0,256,1024,0,0.0,131.2640360772486,0.04839999019168317,0.0,119.3409749010286,11.874661186028302,0,644.7941609970418,0,537.5843609966229,5.117561328854617e-07,9.0518982238633e-07,1.4264601410978694e-05,1.1068993254868523e-07,3.0364056718469424e-07,8.091838789454069e-07,1.690506174492927e-05,predictor_only,nsga2
0,799,799,train,2.476943016052246,0.228515625,0.681640625,8,64,512,82.06020000216085,1.2735089916411517,2.5573108303043015,29.390090039288957,47.90059999504592,1.3422810348549579,3.529174625702135,4.871455660557093,0.006599992047995329,0.0,2.389324225413015,2.475531443096082,0,97.4882161093104,6239.245830995866,2097152.0,2,0.0,0.5,0.5,0.0,0.0,85.13818159963037,0.007499998901039362,0.0,65.33353677988322,19.797144820846107,0,1,0,0.0,61.57733741419898,23.560844185431385,0,1048576,1048576,8,4,0.25,2,0.5,0,1,1.0,0.30459390115263907,3,0,3,0.0,2.0,0.5,2.0,3,0.5,0.5,0.0,0.9384765625,0.0615234375,0.0,256,1024,0,0.0,132.88363944493764,0.04940001235809177,0.0,118.89099996821534,13.943239464364208,0,644.7941609970418,0,562.7339609948809,5.094035966564608e-07,1.0229243321217205e-06,1.4128605634910836e-05,1.342281034854958e-07,3.529174625702135e-07,8.513818159963037e-07,1.6999460945741026e-05,predictor_only,nsga2
0,800,800,val,2.610632598400116,0.263671875,0.63671875,8,64,512,896.1094000114826,1.298298857278333,3.0945060256675423,225.43941054918136,0.0,0.0,0.0,0.0,0.0,0.0,0.0,0.0,0,8.927471436440744,571.3581719322076,0.0,0,0.0,0.0,0.0,0.0,0.0,0.0,0.0,0.0,0.0,0.0,0,0,0,0.0,0.0,0.0,0,0,0,8,4,0.25,2,0.5,2,1,1.0,0.18595995617580352,0,0,0,0.0,0.0,0.0,0.0,0,0.5,0.5,0.0,0.9482421875,0.0517578125,0.0,256,1024,0,0.0,919.328861728509,0.050399990868754685,800.0,109.52474824440172,9.753713493238465,0,1001.0290785083635,0,104.9196784968808,5.193195429113332e-07,1.2378024102670169e-06,0.00013526364632950884,0.0,0.0,0.0,0.00013702076828268718,predictor_only,nsga2
