epoch,step,step_in_epoch,phase,loss,acc_top1,acc_top5,batch_size,seq_len,tokens,step_time_ms,pre_fwd_ms,post_fwd_ms,expert_comm_ms,bwd_total_ms,pre_bwd_ms,post_bwd_ms,bwd_inv_total_ms,bwd_inv_queue_ms,bwd_inv_cold_ms,bwd_inv_net_ms,bwd_inv_compute_ms,bwd_inv_retry_cnt,samples_per_s,tokens_per_s,grad_bytes,grad_total,grad_mode_hot_frac,grad_mode_cold_frac,grad_mode_http_frac,grad_mode_local_frac,grad_mode_fallback_frac,grad_inv_total_ms,grad_inv_queue_ms,grad_inv_cold_ms,grad_inv_net_ms,grad_inv_compute_ms,grad_inv_retry_cnt,grad_nsga2_feasible,grad_fallback_cnt,grad_lat_hot_ms,grad_lat_cold_ms,grad_lat_http_ms,grad_bytes_hot,grad_bytes_cold,grad_bytes_http,dispatch_count,expert_inst_cnt,hot_ratio,active_expert_cnt,active_hot_ratio,hot_flip_cnt,hot_set_size,hot_set_jaccard,expert_load_entropy,cold_total_cnt,cold_skipped_cnt,cold_updated_cnt,cold_skip_ratio,cold_apply_steps_avg,cold_grad_scale_avg,cold_pending_steps_avg,cold_update_hit_cnt,fwd_mode_hot_frac,fwd_mode_cold_frac,fwd_mode_local_frac,fwd_mode_hot_frac_tok,fwd_mode_cold_frac_tok,fwd_mode_local_frac_tok,capacity,overflow_total_assignments,overflow_dropped_assignments,overflow_drop_ratio,inv_total_ms,inv_queue_ms,inv_cold_ms,inv_net_ms,inv_compute_ms,inv_retry_cnt,deadline_ms,deadline_miss,deadline_slack_ms,cost_usd_pre_fwd,cost_usd_post_fwd,cost_usd_expert_fwd,cost_usd_pre_bwd,cost_usd_post_bwd,cost_usd_grad_apply,cost_usd_step,ablation_mode,grad_selector
0,0,0,train,7.729310393333435,0.0,0.001953125,8,64,512,7601.26960001071,1781.7556747064355,66.22661758173861,146.20105401987666,51.739200003794394,360.0471320811485,15.815420822755087,375.8625529039036,0.006999995093792677,0.0,12.271708264138516,363.5838446446713,0,1.0524556249831085,67.35715999891895,2097152.0,2,0.5,0.5,0.0,0.0,0.0,82.97863815935261,0.007699985872022808,0.0,65.13630091858569,17.834637254894897,0,0,0,19.173537149318044,63.80510101003456,0.0,1048576,1048576,0,8,4,0.25,2,0.5,1,1,1.0,0.241032865595602,3,3,0,1.0,0.0,0.0,1.0,0,0.5,0.5,0.0,0.94921875,0.05078125,0.0,256,1024,0,0.0,7976.733385232204,6240.148000011686,820.0,225.55771032969787,691.0276748908184,0,200.0,1,-7401.26960001071,3.5635113494128714e-05,1.5894388219617264e-06,6.451877622246784e-06,1.8002356604057427e-06,9.489252493653051e-08,9.573965836135952e-07,4.652895470729309e-05,no_nsga2,nsga2
0,1,1,train,6.47059440612793,0.138671875,0.326171875,8,64,512,447.79079999716487,74.41923845008102,11.811414137708681,45.41237132188709,41.316200004075654,6.556657510256033,16.246932534812284,22.80359004506832,0.006099988240748644,0.0,12.333327245258552,10.464162811569016,0,17.865445504028102,1143.3885122577985,2097152.0,2,0.5,0.5,0.0,0.0,0.0,78.99318563507707,0.005499983672052622,0.0,61.548010991649335,17.439674659755685,0,0,0,18.787156078297272,60.2060295567798,0.0,1048576,1048576,0,8,4,0.25,2,0.5,0,1,1.0,0.2201412464909665,3,0,3,0.0,2.0,0.5,2.0,3,0.5,0.5,0.0,0.94140625,0.05859375,0.0,256,1024,0,0.0,526.5720956387072,268.45670002512634,0.0,226.53405527917633,31.581340334404487,0,200.0,1,-247.79079999716487,1.4883847690016205e-06,2.8347393930500834e-07,2.120466280105801e-06,3.278328755128017e-08,9.748159520887369e-08,9.103439154643302e-07,4.932933786636915e-06,no_nsga2,nsga2
0,2,2,train,5.512687921524048,0.1953125,0.50390625,8,64,512,431.76730000413954,69.41001111891964,11.794687169468823,44.55735413406512,40.476699999999255,6.434972271475049,13.908446449213606,20.343418720688653,0.006300004315562546,0.0,11.624409836979519,8.712708879393574,0,18.528456118532326,1185.8211915860688,2097152.0,2,0.5,0.5,0.0,0.0,0.0,82.32710067216507,0.007200011168606579,0.0,63.86752472508793,18.452375935908524,0,0,0,18.889030087547283,63.43807058461778,0.0,1048576,1048576,0,8,4,0.25,2,0.5,0,1,1.0,0.2201412464909665,3,3,0,1.0,0.0,0.0,1.0,0,0.5,0.5,0.0,0.955078125,0.044921875,0.0,256,1024,0,0.0,503.04820968981437,251.29730001208372,0.0,224.1815503458054,27.569359331925227,0,200.0,1,-231.76730000413954,1.3882002223783928e-06,2.830724920672517e-07,2.0824281245203405e-06,3.2174861357375245e-08,8.345067869528163e-08,9.501471478908862e-07,4.819473526909528e-06,no_nsga2,nsga2
0,3,3,train,4.951368451118469,0.23046875,0.5390625,8,64,512,179.58070000167936,22.878648705797993,11.857444681077125,43.575549298578096,42.27419999369886,5.963608467853184,13.70669774935902,19.670306217212204,0.006699992809444666,0.0,11.759043687564866,7.904562536837894,0,44.547968974150415,2851.0700143456265,2097152.0,2,0.5,0.5,0.0,0.0,0.0,75.81643268822243,0.005599998985417187,0.0,59.501073597171136,16.309759092065875,0,0,0,16.684187834719165,59.132244853503266,0.0,1048576,1048576,0,8,4,0.25,2,0.5,0,1,1.0,0.18595995617580352,3,0,3,0.0,2.0,0.5,2.0,3,0.5,0.5,0.0,0.95703125,0.04296875,0.0,256,1024,0,0.0,313.2465707418129,66.57839998661075,0.0,221.35627200571005,25.311898749492084,0,200.0,0,20.41929999832064,4.5757297411595995e-07,2.84578672345851e-07,2.0359809751724493e-06,2.981804233926593e-08,8.22401864961541e-08,8.764288165892308e-07,3.766619667058911e-06,no_nsga2,nsga2
0,4,4,train,4.696637034416199,0.19140625,0.505859375,8,64,512,183.33220000204165,22.307850050707284,10.915914441902142,44.62098934650562,41.48679999343585,6.537830468298968,12.94072951227822,19.478559980577188,0.006700007361359894,0.0,11.554476358685534,7.917383614530296,0,43.63639537143796,2792.7293037720297,2097152.0,2,0.5,0.5,0.0,0.0,0.0,79.21929693201622,0.005599998985417187,0.0,61.935228510849875,17.27846842218092,0,0,0,16.988153214398643,62.23114371761757,0.0,1048576,1048576,0,8,4,0.25,2,0.5,0,1,1.0,0.18595995617580352,3,3,0,1.0,0.0,0.0,1.0,0,0.5,0.5,0.0,0.9580078125,0.0419921875,0.0,256,1024,0,0.0,311.3790153564602,65.2560000307858,0.0,221.46181293724598,24.661202388428407,0,200.0,0,16.667799997958355,4.461570010141457e-07,2.6198194660565136e-07,2.0861993366878883e-06,3.2689152341494843e-08,7.764437707366932e-08,9.166552567553973e-07,3.821327070478247e-06,no_nsga2,nsga2
0,5,5,train,4.284209489822388,0.21875,0.53125,8,64,512,331.5469000081066,51.217781053035466,11.169519117486491,44.97338404462363,42.07879999012221,6.399028495328203,14.716626392842482,21.115654888170685,0.006600006599910557,0.0,12.835570545700126,8.273484335870648,0,24.12924346619114,1544.271581836233,2097152.0,2,0.5,0.5,0.0,0.0,0.0,83.17741312255932,0.005599998985417187,0.0,64.80464529829784,18.367167825276063,0,0,0,18.247974338365893,64.92943878419342,0.0,1048576,1048576,0,8,4,0.25,2,0.5,0,1,1.0,0.2091524583687337,3,0,3,0.0,2.0,0.5,2.0,3,0.5,0.5,0.0,0.9521484375,0.0478515625,0.0,256,1024,0,0.0,429.44273686058233,175.9221999818692,0.0,228.12693917282516,25.393597705888013,0,200.0,1,-131.5469000081066,1.0243556210607095e-06,2.6806845881967575e-07,2.1022402435148558e-06,3.199514247664102e-08,8.829975835705488e-08,9.6163300879398e-07,4.476592233022916e-06,no_nsga2,nsga2
0,6,6,train,3.985439956188202,0.22265625,0.541015625,8,64,512,446.24790000671055,72.87476503669194,10.469963572735747,44.011254075798945,40.295400001923554,6.546617157250808,13.93375055681878,20.480367714069587,0.007299997378140688,0.0,12.370119682431548,8.102948034259898,0,17.927215058411793,1147.3417637383548,2097152.0,2,0.5,0.5,0.0,0.0,0.0,78.33814600859291,0.006199989002197981,0.0,60.08793590308454,18.244010116506168,0,0,0,18.955511334653497,59.382634673939414,0.0,1048576,1048576,0,8,4,0.25,2,0.5,0,1,1.0,0.10351650354811201,3,3,0,1.0,0.0,0.0,1.0,0,0.5,0.5,0.0,0.95703125,0.04296875,0.0,256,1024,0,0.0,509.42393074090654,263.15749998320825,0.0,222.25071843944073,24.015712318257485,0,200.0,1,-246.24790000671055,1.4574953007338388e-06,2.5127912574565783e-07,2.0597147787014407e-06,3.273308578625404e-08,8.360250334091266e-08,9.021467294338079e-07,4.786971523741911e-06,no_nsga2,nsga2
0,7,7,train,3.7804689407348633,0.251953125,0.546875,8,64,512,281.590700004017,50.63741712730781,12.56233270975495,44.651332294742815,41.628699997090735,5.961870315761286,14.267757294483193,20.229627610244478,0.006900008884258568,0.0,10.950400671356721,9.2723269300035,0,28.409928275179556,1818.2354096114916,2097152.0,2,0.5,0.5,0.0,0.0,0.0,81.00894487397134,0.005799985956400633,0.0,61.36514693037939,19.63799795763556,0,0,0,18.706041018068692,62.302903855902656,0.0,1048576,1048576,0,8,4,0.25,2,0.5,0,1,1.0,0.19776869099157482,3,0,3,0.0,2.0,0.5,2.0,3,0.5,0.5,0.0,0.9443359375,0.0556640625,0.0,256,1024,0,0.0,431.40432852722233,178.7251000350807,0.0,224.72370138325041,27.95552710889121,0,200.0,1,-81.59070000401698,1.0127483425461563e-06,3.0149598503411874e-07,2.087046928190716e-06,2.980935157880643e-08,8.560654376689915e-08,9.346952564515186e-07,4.451402407568215e-06,no_nsga2,nsga2
0,8,8,train,3.6009209752082825,0.232421875,0.541015625,8,64,512,1532.419299997855,73.48959395298823,179.6229453493918,44.091086560041084,1333.3843000000343,6.389670663068659,351.4731085641303,357.862779227199,0.0092999980552122,0.0,12.172528821825985,345.6809504073178,0,5.220499885058426,334.11199264373926,2097152.0,2,0.5,0.5,0.0,0.0,0.0,84.49154975220259,0.007499984349124134,0.0,66.027061302121,18.456988465732458,0,0,0,18.36049341150015,66.13105634070243,0.0,1048576,1048576,0,8,4,0.25,2,0.5,0,1,1.0,0.241032865595602,3,3,0,1.0,0.0,0.0,1.0,0,0.5,0.5,0.0,0.9609375,0.0390625,0.0,256,1024,0,0.0,1188.8145034496845,264.9428999866359,0.0,224.43911948893862,699.4324839741099,0,200.0,1,-1332.419299997855,1.4697918790597647e-06,4.310950688385403e-06,2.0589992418903686e-06,3.19483533153433e-08,2.108838651384782e-06,9.771776102034307e-07,1.0957706424239093e-05,no_nsga2,nsga2
0,9,9,train,3.3311237692832947,0.25,0.568359375,8,64,512,462.15019999362994,73.20683316913147,14.442653222268653,44.808903710554446,39.94079999392852,6.33999022659988,20.75033649425199,27.09032672085187,0.006199989002197981,0.0,12.415748586162655,14.668378145687019,0,17.310352110110866,1107.8625350470954,2097152.0,2,0.5,0.5,0.0,0.0,0.0,82.90414570348021,0.005299996701069176,0.0,64.96781230993142,17.93103339684773,0,0,0,17.613117276186085,65.29102842729412,0.0,1048576,1048576,0,8,4,0.25,2,0.5,0,1,1.0,0.19776865982085054,3,0,3,0.0,2.0,0.5,2.0,3,0.5,0.5,0.0,0.9658203125,0.0341796875,0.0,256,1024,0,0.0,529.8335604078183,263.93690003897063,0.0,223.55075838217053,42.34590198667715,0,200.0,1,-262.15019999362994,1.4641366633826296e-06,3.4662367733444764e-07,2.089096170392424e-06,3.1699951132999406e-08,1.2450201896551192e-07,9.596235138893903e-07,5.015681995097403e-06,no_nsga2,nsga2
0,10,10,train,3.331408441066742,0.267578125,0.5703125,8,64,512,190.83359999058302,24.98964441296509,12.269219079947646,43.885416261454715,46.61580000538379,6.690036384309343,14.37268097289759,21.062717357206935,0.007099995855242014,0.0,11.767804668177861,9.28781269317383,0,41.92111912826484,2682.95162420895,2097152.0,2,0.5,0.5,0.0,0.0,0.0,81.48175811570954,0.006100002792663872,0.0,63.69740737980883,17.778250733108045,0,0,0,18.04882858638496,63.43292952932458,0.0,1048576,1048576,0,8,4,0.25,2,0.5,0,1,1.0,0.2091524583687337,3,3,0,1.0,0.0,0.0,1.0,0,0.5,0.5,0.0,0.955078125,0.044921875,0.0,256,1024,0,0.0,324.5771190174698,74.48990001284983,0.0,224.0599789120605,26.027240092559435,0,200.0,0,9.166400009416975,4.997928882593019e-07,2.9446125791874346e-07,2.0532878004959074e-06,3.345018192154672e-08,8.623608583738554e-08,9.416834402157445e-07,3.908911654648629e-06,no_nsga2,nsga2
0,11,11,train,3.0029661655426025,0.26953125,0.623046875,8,64,512,419.0243999910308,68.522893771632,11.203770328171702,44.57635912545447,43.905200000153854,6.512070247463425,12.574969766804637,19.087040014268062,0.007399998139590025,0.0,11.832850380715684,7.246789635412788,0,19.091921397059078,1221.882969411781,2097152.0,2,0.5,0.5,0.0,0.0,0.0,80.3596947466857,0.005900001269765198,0.0,62.231551901751686,18.122242843664257,0,0,0,18.25892499205662,62.10076975462909,0.0,1048576,1048576,0,8,4,0.25,2,0.5,0,1,1.0,0.20915249756217386,3,0,3,0.0,2.0,0.5,2.0,3,0.5,0.5,0.0,0.9541015625,0.0458984375,0.0,256,1024,0,0.0,497.21209290103275,248.20250003540423,0.0,224.72115902019755,24.28843384543088,0,200.0,1,-219.0243999910308,1.37045787543264e-06,2.6889048787612084e-07,2.0860697828708313e-06,3.256035123731713e-08,7.544981860082782e-08,9.277984869761152e-07,4.761226802993853e-06,no_nsga2,nsga2
0,12,12,train,3.088299870491028,0.263671875,0.576171875,8,64,512,445.28849999187514,72.4872718282704,11.560309544281427,44.86689694865022,39.177300001028925,6.445308547973835,13.474211058135957,19.91951960610979,0.006000016583129764,0.0,12.37937264796154,7.534146941565122,0,17.965840200916414,1149.8137728586505,2097152.0,2,0.0,0.5,0.5,0.0,0.0,85.79412195097748,0.005400012014433742,0.0,69.24831252565372,16.540409413309327,0,0,0,0.0,61.5007576784929,24.293364272484574,0,1048576,1048576,8,4,0.25,2,0.5,0,1,1.0,0.17369072493825644,3,3,0,1.0,0.0,0.0,1.0,0,0.5,0.5,0.0,0.9462890625,0.0537109375,0.0,256,1024,0,0.0,515.6579132848082,262.3357999837026,0.0,227.51953089058554,25.80258241052006,0,200.0,1,-245.28849999187514,1.449745436565408e-06,2.7744742906275427e-07,2.0977911862572537e-06,3.222654273986918e-08,8.084526634881573e-08,9.809427348667606e-07,4.918998595840861e-06,no_nsga2,nsga2
0,13,13,train,2.9229080080986023,0.255859375,0.625,8,64,512,354.812600009609,56.400024870628975,10.848981770565212,43.892321382689786,39.569000000483356,5.654186831478464,14.33307476730664,19.987261598785103,0.007299997378140688,0.0,12.037738085129412,7.942223516277552,0,22.547050056095216,1443.0112035900938,2097152.0,2,0.5,0.5,0.0,0.0,0.0,80.02991332926987,0.006300004315562546,0.0,62.74820264042879,17.275410684525514,0,0,0,18.137283977601285,61.89262935166858,0.0,1048576,1048576,0,8,4,0.25,2,0.5,0,1,1.0,0.2091524583687337,3,0,3,0.0,2.0,0.5,2.0,3,0.5,0.5,0.0,0.951171875,0.048828125,0.0,256,1024,0,0.0,444.56531209553594,197.6417000114452,0.0,221.67585129759064,25.24776078650008,0,200.0,1,-154.812600009609,1.1280004974125796e-06,2.6037556249356504e-07,2.051988002194192e-06,2.827093415739232e-08,8.599844860383983e-08,9.240843919960358e-07,4.478717836857605e-06,no_nsga2,nsga2
0,14,14,train,2.886404275894165,0.28125,0.62109375,8,64,512,446.6982000012649,71.54618592704855,11.65228262966189,44.884844446377045,38.90020000108052,6.04013327804902,15.45515717103693,21.49529044908595,0.006800008122809231,0.0,12.260386549882647,9.228103891080492,0,17.909143333987046,1146.185173375171,2097152.0,2,0.5,0.5,0.0,0.0,0.0,82.76187390029433,0.006600006599910557,0.0,65.82118385006386,16.93409004363057,0,0,0,17.921485053306014,64.84038884698832,0.0,1048576,1048576,0,8,4,0.25,2,0.5,0,1,1.0,0.20915249756217386,3,3,0,1.0,0.0,0.0,1.0,0,0.5,0.5,0.0,0.9462890625,0.0537109375,0.0,256,1024,0,0.0,512.3332520123499,259.0965000417782,0.0,225.2528572045735,27.98389476599827,0,200.0,1,-246.69820000126492,1.4309237185409713e-06,2.7965478311188536e-07,2.0966859795330885e-06,3.0200666390245105e-08,9.273094302622158e-08,9.572995166969197e-07,4.887495607299331e-06,no_nsga2,nsga2
0,15,15,train,2.8532288670539856,0.23046875,0.646484375,8,64,512,193.45799999427982,22.020908048749682,12.106833788167489,44.75480266004278,39.195700010168366,5.669786083122787,12.754457034787361,18.424243117910148,0.006499991286545992,0.0,11.509141004495959,6.908602122127644,0,41.35243126572836,2646.5556010066152,2097152.0,2,0.5,0.5,0.0,0.0,0.0,84.13008735646522,0.006000002031214535,0.0,67.59096978585751,16.533117568576515,0,0,0,17.83593499231901,66.29415236414621,0.0,1048576,1048576,0,8,4,0.25,2,0.5,0,1,1.0,0.241032865595602,3,0,3,0.0,2.0,0.5,2.0,3,0.5,0.5,0.0,0.9501953125,0.0498046875,0.0,256,1024,0,0.0,315.5301779878398,64.44859998009633,0.0,227.46934346333495,23.61223454440852,0,200.0,0,6.542000005720183,4.404181609749937e-07,2.9056401091601967e-07,2.0925754551957875e-06,2.8348930415613936e-08,7.652674220872415e-08,9.738891782929445e-07,3.902322478004083e-06,no_nsga2,nsga2
0,16,16,train,2.8072205781936646,0.27734375,0.640625,8,64,512,163.27889999956824,22.466663029894555,11.502055431784388,45.59439946955243,39.27310000290163,6.029162682800439,11.782816423445894,17.811979106246334,0.007399998139590025,0.0,11.477412741391042,6.327166366715699,0,48.995620404110696,3135.7197058630845,2097152.0,2,0.5,0.5,0.0,0.0,0.0,82.12755952065271,0.005500012775883079,0.0,63.83417778008323,18.287881727793597,0,0,0,17.97821215687687,64.14934736377583,0.0,1048576,1048576,0,8,4,0.25,2,0.5,0,1,1.0,0.17369072493825644,3,3,0,1.0,0.0,0.0,1.0,0,0.5,0.5,0.0,0.943359375,0.056640625,0.0,256,1024,0,0.0,318.2524717249255,66.26190000679344,0.0,227.87932704278884,24.111244675343187,0,200.0,0,36.72110000043176,4.4933326059789116e-07,2.760493303628253e-07,2.132225770280956e-06,3.0145813414002197e-08,7.069689854067536e-08,9.495742899340787e-07,3.908025363130429e-06,no_nsga2,nsga2
0,17,17,train,2.9320250153541565,0.23828125,0.5703125,8,64,512,229.1960000002291,26.498708581366497,12.195096278557214,44.309776163167214,39.63759999896865,6.7249585148354765,14.448135986184916,21.173094501020394,0.006499991286545992,0.0,11.838321145563015,9.328273364170832,0,34.90447082637208,2233.8861328878133,2097152.0,2,0.5,0.5,0.0,0.0,0.0,81.69088048536976,0.02950000634882599,0.0,63.68860929944708,17.97277117957386,0,0,0,18.35179391977529,63.33908656559447,0.0,1048576,1048576,0,8,4,0.25,2,0.5,0,1,1.0,0.19776865982085054,3,0,3,0.0,2.0,0.5,2.0,3,0.5,0.5,0.0,0.9521484375,0.0478515625,0.0,256,1024,0,0.0,332.0143240923637,81.54900002409704,0.0,219.54751159842567,30.917812469841007,0,200.0,1,-29.196000000229105,5.2997417162733e-07,2.926823106853731e-07,2.065797601851793e-06,3.362479257417739e-08,8.668881591710949e-08,9.435869779848865e-07,3.952354670640669e-06,no_nsga2,nsga2
0,18,18,train,2.730191946029663,0.271484375,0.630859375,8,64,512,463.830799999414,76.9458480787099,11.695742963078185,43.10542369720941,37.77129999070894,5.895916924214552,15.828780686976817,21.724697611191367,0.006200003554113209,0.0,12.18744241241544,9.531055195221818,0,17.247631576813205,1103.8484209160451,2097152.0,2,0.5,0.5,0.0,0.0,0.0,84.4168919757198,0.006099988240748644,0.0,65.48008150440624,18.93071048307283,0,0,0,18.53212292593475,65.88476904978506,0.0,1048576,1048576,0,8,4,0.25,2,0.5,0,1,1.0,0.2307606527190679,3,3,0,1.0,0.0,0.0,1.0,0,0.5,0.5,0.0,0.94140625,0.05859375,0.0,256,1024,0,0.0,526.9880589559899,279.10409998730756,0.0,220.71610350668107,27.167855462001327,0,200.0,1,-263.830799999414,1.538916961574198e-06,2.806978311138764e-07,2.014714174569537e-06,2.947958462107276e-08,9.497268412186089e-08,9.759384578567682e-07,4.934719693857313e-06,no_nsga2,nsga2
0,19,19,train,3.0375213027000427,0.2265625,0.5703125,8,64,512,418.3125999988988,68.17786348050637,10.840639585168697,45.022077321602175,41.417400003410876,6.643577268106639,13.51498569071528,20.158562958821918,0.006900008884258568,0.0,12.689332444783702,7.462330505153958,0,19.124408099619664,1223.9621183756585,2097152.0,2,0.5,0.5,0.0,0.0,0.0,81.21277720629404,0.005700014298781753,0.0,63.54121950788952,17.665857684105738,0,0,0,18.719579261620197,62.49319794467384,0.0,1048576,1048576,0,8,4,0.25,2,0.5,0,1,1.0,0.2091524583687337,3,0,3,0.0,2.0,0.5,2.0,3,0.5,0.5,0.0,0.9560546875,0.0439453125,0.0,256,1024,0,0.0,496.162321549109,245.67370003205724,0.0,226.97597455726287,23.512646959788896,0,200.0,1,-218.3125999988988,1.3635572696101274e-06,2.601753500440487e-07,2.105780723708465e-06,3.3217886340533195e-08,8.108991414429168e-08,9.371141679522879e-07,4.780935311799754e-06,no_nsga2,nsga2
0,20,20,train,2.825484812259674,0.271484375,0.609375,8,64,512,366.93150000064634,61.293005420775856,11.037410644223241,44.41068142815908,42.97200001019519,6.2373050612153484,12.204343192334743,18.441648253550092,0.006799993570894003,0.0,11.157565236141249,7.277283023837949,0,21.802375096198645,1395.3520061567133,2097152.0,2,0.5,0.5,0.0,0.0,0.0,85.33902670819508,0.005199995939619839,0.0,66.01669289554091,19.317133816714538,0,0,0,18.19071608722889,67.14831062096619,0.0,1048576,1048576,0,8,4,0.25,2,0.5,0,1,1.0,0.19776865982085054,3,3,0,1.0,0.0,0.0,1.0,0,0.5,0.5,0.0,0.9482421875,0.0517578125,0.0,256,1024,0,0.0,466.9643899726327,217.720599976019,0.0,224.79853994805953,24.445250048554136,0,200.0,1,-166.93150000064634,1.2258601084155172e-06,2.648978554613577e-07,2.0775682062322534e-06,3.118652530607674e-08,7.322605915400846e-08,9.876868883238831e-07,4.660425642893096e-06,no_nsga2,nsga2
0,21,21,train,2.88506019115448,0.236328125,0.595703125,8,64,512,428.4047999972245,71.55368623325676,11.404578335227107,43.55197343960814,39.58450000209268,6.838917203221564,14.238324789909207,21.07724199313077,0.007499998901039362,0.0,12.04736695496314,9.022375039266592,0,18.673883500297684,1195.1285440190518,2097152.0,2,0.5,0.5,0.0,0.0,0.0,83.04476815809016,0.00689999433234334,0.0,65.13446776572508,17.903400398032737,0,0,0,18.594748614378354,64.4500195437118,0.0,1048576,1048576,0,8,4,0.25,2,0.5,0,1,1.0,0.16091838189257093,3,0,3,0.0,2.0,0.5,2.0,3,0.5,0.5,0.0,0.955078125,0.044921875,0.0,256,1024,0,0.0,506.04095203236807,257.8886999981478,0.0,222.9609227441191,25.191329290101187,0,200.0,1,-228.40479999722447,1.4310737246651353e-06,2.737098800454506e-07,2.0355946960098174e-06,3.4194586016107824e-08,8.542994873945524e-08,9.593477206683253e-07,4.819350556144291e-06,no_nsga2,nsga2
0,22,22,train,3.0360774397850037,0.228515625,0.548828125,8,64,512,449.38180000463035,73.03614367062335,11.709510338256802,44.91492326879907,39.19300000416115,5.719665258813674,14.75807318393549,20.477738442749164,0.006800008122809231,0.0,11.767627151846332,8.703311282780023,0,17.802194476329692,1139.3404464851003,2097152.0,2,0.0,0.5,0.5,0.0,0.0,94.37821127451181,0.006000002031214535,0.0,75.55236946984716,18.819841802633437,0,0,0,0.0,67.24032203095803,27.137889243553786,0,1048576,1048576,8,4,0.25,2,0.5,0,1,1.0,0.2091524583687337,3,3,0,1.0,0.0,0.0,1.0,0,0.5,0.5,0.0,0.9501953125,0.0498046875,0.0,256,1024,0,0.0,518.6423091107168,263.21370000368915,0.0,230.4883040304631,24.94030507656462,0,200.0,1,-249.38180000463035,1.460722873412467e-06,2.8102824811816323e-07,2.1033808062190958e-06,2.859832629406837e-08,8.854843910361293e-08,1.0782627568070343e-06,5.040541449954441e-06,no_nsga2,nsga2
0,23,23,train,2.815482437610626,0.220703125,0.6015625,8,64,512,436.5494999947259,72.3916012458683,11.727078769975936,43.70099720243452,38.82529999827966,6.184955188332037,15.148542618721757,21.333497807053796,0.006300004315562546,0.0,11.842365421432447,9.484832381305784,0,18.325485826030782,1172.83109286597,2097152.0,2,0.0,0.5,0.5,0.0,0.0,90.81204522117575,0.00589998671784997,0.0,71.89629573225378,18.909849502204125,0,0,0,0.0,63.37069251599855,27.441352705177206,0,1048576,1048576,8,4,0.25,2,0.5,0,1,1.0,0.30459390115263907,3,0,3,0.0,2.0,0.5,2.0,3,0.5,0.5,0.0,0.939453125,0.060546875,0.0,256,1024,0,0.0,511.278708873115,261.6864999727113,0.0,223.5029770325733,26.08923186783033,0,200.0,1,-236.54949999472592,1.4478320249173662e-06,2.8144989047942244e-07,2.0422568922134496e-06,3.0924775941660184e-08,9.089125571233053e-08,1.0348618372437547e-06,4.928216676507983e-06,no_nsga2,nsga2
0,24,24,train,2.763235330581665,0.2421875,0.626953125,8,64,512,466.6900000011083,76.0859111148019,11.289414943514647,44.5737243389779,38.08739999658428,6.363150466301716,13.312076642392661,19.67522710869438,0.006900008884258568,0.0,12.055597581827683,7.6127295179824355,0,17.141963311872313,1097.085651959828,2097152.0,2,0.5,0.5,0.0,0.0,0.0,76.71554575410337,0.006199989002197981,0.0,60.094175139144504,16.61517062595667,0,0,0,17.79846009133112,58.91708566277225,0.0,1048576,1048576,0,8,4,0.25,2,0.5,0,1,1.0,0.2307606527190679,3,3,0,1.0,0.0,0.0,1.0,0,0.5,0.5,0.0,0.9521484375,0.0478515625,0.0,256,1024,0,0.0,527.7962015891778,275.1818999822717,0.0,229.1170925797575,23.497209027148585,0,200.0,1,-266.6900000011083,1.5217182222960382e-06,2.7094595864435154e-07,2.0874748717879943e-06,3.1815752331508584e-08,7.987245985435596e-08,8.849896288665782e-07,4.876816893780826e-06,no_nsga2,nsga2
0,25,25,train,2.668028235435486,0.251953125,0.62109375,8,64,512,362.2910999984015,56.66265077772429,11.88479898234416,45.447458376180876,38.262400004896335,6.011714242194996,15.42942895320794,21.441143195402937,0.006299989763647318,0.0,11.788971696712114,9.645871508927176,0,22.08162971269674,1413.2243016125913,2097152.0,2,0.5,0.5,0.0,0.0,0.0,85.04992333354365,0.00549999822396785,0.0,66.08490248209678,18.959520853222884,0,0,0,18.462632036818672,66.58729129672497,0.0,1048576,1048576,0,8,4,0.25,2,0.5,0,1,1.0,0.17369070345169255,3,0,3,0.0,2.0,0.5,2.0,3,0.5,0.5,0.0,0.94921875,0.05078125,0.0,256,1024,0,0.0,455.97963254499723,199.16739997279365,0.0,222.53555879457866,34.27667377762499,0,200.0,1,-162.29109999840148,1.1332530155544857e-06,2.8523517557625975e-07,2.1189932605573393e-06,3.0058571210974986e-08,9.257657371924763e-08,9.836738159288862e-07,4.643790412547193e-06,no_nsga2,nsga2
0,26,26,train,2.6818994283676147,0.248046875,0.6640625,8,64,512,334.78760000434704,49.75024297034277,11.371937984964525,44.53641610985177,36.859400002867915,6.522102424250151,13.20576250466833,19.727864928918482,0.006599992047995329,0.0,12.275773768854261,7.4454911680162255,0,23.89567625628867,1529.323280402475,2097152.0,2,0.5,0.5,0.0,0.0,0.0,84.94539866628173,0.006000016583129764,0.0,65.42892013646535,19.510478513233252,0,0,0,19.589971088852447,65.35542757742928,0.0,1048576,1048576,0,8,4,0.25,2,0.5,0,1,1.0,0.2201412464909665,3,3,0,1.0,0.0,0.0,1.0,0,0.5,0.5,0.0,0.9462890625,0.0537109375,0.0,256,1024,0,0.0,422.63438826063623,170.95939998398535,0.0,226.86240232082417,24.812585955826737,0,200.0,1,-134.78760000434704,9.950048594068555e-07,2.7292651163914856e-07,2.0838299679891636e-06,3.261051212125076e-08,7.923457502800998e-08,9.801648418176758e-07,4.443771268002104e-06,no_nsga2,nsga2
0,27,27,train,2.7095794677734375,0.26171875,0.62890625,8,64,512,427.33550000411924,71.43098184110586,11.209103615763564,44.133024637272136,39.795099990442395,5.607816553165574,12.597474390539087,18.20529094370466,0.006199989002197981,0.0,10.979042232422676,7.220048722279787,0,18.72061010450286,1198.119046688183,2097152.0,2,0.5,0.5,0.0,0.0,0.0,79.83717103206851,0.005999987479299307,0.0,62.631690452437965,17.19948059215125,0,0,0,17.457910441947753,62.379260590120765,0.0,1048576,1048576,0,8,4,0.25,2,0.5,0,1,1.0,0.2201412464909665,3,0,3,0.0,2.0,0.5,2.0,3,0.5,0.5,0.0,0.94921875,0.05078125,0.0,256,1024,0,0.0,507.0924403765663,257.244799984619,0.0,226.6033088513014,23.244331540645852,0,200.0,1,-227.33550000411924,1.4286196368221173e-06,2.690184867783255e-07,2.064624559564598e-06,2.8039082765827872e-08,7.558484634323451e-08,9.231302315009266e-07,4.78901684377503e-06,no_nsga2,nsga2
0,28,28,train,2.717183828353882,0.28515625,0.654296875,8,64,512,464.168399994378,75.80724917100366,11.337812769205437,44.03748751887846,41.459000000031665,5.695404077339611,12.26722568894655,17.96262976628616,0.006800008122809231,0.0,10.643925908225944,7.311903849937408,0,17.23508701800872,1103.045569152558,2097152.0,2,0.5,0.5,0.0,0.0,0.0,82.30673210680544,0.005900001269765198,0.0,63.405817850326805,18.89501425520887,0,0,0,19.866889744181545,62.43984236262389,0.0,1048576,1048576,0,8,4,0.25,2,0.5,0,1,1.0,0.19776865982085054,3,3,0,1.0,0.0,0.0,1.0,0,0.5,0.5,0.0,0.9423828125,0.0576171875,0.0,256,1024,0,0.0,524.7301978363503,274.46000002964865,0.0,226.71345551371044,23.55674229299115,0,200.0,1,-264.168399994378,1.5161449834200735e-06,2.721075064609304e-07,2.0620816664693193e-06,2.8477020386698056e-08,7.360335413367928e-08,9.479470057933022e-07,4.900361536664003e-06,no_nsga2,nsga2
0,29,29,train,2.7211304306983948,0.19921875,0.6484375,8,64,512,2400.2966999978526,54.411077528913,15.16680732945295,268.56756568245663,57.006899995030835,6.104629075971132,21.09737170344792,27.202000779419052,0.007800001185387373,0.0,12.067780240507439,15.126420537726228,0,3.332919912395515,213.30687439331297,2097152.0,2,0.0,0.5,0.5,0.0,0.0,86.21263595738988,0.00650000583846122,0.0,68.54026141825793,17.665874533293483,0,0,0,0.0,60.61556553950144,25.59707041788844,0,1048576,1048576,8,4,0.25,2,0.5,0,1,1.0,0.14759070521249812,3,0,3,0.0,2.0,0.5,2.0,3,0.5,0.5,0.0,0.9501953125,0.0498046875,0.0,256,1024,0,0.0,1352.5818021632904,188.2179999811342,0.0,228.94262956768736,935.4211726144688,0,2210.7270569976363,1,-189.56964300021627,1.0882215505782601e-06,3.640033759068708e-07,1.104484170372102e-05,3.052314537985566e-08,1.265842302206875e-07,9.833574906529016e-07,1.3637531496459596e-05,no_nsga2,nsga2
0,30,30,train,2.7662588953971863,0.23828125,0.630859375,8,64,512,457.3743000073591,78.33044201845854,14.225627228916366,46.26564736676251,40.452300003380515,10.097629920507698,20.04493391475149,30.14256383525919,0.007099995855242014,0.0,11.492151155119034,18.643312684284908,0,17.491106318752415,1119.4308044001546,2097152.0,2,0.5,0.0,0.5,0.0,0.0,43.31010165687928,0.005999987479299307,0.0,25.105269401099015,18.198832268300972,0,0,0,18.664895432031525,0.0,24.64520622484776,1048576,0,1048576,8,4,0.25,2,0.5,0,1,1.0,0.11898847320993522,3,3,0,1.0,0.0,0.0,1.0,0,0.5,0.5,0.0,0.958984375,0.041015625,0.0,256,1024,0,0.0,555.2868664565497,276.17980002833065,0.0,225.32473878515503,53.78232764306405,0,1158.1252264992477,0,700.7509264918885,1.566608840369171e-06,3.414150534939928e-07,2.1579360309825046e-06,5.0488149602538495e-08,1.2026960348850893e-07,4.823914290184884e-07,4.719109106955204e-06,no_nsga2,nsga2
0,31,31,train,2.780918538570404,0.22265625,0.62109375,8,64,512,437.45579999813344,72.40393205098786,11.655168191237488,44.63525159069576,53.568200004519895,6.705733674153768,14.363031864041957,21.068765538195727,0.008700008038431406,0.0,12.339501093154038,8.720564437003256,0,18.287520047771885,1170.4012830574006,2097152.0,2,0.5,0.5,0.0,0.0,0.0,83.57365576814853,0.006300004315562546,0.0,66.80934978481531,16.758005979017653,0,0,0,18.52277013584026,65.05088563230827,0.0,1048576,1048576,0,8,4,0.25,2,0.5,0,1,1.0,0.17369072493825644,3,0,3,0.0,2.0,0.5,2.0,3,0.5,0.5,0.0,0.94921875,0.05078125,0.0,256,1024,0,0.0,514.7774073316843,263.2502000487875,0.0,224.93765238884546,26.58955489405146,0,1158.1252264992477,0,720.6694265011142,1.4480786410197573e-06,2.797240365896997e-07,2.0900630423867905e-06,3.352866837076884e-08,8.617819118425174e-08,9.658383289461018e-07,4.90341090849737e-06,no_nsga2,nsga2
0,32,32,train,3.1096328496932983,0.22265625,0.51953125,8,64,512,419.8658999957843,68.72820839148693,11.448588322215212,44.60154074810744,36.994800000684336,6.166902870672824,13.612872518450995,19.77977538912382,0.006999995093792677,0.0,12.049034776802678,7.723740617227349,0,19.053657242522156,1219.434063521418,2097152.0,2,0.5,0.0,0.5,0.0,0.0,45.1464528434289,0.006100002792663872,0.0,26.117247839303907,19.023105001332326,0,0,0,18.19997254536954,0.0,26.946480298059356,1048576,0,1048576,8,4,0.25,2,0.5,0,1,1.0,0.2877900422484528,3,3,0,1.0,0.0,0.0,1.0,0,0.5,0.5,0.0,0.94140625,0.05859375,0.0,256,1024,0,0.0,499.11334984723834,247.7196999680018,0.0,226.1972255716605,25.196424307576045,0,1158.1252264992477,0,738.2593265034634,1.3745641678297387e-06,2.747661197331651e-07,2.0864339467528786e-06,3.083451435336412e-08,8.167723511070596e-08,5.053574890304077e-07,4.35363347281026e-06,no_nsga2,nsga2
0,33,33,train,2.962537169456482,0.208984375,0.5546875,8,64,512,454.52660000592005,72.68714012216182,11.160006377678034,44.59202037435352,37.96289999445435,6.360726428386168,12.177831939229236,18.538558367615405,0.007000009645707905,0.0,11.334666717968549,7.196891640001147,0,17.60069135492719,1126.4442467153401,2097152.0,2,0.5,0.5,0.0,0.0,0.0,83.91345439536462,0.00650000583846122,0.0,66.1947687410229,17.712185648503272,0,0,0,17.701276339028077,66.21217805633654,0.0,1048576,1048576,0,8,4,0.25,2,0.5,0,1,1.0,0.19776869931901056,3,0,3,0.0,2.0,0.5,2.0,3,0.5,0.5,0.0,0.9560546875,0.0439453125,0.0,256,1024,0,0.0,513.7566674967736,264.00559999456163,0.0,224.41979641724106,25.331271084970837,0,1158.1252264992477,0,703.5986264933276,1.4537428024432367e-06,2.6784015306427283e-07,2.08494886836661e-06,3.1803632141930846e-08,7.306699163537541e-08,9.715589000663192e-07,4.882961347717744e-06,no_nsga2,nsga2
0,34,34,train,2.9113102555274963,0.2265625,0.583984375,8,64,512,433.38580000272486,72.3020579575242,10.930460679836767,45.572394133707284,40.47769999306183,6.192395917448765,13.203489243291427,19.395885160740193,0.006300004315562546,0.0,11.416033824093686,7.973551332330944,0,18.459260872619335,1181.3926958476375,2097152.0,2,0.5,0.5,0.0,0.0,0.0,84.0331570351791,0.005600013537332416,0.0,65.8477485322351,18.17980848940668,0,0,0,18.34718318058258,65.68597385459653,0.0,1048576,1048576,0,8,4,0.25,2,0.5,0,1,1.0,0.241032865595602,3,3,0,1.0,0.0,0.0,1.0,0,0.5,0.5,0.0,0.94921875,0.05078125,0.0,256,1024,0,0.0,515.219651084273,261.7595000047004,0.0,229.67092035973508,23.78923071983758,0,1158.1252264992477,0,724.7394264965228,1.446041159150484e-06,2.623310563160824e-07,2.132821451774427e-06,3.0961979587243826e-08,7.922093545974855e-08,9.71703518060984e-07,4.92308010034897e-06,no_nsga2,nsga2
0,35,35,train,2.9034430980682373,0.232421875,0.556640625,8,64,512,196.4079000026686,22.545331237506105,11.428623244706952,45.18428988123301,37.868500003241934,6.5980643401398344,12.268987619592561,18.867051959732397,0.006700007361359894,0.0,12.172808943349548,6.687543009021487,0,40.73135178645827,2606.8065143333292,2097152.0,2,0.5,0.5,0.0,0.0,0.0,79.13086742353246,0.005099995178170502,0.0,60.680544870266296,18.44522255808799,0,0,0,19.912286306323487,59.21858111720897,0.0,1048576,1048576,0,8,4,0.25,2,0.5,0,1,1.0,0.2307606527190679,3,0,3,0.0,2.0,0.5,2.0,3,0.5,0.5,0.0,0.9521484375,0.0478515625,0.0,256,1024,0,0.0,316.6329774537843,64.57870005397126,0.0,229.5429442122628,22.511333187550257,0,1158.1252264992477,0,961.7173264965791,4.5090662475012215e-07,2.742869578729668e-07,2.1151312823080223e-06,3.299032170069918e-08,7.361392571755536e-08,9.097458364697424e-07,3.856674948819108e-06,no_nsga2,nsga2
0,36,36,train,2.8587446212768555,0.224609375,0.5625,8,64,512,364.47660000703763,63.53906137548414,11.472708592568079,44.59082880976288,37.41079999599606,5.562066406096115,14.158981437396957,19.72104784349307,0.006700007361359894,0.0,10.887905280628612,8.8264425555031,0,21.94922266785539,1404.750250742745,2097152.0,2,0.5,0.5,0.0,0.0,0.0,81.75511687315168,0.006300004315562546,0.0,63.57387309645831,18.174943772377816,0,0,0,17.367300452180388,64.38781642097129,0.0,1048576,1048576,0,8,4,0.25,2,0.5,0,1,1.0,0.25097720212391433,3,3,0,1.0,0.0,0.0,1.0,0,0.5,0.5,0.0,0.94921875,0.05078125,0.0,256,1024,0,0.0,478.4103951112604,225.80240001843777,0.0,228.5663518660782,24.041643226744426,0,1158.1252264992477,0,793.64862649221,1.270781227509683e-06,2.753450062216338e-07,2.086906714985614e-06,2.7810332030480572e-08,8.495388862438173e-08,9.463268015734593e-07,4.692123970945253e-06,no_nsga2,nsga2
0,37,37,train,2.7358264923095703,0.25,0.634765625,8,64,512,360.79039999458473,59.78500543313596,11.282389754086331,45.22529360655901,41.6514999960782,5.750587934705449,14.138832137569157,19.889420072274607,0.006799993570894003,0.0,12.038527651461237,7.844092427242476,0,22.173477527790507,1419.1025617785924,2097152.0,2,0.5,0.5,0.0,0.0,0.0,81.57420957198369,0.005599984433501959,0.0,63.12706530491429,18.44154428263589,0,0,0,19.299900519902963,62.27430905208072,0.0,1048576,1048576,0,8,4,0.25,2,0.5,0,1,1.0,0.19776869931901056,3,0,3,0.0,2.0,0.5,2.0,3,0.5,0.5,0.0,0.958984375,0.041015625,0.0,256,1024,0,0.0,465.1707551751251,212.50999996846076,0.0,228.05025903085695,24.61049617580749,0,1158.1252264992477,0,797.3348265046629,1.1957001086627192e-06,2.7077735409807194e-07,2.1170195585851768e-06,2.8752939673527248e-08,8.483299282541493e-08,9.402907138239981e-07,4.637373667668908e-06,no_nsga2,nsga2
0,38,38,train,2.6785449981689453,0.2421875,0.634765625,8,64,512,450.061800002004,72.41932230916062,12.176073172671616,44.63217612658475,40.967799999634735,5.880197171632203,15.919297144734202,21.799494316366406,0.006499991286545992,0.0,12.255774028166972,9.537220296912887,0,17.775297136231607,1137.6190167188229,2097152.0,2,0.5,0.5,0.0,0.0,0.0,80.10755917802705,0.006199989002197981,0.0,61.99277683844341,18.10858235058143,0,0,0,18.573691600230244,61.5338675777968,0.0,1048576,1048576,0,8,4,0.25,2,0.5,0,1,1.0,0.2091524583687337,3,3,0,1.0,0.0,0.0,1.0,0,0.5,0.5,0.0,0.95703125,0.04296875,0.0,256,1024,0,0.0,516.9102864336679,262.43259996408597,0.0,226.76933425471336,27.708352214868654,0,512.1108079978876,0,62.049007995883585,1.4483864461832125e-06,2.9222575614411877e-07,2.0893074615521362e-06,2.9400985858161016e-08,9.55157828684052e-08,9.241433269358638e-07,4.878979759541898e-06,no_nsga2,nsga2
0,39,39,train,2.5625616312026978,0.27734375,0.64453125,8,64,512,449.4965000048978,72.60787917970127,10.587662862171666,44.56041361556842,40.53369999746792,5.806131016982134,12.943333990600468,18.7494650075826,0.00650000583846122,0.0,11.18004279507437,7.562922206669771,0,17.797651822118766,1139.049716615601,2097152.0,2,0.5,0.5,0.0,0.0,0.0,77.48033599879444,0.006100002792663872,0.0,59.8932612171242,17.58097477887758,0,0,0,17.0562836309998,60.424052367794644,0.0,1048576,1048576,0,8,4,0.25,2,0.5,0,1,1.0,0.18595995617580352,3,0,3,0.0,2.0,0.5,2.0,3,0.5,0.5,0.0,0.94921875,0.05078125,0.0,256,1024,0,0.0,511.0238226297654,260.8680000412278,0.0,226.7838847504147,23.37193783812296,0,512.1108079978876,0,62.61430799298978,1.4521575835940255e-06,2.5410390869211996e-07,2.083686458531618e-06,2.903065508491067e-08,7.76600039436028e-08,8.956514647235336e-07,4.792290074569811e-06,no_nsga2,nsga2
0,40,40,train,2.562865734100342,0.265625,0.666015625,8,64,512,190.93810000049416,24.53087924334644,12.07857209622836,43.7948640471176,39.010799999232404,6.221781521112778,13.224846057051764,19.44662757816454,0.006700007361359894,0.0,11.605547224763384,7.834380346039797,0,41.89817591043058,2681.483258267557,2097152.0,2,0.5,0.5,0.0,0.0,0.0,81.89891677432043,0.005600013537332416,0.0,64.56682175653242,17.32649500425067,0,0,0,18.161512206969427,63.737404567351,0.0,1048576,1048576,0,8,4,0.25,2,0.5,0,1,1.0,0.241032865595602,3,3,0,1.0,0.0,0.0,1.0,0,0.5,0.5,0.0,0.9501953125,0.0498046875,0.0,256,1024,0,0.0,321.61726154676967,74.35229999828152,0.0,222.2862025954083,24.978758953079787,0,512.1108079978876,0,321.17270799739345,4.906175848669289e-07,2.898857303094806e-07,2.050043726979921e-06,3.110890760556389e-08,7.934907634231057e-08,9.464639768779062e-07,3.8874690029821115e-06,no_nsga2,nsga2
0,41,41,train,2.6311010122299194,0.251953125,0.650390625,8,64,512,451.75550000567455,73.2684636189539,11.386668888240369,44.88647489997333,40.75499999453314,6.4529090270266245,14.021560617011726,20.47446964403835,0.00689999433234334,0.0,11.782786156821132,8.684783492884877,0,17.708654994227004,1133.3539196305283,2097152.0,2,0.0,0.5,0.5,0.0,0.0,90.76570713506631,0.005599998985417187,0.0,72.54422350292977,18.215883633151126,0,0,0,0.0,64.83061346501248,25.93509367005383,0,1048576,1048576,8,4,0.25,2,0.5,0,1,1.0,0.18595995617580352,3,0,3,0.0,2.0,0.5,2.0,3,0.5,0.5,0.0,0.947265625,0.052734375,0.0,256,1024,0,0.0,518.1664296286704,264.9045000434853,0.0,228.94001670826214,24.321912876922966,0,512.1108079978876,0,60.355307992213056,1.465369272379078e-06,2.7328005331776886e-07,2.099202895708589e-06,3.2264545135133124e-08,8.412936370207034e-08,1.037318298280688e-06,4.991564428523327e-06,no_nsga2,nsga2
0,42,42,train,2.5533445477485657,0.25390625,0.658203125,8,64,512,413.8900999969337,69.91515368416769,10.889220316343051,44.83638991385586,38.274899998214096,6.3865855545138235,13.50873846955787,19.89532402407169,0.006400005077011883,0.0,12.449795250657495,7.439128768337188,0,19.32875580088402,1237.0403712565774,2097152.0,2,0.5,0.5,0.0,0.0,0.0,79.23898259488315,0.005599998985417187,0.0,62.24094897634605,16.99243361955169,0,0,0,17.18571942808494,62.05326316679822,0.0,1048576,1048576,0,8,4,0.25,2,0.5,0,1,1.0,0.19776865982085054,3,3,0,1.0,0.0,0.0,1.0,0,0.5,0.5,0.0,0.9462890625,0.0537109375,0.0,256,1024,0,0.0,502.5630556574664,252.5863000046229,0.0,226.76023725767794,23.216518395165586,0,512.1108079978876,0,98.22070800095389,1.398303073683354e-06,2.6134128759223315e-07,2.101195617094384e-06,3.1932927772569115e-08,8.105243081734721e-08,9.16496352282428e-07,4.790321689242316e-06,no_nsga2,nsga2
0,43,43,train,2.6185256242752075,0.255859375,0.650390625,8,64,512,436.5118999994593,73.2111138608976,10.892112406185285,44.73036504405676,51.17920000338927,5.969815542185044,13.268203532987076,19.23801907517212,0.006300004315562546,0.0,11.760510337948672,7.471208732907887,0,18.32706433191301,1172.9321172424327,2097152.0,2,0.0,0.5,0.5,0.0,0.0,85.8752351720115,0.00650000583846122,0.0,67.57630436651006,18.292430799662984,0,0,0,0.0,59.07308979948145,26.802145372530045,0,1048576,1048576,8,4,0.25,2,0.5,0,1,1.0,0.2201412464909665,3,0,3,0.0,2.0,0.5,2.0,3,0.5,0.5,0.0,0.9404296875,0.0595703125,0.0,256,1024,0,0.0,515.3343652445586,265.7171999599086,0.0,227.2728283838527,22.34433690079725,0,512.1108079978876,0,75.59890799842833,1.4642222772179519e-06,2.6141069774844683e-07,2.0929984244383255e-06,2.984907771092522e-08,7.960922119792245e-08,9.768985313190777e-07,4.90498822963265e-06,no_nsga2,nsga2
0,44,44,train,2.6319387555122375,0.236328125,0.626953125,8,64,512,417.67510000499897,68.10556021617367,10.738896363017247,44.01304539908433,40.686899999855086,6.162288711952199,12.953431032550302,19.1157197445025,0.006600006599910557,0.0,11.324722129472814,7.784397608429776,0,19.153597727770997,1225.8302545773438,2097152.0,2,0.5,0.5,0.0,0.0,0.0,78.50178869179318,0.005799985956400633,0.0,60.54126438999573,17.954724315841055,0,0,0,19.04297850068291,59.458810191110274,0.0,1048576,1048576,0,8,4,0.25,2,0.5,0,1,1.0,0.2877900422484528,3,3,0,1.0,0.0,0.0,1.0,0,0.5,0.5,0.0,0.953125,0.046875,0.0,256,1024,0,0.0,491.43000791310095,247.1194999961881,0.0,220.51737997199484,23.79312794491804,0,512.1108079978876,0,94.43570799288864,1.3621112043234735e-06,2.577335127124139e-07,2.05936663121019e-06,3.0811443559761e-08,7.772058619530181e-08,9.039355073001524e-07,4.691678885301292e-06,no_nsga2,nsga2
0,45,45,train,2.5785552263259888,0.26953125,0.673828125,8,64,512,434.76709999958985,71.66324744657788,11.620345148863096,44.25389467533728,39.95320000103675,6.682647563228176,13.874067097845984,20.55671466107416,0.007099995855242014,0.0,11.68846359422172,8.8611510709972,0,18.40061402850749,1177.6392978244794,2097152.0,2,0.5,0.0,0.5,0.0,0.0,43.695798057546966,0.006000002031214535,0.0,24.922206257294338,18.767591798221417,0,0,0,18.166839413571264,0.0,25.528958643975706,1048576,0,1048576,8,4,0.25,2,0.5,0,1,1.0,0.17369072493825644,3,0,3,0.0,2.0,0.5,2.0,3,0.5,0.5,0.0,0.9541015625,0.0458984375,0.0,256,1024,0,0.0,510.149949083113,259.49979992583394,0.0,222.2534514942856,28.39669766299346,0,512.1108079978876,0,77.34370799829776,1.4332649489315577e-06,2.788882835727143e-07,2.0675802748249963e-06,3.3413237816140884e-08,8.324440258707589e-08,4.880158978634211e-07,4.384407045595906e-06,no_nsga2,nsga2
0,46,46,train,2.642108678817749,0.23828125,0.6484375,8,64,512,196.02170000143815,22.873478876480533,11.170599105588495,44.98446927398822,42.212299988023005,5.796260446677618,12.46748874727756,18.263749193955178,0.00689999433234334,0.0,11.805005530593478,6.451843669029356,0,40.81159988073477,2611.942392367025,2097152.0,2,0.0,0.5,0.5,0.0,0.0,89.33904534280938,0.005599998985417187,0.0,72.026761252292,17.306684091531952,0,0,0,0.0,63.58157937053985,25.75746597226953,0,1048576,1048576,8,4,0.25,2,0.5,0,1,1.0,0.13364216641330787,3,3,0,1.0,0.0,0.0,1.0,0,0.5,0.5,0.0,0.958984375,0.041015625,0.0,256,1024,0,0.0,316.114189024229,66.2354000232881,0.0,226.64606402297244,23.232724977968452,0,512.1108079978876,0,316.08910799644946,4.574695775296107e-07,2.6809437853412385e-07,2.1035095141077492e-06,2.898130223338809e-08,7.480493248366535e-08,1.0205536121691733e-06,3.953413317057711e-06,no_nsga2,nsga2
0,47,47,train,2.5196433067321777,0.30078125,0.66015625,8,64,512,433.7299000035273,72.08185076451687,10.81367713047085,44.080758866677044,38.66060001018923,6.651867920511731,12.579257429843334,19.231125350355065,0.007400012691505253,0.0,12.061177033660343,7.162548304003217,0,18.444616235400662,1180.4554390656424,2097152.0,2,0.5,0.5,0.0,0.0,0.0,86.87030492415799,0.00650000583846122,0.0,68.35590856386969,18.507896354449834,0,0,0,19.1411556950362,67.72914922912179,0.0,1048576,1048576,0,8,4,0.25,2,0.5,0,1,1.0,0.20915249756217386,3,0,3,0.0,2.0,0.5,2.0,3,0.5,0.5,0.0,0.951171875,0.048828125,0.0,256,1024,0,0.0,507.905147046659,259.9772999819834,0.0,225.49333504909652,22.43451201557914,0,512.1108079978876,0,78.38090799436031,1.4416370152903375e-06,2.595282511313004e-07,2.0645526752857246e-06,3.325933960255866e-08,7.547554457906e-08,1.0041613476998234e-06,4.878614173588804e-06,no_nsga2,nsga2
0,48,48,train,2.649404227733612,0.259765625,0.615234375,8,64,512,319.04210000357125,51.34524774941083,11.075338774499201,44.450577957628234,41.08289998839609,6.751062696108961,13.188378179249895,19.939440875358855,0.00689999433234334,0.0,13.101887422171792,6.8306534588547185,0,25.074982031927508,1604.7988500433605,2097152.0,2,0.5,0.0,0.5,0.0,0.0,44.88187801909636,0.005799985956400633,0.0,26.73676276017464,18.13931527296532,0,0,0,18.333767786159235,0.0,26.548110232937127,1048576,0,1048576,8,4,0.25,2,0.5,0,1,1.0,0.2201412464909665,3,3,0,1.0,0.0,0.0,1.0,0,0.5,0.5,0.0,0.943359375,0.056640625,0.0,256,1024,0,0.0,427.4846579261531,176.03630002122372,0.0,227.3948811050888,24.053476799840514,0,512.1108079978876,0,193.06870799431636,1.0269049549882167e-06,2.6580813058798075e-07,2.0802363427573355e-06,3.3755313480544804e-08,7.913026907549936e-08,5.019150006568378e-07,3.987750011546414e-06,no_nsga2,nsga2
0,49,49,train,2.549524188041687,0.279296875,0.658203125,8,64,512,446.8663000006927,72.74488254700955,10.56820915542528,44.52179679164882,42.09650000848342,6.058705156902159,13.07781515508093,19.13652031198309,0.006400019628927112,0.0,11.657346747407907,7.472773544946255,0,17.902406374303062,1145.754007955396,2097152.0,2,0.5,0.5,0.0,0.0,0.0,79.72436462302457,0.005599998985417187,0.0,60.53457004557478,19.18419457846437,0,0,0,19.315611153997992,60.40875346902658,0.0,1048576,1048576,0,8,4,0.25,2,0.5,0,1,1.0,0.14759070521249812,3,0,3,0.0,2.0,0.5,2.0,3,0.5,0.5,0.0,0.94921875,0.05078125,0.0,256,1024,0,0.0,511.33955397633457,262.98319999477826,0.0,225.17588084334673,23.18047313820952,0,512.1108079978876,0,65.24450799719489,1.454897650940191e-06,2.536370197302067e-07,2.083503928072071e-06,3.0293525784510796e-08,7.846689093048557e-08,9.180611531682988e-07,4.8188601686257635e-06,no_nsga2,nsga2
0,50,50,train,2.605969786643982,0.27734375,0.62109375,8,64,512,317.9480000108015,53.604608549397085,10.928286403621597,44.487662503979415,40.00140000425745,6.571782163323034,13.06831264961503,19.640094812938067,0.00689999433234334,0.0,12.332879043918666,7.300315774687057,0,25.16126800124618,1610.3211520797556,2097152.0,2,0.5,0.5,0.0,0.0,0.0,81.65054397929123,0.005599984433501959,0.0,64.54258828735402,17.102355707503698,0,0,0,18.072432831016762,63.57811114827446,0.0,1048576,1048576,0,8,4,0.25,2,0.5,0,1,1.0,0.241032865595602,3,3,0,1.0,0.0,0.0,1.0,0,0.5,0.5,0.0,0.94921875,0.05078125,0.0,256,1024,0,0.0,436.0822298279924,185.32630003755912,0.0,227.2392497644159,23.51668002601744,0,512.1108079978876,0,194.16280798708613,1.072092170987942e-06,2.6227887368691823e-07,2.0815337475620475e-06,3.2858910816615175e-08,7.840987589769017e-08,9.43661662089461e-07,4.4708352410406735e-06,no_nsga2,nsga2
0,51,51,train,2.5341638922691345,0.2734375,0.677734375,8,64,512,432.9596000025049,71.35667869026557,11.14590322994165,44.46887526667808,47.05249999824446,6.308698637130807,13.506629035723126,19.815327672853932,0.006599992047995329,0.0,12.431516427167818,7.377211253638121,0,18.477431895543653,1182.5556413147938,2097152.0,2,0.5,0.0,0.5,0.0,0.0,45.4735339249349,0.006100002792663872,0.0,26.534030601611555,18.933403320530676,0,0,0,18.47679132186705,0.0,26.996742603067844,1048576,0,1048576,8,4,0.25,2,0.5,0,1,1.0,0.18595995617580352,3,0,3,0.0,2.0,0.5,2.0,3,0.5,0.5,0.0,0.94921875,0.05078125,0.0,256,1024,0,0.0,507.88582874754115,257.00299997697584,0.0,227.2375694086031,23.64525936196229,0,512.1108079978876,0,79.15120799538272,1.4271335738053115e-06,2.6750167751859955e-07,2.082293032505111e-06,3.154349318565404e-08,8.103977421433875e-08,5.087288244554846e-07,4.398240375684499e-06,no_nsga2,nsga2
0,52,52,train,2.4599087834358215,0.298828125,0.65625,8,64,512,7554.560499993386,1436.730677226678,47.35279651233261,44.62826866801121,52.65720000898,528.5887797382568,77.83695456692988,606.4257343051867,0.007199996616691351,0.0,11.709566445096733,594.7089678634732,0,1.0589628531062993,67.77362259880316,2097152.0,2,0.5,0.5,0.0,0.0,0.0,80.90885165615776,0.004899993655271828,0.0,62.80213792439928,18.101813738103196,0,0,0,18.149453593467513,62.759398062690245,0.0,1048576,1048576,0,8,4,0.25,2,0.5,0,1,1.0,0.19776865982085054,3,3,0,1.0,0.0,0.0,1.0,0,0.5,0.5,0.0,0.9453125,0.0546875,0.0,256,1024,0,0.0,6114.846969628088,4757.159399974626,0.0,221.70826814860786,1135.9793015048538,0,1683.1910534992435,1,-5871.369446494142,2.873461354453356e-05,1.1364671162959823e-06,2.0811329255681984e-06,2.6429438986912843e-06,4.670217274015792e-07,9.346073126869581e-07,3.599678652517756e-05,no_nsga2,nsga2
0,53,53,train,2.5203590989112854,0.2890625,0.671875,8,64,512,437.2743999992963,72.52015279816251,11.919986901781037,45.47349504966365,36.86500000185333,5.554179355888848,13.784374366609331,19.33855372249818,0.006300004315562546,0.0,11.357171903886076,7.97508181429654,0,18.295106470688438,1170.88681412406,2097152.0,2,0.5,0.5,0.0,0.0,0.0,77.34683230148535,0.005699999746866524,0.0,59.62584937803651,17.715282923701963,0,0,0,16.90923765889219,60.437594642593155,0.0,1048576,1048576,0,8,4,0.25,2,0.5,0,1,1.0,0.2091524583687337,3,0,3,0.0,2.0,0.5,2.0,3,0.5,0.5,0.0,0.939453125,0.060546875,0.0,256,1024,0,0.0,519.6545389984287,261.809000003268,0.0,230.48305640946947,27.362482585691303,0,1683.1910534992435,0,1245.9166534999472,1.4504030559632504e-06,2.860796856427449e-07,2.1251681610687156e-06,2.777089677944424e-08,8.270624619965598e-08,8.943435123000398e-07,4.8664715579538505e-06,no_nsga2,nsga2
0,54,54,train,2.5892568826675415,0.228515625,0.64453125,8,64,512,422.9849999974249,68.43009854274851,11.660756927372052,44.947235801127995,38.547600008314475,6.472290290039039,13.016117964482447,19.488408254521488,0.006799993570894003,0.0,11.825551408486989,7.656056852463603,0,18.91315551826468,1210.4419531689396,2097152.0,2,0.5,0.5,0.0,0.0,0.0,86.0561360294566,0.005399982910603285,0.0,66.38946451227119,19.661271534274803,0,0,0,19.593754781029773,66.46238124842682,0.0,1048576,1048576,0,8,4,0.25,2,0.5,0,1,1.0,0.2201412853775118,3,3,0,1.0,0.0,0.0,1.0,0,0.5,0.5,0.0,0.9521484375,0.0478515625,0.0,256,1024,0,0.0,500.15236508499424,247.95339997217525,0.0,226.79506422223523,25.403900890583795,0,1681.942861495912,0,1258.957861498487,1.3686019708549701e-06,2.798581662569292e-07,2.1035275781261733e-06,3.2361451450195195e-08,7.809670778689468e-08,9.934861227914195e-07,4.855931997266582e-06,no_nsga2,nsga2
0,55,55,train,2.4908633828163147,0.2734375,0.66796875,8,64,512,338.7725000065984,52.138814968172994,11.012507851988072,45.53393822876379,43.12990000471473,5.751663244761462,14.02445218291447,19.776115427675933,0.006200018106028438,0.0,12.003068748000878,7.7668466615690255,0,23.61459795363032,1511.3342690323404,2097152.0,2,0.5,0.0,0.5,0.0,0.0,45.424767028800275,0.005700014298781753,0.0,26.833954560784854,18.58511245371664,0,0,0,17.8616868051314,0.0,27.56308022366888,1048576,0,1048576,8,4,0.25,2,0.5,0,1,1.0,0.18595995617580352,3,0,3,0.0,2.0,0.5,2.0,3,0.5,0.5,0.0,0.9541015625,0.0458984375,0.0,256,1024,0,0.0,434.7410441956994,181.99860004824586,0.0,226.83989471255998,25.902549434893537,0,1681.942861495912,0,1343.1703614893136,1.0427762993634598e-06,2.643001884477137e-07,2.1258452836033146e-06,2.8758316223807317e-08,8.41467130974868e-08,5.093738307353405e-07,4.055200631471122e-06,no_nsga2,nsga2
0,56,56,train,2.5451115369796753,0.275390625,0.662109375,8,64,512,326.51819998864084,53.90649219598888,12.035870360654755,45.677620985493064,38.29019999830052,6.3204003616118385,14.747684543715941,21.06808490532778,0.006700007361359894,0.0,12.100612291178923,8.960772606787497,0,24.50085630578021,1568.0548035699335,2097152.0,2,0.5,0.5,0.0,0.0,0.0,80.13032129736655,0.005900015821680427,0.0,62.577902813529406,17.546518468015464,0,0,0,18.386072611495987,61.74424868587056,0.0,1048576,1048576,0,8,4,0.25,2,0.5,0,1,1.0,0.25097720212391433,3,3,0,1.0,0.0,0.0,1.0,0,0.5,0.5,0.0,0.947265625,0.052734375,0.0,256,1024,0,0.0,446.4799341685467,187.2181999933673,0.0,231.53673586963424,27.724998305545228,0,1681.942861495912,0,1355.4246615072711,1.0781298439197777e-06,2.8886088865571414e-07,2.136093065081234e-06,3.16020018080592e-08,8.848610726229563e-08,9.247917103454064e-07,4.547963617072487e-06,no_nsga2,nsga2
0,57,57,train,2.4728504419326782,0.275390625,0.669921875,8,64,512,417.7890999999363,68.58542591221067,11.691357647462823,44.29817034467521,38.29690000566188,6.209068010394072,16.00971230984628,22.21878032024035,0.00689999433234334,0.0,11.62109186493024,10.590788460977768,0,19.14837139511257,1225.4957692872044,2097152.0,2,0.5,0.5,0.0,0.0,0.0,80.4975914986255,0.005399997462518513,0.0,63.703516230461034,16.788675270701944,0,0,0,17.619500681691594,62.878090816933906,0.0,1048576,1048576,0,8,4,0.25,2,0.5,0,1,1.0,0.19776865982085054,3,0,3,0.0,2.0,0.5,2.0,3,0.5,0.5,0.0,0.943359375,0.056640625,0.0,256,1024,0,0.0,498.2998156173948,246.88190004962962,0.0,222.90218416903735,28.515731398727816,0,1681.942861495912,0,1264.1537614959757,1.3717085182442133e-06,2.805925835391077e-07,2.068510880621776e-06,3.104534005197036e-08,9.605827385907766e-08,9.307320966201228e-07,4.778647692936267e-06,no_nsga2,nsga2
0,58,58,train,2.4627293944358826,0.275390625,0.68359375,8,64,512,436.0173000022769,72.18562367597728,11.565215310002921,44.26451135944835,41.18719999678433,5.729759715987473,14.022080394363087,19.75184011035056,0.006900008884258568,0.0,12.000815044760621,7.744125056705679,0,18.347853748244567,1174.2626398876523,2097152.0,2,0.5,0.5,0.0,0.0,0.0,79.99801780930444,0.00549999822396785,0.0,62.45236441629136,17.540153394789115,0,0,0,18.301711552430092,61.69630625687435,0.0,1048576,1048576,0,8,4,0.25,2,0.5,0,1,1.0,0.17369072493825644,3,3,0,1.0,0.0,0.0,1.0,0,0.5,0.5,0.0,0.9501953125,0.0498046875,0.0,256,1024,0,0.0,512.0614013817142,260.3374999889638,0.0,227.78311697745164,23.94078441529875,0,1678.5797820023377,0,1242.5624820000608,1.443712473519546e-06,2.775651674400701e-07,2.0707247117050604e-06,2.864879857993737e-08,8.413248236617851e-08,9.23372790606793e-07,4.828156424217586e-06,no_nsga2,nsga2
0,59,59,train,2.440565049648285,0.29296875,0.6875,8,64,512,417.69380000187084,72.09023786366467,10.941628656894952,44.86801707913638,38.58199999376666,5.926941592057198,13.642703798574978,19.569645390632175,0.006299989763647318,0.0,12.08378221256036,7.47956318830817,0,19.152740230340836,1225.7753747418135,2097152.0,2,0.5,0.5,0.0,0.0,0.0,78.7018363129474,0.006099988240748644,0.0,60.90195613269708,17.79378019200958,0,0,0,17.67393345195317,61.02790286099424,0.0,1048576,1048576,0,8,4,0.25,2,0.5,0,1,1.0,0.24103284089209526,3,0,3,0.0,2.0,0.5,2.0,3,0.5,0.5,0.0,0.9423828125,0.0576171875,0.0,256,1024,0,0.0,511.59953439878404,261.58680001390167,0.0,226.4169459138783,23.595788471004106,0,501.70211850738275,0,84.00831850551191,1.4418047572732936e-06,2.625990877654789e-07,2.099454550204627e-06,2.9634707960285993e-08,8.185622279144985e-08,9.090741688514625e-07,4.824423494846598e-06,no_nsga2,nsga2
0,60,60,train,2.3897477984428406,0.306640625,0.697265625,8,64,512,419.8591000022134,70.64437668667372,11.6256295597514,44.69863825331837,39.913000000524335,6.21007855832362,14.156221824676532,20.36630038300015,0.00689999433234334,0.0,12.493843648863084,7.865556739804724,0,19.053965832804373,1219.4538132994799,2097152.0,2,0.5,0.0,0.5,0.0,0.0,42.395672083953144,0.006099988240748644,0.0,25.190757518514246,17.19881457719815,0,0,0,16.92829358609542,0.0,25.467378497857723,1048576,0,1048576,8,4,0.25,2,0.5,0,1,1.0,0.25097720212391433,3,3,0,1.0,0.0,0.0,1.0,0,0.5,0.5,0.0,0.9462890625,0.0537109375,0.0,256,1024,0,0.0,507.874577998974,254.25829997402616,0.0,229.48634861555416,24.12992940939369,0,498.6075655063906,0,78.7484655041772,1.4128875337334747e-06,2.790151094340336e-07,2.0923662720814915e-06,3.105039279161811e-08,8.493733094805918e-08,4.748914778352469e-07,4.375148116823924e-06,no_nsga2,nsga2
0,61,61,train,2.5987502336502075,0.234375,0.615234375,8,64,512,434.88140001136344,72.17067197590643,11.764156838582387,44.83488708804035,40.166999999200925,5.89139526906078,14.715330471778096,20.606725740838876,0.007199996616691351,0.0,12.004246324747431,8.595279419474753,0,18.395777800598417,1177.3297792382987,2097152.0,2,0.0,0.0,1.0,0.0,0.0,53.37273024387649,0.00549999822396785,0.0,34.69353090588355,18.67369933976898,0,0,0,0.0,0.0,26.686365121938245,0,0,2097152,8,4,0.25,2,0.5,0,1,1.0,0.18595995617580352,3,0,3,0.0,2.0,0.5,2.0,3,0.5,0.5,0.0,0.9501953125,0.0498046875,0.0,256,1024,0,0.0,515.0788636101166,261.93989999592304,0.0,228.3223302894549,24.816633324738675,0,498.6075655063906,0,63.726165495027146,1.4434134395181285e-06,2.8233976412597727e-07,2.0986779587737496e-06,2.9456976345303906e-08,8.829198283066857e-08,5.852683270430156e-07,4.527448448636844e-06,no_nsga2,nsga2
0,62,62,train,2.4534331560134888,0.259765625,0.681640625,8,64,512,437.2787000029348,72.80613124161077,10.905467914571338,43.779971029080315,39.53019999607932,6.4499300712486844,13.349847477280536,19.79977754852922,0.006599992047995329,0.0,12.904569282749554,6.888608273731671,0,18.294926565185417,1170.8753001718667,2097152.0,2,0.5,0.5,0.0,0.0,0.0,81.22947782577901,0.005999987479299307,0.0,61.78841117566172,19.435066662637993,0,0,0,18.980395312153817,62.2490825136252,0.0,1048576,1048576,0,8,4,0.25,2,0.5,0,1,1.0,0.241032865595602,3,3,0,1.0,0.0,0.0,1.0,0,0.5,0.5,0.0,0.94140625,0.05859375,0.0,256,1024,0,0.0,509.9662807410497,263.57660003122874,0.0,222.84090338632376,23.548777323497198,0,498.6075655063906,0,61.3288655034558,1.4561226248322156e-06,2.6173122994971204e-07,2.046636272823561e-06,3.2249650356243425e-08,8.00990848636832e-08,9.367929432850403e-07,4.813631806110456e-06,no_nsga2,nsga2
0,63,63,train,2.594018280506134,0.25,0.65625,8,64,512,332.4529999954393,51.57751880227211,11.056656883338716,44.47936106959342,49.467899996670894,6.5992083565780355,13.480299035017943,20.07950739159598,0.006999995093792677,0.0,12.016017670515849,8.056489725986337,0,24.063479459142457,1540.0626853851172,2097152.0,2,0.5,0.5,0.0,0.0,0.0,81.90706067504323,0.006600006599910557,0.0,62.32228415637229,19.57817651207102,0,0,0,18.92731489216036,62.979745782882866,0.0,1048576,1048576,0,8,4,0.25,2,0.5,0,1,1.0,0.26061071707684524,3,0,3,0.0,2.0,0.5,2.0,3,0.5,0.5,0.0,0.9521484375,0.0478515625,0.0,256,1024,0,0.0,428.454147020817,181.47579998185392,0.0,221.45036027515638,25.527986763806688,0,496.09266850442515,0,163.63966850898584,1.0315503760454422e-06,2.653597652001291e-07,2.080900233370536e-06,3.299604178289018e-08,8.088179421010765e-08,9.450300983161979e-07,4.436718308925303e-06,no_nsga2,nsga2
0,64,64,train,2.6138516664505005,0.244140625,0.6171875,8,64,512,4151.240299994242,65.66043480116647,695.770479709321,44.68419863237117,72.85979999869596,6.612726431708065,1054.5595740056185,1061.1723004373266,0.007100010407157242,0.0,12.231183785976164,1048.9340166409434,0,1.9271344212178405,123.33660295794179,2097152.0,2,0.5,0.5,0.0,0.0,0.0,85.68995805112556,0.004999994416721165,0.0,67.98435875752068,17.70059929918816,0,0,0,18.491064345805597,67.19889370531996,0.0,1048576,1048576,0,8,4,0.25,2,0.5,0,1,1.0,0.2307606527190679,3,3,0,1.0,0.0,0.0,1.0,0,0.5,0.5,0.0,0.947265625,0.052734375,0.0,256,1024,0,0.0,3224.4604525714344,1054.2768000013893,0.0,225.31201226837842,1944.8716403016665,0,2735.119353999314,1,-1416.1209459949282,1.3132086960233296e-06,1.6698491513023704e-05,2.0887949350343118e-06,3.306363215854033e-08,6.327357444033711e-06,9.912973679218954e-07,2.745221358819549e-05,no_nsga2,nsga2
0,65,65,train,2.5580788254737854,0.28125,0.642578125,8,64,512,451.0028999939095,73.18953679057924,10.745948284653082,44.067514412003106,39.10939999332186,6.633386910649867,14.241736039476727,20.875122950126595,0.006600006599910557,0.0,13.017552351823321,7.850970591703364,0,17.738205811763567,1135.2451719528683,2097152.0,2,0.5,0.5,0.0,0.0,0.0,78.27368458585651,0.006200018106028438,0.0,59.70327019721274,18.564214370537748,0,0,0,18.049577353725226,60.22410723213129,0.0,1048576,1048576,0,8,4,0.25,2,0.5,0,1,1.0,0.241032865595602,3,0,3,0.0,2.0,0.5,2.0,3,0.5,0.5,0.0,0.9599609375,0.0400390625,0.0,256,1024,0,0.0,512.0119979489417,266.4877999777673,0.0,220.78734715376154,24.736850817412915,0,2735.119353999314,0,2284.1164540054046,1.4637907358115853e-06,2.5790275883167396e-07,2.0608382106619352e-06,3.316693455324934e-08,8.545041623686035e-08,9.031850603228277e-07,4.8043341164181314e-06,no_nsga2,nsga2
0,66,66,train,2.5087706446647644,0.24609375,0.650390625,8,64,512,341.7509999999311,52.728962761247644,11.65846363470854,43.695584477478825,43.433400001958944,5.764807605445427,13.285881427242618,19.050689032688044,0.007299997378140688,0.0,10.82934605735141,8.214042977958496,0,23.408787658891868,1498.1624101690795,2097152.0,2,0.5,0.5,0.0,0.0,0.0,84.34804794636045,0.005199981387704611,0.0,66.91504159494457,17.427806370028183,0,0,0,18.25632571960241,66.09172222675804,0.0,1048576,1048576,0,8,4,0.25,2,0.5,0,1,1.0,0.14759070521249812,3,3,0,1.0,0.0,0.0,1.0,0,0.5,0.5,0.0,0.9541015625,0.0458984375,0.0,256,1024,0,0.0,432.3320434937401,182.83939998946153,0.0,225.04110786047005,24.451535643808462,0,2735.119353999314,0,2393.368353999383,1.0545792552249532e-06,2.798031272330049e-07,2.044944153619553e-06,2.882403802722714e-08,7.97152885634557e-08,9.756639239171204e-07,4.463529786585314e-06,no_nsga2,nsga2
0,67,67,train,2.6792938113212585,0.208984375,0.59375,8,64,512,137.077200008207,22.484499752607128,12.700039157969368,46.73766729088294,40.994000009959564,6.1836691971005475,14.21101502045363,20.39468421755418,0.007299997378140688,0.0,12.217715356769208,8.169668863406827,0,58.360848037988774,3735.0942744312815,2097152.0,2,0.5,0.5,0.0,0.0,0.0,79.83414479959322,0.005900001269765198,0.0,62.28624997105686,17.541994827266585,0,0,0,17.78277029108407,62.05137450850914,0.0,1048576,1048576,0,8,4,0.25,2,0.5,0,1,1.0,0.19776865982085054,3,0,3,0.0,2.0,0.5,2.0,3,0.5,0.5,0.0,0.9501953125,0.0498046875,0.0,256,1024,0,0.0,327.6888248058377,70.13789998018183,0.0,229.07477495928296,28.47614986637293,0,2735.119353999314,0,2598.042153991107,4.4968999505214264e-07,3.048009397912648e-07,2.1785929536215396e-06,3.0918345985502744e-08,8.526609012272176e-08,9.224441970129504e-07,3.971712521586123e-06,no_nsga2,nsga2
0,68,68,train,2.496301591396332,0.306640625,0.66015625,8,64,512,223.12159999273717,24.231518840745018,14.267318487655707,45.248844128653346,52.755299999262206,5.882933411484355,19.649912747885438,25.532846159369793,0.007299997378140688,0.0,12.148500150588632,13.377046011403019,0,35.85472740215651,2294.702553738017,2097152.0,2,0.5,0.5,0.0,0.0,0.0,76.98739860679693,0.006000002031214535,0.0,59.378057741100115,17.6033408636656,0,0,0,17.289911313151627,59.6974872936453,0.0,1048576,1048576,0,8,4,0.25,2,0.5,0,1,1.0,0.2091524583687337,3,3,0,1.0,0.0,0.0,1.0,0,0.5,0.5,0.0,0.9599609375,0.0400390625,0.0,256,1024,0,0.0,334.9907258282163,71.9050000043353,0.0,227.80995099956,35.27577482432095,0,2735.119353999314,0,2511.997754006577,4.846303768149004e-07,3.424156437037369e-07,2.1134153005476174e-06,2.9414667057421775e-08,1.1789947648731261e-07,8.892689606552599e-07,3.977044425266249e-06,no_nsga2,nsga2
0,69,69,train,2.548950731754303,0.3203125,0.619140625,8,64,512,194.20989998616278,22.793254133997205,11.366784984582747,44.37790539103473,39.02770001150202,5.890937612914298,12.131838915225202,18.022776528139502,0.006499991286545992,0.0,11.030051397160673,6.986225139692282,0,41.19233266809426,2636.3092907580326,2097152.0,2,0.5,0.5,0.0,0.0,0.0,80.24505584275852,0.005299996701069176,0.0,60.961872208025554,19.27788363803188,0,0,0,18.680030279348806,61.565025563409705,0.0,1048576,1048576,0,8,4,0.25,2,0.5,0,1,1.0,0.26994862967019156,3,0,3,0.0,2.0,0.5,2.0,3,0.5,0.5,0.0,0.94921875,0.05078125,0.0,256,1024,0,0.0,314.1517780384587,66.54539999726694,0.0,223.90313405165043,23.703243989541335,0,2735.119353999314,0,2540.9094540131514,4.558650826799442e-07,2.728028396299859e-07,2.076009654880558e-06,2.9454688064571493e-08,7.279103349135121e-08,9.255806095544044e-07,3.832503908300815e-06,no_nsga2,nsga2
0,70,70,train,2.530198812484741,0.26953125,0.626953125,8,64,512,206.09809999587014,24.967472874623347,11.93369448514777,43.665235348143284,37.227599998004735,6.467541117687212,13.359574411483592,19.827115529170804,0.005999987479299307,0.0,12.193848708553848,7.627266833137657,0,38.81627818928033,2484.2418041139413,2097152.0,2,0.5,0.5,0.0,0.0,0.0,85.93011205052458,0.006000016583129764,0.0,66.68709983136982,19.237012202571638,0,0,0,18.656844124243765,67.27326792628082,0.0,1048576,1048576,0,8,4,0.25,2,0.5,0,1,1.0,0.19776869931901056,3,3,0,1.0,0.0,0.0,1.0,0,0.5,0.5,0.0,0.951171875,0.048828125,0.0,256,1024,0,0.0,322.26561083165757,73.81170000007842,0.0,223.3751899256323,25.078720905946852,0,2735.119353999314,0,2529.021254003444,4.99349457492467e-07,2.8640866764354643e-07,2.040900521230352e-06,3.233770558843606e-08,8.015744646890154e-08,9.938476563578075e-07,3.9330014547815106e-06,no_nsga2,nsga2
0,71,71,train,2.5357585549354553,0.27734375,0.6484375,8,64,512,429.94140001246706,72.26858568990173,11.207041466420222,43.227529529878815,39.598200004547834,5.67018011443462,13.457399791741043,19.12757990617566,0.007100010407157242,0.0,11.785169313746128,7.335310582022378,0,18.60714365405232,1190.8571938593484,2097152.0,2,0.5,0.5,0.0,0.0,0.0,83.54583844116833,0.005800000508315861,0.0,65.64753505906181,17.892503381598214,0,0,0,18.879031373913065,64.66680706725526,0.0,1048576,1048576,0,8,4,0.25,2,0.5,0,1,1.0,0.18595995617580352,3,0,3,0.0,2.0,0.5,2.0,3,0.5,0.5,0.0,0.951171875,0.048828125,0.0,256,1024,0,0.0,506.8126267448031,261.21249997231644,0.0,222.6636677718527,22.93645900063391,0,2734.7468169934905,0,2304.8054169810234,1.4453717137980346e-06,2.689689951940853e-07,2.023588785601743e-06,2.8350900572173103e-08,8.074439875044624e-08,9.647919985461938e-07,4.811816792462676e-06,no_nsga2,nsga2
0,72,72,train,2.5402671098709106,0.265625,0.65625,8,64,512,198.8162000052398,22.474772264861464,11.541082528977643,44.78668155035923,41.1387000058312,6.174278159552476,14.206418826569767,20.380696986122242,0.006199989002197981,0.0,11.81662995573341,8.557867041386636,0,40.23796733778144,2575.2299096180122,2097152.0,2,0.5,0.5,0.0,0.0,0.0,84.19011838092015,0.005400012014433742,0.0,65.69664789761134,18.48807047129437,0,0,0,19.10198710489147,65.08813127602868,0.0,1048576,1048576,0,8,4,0.25,2,0.5,0,1,1.0,0.2201412464909665,3,3,0,1.0,0.0,0.0,1.0,0,0.5,0.5,0.0,0.9541015625,0.0458984375,0.0,256,1024,0,0.0,315.2101453767933,65.63230002939235,0.0,223.20306904698216,26.374776300418834,0,2734.7468169934905,0,2535.9306169882507,4.4949544529722936e-07,2.769859806954634e-07,2.0931791023912034e-06,3.087139079776238e-08,8.523851295941859e-08,9.720774463612588e-07,3.907847878502336e-06,no_nsga2,nsga2
0,73,73,train,2.5742201805114746,0.271484375,0.654296875,8,64,512,400.40240000234917,64.25430881101803,11.383446617836613,45.074426226932665,40.2332999947248,6.590995518936747,12.77603277265894,19.367028291595688,0.006200003554113209,0.0,11.68707450321208,7.673753784829493,0,19.9798503208341,1278.7104205333824,2097152.0,2,0.5,0.5,0.0,0.0,0.0,84.01440201177526,0.005999987479299307,0.0,66.71995285278084,17.288449171515133,0,0,0,16.89630669092036,67.1180953208549,0.0,1048576,1048576,0,8,4,0.25,2,0.5,0,1,1.0,0.18595995617580352,3,0,3,0.0,2.0,0.5,2.0,3,0.5,0.5,0.0,0.9453125,0.0546875,0.0,256,1024,0,0.0,482.8487266231493,229.73449998244178,0.0,227.2624683637249,25.851758276982622,0,2734.7468169934905,0,2334.3444169911413,1.2850861762203607e-06,2.732027188280787e-07,2.110163891028737e-06,3.295497759468374e-08,7.665619663595363e-08,9.743802107594624e-07,4.752444171067276e-06,no_nsga2,nsga2
0,74,74,train,2.5657235383987427,0.2734375,0.654296875,8,64,512,371.3813999929698,55.81766099711085,10.946283353431927,44.97032439167911,45.85600001155399,5.983511657299803,13.43059167308612,19.414103330385924,0.007100010407157242,0.0,12.094168306225356,7.312835013753408,0,21.541139268181364,1378.6329131636073,2097152.0,2,0.5,0.0,0.5,0.0,0.0,45.05527098718913,0.004999994416721165,0.0,27.561388779885952,17.488882212886455,0,0,0,18.077623351215635,0.0,26.977647635973494,1048576,0,1048576,8,4,0.25,2,0.5,0,1,1.0,0.2201412464909665,3,3,0,1.0,0.0,0.0,1.0,0,0.5,0.5,0.0,0.9443359375,0.0556640625,0.0,256,1024,0,0.0,446.9370749688875,196.1655999912182,0.0,227.16071308389039,23.610761893778957,0,2734.7468169934905,0,2363.3654170005207,1.1163532199422168e-06,2.6271080048236614e-07,2.105033575961649e-06,2.9917558286499016e-08,8.058355003851672e-08,5.045080051438382e-07,4.099106709855086e-06,no_nsga2,nsga2
0,75,75,train,2.539132535457611,0.263671875,0.62890625,8,64,512,190.81119999464136,20.973830361871343,12.236690095500103,44.1046164162657,38.76180000952445,6.3101391472653034,13.637259678429086,19.94739882569439,0.006699992809444666,0.0,11.564582481152257,8.376116351732687,0,41.926040369665394,2683.266583658585,2097152.0,2,0.5,0.5,0.0,0.0,0.0,80.60550760185478,0.005699985194951296,0.0,62.508169982533026,18.091637634126805,0,0,0,19.011716252040948,61.593791349813834,0.0,1048576,1048576,0,8,4,0.25,2,0.5,0,1,1.0,0.30459390115263907,3,0,3,0.0,2.0,0.5,2.0,3,0.5,0.5,0.0,0.9443359375,0.0556640625,0.0,256,1024,0,0.0,309.2605474945486,59.38599999353755,0.0,223.85150383871894,26.02304366229206,0,2734.7468169934905,0,2543.935616998849,4.1947660723742696e-07,2.936805622920024e-07,2.0606072414878433e-06,3.155069573632652e-08,8.182355807057451e-08,9.292426587181754e-07,3.81638132354235e-06,no_nsga2,nsga2
0,76,76,train,2.628702402114868,0.255859375,0.634765625,8,64,512,174.75520000152756,18.979078326491276,23.39617934114368,43.42124203569546,38.998100004391745,6.340131592839321,13.864797752302428,20.20492934514175,0.006699992809444666,0.0,12.562560042940973,7.635669309391331,0,45.77806109271128,2929.795909933522,2097152.0,2,0.5,0.5,0.0,0.0,0.0,85.5334574918385,0.005599984433501959,0.0,67.1987280945252,18.329129412879805,0,0,0,19.821274833598572,65.71218265823993,0.0,1048576,1048576,0,8,4,0.25,2,0.5,0,1,1.0,0.17369072493825644,3,3,0,1.0,0.0,0.0,1.0,0,0.5,0.5,0.0,0.95703125,0.04296875,0.0,256,1024,0,0.0,343.1859988133216,98.26529995189048,0.0,222.1815542681716,22.73914459325958,0,2734.7468169934905,0,2559.991616991963,3.7958156652982555e-07,5.615083041874483e-07,2.031171580631212e-06,3.170065796419661e-08,8.318878651381456e-08,9.867589402348648e-07,4.073909836061361e-06,no_nsga2,nsga2
0,77,77,train,2.6336047053337097,0.265625,0.642578125,8,64,512,462.80269999988377,74.19214352734456,10.942547406751526,44.36524275938834,37.907000005361624,6.638898010571366,13.946454248973787,20.585352259545154,0.006799993570894003,0.0,12.699728991918132,7.878823274056128,0,17.28594650388925,1106.300576248912,2097152.0,2,0.5,0.5,0.0,0.0,0.0,79.3990575554183,0.005600013537332416,0.0,61.688827691129994,17.704629850750962,0,0,0,16.99571844693814,62.403339108480154,0.0,1048576,1048576,0,8,4,0.25,2,0.5,0,1,1.0,0.2201412464909665,3,0,3,0.0,2.0,0.5,2.0,3,0.5,0.5,0.0,0.9560546875,0.0439453125,0.0,256,1024,0,0.0,517.9997347739377,269.42299997608643,0.0,222.7011051864966,25.875629611354654,0,2740.5877179964477,0,2277.785017996564,1.4838428705468912e-06,2.6262113776203663e-07,2.0741192218845026e-06,3.319449005285684e-08,8.367872549384271e-08,9.187972537711432e-07,4.856253699511273e-06,no_nsga2,nsga2
0,78,78,train,2.561536133289337,0.255859375,0.650390625,8,64,512,450.007799998275,72.74829090179438,11.204941067459334,45.1895674658874,43.296900010318495,6.291597217085971,14.799030099434997,21.09062731652097,0.006799993570894003,0.0,12.698235776300358,8.385591546649716,0,17.777430130323378,1137.7555283406962,2097152.0,2,0.0,0.5,0.5,0.0,0.0,87.44577144188871,0.006000002031214535,0.0,69.74004290375339,17.699728536104104,0,0,0,0.0,60.46577026722629,26.98000117466242,0,1048576,1048576,8,4,0.25,2,0.5,0,1,1.0,0.18595995617580352,3,3,0,1.0,0.0,0.0,1.0,0,0.5,0.5,0.0,0.9462890625,0.0537109375,0.0,256,1024,0,0.0,516.5711977405645,264.5434999722056,0.0,225.92582935773447,26.101868410624412,0,2740.5877179964477,0,2290.5799179981727,1.4549658180358879e-06,2.6891858561902396e-07,2.1116617019325802e-06,3.1457986085429855e-08,8.879418059660997e-08,9.953892549533396e-07,4.951187527222871e-06,no_nsga2,nsga2
0,79,79,train,2.551154136657715,0.26953125,0.619140625,8,64,512,450.4752999928314,71.72129513627245,11.867275208081018,46.23929908927908,39.74580000794958,5.657318370903876,14.538175687573776,20.195494058477653,0.00689999433234334,0.0,10.768058887366074,9.420535176779234,0,17.758980883405645,1136.5747765379613,2097152.0,2,0.0,0.5,0.5,0.0,0.0,89.37845176358407,0.00549999822396785,0.0,72.13321601348531,17.23973575187479,0,0,0,0.0,63.629660928483716,25.74879083510035,0,1048576,1048576,8,4,0.25,2,0.5,0,1,1.0,0.18595995617580352,3,0,3,0.0,2.0,0.5,2.0,3,0.5,0.5,0.0,0.947265625,0.052734375,0.0,256,1024,0,0.0,519.3114777345302,258.52290001057554,0.0,230.55540211886193,30.233175605092736,0,2740.5877179964477,0,2290.1124180036163,1.434425902725449e-06,2.848146049939444e-07,2.1589872403676253e-06,2.828659185451938e-08,8.722905412544265e-08,1.021043839492808e-06,5.014787233559788e-06,no_nsga2,nsga2
0,80,80,train,2.539478063583374,0.3046875,0.646484375,8,64,512,238.81229999824427,25.86461111426257,11.635894904111604,45.20390107309581,37.292100008926354,7.255511255164565,12.18519357680244,19.440704831967004,0.00689999433234334,0.0,11.809601322950371,7.624203514684291,0,33.49897179118087,2143.9341946355757,2097152.0,2,0.5,0.5,0.0,0.0,0.0,80.18777254363246,0.005299996701069176,0.0,61.723901617626666,18.458570929304734,0,0,0,19.873435264222714,60.314337279409756,0.0,1048576,1048576,0,8,4,0.25,2,0.5,0,1,1.0,0.25097720212391433,3,3,0,1.0,0.0,0.0,1.0,0,0.5,0.5,0.0,0.9521484375,0.0478515625,0.0,256,1024,0,0.0,330.81762836587995,77.43010002013762,0.0,227.34173597988388,26.045792365858425,0,2740.5877179964477,0,2501.7754179982035,5.172922222852513e-07,2.7926147769867845e-07,2.1143637041967053e-06,3.6277556275822826e-08,7.311116146081463e-08,9.225063999951442e-07,3.942812521912417e-06,no_nsga2,nsga2
0,81,81,train,2.486409306526184,0.32421875,0.662109375,8,64,512,400.4051999945659,67.73194508937499,11.126809085186306,44.778817740981346,38.45760000695009,5.870844642778393,15.134561589371625,21.00540623215002,0.00689999433234334,0.0,12.385686032196858,8.612820205620817,0,19.979710604152913,1278.7014786657865,2097152.0,2,0.5,0.5,0.0,0.0,0.0,84.59474884397041,0.005900001269765198,0.0,65.84637690326201,18.742471939438627,0,0,0,17.84350797725068,66.75124086671973,0.0,1048576,1048576,0,8,4,0.25,2,0.5,0,1,1.0,0.30459390115263907,3,0,3,0.0,2.0,0.5,2.0,3,0.5,0.5,0.0,0.9453125,0.0546875,0.0,256,1024,0,0.0,494.5502876621706,243.7857000186341,0.0,224.49202760479355,26.272560038742935,0,2740.5877179964477,0,2340.182518001882,1.3546389017875e-06,2.670434180444713e-07,2.092530328216832e-06,2.9354223213891967e-08,9.080736953622975e-08,9.794499701731436e-07,4.813824210972069e-06,no_nsga2,nsga2
0,82,82,train,2.5548935532569885,0.2890625,0.654296875,8,64,512,384.43579999147914,64.06125127329575,11.752863129169564,44.99541206168413,38.35599999001715,6.558259107805542,14.692456480839574,21.250715588645114,0.007200011168606579,0.0,12.961932658738569,8.281582918737941,0,20.80966234288007,1331.8183899443245,2097152.0,2,0.5,0.5,0.0,0.0,0.0,81.8700787016816,0.005599998985417187,0.0,62.868770633268845,18.99570806942734,0,0,0,19.89286163312616,61.97721706855545,0.0,1048576,1048576,0,8,4,0.25,2,0.5,0,1,1.0,0.2307606527190679,3,3,0,1.0,0.0,0.0,1.0,0,0.5,0.5,0.0,0.9482421875,0.0517578125,0.0,256,1024,0,0.0,483.2381058565977,228.52010000497103,0.0,227.73917600278895,26.97882984883781,0,503.2420689969149,0,118.80626900543575,1.281225025465915e-06,2.820687151000695e-07,2.107043531725317e-06,3.279129553902771e-08,8.815473888503744e-08,9.426552211539269e-07,4.733938527869293e-06,no_nsga2,nsga2
0,83,83,train,2.644870102405548,0.236328125,0.62890625,8,64,512,493.4992000053171,76.23700743304883,11.77783417857069,45.124380205773015,459.64070000627544,6.7270532823338325,14.768883762076758,21.49593704441059,0.00960000033956021,0.0,11.939360549254012,9.546976494817017,0,16.210733045120968,1037.486914887742,2097152.0,2,0.5,0.5,0.0,0.0,0.0,77.9572492555745,0.009800001862458885,0.0,60.68843831066357,17.259010943048473,0,0,0,18.555833508096246,59.401415747478254,0.0,1048576,1048576,0,8,4,0.25,2,0.5,0,1,1.0,0.17369072493825644,3,0,3,0.0,2.0,0.5,2.0,3,0.5,0.5,0.0,0.94140625,0.05859375,0.0,256,1024,0,0.0,532.5568872695701,277.8911000059452,0.0,226.19563822964722,28.470149033977798,0,527.6543525031592,0,34.155152497842096,1.5247401486609768e-06,2.826680202856965e-07,2.1087147377904183e-06,3.3635266411669165e-08,8.861330257246053e-08,8.983753240507015e-07,4.936746799771923e-06,no_nsga2,nsga2
0,84,84,train,2.5219788551330566,0.27734375,0.62109375,8,64,512,681.1850999947637,110.32343116094455,21.041673086063014,53.43288890882566,96.19349999411497,12.405672403703953,30.610515388563805,43.01618779226776,0.008400005754083395,0.0,12.260427618549734,30.74736016796394,0,11.744220852512251,751.6301345607841,2097152.0,2,0.5,0.5,0.0,0.0,0.0,79.83295617274634,0.00589998671784997,0.0,61.72661057246269,18.100445613565796,0,0,0,18.337799890633523,61.495156282112816,0.0,1048576,1048576,0,8,4,0.25,2,0.5,0,1,1.0,0.18595995617580352,3,3,0,1.0,0.0,0.0,1.0,0,0.5,0.5,0.0,0.958984375,0.041015625,0.0,256,1024,0,0.0,739.191972623333,401.793400029419,0.0,227.50361730977062,109.89495528414328,0,656.3990894994635,1,-24.786010495300275,2.2064686232188913e-06,5.050001540655123e-07,2.4573384004832142e-06,6.202836201851977e-08,1.836630923313828e-07,9.213198742916889e-07,6.33581850640921e-06,no_nsga2,nsga2
0,85,85,train,2.5135607719421387,0.275390625,0.65234375,8,64,512,360.7218999968609,61.0156127440185,11.460081718605243,44.012023753905474,39.62229999888223,5.940177455528564,14.470617191439226,20.41079464696779,0.006000002031214535,0.0,11.238022723724903,9.166771921211671,0,22.177688192431418,1419.3720443156108,2097152.0,2,0.5,0.5,0.0,0.0,0.0,85.3501148418258,0.006599992047995329,0.0,67.62197041821938,17.72154443155843,0,0,0,18.453707863799693,66.8964069780261,0.0,1048576,1048576,0,8,4,0.25,2,0.5,0,1,1.0,0.241032865595602,3,0,3,0.0,2.0,0.5,2.0,3,0.5,0.5,0.0,0.9521484375,0.0478515625,0.0,256,1024,0,0.0,465.9508728661168,218.07830000761896,0.0,222.65783257581882,25.214740282679017,0,656.3990894994635,0,295.6771895026026,1.22031225488037e-06,2.7504196124652584e-07,2.060946209242084e-06,2.9700887277642818e-08,8.682370314863535e-08,9.872939623743102e-07,4.660118978169568e-06,no_nsga2,nsga2
0,86,86,train,2.6501641869544983,0.240234375,0.6171875,8,64,512,446.2090999877546,72.50563985155469,11.38534652501119,44.36733498311892,38.34320000896696,6.185040048841035,14.975350815387351,21.160390864228386,0.006800008122809231,0.0,12.216302528556593,8.937288327548984,0,17.928773912153815,1147.4415303778442,2097152.0,2,0.5,0.0,0.5,0.0,0.0,43.58622687854723,0.006699992809444666,0.0,25.52302842120844,18.056498464529348,0,0,0,18.697819574034426,0.0,24.888407304512803,1048576,0,1048576,8,4,0.25,2,0.5,0,1,1.0,0.29631656414490637,3,3,0,1.0,0.0,0.0,1.0,0,0.5,0.5,0.0,0.9296875,0.0703125,0.0,256,1024,0,0.0,513.0332854387392,261.6014999948675,0.0,225.53046017193554,25.901325271936134,0,656.3990894994635,0,210.18998951170886,1.4501127970310938e-06,2.7324831660026855e-07,2.075095936091143e-06,3.0925200244205175e-08,8.98521048923241e-08,4.856390833944978e-07,4.404873438253533e-06,no_nsga2,nsga2
0,87,87,train,2.637040674686432,0.21875,0.6171875,8,64,512,397.475999998278,65.31488016058144,10.501137735258482,44.61703389353904,38.83369998948183,6.457556404009738,12.088404420235843,18.545960824245583,0.006999995093792677,0.0,11.855069650357583,6.683891178794205,0,20.126950741891125,1288.124847481032,2097152.0,2,0.5,0.5,0.0,0.0,0.0,81.61459695799019,0.005199981387704611,0.0,64.51689157036279,17.092505406239695,0,0,0,17.64584747746182,63.968749480528366,0.0,1048576,1048576,0,8,4,0.25,2,0.5,0,1,1.0,0.19776865982085054,3,0,3,0.0,2.0,0.5,2.0,3,0.5,0.5,0.0,0.94921875,0.05078125,0.0,256,1024,0,0.0,481.73220715751586,233.30379999242723,0.0,226.2435099334532,22.1848972316354,0,656.3990894994635,0,258.9230895011855,1.3062976032116288e-06,2.5202730564620353e-07,2.091159874836796e-06,3.228778202004869e-08,7.253042652141504e-08,9.440834685409586e-07,4.6983864607770504e-06,no_nsga2,nsga2
0,88,88,train,2.4572538137435913,0.28125,0.69921875,8,64,512,212.70440000807866,22.610833318448478,11.95280595213825,44.913803833542005,41.23770000296645,6.712650868864678,12.87726197279233,19.589912841657007,0.00689999433234334,0.0,11.79556517360177,7.787447673722894,0,37.61070475735997,2407.085104471038,2097152.0,2,0.5,0.5,0.0,0.0,0.0,83.64448582539083,0.006000016583129764,0.0,65.17259934044661,18.46588646836109,0,0,0,18.52115657619841,65.12332924919242,0.0,1048576,1048576,0,8,4,0.25,2,0.5,0,1,1.0,0.17369072493825644,3,3,0,1.0,0.0,0.0,1.0,0,0.5,0.5,0.0,0.95703125,0.04296875,0.0,256,1024,0,0.0,317.90977241651495,65.47390001651365,0.0,227.79905653915927,24.636815860842013,0,656.3990894994635,0,443.6946894913848,4.522166663689696e-07,2.8686734285131795e-07,2.0984653595040356e-06,3.356325434432339e-08,7.726357183675397e-08,9.66691516752293e-07,3.9150677116576934e-06,no_nsga2,nsga2
0,89,89,train,2.4249690771102905,0.26953125,0.708984375,8,64,512,234.72869998659007,25.616292349841324,11.691037332411506,45.32360915917559,40.42710000067018,5.931724147610144,13.38975409901387,19.321478246624014,0.00580001506023109,0.0,12.04969313403098,7.265985097532804,0,34.081754462503184,2181.232285600204,2097152.0,2,0.5,0.5,0.0,0.0,0.0,82.85854156578887,0.00589998671784997,0.0,64.17925223191017,18.673389347160846,0,0,0,19.02341113468163,63.835130431107245,0.0,1048576,1048576,0,8,4,0.25,2,0.5,0,1,1.0,0.26994862967019156,3,0,3,0.0,2.0,0.5,2.0,3,0.5,0.5,0.0,0.9384765625,0.0615234375,0.0,256,1024,0,0.0,330.52375536571367,79.08360003784765,0.0,228.12940374601618,23.31075158184987,0,656.3990894994635,0,421.6703895128734,5.123258469968265e-07,2.805848959778761e-07,2.1219520254249244e-06,2.9658620738050723e-08,8.033852459408322e-08,9.562556765201032e-07,3.981115590251864e-06,no_nsga2,nsga2
0,90,90,train,2.479557156562805,0.265625,0.681640625,8,64,512,433.75430000014603,69.8903856951614,11.32026324269061,45.47899699839416,36.97529999772087,6.544604916941131,13.367584094850258,19.91218901179139,0.007099995855242014,0.0,11.692782977650971,8.212306038285176,0,18.443578672116068,1180.3890350154284,2097152.0,2,0.5,0.5,0.0,0.0,0.0,80.23042262018944,0.007300011930055916,0.0,61.427553865917396,18.795568742341985,0,0,0,19.173777708752525,61.05664491143692,0.0,1048576,1048576,0,8,4,0.25,2,0.5,0,1,1.0,0.26994862967019156,3,3,0,1.0,0.0,0.0,1.0,0,0.5,0.5,0.0,0.9384765625,0.0615234375,0.0,256,1024,0,0.0,506.75858374498466,251.30490005540196,0.0,231.06843843476025,24.38524525482247,0,656.3990894994635,0,222.64478949931743,1.397807713903228e-06,2.716863178245746e-07,2.1294297896615876e-06,3.2723024584705655e-08,8.020550456910154e-08,9.244175160247683e-07,4.836269866567966e-06,no_nsga2,nsga2
0,91,91,train,2.4944748282432556,0.26953125,0.68359375,8,64,512,415.560599998571,69.0864648278141,10.988191501019104,44.83718153756891,42.46229999989737,5.895951939410845,12.95504873120585,18.851000670616695,0.006699992809444666,0.0,11.256817100502277,7.5874835773049725,0,19.251056883089078,1232.067640517701,2097152.0,2,0.5,0.0,0.5,0.0,0.0,43.189494806104705,0.00580001506023109,0.0,25.723761305708543,17.45993348533593,0,0,0,16.455722382225925,0.0,26.733772423878783,1048576,0,1048576,8,4,0.25,2,0.5,0,1,1.0,0.19776865982085054,3,0,3,0.0,2.0,0.5,2.0,3,0.5,0.5,0.0,0.9404296875,0.0595703125,0.0,256,1024,0,0.0,499.64735146560844,247.76850000489503,0.0,226.97271515472465,24.906136305988802,0,656.3990894994635,0,240.83848950089248,1.3817292965562823e-06,2.637165960244585e-07,2.0978066541910227e-06,2.947975969705423e-08,7.773029238723508e-08,4.853624929088047e-07,4.335825091764858e-06,no_nsga2,nsga2
0,92,92,train,2.4986355304718018,0.30078125,0.65625,8,64,512,481.0647999984212,76.83846360312256,10.304848195389962,44.06730255325445,41.04159999405965,5.747574954370132,12.76755236528237,18.515127319652503,0.006400005077011883,0.0,11.850089807750315,6.658637506825175,0,16.629741711063758,1064.3034695080805,2097152.0,2,0.5,0.5,0.0,0.0,0.0,81.23991115419133,0.005599998985417187,0.0,63.47667517443739,17.757635980768534,0,0,0,19.33063018079411,61.90928097339723,0.0,1048576,1048576,0,8,4,0.25,2,0.5,0,1,1.0,0.2201412464909665,3,3,0,1.0,0.0,0.0,1.0,0,0.5,0.5,0.0,0.9462890625,0.0537109375,0.0,256,1024,0,0.0,524.842457407068,277.9418000136502,0.0,224.13576131684366,22.764896076574075,0,656.3990894994635,0,175.33428950104224,1.5367692720624515e-06,2.4731635668935907e-07,2.061086531913419e-06,2.8737874771850665e-08,7.660531419169421e-08,9.362176734887077e-07,4.886733023117483e-06,no_nsga2,nsga2
0,93,93,train,2.5094263553619385,0.28125,0.66796875,8,64,512,460.71179999853484,75.2800346824972,10.79429811764493,44.31319863149172,37.9910000046948,5.7934707927761355,14.194173348097276,19.987644140873414,0.006800008122809231,0.0,12.280840386685439,7.700003746065164,0,17.364397082141938,1111.321413257084,2097152.0,2,0.5,0.5,0.0,0.0,0.0,83.17727532163704,0.005599998985417187,0.0,65.67448801182289,17.49718731082873,0,0,0,17.989054755141176,65.18822056649586,0.0,1048576,1048576,0,8,4,0.25,2,0.5,0,1,1.0,0.17369072493825644,3,0,3,0.0,2.0,0.5,2.0,3,0.5,0.5,0.0,0.951171875,0.048828125,0.0,256,1024,0,0.0,521.5501257265354,273.9247000135947,0.0,224.63603729531178,22.989388417628902,0,656.3990894994635,0,195.6872895009286,1.5056006936499444e-06,2.590631548234783e-07,2.07154079474117e-06,2.896735396388068e-08,8.516504008858364e-08,9.62149194349362e-07,4.912486231616419e-06,no_nsga2,nsga2
0,94,94,train,2.470443844795227,0.279296875,0.703125,8,64,512,445.9547000005841,72.3117632635051,12.229684836863612,44.62648291169009,37.63210000761319,6.681482542457112,13.666667563573796,20.348150106030907,0.006399990525096655,0.0,12.747119194465231,7.594630921040581,0,17.93900156448168,1148.0961001268274,2097152.0,2,0.5,0.5,0.0,0.0,0.0,77.52744313133559,0.005399982910603285,0.0,60.593697159166496,16.92834598925848,0,0,0,17.866172229898375,59.661270901437206,0.0,1048576,1048576,0,8,4,0.25,2,0.5,0,1,1.0,0.19776865982085054,3,3,0,1.0,0.0,0.0,1.0,0,0.5,0.5,0.0,0.9482421875,0.0517578125,0.0,256,1024,0,0.0,516.6717240482352,261.92719995742664,0.0,227.9655891954747,26.778934895333837,0,536.6940920024354,0,90.73939200185123,1.4462352652701022e-06,2.935124360847266e-07,2.087027156856841e-06,3.3407412712285565e-08,8.200000538144277e-08,8.945969731162301e-07,4.836779249421628e-06,no_nsga2,nsga2
0,95,95,train,2.516723871231079,0.275390625,0.6640625,8,64,512,214.42899999965448,27.59023983821737,12.172210633633519,44.86213839934083,45.1281999994535,6.712121524559301,14.337890659738903,21.050012184298204,0.007399998139590025,0.0,11.715918454600477,9.326693731558137,0,37.30821247033013,2387.7255981011285,2097152.0,2,0.5,0.5,0.0,0.0,0.0,85.01491859924042,0.005299996701069176,0.0,66.96305433562193,18.046564266917414,0,0,0,17.244006763557614,67.7709118356828,0.0,1048576,1048576,0,8,4,0.25,2,0.5,0,1,1.0,0.2201412464909665,3,0,3,0.0,2.0,0.5,2.0,3,0.5,0.5,0.0,0.947265625,0.052734375,0.0,256,1024,0,0.0,338.4983554847668,85.24209997267462,0.0,225.785621393018,27.470634119074248,0,536.6940920024354,0,322.2650920027809,5.518047967643475e-07,2.921330552072044e-07,2.097767322405402e-06,3.356060762279651e-08,8.60273439584334e-08,9.856910096637696e-07,4.0469841356219535e-06,no_nsga2,nsga2
0,96,96,train,2.562829554080963,0.25,0.650390625,8,64,512,451.4735000120709,72.06579418538722,11.464940409036412,45.35759883991579,38.06649999751244,6.09511702306152,14.929771506370772,21.024888529432292,0.007099995855242014,0.0,11.931474885811019,9.08631364776603,0,17.71971617397241,1134.0618351342343,2097152.0,2,0.5,0.5,0.0,0.0,0.0,80.18382237340745,0.005500012775883079,0.0,62.04464303431147,18.133679326320106,0,0,0,18.29674702532511,61.88707534808235,0.0,1048576,1048576,0,8,4,0.25,2,0.5,0,1,1.0,0.2201412853775118,3,3,0,1.0,0.0,0.0,1.0,0,0.5,0.5,0.0,0.94140625,0.05859375,0.0,256,1024,0,0.0,515.5533337373577,262.2053000086453,0.0,227.56150783756493,25.786525891147406,0,536.6940920024354,0,85.22059199036448,1.4413158837077445e-06,2.7515856981687384e-07,2.12158973092257e-06,3.0475585115307605e-08,8.957862903822461e-08,9.256123744302392e-07,4.883730773030959e-06,no_nsga2,nsga2
0,97,97,train,2.390904188156128,0.3125,0.689453125,8,64,512,180.1681000069948,22.76224746539575,11.36530877385212,44.36206008567711,38.56169999926351,6.265533619432868,12.212318564707454,18.47785218414032,0.006699992809444666,0.0,11.972668611687883,6.498483579642995,0,44.40273054419105,2841.7747548282273,2097152.0,2,0.5,0.5,0.0,0.0,0.0,82.73175739965735,0.005799985956400633,0.0,64.54541379291048,18.180543620790473,0,0,0,17.166453835213886,65.56530356444347,0.0,1048576,1048576,0,8,4,0.25,2,0.5,0,1,1.0,0.18595995617580352,3,0,3,0.0,2.0,0.5,2.0,3,0.5,0.5,0.0,0.951171875,0.048828125,0.0,256,1024,0,0.0,313.9584652996999,64.47860000480432,0.0,226.92421159921415,22.555653695681478,0,536.6940920024354,0,356.52599199544056,4.5524494930791506e-07,2.727674105724509e-07,2.0756375349697533e-06,3.132766809716434e-08,7.327391138824472e-08,9.584481811254604e-07,3.866699655460989e-06,no_nsga2,nsga2
0,98,98,train,2.4604360461235046,0.2578125,0.658203125,8,64,512,303.2695000001695,44.84775861607588,11.793010292508392,45.1857056556491,39.06740000820719,7.62659475119108,14.777924961802386,22.404519712993466,0.006700007361359894,0.0,12.011217964859334,10.386601740772772,0,26.37909061381021,1688.2617992838534,2097152.0,2,0.5,0.5,0.0,0.0,0.0,84.54102409315632,0.005900015821680427,0.0,66.7095094309227,17.825614646411957,0,0,0,19.371887235157608,65.16913685799872,0.0,1048576,1048576,0,8,4,0.25,2,0.5,0,1,1.0,0.14759070521249812,3,3,0,1.0,0.0,0.0,1.0,0,0.5,0.5,0.0,0.94921875,0.05078125,0.0,256,1024,0,0.0,407.30589825693346,149.5983999921009,0.0,226.50829016270524,31.199208102127372,0,536.6940920024354,0,233.42459200226585,8.969551723215177e-07,2.830322470202014e-07,2.109276684127371e-06,3.81329737559554e-08,8.86675497708143e-08,9.757485146475605e-07,4.391813141643421e-06,no_nsga2,nsga2
0,99,99,train,2.4406920671463013,0.265625,0.685546875,8,64,512,447.12019999860786,72.79278570385272,10.895827186330399,44.369676641278396,40.82810001273174,6.254060686222784,12.922442553374584,19.176503239597366,0.006900008884258568,0.0,11.658902361507312,7.510700869205797,0,17.89224040377622,1145.1033858416781,2097152.0,2,0.5,0.5,0.0,0.0,0.0,79.80062448837666,0.005500012775883079,0.0,61.46230017821934,18.33282429738142,0,0,0,19.018439876634737,60.78218461174191,0.0,1048576,1048576,0,8,4,0.25,2,0.5,0,1,1.0,0.2091524583687337,3,0,3,0.0,2.0,0.5,2.0,3,0.5,0.5,0.0,0.9462890625,0.0537109375,0.0,256,1024,0,0.0,512.2331581258461,263.3182000427041,0.0,225.50581965133142,23.409138431810533,0,536.6940920024354,0,89.5738920038275,1.4558557140770546e-06,2.6149985247192954e-07,2.077830374052328e-06,3.1270303431113924e-08,7.753465532024749e-08,9.195706141072502e-07,4.823561513459924e-06,no_nsga2,nsga2
0,100,100,val,2.9377154111862183,0.203125,0.583984375,8,64,512,417.27830001036637,68.28333057890609,10.581763020196696,89.49129486968404,0.0,0.0,0.0,0.0,0.0,0.0,0.0,0.0,0,19.171811301929566,1226.9959233234922,0.0,0,0.0,0.0,0.0,0.0,0.0,0.0,0.0,0.0,0.0,0.0,0,0,0,0.0,0.0,0.0,0,0,0,8,4,0.25,2,0.5,2,1,1.0,0.18595995617580352,0,0,0,0.0,0.0,0.0,0.0,0,0.5,0.5,0.0,0.9443359375,0.0556640625,0.0,256,1024,0,0.0,673.4255538751473,245.44880002213176,200.0,205.97968585970796,21.997067993307482,0,536.6940920024354,0,119.41579199206899,1.3656666115781216e-06,2.5396231248472064e-07,3.632041795854831e-06,0.0,0.0,0.0,5.251670719917673e-06,no_nsga2,nsga2
0,100,100,train,2.793079972267151,0.212890625,0.607421875,8,64,512,425.33739999635145,70.33722010595126,11.396149854204843,40.44050003816058,36.71390000090469,5.969585152125033,13.57963092906595,19.549216081190984,0.007599999662488699,0.0,11.76586559712181,7.775750484406684,0,18.8085533778954,1203.7474161853056,2097152.0,2,0.5,0.5,0.0,0.0,0.0,75.6829082727509,0.005699985194951296,0.0,58.233437877546564,17.443770410009368,0,0,0,16.747015772028412,58.935892500722474,0.0,1048576,1048576,0,8,4,0.25,2,0.5,0,1,1.0,0.2307606527190679,3,3,0,1.0,0.0,0.0,1.0,0,0.5,0.5,0.0,0.9453125,0.0546875,0.0,256,1024,0,0.0,488.69547999326676,253.856800016365,0.0,212.02093015110486,22.817749825796874,0,536.6940920024354,0,111.3566920060839,1.4067444021190254e-06,2.735075965009162e-07,1.6740629084984305e-06,2.984792576062517e-08,8.147778557439568e-08,7.903231142715656e-07,4.255963732724958e-06,no_nsga2,nsga2
0,101,101,train,2.6785765290260315,0.248046875,0.611328125,8,64,512,478.0816999991657,74.7408275273317,11.170914970984422,40.391063950207666,41.57869999471586,7.0575007279025535,14.359986929400684,21.417487657303237,0.006400019628927112,0.0,12.233215843312763,9.177871794361549,0,16.73350656698927,1070.9444202873133,2097152.0,2,0.5,0.5,0.0,0.0,0.0,77.34346811033367,0.005600013537332416,0.0,60.42059787458323,16.917270222213123,0,0,0,15.398328285895502,61.94513982443818,0.0,1048576,1048576,0,8,4,0.25,2,0.5,0,1,1.0,0.2091524583687337,3,0,3,0.0,2.0,0.5,2.0,3,0.5,0.5,0.0,0.94921875,0.05078125,0.0,256,1024,0,0.0,505.21122579409507,269.83010000549257,0.0,210.17903332549423,25.202092463108325,0,536.6940920024354,0,58.61239200326963,1.4948165505466342e-06,2.681019593036261e-07,1.6721057527973095e-06,3.528750363951277e-08,8.615992157640408e-08,8.042313376751279e-07,4.360703025538615e-06,no_nsga2,nsga2
0,102,102,train,2.6338492035865784,0.240234375,0.62109375,8,64,512,430.59259999427013,71.35937592913413,11.347129853356396,40.201569346160305,37.39579999819398,6.4057086872241324,13.977047068131377,20.38275575535551,0.006400005077011883,0.0,12.410290272654144,7.966065477624353,0,18.579003496815687,1189.056223796204,2097152.0,2,0.5,0.5,0.0,0.0,0.0,79.83450927234294,0.005800000508315861,0.0,62.39642026664976,17.432289005184856,0,0,0,16.843707252151635,62.9908020201913,0.0,1048576,1048576,0,8,4,0.25,2,0.5,0,1,1.0,0.17369072493825644,3,3,0,1.0,0.0,0.0,1.0,0,0.5,0.5,0.0,0.9619140625,0.0380859375,0.0,256,1024,0,0.0,491.63230051460334,258.4313999832375,0.0,208.07732461476388,25.123575916601954,0,536.6940920024354,0,106.10149200816522,1.4271875185826825e-06,2.7233111648055353e-07,1.6652819004041537e-06,3.2028543436120666e-08,8.386228240878826e-08,8.320325072277328e-07,4.312723868540031e-06,no_nsga2,nsga2
0,103,103,train,2.5526912808418274,0.244140625,0.64453125,8,64,512,437.5617999903625,72.52343156259377,11.389866746911789,40.02384252602822,36.59960000368301,6.3378584931142825,14.239396529302539,20.57725502241682,0.006900008884258568,0.0,11.796374086218151,8.773980927314412,0,18.283089879158382,1170.1177522661364,2097152.0,2,0.5,0.0,0.5,0.0,0.0,44.023084260957695,0.005299996701069176,0.0,25.58990030394272,18.427883960313906,0,0,0,17.37957793717555,0.0,26.643506323782145,1048576,0,1048576,8,4,0.25,2,0.5,0,1,1.0,0.2307606527190679,3,0,3,0.0,2.0,0.5,2.0,3,0.5,0.5,0.0,0.9404296875,0.0595703125,0.0,256,1024,0,0.0,495.74856334213507,263.5827000194695,0.0,208.5298981400291,23.635965182636507,0,536.6940920024354,0,99.13229201207287,1.4504686312518756e-06,2.733568019258829e-07,1.6562944642537592e-06,3.1689292465571415e-08,8.543637917581522e-08,4.7498999848392807e-07,3.9722355675568325e-06,no_nsga2,nsga2
0,104,104,train,2.657360851764679,0.25,0.60546875,8,64,512,696.3613999978406,71.96813570375893,15.96128504767432,41.7384761979732,1900.7415000087349,6.224343843048747,21.77815898998668,28.002502833035425,0.009100011084228754,0.0,10.987732236155914,17.005670585795286,0,11.48827104970746,735.2493471812775,2097152.0,2,0.5,0.5,0.0,0.0,0.0,78.7764795106828,0.005700014298781753,0.0,60.241700570375734,18.529078926008296,0,0,0,16.24961507721956,62.526864433463246,0.0,1048576,1048576,0,8,4,0.25,2,0.5,0,1,1.0,0.14759070521249812,3,3,0,1.0,0.0,0.0,1.0,0,0.5,0.5,0.0,0.9541015625,0.0458984375,0.0,256,1024,0,0.0,518.6715877976259,258.24029999785125,0.0,215.51907091893784,44.91221688083674,0,656.3990894994635,1,-39.96231049837718,1.4393627140751788e-06,3.830708411441837e-07,1.7281175030464291e-06,3.1121719215243736e-08,1.3066895393992007e-07,8.202640252612672e-07,4.532605756682223e-06,no_nsga2,nsga2
0,105,105,train,2.652708351612091,0.263671875,0.638671875,8,64,512,476.527899998473,74.45969028472915,12.234153719831317,41.27631023694267,35.94689999590628,5.627190287962309,14.541598581860981,20.168788869823288,0.006900023436173797,0.0,11.153365488818622,9.008523357568492,0,16.788068887376266,1074.436408792081,2097152.0,2,0.5,0.5,0.0,0.0,0.0,77.8135859082097,0.006100002792663872,0.0,60.33290801470838,17.47457789070866,0,0,0,16.898965337638863,60.91462057057084,0.0,1048576,1048576,0,8,4,0.25,2,0.5,0,1,1.0,0.13364216641330787,3,0,3,0.0,2.0,0.5,2.0,3,0.5,0.5,0.0,0.953125,0.046875,0.0,256,1024,0,0.0,511.88061696601255,269.7017999889795,0.0,214.45273844943642,27.72607852759664,0,656.3990894994635,0,179.87118950099045,1.489193805694583e-06,2.9361968927595157e-07,1.7081028541238298e-06,2.8135951439811547e-08,8.724959149116587e-08,8.119337897573747e-07,4.4182356817827165e-06,no_nsga2,nsga2
0,106,106,train,2.6175153255462646,0.27734375,0.64453125,8,64,512,162.09179999714252,21.328420249896233,11.352693403402906,40.57533402521139,43.111100007081404,5.895742183985296,13.271643088465002,19.167385272450296,0.006699992809444666,0.0,10.872811607197214,8.287873672443638,0,49.35444387499648,3158.6844079997745,2097152.0,2,0.0,0.5,0.5,0.0,0.0,85.31460774219914,0.005600013537332416,0.0,67.43955922888452,17.869448499777285,0,0,0,0.0,59.059892033546866,26.254715708652277,0,1048576,1048576,8,4,0.25,2,0.5,0,1,1.0,0.17369070345169255,3,3,0,1.0,0.0,0.0,1.0,0,0.5,0.5,0.0,0.9521484375,0.0478515625,0.0,256,1024,0,0.0,293.02579071404216,58.12800000421703,0.0,208.521051958889,26.376738750936102,0,656.3990894994635,0,494.30728950232094,4.265684049979247e-07,2.7246464168166966e-07,1.683830543915297e-06,2.947871091992648e-08,7.962985853079e-08,9.056555088392961e-07,3.397627668884904e-06,no_nsga2,nsga2
0,107,107,train,2.5665355920791626,0.251953125,0.6796875,8,64,512,397.9174999985844,67.3908344487017,11.229280454799635,40.94946055643793,40.01830000197515,6.377304514854761,13.484244977013265,19.861549491868026,0.007099995855242014,0.0,11.539031736377776,8.31541775963501,0,20.104619413343336,1286.6956424539735,2097152.0,2,0.5,0.5,0.0,0.0,0.0,77.85706929811566,0.006099988240748644,0.0,61.353331965441306,16.497637344433603,0,0,0,16.83713463155031,61.01993466656535,0.0,1048576,1048576,0,8,4,0.25,2,0.5,0,1,1.0,0.2201412464909665,3,0,3,0.0,2.0,0.5,2.0,3,0.5,0.5,0.0,0.94140625,0.05859375,0.0,256,1024,0,0.0,478.27830183975703,242.54300001484808,0.0,212.12686951352953,23.60843231137941,0,656.3990894994635,0,258.48158950087907,1.3478166889740337e-06,2.6950273091519123e-07,1.6934075414468125e-06,3.188652257427381e-08,8.090546986207958e-08,8.122449622442572e-07,4.235763916016648e-06,no_nsga2,nsga2
0,108,108,train,2.5685514211654663,0.2578125,0.66015625,8,64,512,463.0189000017708,76.2860239436694,11.598107652309672,39.81080449583595,38.92830001132097,6.2292338908324805,13.027169260713668,19.25640315154615,0.006400005077011883,0.0,11.576450436225162,7.673552710243974,0,17.277875097742893,1105.7840062555451,2097152.0,2,0.5,0.5,0.0,0.0,0.0,75.49042076599646,0.006400005077011883,0.0,56.76455130023599,18.719469460683452,0,0,0,16.625582497490583,58.86483826850588,0.0,1048576,1048576,0,8,4,0.25,2,0.5,0,1,1.0,0.2091524583687337,3,3,0,1.0,0.0,0.0,1.0,0,0.5,0.5,0.0,0.9541015625,0.0458984375,0.0,256,1024,0,0.0,510.77974436726015,276.4782999729505,0.0,209.60524828719753,24.696196107112087,0,656.3990894994635,0,193.38018949769264,1.5257204788733884e-06,2.7835458365543214e-07,1.649338317839323e-06,3.114616945416241e-08,7.816301556428199e-08,7.881553726549458e-07,4.350877938041534e-06,no_nsga2,nsga2
0,109,109,train,2.7479530572891235,0.251953125,0.642578125,8,64,512,325.79139999870677,55.680778207896715,10.894919530874429,40.795396356055456,40.760399991995655,5.612602963870654,15.407895914080052,21.020498877950708,0.007199996616691351,0.0,12.013129980505818,9.000168900828198,0,24.555514493376016,1571.552927576065,2097152.0,2,0.5,0.5,0.0,0.0,0.0,74.03598601190228,0.005799985956400633,0.0,55.68686430194723,18.343321723998653,0,0,0,16.16851486032278,57.867471151579494,0.0,1048576,1048576,0,8,4,0.25,2,0.5,0,1,1.0,0.24103284089209526,3,0,3,0.0,2.0,0.5,2.0,3,0.5,0.5,0.0,0.953125,0.046875,0.0,256,1024,0,0.0,429.4843763793064,195.65870000224095,0.0,210.52366891440286,23.302007462662573,0,656.3990894994635,0,330.6076895007567,1.1136155641579343e-06,2.6147806874098624e-07,1.688400513856877e-06,2.8063014819353276e-08,9.244737548448031e-08,7.726968898396684e-07,3.9567014268993e-06,no_nsga2,nsga2
0,110,110,train,2.601666212081909,0.26171875,0.64453125,8,64,512,213.12739999848418,23.689015257580174,12.006481042604255,40.356791993840346,38.07490000326652,6.597535940871964,14.320570026614327,20.91810596748629,0.006699992809444666,0.0,11.916485587631946,8.9949203870449,0,37.53605807605602,2402.3077168675854,2097152.0,2,0.5,0.5,0.0,0.0,0.0,75.33713580363715,0.005699985194951296,0.0,57.621584906094895,17.709850912347306,0,0,0,16.425796854572898,58.91133894906426,0.0,1048576,1048576,0,8,4,0.25,2,0.5,0,1,1.0,0.2201412464909665,3,3,0,1.0,0.0,0.0,1.0,0,0.5,0.5,0.0,0.9521484375,0.0478515625,0.0,256,1024,0,0.0,304.2091531760991,68.80400000954978,0.0,208.9771055296422,26.428047636907117,0,656.3990894994635,0,443.2716895009793,4.7378030515160354e-07,2.8815554502250206e-07,1.672758192486597e-06,3.298767970435983e-08,8.592342015968594e-08,7.862229517455174e-07,3.3398280942702656e-06,no_nsga2,nsga2
0,111,111,train,2.646750569343567,0.255859375,0.619140625,8,64,512,483.1844000000274,76.9429962591189,11.291942705913286,40.89398376136212,39.16809998918325,6.846102113059949,13.255143809095905,20.101245922155854,0.006799993570894003,0.0,11.780064562355767,8.314381366229194,0,16.556791658025155,1059.63466611361,2097152.0,2,0.5,0.5,0.0,0.0,0.0,76.32038834493781,0.005599998985417187,0.0,58.05079014443419,18.263998201518202,0,0,0,16.349298706010224,59.97108963892758,0.0,1048576,1048576,0,8,4,0.25,2,0.5,0,1,1.0,0.26061071707684524,3,0,3,0.0,2.0,0.5,2.0,3,0.5,0.5,0.0,0.943359375,0.056640625,0.0,256,1024,0,0.0,516.5156909055772,280.236100035836,0.0,211.9687280810175,24.310862788723746,0,656.3990894994635,0,173.21468949943608,1.538859925182378e-06,2.710066249419189e-07,1.690782900650804e-06,3.423051056529975e-08,7.953086285457542e-08,7.959024808613986e-07,4.4103133050563745e-06,no_nsga2,nsga2
0,112,112,train,2.527623414993286,0.275390625,0.66796875,8,64,512,272.1587000123691,41.60463269739813,12.633697943277376,41.18903116894512,41.50610000942834,5.936132291775276,13.763146434106169,19.699278725881445,0.006600006599910557,0.0,12.070127876167994,7.622550843113541,0,29.394506238934046,1881.248399291779,2097152.0,2,0.5,0.5,0.0,0.0,0.0,76.00325535328368,0.005699999746866524,0.0,58.51429116973188,17.483264183804938,0,0,0,16.246351526833507,59.75690382645017,0.0,1048576,1048576,0,8,4,0.25,2,0.5,0,1,1.0,0.19776865982085054,3,3,0,1.0,0.0,0.0,1.0,0,0.5,0.5,0.0,0.94921875,0.05078125,0.0,256,1024,0,0.0,381.70944723848254,145.04369998758193,0.0,212.62463503919665,24.04111221170397,0,651.293263496845,0,379.13456348447596,8.320926539479626e-07,3.03208750638657e-07,1.7045552109220567e-06,2.9680661458876384e-08,8.2578878604637e-08,7.925252565865038e-07,3.7446414121586937e-06,no_nsga2,nsga2
0,113,113,train,2.5307095050811768,0.2890625,0.66796875,8,64,512,471.5345000004163,74.16972618014049,11.395107809191149,40.324368400588924,36.48769999563228,6.831886302358283,13.21225353745372,20.044139839812004,0.007700000423938036,0.0,12.15613545838735,7.880304381000714,0,16.96584880670265,1085.8143236289695,2097152.0,2,0.5,0.5,0.0,0.0,0.0,79.57272771585623,0.0069999805418774486,0.0,60.981707803119605,18.584019932194746,0,0,0,17.065156036410976,62.507571679445256,0.0,1048576,1048576,0,8,4,0.25,2,0.5,0,1,1.0,0.18595995617580352,3,0,3,0.0,2.0,0.5,2.0,3,0.5,0.5,0.0,0.9580078125,0.0419921875,0.0,256,1024,0,0.0,503.5568095596823,269.66689999972004,0.0,209.09369847436164,24.79621108560051,0,530.4536379992351,0,58.91913799881877,1.4833945236028098e-06,2.7348258742058754e-07,1.6708699258670407e-06,3.415943151179142e-08,7.927352122472231e-08,8.298575892313844e-07,4.371037578858336e-06,no_nsga2,nsga2
0,114,114,train,2.5007436275482178,0.2578125,0.677734375,8,64,512,336.30080000148155,54.24352093524842,11.671988504688631,40.97659545406173,45.43589999957476,6.192625926405082,14.273106659158998,20.46573258556408,0.006799993570894003,0.0,11.220789104670391,9.238143487322795,0,23.788156947018294,1522.4420446091708,2097152.0,2,0.5,0.5,0.0,0.0,0.0,79.40404218143934,0.005700014298781753,0.0,60.02153105978382,19.376811107356744,0,0,0,17.523578606576724,61.88046357486262,0.0,1048576,1048576,0,8,4,0.25,2,0.5,0,1,1.0,0.25097720212391433,3,3,0,1.0,0.0,0.0,1.0,0,0.5,0.5,0.0,0.94921875,0.05078125,0.0,256,1024,0,0.0,427.5684195759951,188.38120003056247,0.0,212.97649266028554,26.210726885147125,0,530.4536379992351,0,194.15283799775352,1.0848704187049686e-06,2.801277241125271e-07,1.695376310755657e-06,3.0963129632025415e-08,8.563863995495398e-08,8.29087579027547e-07,4.006063802187679e-06,no_nsga2,nsga2
0,115,115,train,2.565017282962799,0.26171875,0.646484375,8,64,512,335.91989999695215,51.831488815946344,10.897739744369485,40.58269290036562,40.31090000353288,5.619955731775498,13.366538208987272,18.98649394076277,0.006499991286545992,0.0,11.218155234641284,7.761838714834942,0,23.815130288328547,1524.168338453027,2097152.0,2,0.5,0.5,0.0,0.0,0.0,75.70132369396377,0.006200003554113209,0.0,57.73168201262622,17.96344167778343,0,0,0,16.93329904255762,58.76802465140615,0.0,1048576,1048576,0,8,4,0.25,2,0.5,0,1,1.0,0.2606107547134336,3,0,3,0.0,2.0,0.5,2.0,3,0.5,0.5,0.0,0.9501953125,0.0498046875,0.0,256,1024,0,0.0,413.2476858427258,178.76409999735188,0.0,212.12479595431853,22.358789891055416,0,530.4536379992351,0,194.53373800228292,1.036629776318927e-06,2.615457538648676e-07,1.6790910599763897e-06,2.8099778658877494e-08,8.019922925392363e-08,7.90879835024753e-07,3.876445433097738e-06,no_nsga2,nsga2
0,116,116,train,2.4069214463233948,0.283203125,0.689453125,8,64,512,382.3491000075592,65.06880648798969,10.79122343728573,40.563036403719785,37.401699999463744,6.194343835252752,12.608640045339918,18.80298388059267,0.008099988917820156,0.0,11.560731429436856,7.234152462237994,0,20.923232398374783,1339.086873495986,2097152.0,2,0.5,0.5,0.0,0.0,0.0,81.40081238320238,0.005299996701069176,0.0,62.3936779161491,19.001834470352215,0,0,0,17.848465089154153,63.55234729404823,0.0,1048576,1048576,0,8,4,0.25,2,0.5,0,1,1.0,0.16091838189257093,3,3,0,1.0,0.0,0.0,1.0,0,0.5,0.5,0.0,0.9501953125,0.0498046875,0.0,256,1024,0,0.0,465.6922653159808,231.5546999743674,0.0,213.05716245280396,21.08040288880948,0,530.4536379992351,0,148.1045379916759,1.3013761297597941e-06,2.589893624948575e-07,1.6784446569067332e-06,3.0971719176263765e-08,7.56518402720395e-08,8.497050540103321e-07,4.195138762620021e-06,no_nsga2,nsga2
0,117,117,train,2.6157837510108948,0.24609375,0.65625,8,64,512,338.37680000578985,51.30227800031456,11.107982952740862,41.14563114117549,40.39629999897443,6.251932580785473,13.684056614506915,19.935989195292386,0.006800008122809231,0.0,11.181357414612624,8.747831772556953,0,23.642212934368377,1513.1016277995761,2097152.0,2,0.5,0.5,0.0,0.0,0.0,74.87879444316334,0.006100002792663872,0.0,56.85663130212513,18.016063138245556,0,0,0,17.71807902661964,57.1607154165437,0.0,1048576,1048576,0,8,4,0.25,2,0.5,0,1,1.0,0.19776869931901056,3,0,3,0.0,2.0,0.5,2.0,3,0.5,0.5,0.0,0.9521484375,0.0478515625,0.0,256,1024,0,0.0,414.2235683769236,176.06769999838434,0.0,212.5340555892239,25.621812789315406,0,530.4536379992351,0,192.07683799344522,1.0260455600062912e-06,2.6659159086578065e-07,1.7005952266433276e-06,3.125966290392737e-08,8.210433968704148e-08,7.842241024848727e-07,3.890820482591241e-06,no_nsga2,nsga2
0,118,118,train,2.489363670349121,0.275390625,0.669921875,8,64,512,208.1290999922203,21.728491625037393,11.767206075253256,40.65361767512023,39.104900002712384,6.132718966454419,13.2835261506576,19.41624511711202,0.006399990525096655,0.0,12.199149552789752,7.210695573797172,0,38.43749654806793,2459.9997790763473,2097152.0,2,0.5,0.5,0.0,0.0,0.0,77.83321572077647,0.005800000508315861,0.0,60.74149234256882,17.085923377699338,0,0,0,16.736704036492124,61.09651168428434,0.0,1048576,1048576,0,8,4,0.25,2,0.5,0,1,1.0,0.1859599251701455,3,3,0,1.0,0.0,0.0,1.0,0,0.5,0.5,0.0,0.9521484375,0.0478515625,0.0,256,1024,0,0.0,296.5972615016435,61.24689998978283,0.0,213.50670166288552,21.843659848975193,0,530.4536379992351,0,322.3245380070148,4.3456983250074796e-07,2.8241294580607815e-07,1.682834406823997e-06,3.06635948322721e-08,7.970115690394558e-08,8.118055652807489e-07,3.3219875021477894e-06,no_nsga2,nsga2
0,119,119,train,2.3749880194664,0.345703125,0.69921875,8,64,512,436.80229999881703,72.45016491375321,11.136422262977401,39.659204058243674,40.24819999176543,6.112401310894304,13.550200305372872,19.662601616267175,0.006599992047995329,0.0,11.338520118055955,8.317481506163226,0,18.31487994715623,1172.1523166179986,2097152.0,2,0.5,0.5,0.0,0.0,0.0,77.95594625712322,0.005699999746866524,0.0,59.94620464143638,18.004041615939975,0,0,0,17.759916613999422,60.196029643123794,0.0,1048576,1048576,0,8,4,0.25,2,0.5,0,1,1.0,0.18595995617580352,3,0,3,0.0,2.0,0.5,2.0,3,0.5,0.5,0.0,0.9599609375,0.0400390625,0.0,256,1024,0,0.0,492.98316493989716,261.42860000254586,0.0,208.9698390565644,22.58472588078687,0,530.4536379992351,0,93.65133800041804,1.4490032982750643e-06,2.672741343114576e-07,1.6388021337737946e-06,3.056200655447152e-08,8.130120183223722e-08,8.150792957992311e-07,4.282022070546256e-06,no_nsga2,nsga2
0,120,120,train,2.4998123049736023,0.298828125,0.662109375,8,64,512,413.8363000092795,67.3668503261357,11.625506238862233,40.70433336277368,38.84960000868887,6.874980503866798,14.995802109870148,21.870782613736946,0.006799993570894003,0.0,11.77947124098666,10.084511379179391,0,19.331268592320257,1237.2011899084964,2097152.0,2,0.5,0.5,0.0,0.0,0.0,80.01686352110929,0.005500012775883079,0.0,60.98411967266268,19.02724383567073,0,0,0,16.323497354837258,63.693366166272035,0.0,1048576,1048576,0,8,4,0.25,2,0.5,0,1,1.0,0.20915249756217386,3,3,0,1.0,0.0,0.0,1.0,0,0.5,0.5,0.0,0.951171875,0.048828125,0.0,256,1024,0,0.0,478.7867597110865,241.2196000077529,0.0,208.75044367873716,28.816716024596445,0,530.4536379992351,0,116.61733798995556,1.3473370065227142e-06,2.7901214973269353e-07,1.6878014959129374e-06,3.4374902519333996e-08,8.997481265922088e-08,8.328156299207675e-07,4.271315997267667e-06,no_nsga2,nsga2
0,121,121,train,2.5571917295455933,0.265625,0.63671875,8,64,512,333.62300001317635,53.08288010990762,11.06593651426479,40.355721911383014,36.10260000277776,6.467236220770711,15.022931208266844,21.490167429037555,0.007099995855242014,0.0,12.577733817948275,8.905333615234037,0,23.979090232369504,1534.6617748716483,2097152.0,2,0.5,0.5,0.0,0.0,0.0,78.26088456258904,0.00580001506023109,0.0,61.69653205872082,16.55855248880799,0,0,0,16.462019834156862,61.79886472843218,0.0,1048576,1048576,0,8,4,0.25,2,0.5,0,1,1.0,0.2307606527190679,3,0,3,0.0,2.0,0.5,2.0,3,0.5,0.5,0.0,0.9384765625,0.0615234375,0.0,256,1024,0,0.0,418.0181541422217,186.53459998313338,0.0,207.0614935688211,24.422060590267225,0,528.9770034996036,0,195.35400348642725,1.0616576021981524e-06,2.6558247634235495e-07,1.6693636729870894e-06,3.233618110385356e-08,9.013758724960104e-08,8.155328852942041e-07,3.934610405175255e-06,no_nsga2,nsga2
0,122,122,train,2.552790105342865,0.2578125,0.65625,8,64,512,464.5440000022063,74.03156965237197,11.278779256471937,40.13368060558072,40.60320000280626,6.6080787082354515,14.608301163363162,21.216379871598612,0.006699992809444666,0.0,11.839653364787983,9.370026514001186,0,17.221151879714572,1102.1537203017326,2097152.0,2,0.5,0.5,0.0,0.0,0.0,75.05657335112659,0.005399982910603285,0.0,58.4436131799911,16.607560188224873,0,0,0,15.476197071075136,59.580376280051446,0.0,1048576,1048576,0,8,4,0.25,2,0.5,0,1,1.0,0.19776865982085054,3,3,0,1.0,0.0,0.0,1.0,0,0.5,0.5,0.0,0.94140625,0.05859375,0.0,256,1024,0,0.0,501.7761180576985,269.2513000074541,0.0,207.07729823158076,25.447519818663654,0,528.9770034996036,0,64.4330034973973,1.4806313930474395e-06,2.7069070215532647e-07,1.659526258155372e-06,3.3040393541177264e-08,8.764980698017896e-08,7.815181276534161e-07,4.31305668153291e-06,no_nsga2,nsga2
0,123,123,train,2.5469584465026855,0.265625,0.6328125,8,64,512,450.35440000356175,75.31320089951133,10.526376704883743,39.154463995271534,42.012400008388795,6.295311256198022,11.949405187550008,18.24471644374803,0.006600006599910557,0.0,11.569798606671238,6.668317830476881,0,17.76374836392931,1136.8798952914758,2097152.0,2,0.5,0.5,0.0,0.0,0.0,76.20349787943218,0.0053000112529844046,0.0,56.969105560963605,19.229092307215595,0,0,0,17.800237926395425,58.40325995303675,0.0,1048576,1048576,0,8,4,0.25,2,0.5,0,1,1.0,0.18595995617580352,3,0,3,0.0,2.0,0.5,2.0,3,0.5,0.5,0.0,0.9482421875,0.0517578125,0.0,256,1024,0,0.0,499.9761663986664,274.0137000073446,0.0,206.37411703372928,19.58834935759254,0,528.9770034996036,0,78.62260349604185,1.5062640179902267e-06,2.526330409172098e-07,1.6207744665626208e-06,3.147655628099011e-08,7.169643112530005e-08,7.976354546471127e-07,4.28047996752346e-06,no_nsga2,nsga2
0,124,124,train,2.6261789798736572,0.23046875,0.623046875,8,64,512,197.74620000680443,26.24936431697922,12.113533042412884,40.143687731278014,36.77289999905042,6.2808610227481365,13.887641090061496,20.168502112809634,0.006999995093792677,0.0,12.19982171858244,7.9616803991334,0,40.45569292371635,2589.1643471178463,2097152.0,2,0.5,0.5,0.0,0.0,0.0,76.67254034773815,0.00549999822396785,0.0,59.04385057266297,17.62318977685121,0,0,0,15.362844209259425,61.30969613847872,0.0,1048576,1048576,0,8,4,0.25,2,0.5,0,1,1.0,0.2201412464909665,3,3,0,1.0,0.0,0.0,1.0,0,0.5,0.5,0.0,0.9560546875,0.0439453125,0.0,256,1024,0,0.0,314.0263403626805,81.33429996087216,0.0,207.3209102870751,25.37113011473326,0,528.9770034996036,0,331.23080349279917,5.249872863395845e-07,2.907247930179092e-07,1.6626276398929226e-06,3.1404305113740685e-08,8.332584654036897e-08,7.974510918959003e-07,3.3905209628004262e-06,no_nsga2,nsga2
0,125,125,train,2.579276144504547,0.2421875,0.640625,8,64,512,433.90430000727065,71.53248719948172,10.429225274110998,40.70506456151473,39.90999999223277,6.462431229814922,12.005146352766733,18.467577582581654,0.01649999467190355,0.0,11.45137432482769,6.999703263082061,0,18.437202771816686,1179.980977396268,2097152.0,2,0.0,0.5,0.5,0.0,0.0,88.10722282476834,0.005600013537332416,0.0,70.54977952340124,17.551843287829772,0,0,0,0.0,63.95982785682955,24.147394967938798,0,1048576,1048576,8,4,0.25,2,0.5,0,1,1.0,0.2307606527190679,3,0,3,0.0,2.0,0.5,2.0,3,0.5,0.5,0.0,0.943359375,0.056640625,0.0,256,1024,0,0.0,490.66710814042983,260.0541000283556,0.0,208.3238310571802,22.28917705489401,0,528.9770034996036,0,95.07270349233295,1.4306497439896346e-06,2.50301406578664e-07,1.6858072878413658e-06,3.231215614907462e-08,7.20308781166004e-08,9.293670181835611e-07,4.4004684908589e-06,no_nsga2,nsga2
0,126,126,train,2.543754994869232,0.244140625,0.658203125,8,64,512,414.84480000508483,71.0459205465634,10.380840775982678,41.20677976124091,35.773499999777414,5.647767566788194,12.148233596393926,17.79600116318212,0.006599992047995329,0.0,11.373544462036387,6.415856709097737,0,19.28427381909602,1234.1935244221452,2097152.0,2,0.5,0.5,0.0,0.0,0.0,76.526792947657,0.006600006599910557,0.0,57.49377719113873,19.026415749918357,0,0,0,17.436680579696556,59.090112367960444,0.0,1048576,1048576,0,8,4,0.25,2,0.5,0,1,1.0,0.16091838189257093,3,3,0,1.0,0.0,0.0,1.0,0,0.5,0.5,0.0,0.9580078125,0.0419921875,0.0,256,1024,0,0.0,490.53416433514803,256.10290000622626,0.0,211.88720925875822,22.544055070163488,0,528.9770034996036,0,114.13220349451876,1.4209184109312681e-06,2.4914017862358426e-07,1.7046167889170145e-06,2.8238837833940974e-08,7.288940157836354e-08,8.001412906359632e-07,4.275944908520135e-06,no_nsga2,nsga2
0,127,127,train,2.552857518196106,0.25,0.638671875,8,64,512,4607.354899999336,71.0271931240895,637.1954740397441,42.09326207545939,51.538300001993775,6.354794228228378,1359.9886440775274,1366.3434383057559,0.006600006599910557,0.0,12.035940319723409,1354.3008979794324,0,1.7363538162964907,111.1266442429754,2097152.0,2,0.0,0.5,0.5,0.0,0.0,84.6049575357624,0.00549999822396785,0.0,66.15912114181684,18.44033639572158,0,0,0,0.0,57.69749394313102,26.907463592631366,0,1048576,1048576,8,4,0.25,2,0.5,0,1,1.0,0.2201412464909665,3,0,3,0.0,2.0,0.5,2.0,3,0.5,0.5,0.0,0.947265625,0.052734375,0.0,256,1024,0,0.0,3001.263716957172,256.42070002504624,0.0,214.24164596270396,2530.6013709694216,0,660.4749249987066,1,-3946.8799750006297,1.42054386248179e-06,1.529269137695386e-05,1.7459983838117376e-06,3.177397114114189e-08,8.159931864465163e-06,8.998645025428865e-07,2.7550803961396577e-05,no_nsga2,nsga2
0,128,128,train,2.59146785736084,0.271484375,0.65625,8,64,512,480.10089999297634,76.52808181773047,11.749069709933476,39.95336139443305,37.986700001056306,5.572576710925221,13.291678958996512,18.864255669921732,0.006599992047995329,0.0,10.737012499262041,8.120643178611695,0,16.663129223435767,1066.440270299889,2097152.0,2,0.5,0.5,0.0,0.0,0.0,78.36656619376018,0.005599998985417187,0.0,59.35098263635166,19.009983558423116,0,0,0,16.916443678485926,61.45012251527426,0.0,1048576,1048576,0,8,4,0.25,2,0.5,0,1,1.0,0.18595995617580352,3,3,0,1.0,0.0,0.0,1.0,0,0.5,0.5,0.0,0.95703125,0.04296875,0.0,256,1024,0,0.0,512.922051688388,277.03540000948124,0.0,211.52165507865686,24.364996600249903,0,660.4749249987066,0,180.37402500573023,1.5305616363546095e-06,2.819776730384034e-07,1.6547085021319058e-06,2.7862883554626105e-08,7.975007375397907e-08,8.174985492945736e-07,4.392359318128097e-06,no_nsga2,nsga2
0,129,129,train,2.5279247164726257,0.2578125,0.654296875,8,64,512,399.56839999649674,69.37796062097884,11.788661900007865,40.89687641082607,37.28810000757221,6.574479235046176,15.234847497859889,21.809326732906065,0.006999995093792677,0.0,12.839064824281454,8.963261913530816,0,20.02155320219752,1281.3794049406413,2097152.0,2,0.5,0.0,0.5,0.0,0.0,40.863163057546686,0.005600013537332416,0.0,23.637420900426584,17.220142143582773,0,0,0,17.022124242775387,0.0,23.841038814771302,1048576,0,1048576,8,4,0.25,2,0.5,0,1,1.0,0.18595995617580352,3,0,3,0.0,2.0,0.5,2.0,3,0.5,0.5,0.0,0.958984375,0.041015625,0.0,256,1024,0,0.0,488.2539957272511,251.300700037973,0.0,212.44195397340616,24.511341715871914,0,660.4749249987066,0,260.90652500220983,1.3875592124195768e-06,2.829278856001887e-07,1.6897106148177665e-06,3.287239617523088e-08,9.140908498715932e-08,4.4267587906101763e-07,3.92715507306094e-06,no_nsga2,nsga2
0,130,130,train,2.5068552494049072,0.234375,0.666015625,8,64,512,412.336299996241,70.36486503843324,11.530608414349597,40.97991872934209,37.17820000019856,6.244406230220094,13.235405878716097,19.47981210893619,0.007599999662488699,0.0,11.74505923045515,7.727152878818553,0,19.40159185228436,1241.701878546199,2097152.0,2,0.5,0.5,0.0,0.0,0.0,75.97759429392019,0.005599984433501959,0.0,57.32978413370511,18.642210175781592,0,0,0,16.5914625600089,59.3861317339113,0.0,1048576,1048576,0,8,4,0.25,2,0.5,0,1,1.0,0.17369070345169255,3,3,0,1.0,0.0,0.0,1.0,0,0.5,0.5,0.0,0.9599609375,0.0400390625,0.0,256,1024,0,0.0,491.50156872849965,254.0685999847483,0.0,213.71910848056558,23.713860263185836,0,660.4749249987066,0,248.13862500246557,1.4072973007686648e-06,2.767346019443903e-07,1.6951104196539224e-06,3.1222031151100474e-08,7.941243527229657e-08,7.929588680592198e-07,4.282735656849594e-06,no_nsga2,nsga2
0,131,131,train,2.4863089323043823,0.271484375,0.646484375,8,64,512,194.860499992501,21.70156935365052,12.050470347600939,41.03198838150878,39.99050000857096,6.435478707846655,13.88271605847998,20.318194766326634,0.007999988156370819,0.0,12.546460210677086,7.763734567493179,0,41.05480046242008,2627.5072295948853,2097152.0,2,0.5,0.5,0.0,0.0,0.0,81.44396411148394,0.006599992047995329,0.0,62.42885943529694,19.008504684138995,0,0,0,17.53896898625193,63.904995125232006,0.0,1048576,1048576,0,8,4,0.25,2,0.5,0,1,1.0,0.16091842229213763,3,0,3,0.0,2.0,0.5,2.0,3,0.5,0.5,0.0,0.9541015625,0.0458984375,0.0,256,1024,0,0.0,299.136112331041,62.21549998736009,0.0,213.53647862653958,23.384133717141296,0,660.4749249987066,0,465.6144250062056,4.3403138707301046e-07,2.892112883424225e-07,1.697900538761529e-06,3.217739353923328e-08,8.329629635087987e-08,8.495175790873433e-07,3.3861344831544187e-06,no_nsga2,nsga2
0,132,132,train,2.380463123321533,0.2890625,0.6953125,8,64,512,197.6598000037484,21.920979839560907,11.525236526543406,41.2290766846003,39.455200007068925,5.9310139493504295,13.847784964110524,19.778798913460953,0.006699992809444666,0.0,12.209652283787587,7.56244663686392,0,40.47337661209653,2590.296103174178,2097152.0,2,0.5,0.5,0.0,0.0,0.0,77.68911889354763,0.005900015821680427,0.0,59.42459461363005,18.2586242640959,0,0,0,17.20335757205241,60.48576132149522,0.0,1048576,1048576,0,8,4,0.25,2,0.5,0,1,1.0,0.2307606527190679,3,3,0,1.0,0.0,0.0,1.0,0,0.5,0.5,0.0,0.951171875,0.048828125,0.0,256,1024,0,0.0,298.70117220281844,63.00310000369791,0.0,212.46788196994078,23.23019022917978,0,660.4749249987066,0,462.8151249949582,4.384195967912182e-07,2.7660567663704165e-07,1.7076817963466626e-06,2.965506974675215e-08,8.308670978466313e-08,8.112979040795811e-07,3.3467467533859185e-06,no_nsga2,nsga2
0,133,133,train,2.303541123867035,0.310546875,0.712890625,8,64,512,397.0623999921372,66.02531202600443,11.036078772454363,40.639598189361614,43.177100000320934,6.4254364172791725,13.078851321491797,19.50428773877097,0.006599992047995329,0.0,11.83987349882927,7.657814247893702,0,20.147915925160614,1289.4666192102793,2097152.0,2,0.5,0.5,0.0,0.0,0.0,74.2600209781419,0.005199995939619839,0.0,55.406757596600706,18.84806338560157,0,0,0,16.040317673366545,58.21970330477535,0.0,1048576,1048576,0,8,4,0.25,2,0.5,0,1,1.0,0.17369070345169255,3,0,3,0.0,2.0,0.5,2.0,3,0.5,0.5,0.0,0.9541015625,0.0458984375,0.0,256,1024,0,0.0,470.80395595128164,234.55479997210205,0.0,212.5599421629316,23.689213816247985,0,660.4749249987066,0,263.41252500656935,1.3205062405200887e-06,2.6486589053890463e-07,1.679649188751805e-06,3.2127182086395864e-08,7.847310792895077e-08,7.746808451281521e-07,4.150302454954297e-06,no_nsga2,nsga2
0,134,134,train,2.390184462070465,0.314453125,0.673828125,8,64,512,362.7076999982819,56.97721872922157,11.4859973451328,39.986544319104574,39.157899998826906,6.753806314598087,14.784562713742105,21.538369028340192,0.00650000583846122,0.0,11.439986909998668,10.091882112503065,0,22.056267191930868,1411.6011002835755,2097152.0,2,0.5,0.5,0.0,0.0,0.0,74.6511924466216,0.005699999746866524,0.0,57.388556149823174,17.256936297051546,0,0,0,17.312557550239248,57.338634896382345,0.0,1048576,1048576,0,8,4,0.25,2,0.5,0,1,1.0,0.19776869931901056,3,3,0,1.0,0.0,0.0,1.0,0,0.5,0.5,0.0,0.953125,0.046875,0.0,256,1024,0,0.0,433.7990415738357,200.01410001714248,0.0,206.55039439666882,27.23454716002446,0,529.9765074965399,0,167.26880749825796,1.1395443745844314e-06,2.7566393628318715e-07,1.6540347911626262e-06,3.376903157299044e-08,8.870737628245261e-08,7.811370395666944e-07,3.972856549452382e-06,no_nsga2,nsga2
0,135,135,train,2.396051049232483,0.291015625,0.6796875,8,64,512,211.26480000384618,22.75614606435345,12.244729384965758,40.589237420720494,40.75179999927059,6.442763849842671,14.682431558588512,21.125195408431182,0.006900008884258568,0.0,12.278343011257967,8.839952388288957,0,37.866990302521074,2423.4873793613488,2097152.0,2,0.5,0.5,0.0,0.0,0.0,76.97296817513104,0.005999987479299307,0.0,59.42806232870041,17.53890585895133,0,0,0,16.20785305092184,60.7651151242092,0.0,1048576,1048576,0,8,4,0.25,2,0.5,0,1,1.0,0.2201412464909665,3,0,3,0.0,2.0,0.5,2.0,3,0.5,0.5,0.0,0.9482421875,0.0517578125,0.0,256,1024,0,0.0,302.3604514801589,66.14759999501985,0.0,210.5943117504544,25.618539734684582,0,529.9765074965399,0,318.7117074926937,4.551229212870691e-07,2.9387350523917816e-07,1.6820893773820378e-06,3.221381924921336e-08,8.809458935153106e-08,8.021453878531542e-07,3.3535396003621835e-06,no_nsga2,nsga2
0,136,136,train,2.5905153155326843,0.236328125,0.638671875,8,64,512,451.30430000426713,75.45380932678856,11.321188624772024,40.399868941428885,36.754900007508695,6.614711654638335,13.460404343681487,20.075115998319824,0.007700000423938036,0.0,11.771837740573908,8.295578257321978,0,17.726359517436112,1134.4870091159112,2097152.0,2,0.5,0.5,0.0,0.0,0.0,76.63219400118965,0.005700014298781753,0.0,59.182494980922755,17.443999005968113,0,0,0,16.021469820825413,60.61072418036424,0.0,1048576,1048576,0,8,4,0.25,2,0.5,0,1,1.0,0.18595995617580352,3,3,0,1.0,0.0,0.0,1.0,0,0.5,0.5,0.0,0.958984375,0.041015625,0.0,256,1024,0,0.0,508.69946757195794,274.73620003729593,0.0,209.31223767724887,24.65102985741308,0,529.9765074965399,0,78.67220749227272,1.5090761865357715e-06,2.717085269945285e-07,1.6704885784929044e-06,3.307355827319168e-08,8.076242606208891e-08,7.983648796535474e-07,4.363474156012033e-06,no_nsga2,nsga2
0,137,137,train,2.47827810049057,0.234375,0.630859375,8,64,512,426.6576999943936,70.83722371523565,11.286051298250575,41.63565889974617,42.43210000277031,6.299027302827201,14.008521977071656,20.307549279898858,0.006799993570894003,0.0,11.371443941512881,8.92930534481508,0,18.750350104439736,1200.022406684143,2097152.0,2,0.5,0.5,0.0,0.0,0.0,76.63369706651795,0.005700014298781753,0.0,59.15396378044388,17.474033271775298,0,0,0,17.813056135162874,58.820640931355086,0.0,1048576,1048576,0,8,4,0.25,2,0.5,0,1,1.0,0.18595995617580352,3,0,3,0.0,2.0,0.5,2.0,3,0.5,0.5,0.0,0.9423828125,0.0576171875,0.0,256,1024,0,0.0,495.0357356529296,255.64670002495404,0.0,207.273123648366,32.11591197960955,0,529.9765074965399,0,103.31880750214623,1.416744474304713e-06,2.708652311580138e-07,1.720459957937961e-06,3.149513651413601e-08,8.405113186242993e-08,8.019630829355054e-07,4.32557901471276e-06,no_nsga2,nsga2
0,138,138,train,2.4202789068222046,0.287109375,0.685546875,8,64,512,209.2521000013221,22.921728755892488,12.514485829089876,40.14767436476748,38.59749999537598,6.247032345252488,14.25210355598466,20.499135901237146,0.007399998139590025,0.0,11.881508486751574,8.610227416345984,0,38.2312137786702,2446.797681834893,2097152.0,2,0.5,0.5,0.0,0.0,0.0,81.55544885530645,0.005799985956400633,0.0,62.48674807580012,19.062900793549918,0,0,0,17.18914474238536,64.36630411292109,0.0,1048576,1048576,0,8,4,0.25,2,0.5,0,1,1.0,0.2091524583687337,3,3,0,1.0,0.0,0.0,1.0,0,0.5,0.5,0.0,0.9521484375,0.0478515625,0.0,256,1024,0,0.0,302.3355557989994,67.27940001292154,0.0,209.37100266355358,25.685153122524284,0,529.9765074965399,0,320.72440749521775,4.5843457511784985e-07,3.00347659898157e-07,1.6621223493943745e-06,3.1235161726262444e-08,8.551262133590794e-08,8.499327780378352e-07,3.3875851455103867e-06,no_nsga2,nsga2
0,139,139,train,2.580312967300415,0.21875,0.6484375,8,64,512,208.1565000116825,22.766387369311104,11.894112960115951,41.1711702744029,37.6782999956049,6.281394386287829,13.200284159944633,19.481678546232462,0.006799993570894003,0.0,12.03041217955025,7.444466373111317,0,38.432436974651466,2459.675966377694,2097152.0,2,0.5,0.5,0.0,0.0,0.0,78.08126898908621,0.005299996701069176,0.0,60.59959792200532,17.47637107037982,0,0,0,16.145232531556594,61.93603645752962,0.0,1048576,1048576,0,8,4,0.25,2,0.5,0,1,1.0,0.26061071707684524,3,0,3,0.0,2.0,0.5,2.0,3,0.5,0.5,0.0,0.947265625,0.052734375,0.0,256,1024,0,0.0,303.3266824153198,65.60070003615692,0.0,214.2412665694376,23.48471580972525,0,529.9765074965399,0,321.82000748485734,4.553277473862221e-07,2.8545871104278284e-07,1.705015542311994e-06,3.140697193143915e-08,7.92017049596678e-08,8.131031549539754e-07,3.3695138325860815e-06,no_nsga2,nsga2
0,140,140,train,2.5840957164764404,0.232421875,0.65625,8,64,512,193.76109998847824,21.544906132743915,11.508842672632309,40.47369909356976,40.510100006940775,6.196953750919444,14.521224363609619,20.718178114529064,0.006599992047995329,0.0,11.921779432709997,8.78979868977107,0,41.28774409688844,2642.41562220086,2097152.0,2,0.5,0.0,0.5,0.0,0.0,42.36384740995305,0.006100002792663872,0.0,24.10142837062353,18.256319036536862,0,0,0,18.571241429371124,0.0,23.792605980581932,1048576,0,1048576,8,4,0.25,2,0.5,0,1,1.0,0.20915249756217386,3,3,0,1.0,0.0,0.0,1.0,0,0.5,0.5,0.0,0.9482421875,0.0517578125,0.0,256,1024,0,0.0,294.1097915957839,61.43280000833329,0.0,208.0738792568898,24.60311233056086,0,529.9765074965399,0,336.2154075080616,4.308981226548784e-07,2.762122241431754e-07,1.6744139608975276e-06,3.098476875459722e-08,8.71273461816577e-08,4.607809569582728e-07,2.9604173795901085e-06,no_nsga2,nsga2
0,141,141,train,2.2717527747154236,0.359375,0.703125,8,64,512,434.8826000059489,71.07969690713534,11.02855881471478,39.54434221722949,38.65750000113621,6.465412577323967,12.617294720624908,19.082707297948875,0.006900023436173797,0.0,11.529539025872008,7.5462682486406925,0,18.39572704027139,1177.3265305773689,2097152.0,2,0.5,0.0,0.5,0.0,0.0,40.325947562346165,0.0053000112529844046,0.0,22.72007673212562,17.60057081896756,0,0,0,15.803922665023691,0.0,24.522024897322474,1048576,0,1048576,8,4,0.25,2,0.5,0,1,1.0,0.14759070521249812,3,0,3,0.0,2.0,0.5,2.0,3,0.5,0.5,0.0,0.9521484375,0.0478515625,0.0,256,1024,0,0.0,486.61039175631845,258.7206000025617,0.0,206.14708719847187,21.742704555284874,0,523.8706219959568,0,88.98802199000784,1.421593938142707e-06,2.6468541155315465e-07,1.636177850465846e-06,3.2327062886619835e-08,7.570376832374945e-08,4.34867320953509e-07,3.865355352325586e-06,no_nsga2,nsga2
0,142,142,train,2.4892603754997253,0.279296875,0.677734375,8,64,512,461.41249999345746,76.5744160603905,10.222728883624052,41.2731616037337,37.30130000622012,6.28525293341902,12.978177932163224,19.263430865582244,0.006400005077011883,0.0,12.770639952336376,6.486390908168857,0,17.33802760455304,1109.6337666913946,2097152.0,2,0.5,0.5,0.0,0.0,0.0,79.94377657688622,0.005700014298781753,0.0,62.01200760106277,17.926068961524678,0,0,0,16.63194915310774,63.31182742377848,0.0,1048576,1048576,0,8,4,0.25,2,0.5,0,1,1.0,0.19776865982085054,3,3,0,1.0,0.0,0.0,1.0,0,0.5,0.5,0.0,0.9541015625,0.0458984375,0.0,256,1024,0,0.0,512.281226190993,278.0443999945419,0.0,213.74895668543076,20.48786951102034,0,523.8706219959568,0,62.458122002499294,1.5314883212078102e-06,2.4534549320697723e-07,1.7062146660821638e-06,3.14262646670951e-08,7.786906759297934e-08,8.327016640750778e-07,4.425045476832103e-06,no_nsga2,nsga2
0,143,143,train,2.465789258480072,0.30078125,0.689453125,8,64,512,371.18550000013784,57.31463132932222,11.993074833859849,39.730788538775585,38.45359999104403,5.7462942570104465,14.939168789588798,20.685463046599246,0.006699992809444666,0.0,10.720762265634383,9.958000788155417,0,21.552507971052368,1379.3605101473515,2097152.0,2,0.5,0.5,0.0,0.0,0.0,79.33992611963433,0.0053000112529844046,0.0,61.83033038271693,17.504295725664402,0,0,0,16.26022888761711,63.07969723201721,0.0,1048576,1048576,0,8,4,0.25,2,0.5,0,1,1.0,0.2307606527190679,3,0,3,0.0,2.0,0.5,2.0,3,0.5,0.5,0.0,0.958984375,0.041015625,0.0,256,1024,0,0.0,436.15397880783064,202.00580000528134,0.0,208.61984201866545,25.528336783883844,0,520.4103244968428,0,149.22482449670497,1.1462926265864446e-06,2.8783379601263636e-07,1.6454127949470171e-06,2.8731471285052235e-08,8.963501273753278e-08,8.259197189715775e-07,4.02382542054026e-06,no_nsga2,nsga2
0,144,144,train,2.6054813265800476,0.224609375,0.64453125,8,64,512,432.3662999959197,71.83576656657175,11.52059942213035,40.94391252848867,51.853400000254624,6.769428284546583,13.985114298377596,20.75454258292418,0.008000002708286047,0.0,12.434770048212522,8.31177253200337,0,18.502786866803984,1184.178359475455,2097152.0,2,0.0,0.5,0.5,0.0,0.0,88.61070809245082,0.005699999746866524,0.0,71.42490553805507,17.180102554648876,0,0,0,0.0,63.90445390772039,24.706254184730433,0,1048576,1048576,8,4,0.25,2,0.5,0,1,1.0,0.19776865982085054,3,3,0,1.0,0.0,0.0,1.0,0,0.5,0.5,0.0,0.9501953125,0.0498046875,0.0,256,1024,0,0.0,497.2011140687631,259.38869998208247,0.0,212.84108050380448,24.971333582876156,0,520.4103244968428,0,88.04402450092311,1.436715331331435e-06,2.764943861311284e-07,1.696172470437399e-06,3.384714142273292e-08,8.391068579026557e-08,9.355195892939691e-07,4.462659604406929e-06,no_nsga2,nsga2
0,145,145,train,2.4350169897079468,0.26953125,0.70703125,8,64,512,4020.49260000058,75.84596687694133,650.049042583031,41.32929810325098,57.5232999981381,6.394658673165189,726.8665844999996,733.2612431731648,0.005900001269765198,0.0,12.203400071520319,721.0519431003746,0,1.9898054308552675,127.34754757473712,2097152.0,2,0.5,0.5,0.0,0.0,0.0,76.00286484543842,0.0052000104915350676,0.0,58.36393955194154,17.63372528300535,0,0,0,16.784919526231068,59.21794531920736,0.0,1048576,1048576,0,8,4,0.25,2,0.5,0,1,1.0,0.2307606527190679,3,0,3,0.0,2.0,0.5,2.0,3,0.5,0.5,0.0,0.9453125,0.0546875,0.0,256,1024,0,0.0,3068.8972302528937,1339.0521999972407,0.0,215.35968823429505,1514.4853420213576,0,2670.047968496863,1,-1350.4446315037167,1.5169193375388267e-06,1.5601177021992742e-05,1.7093117464605872e-06,3.197329336582595e-08,4.361199506999997e-06,7.935984875068464e-07,2.4014179393864822e-05,no_nsga2,nsga2
0,146,146,train,2.448712706565857,0.279296875,0.662109375,8,64,512,390.5053000053158,51.95945436328911,77.2794670054089,41.41368803920628,38.64189999876544,6.60693768164431,14.036674762577508,20.64361244422182,0.00689999433234334,0.0,12.651725854206777,7.9849865956827,0,20.486225189942132,1311.1184121562965,2097152.0,2,0.0,0.0,1.0,0.0,0.0,49.34349183910663,0.005599998985417187,0.0,31.976951021139655,17.360940818981554,0,0,0,0.0,0.0,24.671745919553317,0,0,2097152,8,4,0.25,2,0.5,0,1,1.0,0.2307606283979408,3,3,0,1.0,0.0,0.0,1.0,0,0.5,0.5,0.0,0.9541015625,0.0458984375,0.0,256,1024,0,0.0,682.6104376316173,182.85190002643503,300.0,186.56181798103682,13.196719624145405,0,2670.047968496863,0,2279.5426684915474,1.0391890872657825e-06,3.0911786802163565e-05,1.7138802787597401e-06,3.303468840822155e-08,8.422004857546504e-08,5.420476216223173e-07,3.43241585267951e-05,no_nsga2,nsga2
0,147,147,train,2.7278852462768555,0.267578125,0.65234375,8,64,512,182.22329999844078,22.06634171812536,2.2202321471946336,40.03465272671463,38.993699999991804,5.702114917053386,11.916816925310597,17.618931842363985,0.007199996616691351,0.0,10.944999723470923,6.666732122276368,0,43.901938435589834,2809.7240598777494,2097152.0,2,0.5,0.5,0.0,0.0,0.0,76.53760245355824,0.00549999822396785,0.0,57.02173482425674,19.51036763107752,0,0,0,16.564153892177032,59.9734485613812,0.0,1048576,1048576,0,8,4,0.25,2,0.5,0,1,1.0,0.2877900422484528,3,0,3,0.0,2.0,0.5,2.0,3,0.5,0.5,0.0,0.9462890625,0.0537109375,0.0,256,1024,0,0.0,257.2849063681385,59.56550003611483,0.0,185.6907467779529,12.028659554070753,0,2670.047968496863,0,2487.8246684984224,4.413268343625073e-07,8.880928588778536e-07,1.6581049249355751e-06,2.851057458526693e-08,7.150090155186358e-08,7.985043323199364e-07,3.8860404266330034e-06,no_nsga2,nsga2
0,148,148,train,2.654096305370331,0.259765625,0.607421875,8,64,512,420.38619999948423,71.7360119514604,2.1432110562257245,40.28888516328056,41.22610000194982,5.479465827369422,12.084598750214745,17.56406457758417,0.006799993570894003,0.0,11.21794752022359,6.339317063789684,0,19.030075130759965,1217.9248083686377,2097152.0,2,0.5,0.5,0.0,0.0,0.0,80.11768880675041,0.005400012014433742,0.0,62.547295225455535,17.56499356928045,0,0,0,17.180496634103797,62.93719217264662,0.0,1048576,1048576,0,8,4,0.25,2,0.5,0,1,1.0,0.19776869931901056,3,3,0,1.0,0.0,0.0,1.0,0,0.5,0.5,0.0,0.9541015625,0.0458984375,0.0,256,1024,0,0.0,456.67243268386676,257.79849996615667,0.0,187.60438172187304,11.26955099583699,0,2670.047968496863,0,2249.661768497379,1.434720239029208e-06,8.572844224902898e-07,1.6656014696814146e-06,2.7397329136847112e-08,7.250759250128846e-08,8.355378813357117e-07,4.893048934174761e-06,no_nsga2,nsga2
0,149,149,train,2.3376683592796326,0.326171875,0.71875,8,64,512,433.34330001380295,72.53488655913284,2.388429237958504,40.592659521218565,37.914100001216866,6.34824048779829,14.670863929877395,21.019104417675685,0.008500006515532732,0.0,12.698378096969233,8.31222631419092,0,18.46107125383946,1181.5085602457254,2097152.0,2,0.5,0.5,0.0,0.0,0.0,74.44524761500112,0.005599984433501959,0.0,56.50257575362944,17.937071876938173,0,0,0,16.28207467799302,58.1631729370081,0.0,1048576,1048576,0,8,4,0.25,2,0.5,0,1,1.0,0.16091841241856653,3,0,3,0.0,2.0,0.5,2.0,3,0.5,0.5,0.0,0.9580078125,0.0419921875,0.0,256,1024,0,0.0,462.0639012732396,264.5354999549454,0.0,183.5274869932561,14.00091432503808,0,2670.047968496863,0,2236.7046684830602,1.450697731182657e-06,9.553716951834018e-07,1.68327984061447e-06,3.174120243899145e-08,8.802518357926436e-08,7.770166255059973e-07,4.986132278504781e-06,no_nsga2,nsga2
0,150,150,train,2.5254566073417664,0.255859375,0.65234375,8,64,512,445.0360999908298,74.01167244255245,2.3258104288778476,41.19659616669667,55.779300004360266,7.3569004556445705,13.449239679242268,20.80614013488684,0.00689999433234334,0.0,12.423411483237206,8.375828657317289,0,17.976029414547334,1150.4658825310294,2097152.0,2,0.5,0.5,0.0,0.0,0.0,78.10850836524718,0.006300004315562546,0.0,59.52613158180509,18.576076779126524,0,0,0,17.092806037380555,61.01570232786662,0.0,1048576,1048576,0,8,4,0.25,2,0.5,0,1,1.0,0.16091838189257093,3,3,0,1.0,0.0,0.0,1.0,0,0.5,0.5,0.0,0.9560546875,0.0439453125,0.0,256,1024,0,0.0,470.1363161525079,266.1964000290027,0.0,188.47514405447703,15.464772069028125,0,2670.047968496863,0,2225.0118685060334,1.480233448851049e-06,9.303241715511388e-07,1.7060810104917852e-06,3.6784502278222856e-08,8.06954380754536e-08,8.152706957272329e-07,5.049389266974881e-06,no_nsga2,nsga2
0,151,151,train,2.468873679637909,0.29296875,0.64453125,8,64,512,401.4610000012908,69.54090629716754,2.5175791117726423,40.75811389760389,45.06169998785481,5.5715852349676,16.73336041166393,22.30494564663153,0.007399998139590025,0.0,11.641796420709523,10.655749227782417,0,19.927166207447474,1275.3386372766383,2097152.0,2,0.5,0.5,0.0,0.0,0.0,74.40642711829216,0.006799993570894003,0.0,56.841546477563426,17.558080647157848,0,0,0,15.887280583996848,58.51914653429532,0.0,1048576,1048576,0,8,4,0.25,2,0.5,0,1,1.0,0.19776865982085054,3,0,3,0.0,2.0,0.5,2.0,3,0.5,0.5,0.0,0.9453125,0.0546875,0.0,256,1024,0,0.0,451.2663972261763,250.84269998478703,0.0,184.2843866282525,16.139310613136736,0,2670.047968496863,0,2268.5869684955724,1.3908181259433508e-06,1.007031644709057e-06,1.6888319733515446e-06,2.7857926174838e-08,1.0040016246998358e-07,7.758388323509154e-07,4.990778664999689e-06,no_nsga2,nsga2
0,152,152,train,2.358194053173065,0.314453125,0.703125,8,64,512,433.4593999956269,71.95946832101053,2.1323553336844627,40.72294592671002,38.19609999482054,6.733756396237112,11.88614719524446,18.619903591481574,0.006599992047995329,0.0,12.16077273344792,6.452530865985656,0,18.45612655753723,1181.1920996823828,2097152.0,2,0.0,0.5,0.5,0.0,0.0,90.07962178599769,0.00549999822396785,0.0,72.16429673021618,17.909825057557537,0,0,0,0.0,63.31480127730984,26.764820508687844,0,1048576,1048576,8,4,0.25,2,0.5,0,1,1.0,0.17369072493825644,3,3,0,1.0,0.0,0.0,1.0,0,0.5,0.5,0.0,0.962890625,0.037109375,0.0,256,1024,0,0.0,459.25907832562007,260.5116999911843,0.0,187.59775708443928,11.149621249996482,0,2670.047968496863,0,2236.5885685012363,1.4391893664202106e-06,8.529421334737852e-07,1.6848506461023515e-06,3.3668781981185564e-08,7.131688317146675e-08,9.543258588773526e-07,5.036293670026352e-06,no_nsga2,nsga2
0,153,153,train,2.494717001914978,0.28125,0.654296875,8,64,512,450.9146000054898,75.96771248158333,2.3483637662912726,39.819043365498345,36.8224999983795,5.524671885195548,14.649417445807495,20.174089331003042,0.006500020390376449,0.0,11.944142864860673,8.223446445751994,0,17.74167937392852,1135.4674799314253,2097152.0,2,0.5,0.5,0.0,0.0,0.0,78.85656325835276,0.005700014298781753,0.0,61.76524124709378,17.085621996960196,0,0,0,15.640907124086727,63.215656134266034,0.0,1048576,1048576,0,8,4,0.25,2,0.5,0,1,1.0,0.26061071707684524,3,0,3,0.0,2.0,0.5,2.0,3,0.5,0.5,0.0,0.951171875,0.048828125,0.0,256,1024,0,0.0,472.5404784534918,277.7691999654053,0.0,182.75136741310303,12.019911074983533,0,2670.047968496863,0,2219.1333684913734,1.5193542496316667e-06,9.393455065165092e-07,1.6454442742431533e-06,2.7623359425977743e-08,8.789650467484496e-08,8.198474468317011e-07,5.039511341323854e-06,no_nsga2,nsga2
0,154,154,train,2.396214485168457,0.287109375,0.693359375,8,64,512,460.586000001058,75.22843862893507,2.3527813341186583,40.5919951892648,39.57839999930002,5.900282763569491,14.509401735745943,20.409684499315432,0.007700000423938036,0.0,11.377437294863002,9.024547204028494,0,17.369139815022187,1111.62494816142,2097152.0,2,0.5,0.5,0.0,0.0,0.0,80.81787708701734,0.005799985956400633,0.0,62.83179777566306,17.980279325397863,0,0,0,17.280059697398592,63.53781738961874,0.0,1048576,1048576,0,8,4,0.25,2,0.5,0,1,1.0,0.16091838189257093,3,3,0,1.0,0.0,0.0,1.0,0,0.5,0.5,0.0,0.9521484375,0.0478515625,0.0,256,1024,0,0.0,472.69286060927413,273.2454999204492,0.0,184.93264555959433,14.514715129230513,0,2670.047968496863,0,2209.461968495805,1.5045687725787014e-06,9.411125336474634e-07,1.681112492263923e-06,2.9501413817847457e-08,8.705641041447565e-08,8.427388902649705e-07,5.086090512987382e-06,no_nsga2,nsga2
0,155,155,train,2.383789598941803,0.296875,0.693359375,8,64,512,351.1670000007143,56.21683091316184,2.20169650167523,40.203124451561,39.28339999401942,6.397702000654981,12.625773389404165,19.023475390059147,0.00650000583846122,0.0,11.4481245447296,7.568850839491084,0,22.78111900851936,1457.9916165452391,2097152.0,2,0.5,0.5,0.0,0.0,0.0,78.35412976100324,0.005700014298781753,0.0,60.60331769654339,17.745112050161065,0,0,0,17.04554737446812,61.30858238653512,0.0,1048576,1048576,0,8,4,0.25,2,0.5,0,1,1.0,0.2201412464909665,3,0,3,0.0,2.0,0.5,2.0,3,0.5,0.5,0.0,0.9501953125,0.0498046875,0.0,256,1024,0,0.0,394.48660746559233,197.53699995635543,0.0,184.34908280323833,12.600524705998499,0,2670.047968496863,0,2318.880968496149,1.124336618263237e-06,8.80678600670092e-07,1.66519709214524e-06,3.1988510003274906e-08,7.575464033642498e-08,8.176323923589687e-07,4.595587853777238e-06,no_nsga2,nsga2
0,156,156,train,2.2411657571792603,0.333984375,0.7109375,8,64,512,453.1271000014385,75.58816134952522,2.2830011854285384,40.546181850238774,36.5410999947926,6.694499912416776,13.650253440642723,20.3447533530595,0.007599999662488699,0.0,12.783421138640504,7.553732214756507,0,17.65505162883212,1129.9233042452556,2097152.0,2,0.5,0.5,0.0,0.0,0.0,74.2226082173476,0.005399997462518513,0.0,55.96921683701578,18.24799138286931,0,0,0,16.7709840531289,57.4516241642187,0.0,1048576,1048576,0,8,4,0.25,2,0.5,0,1,1.0,0.2091524583687337,3,3,0,1.0,0.0,0.0,1.0,0,0.5,0.5,0.0,0.9501953125,0.0498046875,0.0,256,1024,0,0.0,473.66937754077014,275.4184999939753,0.0,186.0198503629515,12.231027183843361,0,2670.047968496863,0,2216.9208684954247,1.5117632269905045e-06,9.132004741714154e-07,1.677749227738516e-06,3.3472499562083884e-08,8.190152064385633e-08,7.757680502797338e-07,4.9938549993861095e-06,no_nsga2,nsga2
0,157,157,train,2.5288208723068237,0.265625,0.66796875,8,64,512,413.14109999802895,71.05069650385619,2.094383463139943,40.505122575186846,38.50799999781884,5.7190838257950025,12.233595724419775,17.95267955021478,0.007299997378140688,0.0,11.72661084795429,6.218768704882348,0,19.363797589347993,1239.2830457182715,2097152.0,2,0.5,0.5,0.0,0.0,0.0,79.96934485035591,0.005599998985417187,0.0,61.57556933323168,18.388175518138823,0,0,0,17.301226625377527,62.668118224978386,0.0,1048576,1048576,0,8,4,0.25,2,0.5,0,1,1.0,0.10351650354811201,3,0,3,0.0,2.0,0.5,2.0,3,0.5,0.5,0.0,0.9482421875,0.0517578125,0.0,256,1024,0,0.0,454.600810168732,257.54089999827556,0.0,184.9657828140812,12.094127356375155,0,518.8602319925121,0,105.71913199448318,1.421013930077124e-06,8.377533852559772e-07,1.6775833073839996e-06,2.8595419128975014e-08,7.340157434651865e-08,8.342959017543142e-07,4.872643517946908e-06,no_nsga2,nsga2
0,158,158,train,2.3616760969161987,0.28515625,0.70703125,8,64,512,179.5572999981232,21.472972428337616,2.1250276128253613,40.14929393503056,36.639199999626726,6.362908015531967,12.705567405115948,19.068475420647914,0.006800008122809231,0.0,12.245863820564331,6.815811591960774,0,44.5537744570071,2851.4415652484545,2097152.0,2,0.5,0.5,0.0,0.0,0.0,77.5207459463148,0.006099988240748644,0.0,61.11624364408855,16.398402313985514,0,0,0,16.0909158881824,61.42983005813241,0.0,1048576,1048576,0,8,4,0.25,2,0.5,0,1,1.0,0.17369072493825644,3,3,0,1.0,0.0,0.0,1.0,0,0.5,0.5,0.0,0.96484375,0.03515625,0.0,256,1024,0,0.0,254.98917590477416,58.10770000971388,0.0,186.2335075956447,10.647968299415535,0,507.1446324965655,0,327.5873324984423,4.294594485667524e-07,8.500110451301446e-07,1.6614259645288258e-06,3.1814540077659835e-08,7.623340443069569e-08,8.07389291239513e-07,3.8563336939735915e-06,no_nsga2,nsga2
0,159,159,train,2.3975493907928467,0.251953125,0.681640625,8,64,512,409.67490000184625,70.31836634070888,2.3220146344074153,40.10809519096776,40.41719999804627,6.053498482593257,13.63463197764918,19.688130460242437,0.007299997378140688,0.0,11.32262620425743,8.358204258606866,0,19.527631476403535,1249.7684144898262,2097152.0,2,0.0,0.5,0.5,0.0,0.0,91.67429122369583,0.005599998985417187,0.0,71.9874499642539,19.681241260456513,0,0,0,0.0,65.46264380211748,26.211647421578345,0,1048576,1048576,8,4,0.25,2,0.5,0,1,1.0,0.2091524583687337,3,0,3,0.0,2.0,0.5,2.0,3,0.5,0.5,0.0,0.9501953125,0.0498046875,0.0,256,1024,0,0.0,450.99390466433624,255.16339993919246,0.0,184.2705755845433,11.559929140600449,0,507.1446324965655,0,97.46973249471927,1.4063673268141779e-06,9.288058537629663e-07,1.6587622407371437e-06,3.026749241296629e-08,8.180779186589507e-08,9.69166207080115e-07,5.075176912673264e-06,no_nsga2,nsga2
0,160,160,train,2.5120168924331665,0.24609375,0.68359375,8,64,512,162.6678000029642,18.613702882751113,2.1061448435949948,40.67991859254033,39.40560000773985,6.135121652218512,12.778427725788845,18.913549378007357,0.006599992047995329,0.0,10.775122965369864,8.131826420589498,0,49.17968288850856,3147.4997048645478,2097152.0,2,0.5,0.5,0.0,0.0,0.0,76.75093343034723,0.006300004315562546,0.0,58.80673236917337,17.937901056858305,0,0,0,17.27785086625729,59.47308256408995,0.0,1048576,1048576,0,8,4,0.25,2,0.5,0,1,1.0,0.25097720212391433,3,3,0,1.0,0.0,0.0,1.0,0,0.5,0.5,0.0,0.939453125,0.060546875,0.0,256,1024,0,0.0,245.59906527554577,46.051899989834055,0.0,187.23823434322432,12.308930942487386,0,507.1446324965655,0,344.4768324936013,3.722740576550222e-07,8.42457937437998e-07,1.6815776770466842e-06,3.067560826109256e-08,7.667056635473306e-08,8.02065036035987e-07,3.8057208827915167e-06,no_nsga2,nsga2
0,161,161,train,2.4284915924072266,0.265625,0.689453125,8,64,512,427.4870000081137,72.48046246666462,2.267325191082244,41.57924982446823,36.867399991024286,6.198082284717111,13.100074928287038,19.29815721300415,0.008200004231184721,0.0,11.333287939486725,7.956669269286238,0,18.71397559662063,1197.6944381837204,2097152.0,2,0.5,0.5,0.0,0.0,0.0,77.5140623363956,0.005299982149153948,0.0,60.118002077090374,17.390760277156062,0,0,0,16.141562588269394,61.372499748126195,0.0,1048576,1048576,0,8,4,0.25,2,0.5,0,1,1.0,0.18595995617580352,3,0,3,0.0,2.0,0.5,2.0,3,0.5,0.5,0.0,0.9482421875,0.0517578125,0.0,256,1024,0,0.0,465.3081499288604,261.8175999959931,0.0,190.01592342307723,13.474626509790106,0,507.1446324965655,0,79.65763248845184,1.4496092493332927e-06,9.069300764328975e-07,1.7213726470396311e-06,3.0990411423585557e-08,7.860044956972221e-08,8.074237485404946e-07,4.994926582339623e-06,no_nsga2,nsga2
0,162,162,train,2.4976162910461426,0.232421875,0.65625,8,64,512,416.8132000049809,72.72547880614425,2.260477901317926,40.74978474811293,41.41119999985676,5.803631446438104,13.401711221044012,19.205342667482114,0.006299989763647318,0.0,11.735347145650591,7.463695532067877,0,19.19320407007343,1228.3650604846996,2097152.0,2,0.5,0.5,0.0,0.0,0.0,78.34603834103174,0.005700014298781753,0.0,59.970671662349396,18.36966666438356,0,0,0,17.70601481376775,60.64002352726399,0.0,1048576,1048576,0,8,4,0.25,2,0.5,0,1,1.0,0.2877900422484528,3,3,0,1.0,0.0,0.0,1.0,0,0.5,0.5,0.0,0.94140625,0.05859375,0.0,256,1024,0,0.0,462.94296582230044,263.3292000100482,0.0,187.17336619328125,12.440399618971016,0,507.1446324965655,0,90.33143249158462,1.4545095761228852e-06,9.041911605271704e-07,1.6863034213584555e-06,2.901815723219052e-08,8.041026732626406e-08,8.188724130378529e-07,4.973304995604818e-06,no_nsga2,nsga2
0,163,163,train,2.4884955286979675,0.251953125,0.634765625,8,64,512,412.16500000155065,70.11252356411472,2.275750359911508,40.31854201638997,58.1524999870453,5.648631711670127,13.305361131402233,18.95399284307236,0.007099995855242014,0.0,10.814932517331558,8.13196032988556,0,19.409655332972402,1242.2179413102338,2097152.0,2,0.5,0.5,0.0,0.0,0.0,73.85311700434613,0.006300004315562546,0.0,55.63497262449533,18.211844375535236,0,0,0,15.379589392890551,58.47352761145558,0.0,1048576,1048576,0,8,4,0.25,2,0.5,0,1,1.0,0.18595995617580352,3,0,3,0.0,2.0,0.5,2.0,3,0.5,0.5,0.0,0.94921875,0.05078125,0.0,256,1024,0,0.0,450.82726376166477,251.50610000127926,0.0,186.4290490288602,12.892114731525337,0,507.1446324965655,0,94.97963249501487,1.4022504712822946e-06,9.103001439646032e-07,1.6703544703268435e-06,2.824315855835064e-08,7.983216678841339e-08,7.692903488292424e-07,4.860270759749748e-06,no_nsga2,nsga2
0,164,164,train,2.493117868900299,0.26953125,0.64453125,8,64,512,1286.1631999985548,19.362435434682055,59.37077607422751,41.429781888204325,56.791499999235384,6.51659203464136,499.2425363865018,505.75912842114315,0.009800001862458885,0.0,12.591916187911988,493.1574122313687,0,6.220045620931597,398.0829197396222,2097152.0,2,0.5,0.5,0.0,0.0,0.0,78.5898612002335,0.006799993570894003,0.0,59.678917196788156,18.90414400987445,0,0,0,17.870390887998642,60.71947031223486,0.0,1048576,1048576,0,8,4,0.25,2,0.5,0,1,1.0,0.14759070521249812,3,3,0,1.0,0.0,0.0,1.0,0,0.5,0.5,0.0,0.951171875,0.048828125,0.0,256,1024,0,0.0,480.6519735884556,49.63980001048185,0.0,186.3632072483369,244.64896632963678,0,1006.5279234958847,1,-279.6352765026701,3.872487086936411e-07,2.3748310429691003e-05,1.7184345882228095e-06,3.2582960173206805e-08,2.9954552183190103e-06,8.216393937783324e-07,2.9703671298878004e-05,no_nsga2,nsga2
0,165,165,train,2.326324015855789,0.32421875,0.6953125,8,64,512,285.61310000077356,37.67279935491918,2.7946688358714753,44.10657354858124,43.512600008398294,7.124592080437174,17.02891969646042,24.153511776897595,0.006999995093792677,0.0,12.152299418718183,11.994212363085618,0,28.009821643883594,1792.62858520855,2097152.0,2,0.5,0.5,0.0,0.0,0.0,77.5190693443145,0.006200003554113209,0.0,59.69888016525826,17.81398917550214,0,0,0,17.06458726270448,60.454482081610024,0.0,1048576,1048576,0,8,4,0.25,2,0.5,0,1,1.0,0.18595995617580352,3,0,3,0.0,2.0,0.5,2.0,3,0.5,0.5,0.0,0.9462890625,0.0537109375,0.0,256,1024,0,0.0,338.29616695748757,121.57559998740908,0.0,186.93665633269973,29.783910637378767,0,1006.5279234958847,0,720.9148234951111,7.534559870983836e-07,1.1178675343485902e-06,1.8429487911375933e-06,3.5622960402185876e-08,1.0217351817876252e-07,8.093198679685541e-07,4.66138865913407e-06,no_nsga2,nsga2
0,166,166,train,2.4368613362312317,0.2578125,0.6640625,8,64,512,428.3601000061026,71.99764156279267,2.184392548393431,39.7592004046849,39.172799995867535,6.489709213934628,12.26323032751992,18.75293954145455,0.007299997378140688,0.0,11.508060988533282,7.2375785555431245,0,18.67583214228843,1195.2532571064596,2097152.0,2,0.5,0.0,0.5,0.0,0.0,44.5715823997484,0.005900001269765198,0.0,26.481316332529865,18.08436606594877,0,0,0,17.600009385455525,0.0,26.971573014292876,1048576,0,1048576,8,4,0.25,2,0.5,0,1,1.0,0.18595995617580352,3,3,0,1.0,0.0,0.0,1.0,0,0.5,0.5,0.0,0.951171875,0.048828125,0.0,256,1024,0,0.0,455.764938063484,260.4645999672357,0.0,181.45494558547858,13.845392510769715,0,1006.5279234958847,0,578.1678234897821,1.4399528312558534e-06,8.737570193573724e-07,1.6486139768331597e-06,3.244854606967314e-08,7.357938196511951e-08,4.80915842768395e-07,4.549267598249573e-06,no_nsga2,nsga2
0,167,167,train,2.4048690795898438,0.2265625,0.69140625,8,64,512,180.9332999982871,21.850966116778572,2.2174171602208137,41.01014608219019,38.858100000652485,6.398109246306041,12.783065368644785,19.181174614950827,0.006700007361359894,0.0,11.778015005073758,7.396459602515709,0,44.21494431998651,2829.7564364791365,2097152.0,2,0.5,0.5,0.0,0.0,0.0,77.7020619412379,0.005900001269765198,0.0,59.52109155183704,18.175070388131093,0,0,0,17.00756055961759,60.69450138162031,0.0,1048576,1048576,0,8,4,0.25,2,0.5,0,1,1.0,0.2091524583687337,3,0,3,0.0,2.0,0.5,2.0,3,0.5,0.5,0.0,0.958984375,0.041015625,0.0,256,1024,0,0.0,260.31411743675835,58.99870001303498,0.0,187.3764616160583,13.93895580766506,0,1006.5279234958847,0,825.5946234975976,4.370193223355715e-07,8.869668640883254e-07,1.6965738588442498e-06,3.199054623153021e-08,7.66983922118687e-08,8.110357405316142e-07,3.94028472424316e-06,no_nsga2,nsga2
0,168,168,train,2.490361213684082,0.26171875,0.642578125,8,64,512,349.8949999921024,62.03299349996038,2.136393018946921,39.533598937467026,38.32359999069013,6.23660752228106,13.225959109311944,19.462566631593006,0.007199996616691351,0.0,12.123729899267852,7.331636735708461,0,22.86393671313925,1463.291949640912,2097152.0,2,0.5,0.0,0.5,0.0,0.0,40.0547966709109,0.005699985194951296,0.0,23.593654566921728,16.455442118794224,0,0,0,15.411432828674535,0.0,24.64336384223637,1048576,0,1048576,8,4,0.25,2,0.5,0,1,1.0,0.16091838189257093,3,3,0,1.0,0.0,0.0,1.0,0,0.5,0.5,0.0,0.9560546875,0.0439453125,0.0,256,1024,0,0.0,414.81194182549734,220.37330000603106,0.0,183.02849229987015,11.410149519596095,0,1006.5279234958847,0,656.6329235037823,1.2406598699992078e-06,8.545572075787683e-07,1.6328451375550306e-06,3.1183037611405306e-08,7.935575465587166e-08,4.313708323664581e-07,4.269971839766742e-06,no_nsga2,nsga2
0,169,169,train,2.4014435410499573,0.267578125,0.689453125,8,64,512,458.52369999920484,77.18720293120177,2.3618898315167365,40.31988130723481,38.34830000414513,6.317987369345937,14.500699883634477,20.818687252980414,0.006600006599910557,0.0,11.288803219197325,9.523284027183179,0,17.44726074737931,1116.6246878322759,2097152.0,2,0.5,0.5,0.0,0.0,0.0,77.82678400526196,0.0052000104915350676,0.0,58.26921932950583,19.55236466526459,0,0,0,17.263691436115835,60.56309256914612,0.0,1048576,1048576,0,8,4,0.25,2,0.5,0,1,1.0,0.2091524583687337,3,0,3,0.0,2.0,0.5,2.0,3,0.5,0.5,0.0,0.9521484375,0.0478515625,0.0,256,1024,0,0.0,479.47589627981324,281.4072000182932,0.0,186.44265985195193,11.626036409568059,0,1006.5279234958847,0,548.0042234966799,1.5437440586240353e-06,9.447559326066946e-07,1.664854372794708e-06,3.158993684672969e-08,8.700419930180685e-08,8.127952229248512e-07,5.084743723098825e-06,no_nsga2,nsga2
0,170,170,train,2.5117666721343994,0.26171875,0.654296875,8,64,512,450.31749999907333,74.59594497183417,2.1840826227747216,40.80044312241682,36.167999991448596,6.071712612215226,13.308852791951484,19.38056540416671,0.006700007361359894,0.0,12.242359748675092,7.1315056481302594,0,17.76520396123291,1136.9730535189062,2097152.0,2,0.5,0.5,0.0,0.0,0.0,76.05216176374941,0.005700014298781753,0.0,57.519390715644064,18.52707103380657,0,0,0,16.890822985454168,59.161338778295246,0.0,1048576,1048576,0,8,4,0.25,2,0.5,0,1,1.0,0.19776865982085054,3,3,0,1.0,0.0,0.0,1.0,0,0.5,0.5,0.0,0.953125,0.046875,0.0,256,1024,0,0.0,470.3218828681029,271.0231000382919,0.0,187.49804574995707,11.800737079853933,0,1006.5279234958847,0,556.2104234968114,1.4919188994366835e-06,8.736330491098887e-07,1.687164504683216e-06,3.035856306107613e-08,7.985311675170888e-08,7.943032636084025e-07,4.957231396650976e-06,no_nsga2,nsga2
0,171,171,train,2.4506752490997314,0.23046875,0.669921875,8,64,512,420.755500002997,71.48737111500617,2.247043572431367,40.91414323201181,39.813100011087954,6.017733925703307,13.224803557675369,19.242537483378676,0.007399998139590025,0.0,11.8052204428685,7.429917042370585,0,19.013372342300162,1216.8558299072104,2097152.0,2,0.5,0.5,0.0,0.0,0.0,79.37664748242038,0.005599984433501959,0.0,61.78447993311858,17.586567564868304,0,0,0,16.651838129326528,62.72480935309385,0.0,1048576,1048576,0,8,4,0.25,2,0.5,0,1,1.0,0.2201412464909665,3,0,3,0.0,2.0,0.5,2.0,3,0.5,0.5,0.0,0.94140625,0.05859375,0.0,256,1024,0,0.0,458.5942316777974,258.95319996925537,0.0,186.32203489596645,13.318996812575563,0,1006.5279234958847,0,585.7724234928877,1.4297474223001234e-06,8.988174289725466e-07,1.6904893812817342e-06,3.0088669628516535e-08,7.93488213460522e-08,8.270701510828569e-07,4.95556187461183e-06,no_nsga2,nsga2
0,172,172,train,2.662995755672455,0.212890625,0.615234375,8,64,512,455.89310000650585,75.56088065148111,2.359262845790105,40.70785351767235,36.57090000342578,5.559515193428316,13.303229492762327,18.862744686190645,0.007199982064776123,0.0,10.999352017827025,7.85619268629884,0,17.5479349258651,1123.0678352553664,2097152.0,2,0.5,0.5,0.0,0.0,0.0,77.16494860105237,0.005500012775883079,0.0,59.44141553175318,17.718033056523304,0,0,0,18.245264387282973,58.91968421376939,0.0,1048576,1048576,0,8,4,0.25,2,0.5,0,1,1.0,0.2091524583687337,3,3,0,1.0,0.0,0.0,1.0,0,0.5,0.5,0.0,0.9482421875,0.0517578125,0.0,256,1024,0,0.0,474.51198805977435,275.52969999669585,0.0,185.477128064386,13.505159998692452,0,1006.118805999647,0,550.2257059931411,1.5112176130296225e-06,9.437051383160419e-07,1.6863380606132483e-06,2.7797575967141583e-08,7.981937695657396e-08,8.081400147850897e-07,5.057017779667719e-06,no_nsga2,nsga2
0,173,173,train,2.425598382949829,0.26171875,0.67578125,8,64,512,466.14770000451244,75.9111430078705,2.315341503110143,41.17335122451591,37.66459999314975,6.4851067817324415,14.018747821952454,20.503854603684896,0.007399998139590025,0.0,12.125977925862781,8.370476679682524,0,17.161905632092417,1098.3619604539147,2097152.0,2,0.5,0.5,0.0,0.0,0.0,75.96819888548329,0.00549999822396785,0.0,57.64476061310966,18.317938274149668,0,0,0,17.26559201433365,58.70260687114964,0.0,1048576,1048576,0,8,4,0.25,2,0.5,0,1,1.0,0.18595995617580352,3,0,3,0.0,2.0,0.5,2.0,3,0.5,0.5,0.0,0.9580078125,0.0419921875,0.0,256,1024,0,0.0,477.59934294198627,275.18459998827893,0.0,188.85991506275232,13.554827890955014,0,1008.8718475013569,0,542.7241474968445,1.5182228601574101e-06,9.261366012440571e-07,1.704132773265388e-06,3.242553390866221e-08,8.411248693171472e-08,7.942131728835003e-07,5.059243428390732e-06,no_nsga2,nsga2
0,174,174,train,2.5018308758735657,0.28515625,0.654296875,8,64,512,444.3080000055488,74.07843115588972,2.079878697674464,41.41891538658376,37.2054999897955,5.9162181604867,11.911196385021924,17.827414545508624,0.007499984349124134,0.0,10.9984604797844,6.8214540813751,0,18.00548717199087,1152.3511790074156,2097152.0,2,0.5,0.5,0.0,0.0,0.0,80.31276072090593,0.005500012775883079,0.0,62.79197173344123,17.515288974688815,0,0,0,16.50244565470868,63.81031506619725,0.0,1048576,1048576,0,8,4,0.25,2,0.5,0,1,1.0,0.241032865595602,3,3,0,1.0,0.0,0.0,1.0,0,0.5,0.5,0.0,0.953125,0.046875,0.0,256,1024,0,0.0,470.3089009605917,269.6647999982815,0.0,188.60969975096037,12.034401211349824,0,1008.8718475013569,0,564.5638474958081,1.4815686231177945e-06,8.319514790697855e-07,1.7113774718580807e-06,2.9581090802433504e-08,7.146717831013154e-08,8.361324985184767e-07,4.962078341676703e-06,no_nsga2,nsga2
0,175,175,train,2.475322723388672,0.275390625,0.66796875,8,64,512,345.39100000984035,60.82274881346858,2.1488376162021785,40.545920478224424,37.348300000303425,5.880978631067461,12.983490051667935,18.864468682735396,0.006400005077011883,0.0,11.719393960662922,7.138674716995464,0,23.16208829322068,1482.3736507661235,2097152.0,2,0.5,0.5,0.0,0.0,0.0,78.77132601443819,0.005499983672052622,0.0,60.516951291879515,18.248874738886613,0,0,0,16.736882288091827,62.03444372634635,0.0,1048576,1048576,0,8,4,0.25,2,0.5,0,1,1.0,0.10351650354811201,3,0,3,0.0,2.0,0.5,2.0,3,0.5,0.5,0.0,0.9580078125,0.0419921875,0.0,256,1024,0,0.0,414.07002763158073,216.22130001196638,0.0,186.70893149572407,11.13979612389028,0,510.0094285032538,0,164.61842849341343,1.2164549762693716e-06,8.595350464808715e-07,1.6790952867126014e-06,2.940489315533731e-08,7.790094031000761e-08,8.211870247205655e-07,4.683578167648755e-06,no_nsga2,nsga2
0,176,176,train,2.4787591099739075,0.3046875,0.671875,8,64,512,182.11690000316594,22.241167759351484,2.1353343632200463,39.93260480604371,37.323700002161786,6.198237551273862,13.074525488562733,19.272763039836594,0.007599999662488699,0.0,12.121835658474328,7.143327381699777,0,43.92758756750944,2811.3656043206042,2097152.0,2,0.5,0.0,0.5,0.0,0.0,41.55564257383543,0.005399997462518513,0.0,22.94579647237157,18.60444610400134,0,0,0,16.23124933854479,0.0,25.32439323529064,1048576,0,1048576,8,4,0.25,2,0.5,0,1,1.0,0.2201412464909665,3,3,0,1.0,0.0,0.0,1.0,0,0.5,0.5,0.0,0.958984375,0.041015625,0.0,256,1024,0,0.0,257.23642771446094,60.42049998359289,0.0,184.85793087401007,11.95799685685804,0,510.0094285032538,0,327.89252850008785,4.448233551870297e-07,8.541337452880186e-07,1.6532645585705003e-06,3.099118775636931e-08,7.84471529313764e-08,4.4801892441544385e-07,3.509678924148738e-06,no_nsga2,nsga2
0,177,177,train,2.448542296886444,0.279296875,0.673828125,8,64,512,294.1735999920638,49.24947515492673,2.2900433603767656,40.80406196485495,42.79580000729766,6.798830347091353,15.140774605415839,21.939604952507192,0.007100010407157242,0.0,12.88189342989254,9.050611512207494,0,27.19473401243963,1740.4629767961362,2097152.0,2,0.5,0.5,0.0,0.0,0.0,77.37662267833697,0.005900015821680427,0.0,60.11497042013657,17.255752242378723,0,0,0,15.937576325423862,61.43904635291311,0.0,1048576,1048576,0,8,4,0.25,2,0.5,0,1,1.0,0.19776865982085054,3,0,3,0.0,2.0,0.5,2.0,3,0.5,0.5,0.0,0.9599609375,0.0400390625,0.0,256,1024,0,0.0,369.37432192063375,169.0991000214126,0.0,186.28269048696302,13.992531412258154,0,510.0094285032538,0,215.83582851118996,9.849895030985345e-07,9.160173441507062e-07,1.6891260232373544e-06,3.399415173545676e-08,9.084464763249502e-08,8.056413794342175e-07,4.520613049288764e-06,no_nsga2,nsga2
0,178,178,train,2.4269378781318665,0.30078125,0.6640625,8,64,512,179.81640000652988,22.40680036840231,2.1805590242349306,39.91467767833491,37.90270000172313,6.837862218758011,12.536989503206271,19.374851721964284,0.006399990525096655,0.0,11.694296895387899,7.674154836051288,0,44.48957664669542,2847.332905388507,2097152.0,2,0.5,0.0,0.5,0.0,0.0,45.58787151268955,0.006000002031214535,0.0,26.01807429457925,19.563797216079088,0,0,0,17.890615847191206,0.0,27.697255665498346,1048576,0,1048576,8,4,0.25,2,0.5,0,1,1.0,0.20915249756217386,3,3,0,1.0,0.0,0.0,1.0,0,0.5,0.5,0.0,0.9462890625,0.0537109375,0.0,256,1024,0,0.0,258.0081482838886,60.870900022564456,0.0,184.47472491257625,12.662523348747893,0,510.0094285032538,0,330.1930284967239,4.481360073680462e-07,8.722236096939723e-07,1.6505738107831556e-06,3.418931109379006e-08,7.522193701923762e-08,4.916599468212779e-07,3.5720046227794803e-06,no_nsga2,nsga2
0,179,179,train,2.4060017466545105,0.279296875,0.671875,8,64,512,182.86909999733325,22.102822577184035,2.3262680150216086,40.279409870386644,37.66100000939332,6.625337402039489,14.417658815311484,21.04299621735097,0.006999995093792677,0.0,12.924975395563582,8.111020826693599,0,43.746900122637115,2799.8016078487753,2097152.0,2,0.5,0.0,0.5,0.0,0.0,43.67629786690276,0.006200003554113209,0.0,25.08318169311303,18.58691617023562,0,0,0,15.814350679220315,0.0,27.861947187682446,1048576,0,1048576,8,4,0.25,2,0.5,0,1,1.0,0.18595995617580352,3,0,3,0.0,2.0,0.5,2.0,3,0.5,0.5,0.0,0.9521484375,0.0478515625,0.0,256,1024,0,0.0,258.83400185036913,60.194399979081936,0.0,186.65720733087784,11.98239454040937,0,510.0094285032538,0,327.14032850592054,4.4205645154368077e-07,9.305072060086435e-07,1.6643971794362198e-06,3.312668701019745e-08,8.65059528918689e-08,4.6839168002746825e-07,3.6249851569180786e-06,no_nsga2,nsga2
0,180,180,train,2.3567830324172974,0.28515625,0.6796875,8,64,512,450.5016000039177,75.32842294161037,2.4016821599852944,41.08485097139118,39.04639999382198,5.903832610968271,15.200743020939008,21.10457563190728,0.006599992047995329,0.0,12.028313677586697,9.069661962272585,0,17.757944127138067,1136.5084241368363,2097152.0,2,0.0,0.0,1.0,0.0,0.0,52.3602341658369,0.005900001269765198,0.0,34.81624271128139,17.538091453285745,0,0,0,0.0,0.0,26.18011708291845,0,0,2097152,8,4,0.25,2,0.5,0,1,1.0,0.19776865982085054,3,3,0,1.0,0.0,0.0,1.0,0,0.5,0.5,0.0,0.955078125,0.044921875,0.0,256,1024,0,0.0,475.2598242919473,273.03739995113574,0.0,189.61397698532232,12.608447355489261,0,510.0094285032538,0,59.507828499336085,1.5065684588322074e-06,9.606728639941178e-07,1.6985372119136177e-06,2.9519163054841357e-08,9.120445812563404e-08,5.767619225118447e-07,4.863264078432264e-06,no_nsga2,nsga2
0,181,181,train,2.3970131874084473,0.306640625,0.705078125,8,64,512,433.7892000039574,72.76681050984826,2.0468353152323138,40.68951412334348,37.94009999546688,6.260026509635344,12.558722600664339,18.818749110299684,0.006399990525096655,0.0,11.776521041754654,7.035828078019931,0,18.442094818940166,1180.2940684121706,2097152.0,2,0.5,0.5,0.0,0.0,0.0,76.44426926757482,0.00580001506023109,0.0,58.9712796727521,17.4671895797625,0,0,0,15.625702091121978,60.818567176452845,0.0,1048576,1048576,0,8,4,0.25,2,0.5,0,1,1.0,0.2091524583687337,3,0,3,0.0,2.0,0.5,2.0,3,0.5,0.5,0.0,0.94921875,0.05078125,0.0,256,1024,0,0.0,462.01263979369617,263.07190001534764,0.0,187.3349189292147,11.60582084913389,0,510.0094285032538,0,76.22022849929641,1.4553362101969654e-06,8.187341260929256e-07,1.6828832113226408e-06,3.130013254817672e-08,7.535233560398602e-08,7.956940968579922e-07,4.859300112622687e-06,no_nsga2,nsga2
0,182,182,train,2.428933262825012,0.2578125,0.68359375,8,64,512,177.1910000097705,22.684017235521445,2.136288084411059,41.23406939633847,38.23259999626316,6.111371387276695,12.112093030468065,18.22346441774476,0.006400019628927112,0.0,11.596119834247684,6.620944563868148,0,45.14876517878275,2889.520971442096,2097152.0,2,0.5,0.5,0.0,0.0,0.0,72.6490760530614,0.005699985194951296,0.0,55.508708674131924,17.134667393734535,0,0,0,15.631189491458102,57.01788656160331,0.0,1048576,1048576,0,8,4,0.25,2,0.5,0,1,1.0,0.19776869931901056,3,3,0,1.0,0.0,0.0,1.0,0,0.5,0.5,0.0,0.9501953125,0.0498046875,0.0,256,1024,0,0.0,264.2174988650839,63.05299996165559,0.0,188.22708639457858,12.937412508849729,0,510.0094285032538,0,332.8184284934833,4.5368034471042893e-07,8.545152337644236e-07,1.7046250316496173e-06,3.0556856936383476e-08,7.267255818280837e-08,7.577531395135304e-07,3.873803164757192e-06,no_nsga2,nsga2
0,183,183,train,2.316267967224121,0.314453125,0.69140625,8,64,512,396.71780000207946,68.02406968842817,2.368064016110594,41.104807689417115,39.10069999983534,5.7751412538874565,14.721253977351598,20.496395231239056,0.006699992809444666,0.0,12.069159673818849,8.420535564610761,0,20.165416914847665,1290.5866825502505,2097152.0,2,0.5,0.5,0.0,0.0,0.0,77.01726906305458,0.005700014298781753,0.0,59.20516272171784,17.806406327037962,0,0,0,17.7170976112207,59.30017145183389,0.0,1048576,1048576,0,8,4,0.25,2,0.5,0,1,1.0,0.2091524583687337,3,0,3,0.0,2.0,0.5,2.0,3,0.5,0.5,0.0,0.94921875,0.05078125,0.0,256,1024,0,0.0,445.98776557582346,245.3766000107862,0.0,186.80726252249968,13.803903042537549,0,510.0094285032538,0,113.29162850117433,1.3604813937685635e-06,9.472256064442377e-07,1.7035134977243273e-06,2.8875706269437285e-08,8.832752386410958e-08,8.056068858529872e-07,4.934030613923663e-06,no_nsga2,nsga2
0,184,184,train,2.4930859208106995,0.234375,0.65625,8,64,512,285.0302000006195,47.7132253462141,2.270300056651402,39.7280350306726,41.61280000698753,6.271450131707372,13.297844627029487,19.56929475873686,0.006900008884258568,0.0,11.411963007079734,8.150431742772867,0,28.067102829383636,1796.2945810805527,2097152.0,2,0.5,0.5,0.0,0.0,0.0,75.3365972843855,0.005699999746866524,0.0,57.44456036807506,17.886336916563593,0,0,0,17.224239831638116,58.112357452747396,0.0,1048576,1048576,0,8,4,0.25,2,0.5,0,1,1.0,0.2307606527190679,3,3,0,1.0,0.0,0.0,1.0,0,0.5,0.5,0.0,0.9501953125,0.0498046875,0.0,256,1024,0,0.0,358.84624173415244,163.2503000291763,0.0,182.62590158820365,12.970040116772477,0,508.9885900023365,0,223.95839000171696,9.542645069242823e-07,9.081200226605608e-07,1.6456753979434151e-06,3.1357250658536863e-08,7.978706776217691e-08,7.878144525071313e-07,4.407018698456104e-06,no_nsga2,nsga2
0,185,185,train,2.383901596069336,0.26171875,0.677734375,8,64,512,292.0321999990847,49.25215204476719,2.085405730209177,40.561178388844084,40.11269999318756,5.666388220589193,12.97212796555935,18.638516186148543,0.007000009645707905,0.0,11.848113852980369,6.783402323522466,0,27.394145597230295,1753.225318222739,2097152.0,2,0.5,0.5,0.0,0.0,0.0,78.38521802188203,0.005399997462518513,0.0,61.06253867828879,17.317279346130718,0,0,0,16.72393437491035,61.661283646971675,0.0,1048576,1048576,0,8,4,0.25,2,0.5,0,1,1.0,0.18595995617580352,3,0,3,0.0,2.0,0.5,2.0,3,0.5,0.5,0.0,0.947265625,0.052734375,0.0,256,1024,0,0.0,367.5949446552818,170.86310000740923,0.0,185.31737473508863,11.414469912783952,0,508.9885900023365,0,216.95639000325178,9.85043040895344e-07,8.341622920836708e-07,1.6786354524125757e-06,2.8331941102945965e-08,7.78327677933561e-08,8.173000489686409e-07,4.421305543256533e-06,no_nsga2,nsga2
0,186,186,train,2.4749539494514465,0.263671875,0.66015625,8,64,512,338.4236999991117,54.74135102879233,2.352105251256713,41.03167254784742,36.99300000153016,6.3353325209943785,13.679370836449994,20.014703357444372,0.007299997378140688,0.0,12.413780544120032,7.5936228159462,0,23.638936519766432,1512.8919372650516,2097152.0,2,0.5,0.5,0.0,0.0,0.0,76.63169640947352,0.00580001506023109,0.0,57.43953138785469,19.186365006558596,0,0,0,17.334865520653764,59.296830888819756,0.0,1048576,1048576,0,8,4,0.25,2,0.5,0,1,1.0,0.3126309493959079,3,3,0,1.0,0.0,0.0,1.0,0,0.5,0.5,0.0,0.9296875,0.0703125,0.0,256,1024,0,0.0,392.5005153115859,191.36100003379397,0.0,188.75710479036897,12.3824104874229,0,508.9885900023365,0,170.56489000322478,1.0948270205758467e-06,9.408421005026852e-07,1.6932127988376876e-06,3.167666260497189e-08,8.207622501869996e-08,8.009866951360428e-07,4.643621502675934e-06,no_nsga2,nsga2
0,187,187,train,2.5249785780906677,0.255859375,0.6640625,8,64,512,368.2132999965688,63.87403628515009,2.0735072756399116,40.32659423832862,38.645499997073784,6.319311809437939,11.540041072115038,17.859352881552976,0.006900008884258568,0.0,11.320447174810273,6.5320056978584455,0,21.726478303733852,1390.4946114389666,2097152.0,2,0.5,0.5,0.0,0.0,0.0,79.12507387865922,0.005699999746866524,0.0,59.946263738278915,19.173110140633444,0,0,0,16.720344126811383,62.40472975184784,0.0,1048576,1048576,0,8,4,0.25,2,0.5,0,1,1.0,0.1859599251701455,3,0,3,0.0,2.0,0.5,2.0,3,0.5,0.5,0.0,0.958984375,0.041015625,0.0,256,1024,0,0.0,425.0965511964745,227.42229999857955,0.0,185.85607760595178,11.818173591943149,0,508.9885900023365,0,140.77529000576766,1.2774807257030019e-06,8.294029102559646e-07,1.667474683917052e-06,3.15965590471897e-08,6.924024643269022e-08,8.24691427040215e-07,4.699886552396113e-06,no_nsga2,nsga2
0,188,188,train,2.4711208939552307,0.263671875,0.662109375,8,64,512,386.8235999980243,60.774379749973136,2.746492059529248,40.62548246329539,53.531000012299046,6.665618399233878,15.454497071092842,22.12011547032672,0.007700000423938036,0.0,12.31373191884219,9.798683551060591,0,20.681207968781873,1323.5973100020399,2097152.0,2,0.5,0.5,0.0,0.0,0.0,72.7959781149814,0.009499999578110874,0.0,56.023895664802566,16.762582450600725,0,0,0,15.548111541721163,57.24786657326023,0.0,1048576,1048576,0,8,4,0.25,2,0.5,0,1,1.0,0.17369072493825644,3,3,0,1.0,0.0,0.0,1.0,0,0.5,0.5,0.0,0.9501953125,0.0498046875,0.0,256,1024,0,0.0,416.58541709119106,216.3602999789873,0.0,184.33090987666208,15.894207235541682,0,508.9885900023365,0,122.16499000431219,1.215487594999463e-06,1.0985968238116996e-06,1.6835781469232523e-06,3.3328091996169395e-08,9.272698242655704e-08,7.590560042332563e-07,4.882773644390398e-06,no_nsga2,nsga2
0,189,189,train,2.449331283569336,0.27734375,0.654296875,8,64,512,2297.1099999995204,419.3441987113027,9.519800455890437,41.404034765785354,42.65439999289811,7.610098976843497,80.10815846711517,87.71825744395868,0.006100017344579101,0.0,13.012596102020332,74.69956132459376,0,3.4826353624189994,222.88866319481596,2097152.0,2,0.5,0.5,0.0,0.0,0.0,76.32376189107843,0.004999994416721165,0.0,59.01641774391397,17.30234415274775,0,0,0,16.205681411864166,60.11808047921427,0.0,1048576,1048576,0,8,4,0.25,2,0.5,0,1,1.0,0.25097720212391433,3,0,3,0.0,2.0,0.5,2.0,3,0.5,0.5,0.0,0.9404296875,0.0595703125,0.0,256,1024,0,0.0,1881.072135731914,1648.3506000367925,0.0,183.02557789694453,49.6959577981767,0,1008.8718475013569,1,-1288.2381524981633,8.386883974226053e-06,3.807920182356175e-06,1.7242964419118382e-06,3.805049488421749e-08,4.80648950802691e-07,7.956489817345127e-07,1.5233449025915486e-05,no_nsga2,nsga2
0,190,190,train,2.597012937068939,0.212890625,0.658203125,8,64,512,195.4663999931654,25.597592852789266,2.2726241757845864,40.4591743541699,38.92339998856187,6.349416966988224,13.468034108020671,19.817451075008897,0.007000009645707905,0.0,10.96009180666394,8.85035925869925,0,40.927540859906685,2619.362615034028,2097152.0,2,0.5,0.5,0.0,0.0,0.0,81.18452968675297,0.006000002031214535,0.0,62.00419534794783,19.17433433677393,0,0,0,16.43846373857226,64.74606594818071,0.0,1048576,1048576,0,8,4,0.25,2,0.5,0,1,1.0,0.2201412464909665,3,3,0,1.0,0.0,0.0,1.0,0,0.5,0.5,0.0,0.951171875,0.048828125,0.0,256,1024,0,0.0,273.317565530975,72.67600003979169,0.0,186.14441430259382,14.497151188589513,0,1008.8718475013569,0,813.4054475081915,5.119518570557853e-07,9.090496703138347e-07,1.6734111469749099e-06,3.174708483494112e-08,8.080820464812402e-08,8.447222243446743e-07,4.05169018817227e-06,no_nsga2,nsga2
0,191,191,train,2.3866748213768005,0.30859375,0.705078125,8,64,512,420.74349999893457,72.42043346918153,2.238429579572868,40.63348786666709,37.717900006100535,6.506413660348509,12.784195975272262,19.290609635620772,0.00689999433234334,0.0,12.399503666020664,6.884205975267762,0,19.013914620441287,1216.8905357082424,2097152.0,2,0.5,0.5,0.0,0.0,0.0,82.36581969343436,0.005900015821680427,0.0,62.992492488196916,19.36742718941577,0,0,0,17.397002499514258,64.9688171939201,0.0,1048576,1048576,0,8,4,0.25,2,0.5,0,1,1.0,0.25097720212391433,3,0,3,0.0,2.0,0.5,2.0,3,0.5,0.5,0.0,0.9521484375,0.0478515625,0.0,256,1024,0,0.0,461.169403661686,262.3600000370061,0.0,187.27338294052288,11.536020684156982,0,1008.8718475013569,0,588.1283475024223,1.4484086693836307e-06,8.953718318291473e-07,1.6803326759412784e-06,3.253206830174255e-08,7.670517585163356e-08,8.584522019333721e-07,4.991802623240804e-06,no_nsga2,nsga2
0,192,192,train,2.4542428255081177,0.259765625,0.673828125,8,64,512,355.9514999942621,61.04534905734394,2.1301222898018475,41.069116707331546,37.52280000480823,6.833282717442224,13.110017068276315,19.94329978571854,0.007199996616691351,0.0,12.288481311420796,7.647618477681052,0,22.474908871630227,1438.3941677843345,2097152.0,2,0.5,0.5,0.0,0.0,0.0,80.52784097529066,0.005399997462518513,0.0,61.72086269109814,18.80157828673,0,0,0,16.62855341366013,63.89928756163053,0.0,1048576,1048576,0,8,4,0.25,2,0.5,0,1,1.0,0.2201412464909665,3,3,0,1.0,0.0,0.0,1.0,0,0.5,0.5,0.0,0.9453125,0.0546875,0.0,256,1024,0,0.0,416.97835221790933,216.48479998111725,0.0,187.28554489492535,13.208007341866747,0,1008.8718475013569,0,652.9203475070948,1.2209069811468787e-06,8.52048915920739e-07,1.6996770106297237e-06,3.416641358721112e-08,7.866010240965788e-08,8.385355165802269e-07,4.723994940274438e-06,no_nsga2,nsga2
0,193,193,train,2.371533215045929,0.3046875,0.69921875,8,64,512,436.5934999950696,72.94786435137209,2.132108038454059,40.03900922505156,39.123800001107156,6.417454816694375,12.358028330747047,18.77548314744142,0.007199996616691351,0.0,12.779485011652202,5.98879813917253,0,18.323638983290774,1172.7128949306095,2097152.0,2,0.5,0.5,0.0,0.0,0.0,74.1347022147865,0.005399997462518513,0.0,56.15729595294197,17.972006264382014,0,0,0,16.2047813406727,57.929920874113805,0.0,1048576,1048576,0,8,4,0.25,2,0.5,0,1,1.0,0.26994862967019156,3,0,3,0.0,2.0,0.5,2.0,3,0.5,0.5,0.0,0.9384765625,0.0615234375,0.0,256,1024,0,0.0,460.4759264595109,266.6849999659462,0.0,182.98197709980815,10.808949393756546,0,1008.8718475013569,0,572.2783475062873,1.458957287027442e-06,8.528432153816238e-07,1.6554433543922004e-06,3.208727408347188e-08,7.414816998448227e-08,7.737565848292105e-07,4.847235885698432e-06,no_nsga2,nsga2
0,194,194,train,2.334258735179901,0.306640625,0.6875,8,64,512,446.9161000015447,74.62514014063593,2.427735517309034,40.38904347267811,36.248099990189075,5.8738366932785375,14.372894365609039,20.246731058887576,0.007399998139590025,0.0,11.122078180991554,9.117252879756432,0,17.900411508023186,1145.626336513484,2097152.0,2,0.5,0.5,0.0,0.0,0.0,82.32869565124406,0.005800000508315861,0.0,63.440996502324,18.881899148411744,0,0,0,17.896187069815205,64.43250858142885,0.0,1048576,1048576,0,8,4,0.25,2,0.5,0,1,1.0,0.24103284089209526,3,3,0,1.0,0.0,0.0,1.0,0,0.5,0.5,0.0,0.95703125,0.04296875,0.0,256,1024,0,0.0,469.76767652249237,270.7990000199061,0.0,186.53065324761045,12.438023254975796,0,508.9885900023365,0,62.07249000079179,1.4925028028127191e-06,9.710942069236135e-07,1.6708562061020286e-06,2.9369183466392688e-08,8.623736619365422e-08,8.59079330652071e-07,5.109139096150479e-06,no_nsga2,nsga2
0,195,195,train,2.4421463012695312,0.26171875,0.705078125,8,64,512,181.05240000295453,22.275606873694898,2.1525040807183027,41.297829848615066,37.452699994901195,7.002157776770859,12.643342722519778,19.645500499290637,0.007000009645707905,0.0,12.663826064684372,6.974674424960557,0,44.18585897790073,2827.8949745856467,2097152.0,2,0.5,0.5,0.0,0.0,0.0,75.01752299176862,0.00549999822396785,0.0,57.35274230870736,17.659280684837288,0,0,0,15.6878245035428,59.329698488225816,0.0,1048576,1048576,0,8,4,0.25,2,0.5,0,1,1.0,0.241032865595602,3,0,3,0.0,2.0,0.5,2.0,3,0.5,0.5,0.0,0.9521484375,0.0478515625,0.0,256,1024,0,0.0,262.90376321211306,60.78239995986223,0.0,190.1095236722806,12.011839579970257,0,508.9885900023365,0,327.93618999938195,4.45512137473898e-07,8.610016322873211e-07,1.7073437357103312e-06,3.50107888838543e-08,7.586005633511866e-08,7.815508789247717e-07,3.906279229615295e-06,no_nsga2,nsga2
0,196,196,train,2.369860887527466,0.30078125,0.69921875,8,64,512,460.0187000032747,75.85719818080112,2.2397000831587963,40.262988376491805,51.866400011931546,6.480208595461029,13.304074911143857,19.784283506604886,0.007399998139590025,0.0,11.528651790779124,8.248231717686174,0,17.390559578085572,1112.9958129974766,2097152.0,2,0.5,0.5,0.0,0.0,0.0,76.1270042542045,0.006699992809444666,0.0,58.746517717666606,17.37378654372844,0,0,0,16.155962416674168,59.97104183753032,0.0,1048576,1048576,0,8,4,0.25,2,0.5,0,1,1.0,0.14759070521249812,3,3,0,1.0,0.0,0.0,1.0,0,0.5,0.5,0.0,0.953125,0.046875,0.0,256,1024,0,0.0,473.4395465618069,276.6558000294026,0.0,184.92217962820393,11.861566904200336,0,509.72861500435107,0,49.709915001076354,1.5171439636160227e-06,8.958800332635186e-07,1.6655479546093427e-06,3.2401042977305146e-08,7.982444946686313e-08,7.935819673753932e-07,4.9843794113084445e-06,no_nsga2,nsga2
0,197,197,train,2.34894198179245,0.3046875,0.724609375,8,64,512,447.88449999759905,74.62310600324919,2.2838993691588865,40.193490373184524,36.983699988923036,5.841670915436605,14.138294871680486,19.97996578711709,0.006799993570894003,0.0,11.81307243350884,8.160093360037358,0,17.86170795893791,1143.1493093720262,2097152.0,2,0.5,0.5,0.0,0.0,0.0,81.58829853016896,0.006000002031214535,0.0,63.386969473502525,18.195329054635227,0,0,0,16.45213195980826,65.1361665703607,0.0,1048576,1048576,0,8,4,0.25,2,0.5,0,1,1.0,0.17369072493825644,3,0,3,0.0,2.0,0.5,2.0,3,0.5,0.5,0.0,0.951171875,0.048828125,0.0,256,1024,0,0.0,468.40198298237044,271.3796999742044,0.0,182.95409183303747,14.068191175128497,0,509.72861500435107,0,61.84411500675202,1.4924621200649839e-06,9.135597476635546e-07,1.6642027250028839e-06,2.920835457718303e-08,8.48297692300829e-08,8.487872492213061e-07,5.033049965759994e-06,no_nsga2,nsga2
0,198,198,train,2.5457021594047546,0.265625,0.61328125,8,64,512,417.0270000031451,71.17702882859395,2.3872023234719797,39.46676682182611,37.72949999256525,6.20254854723548,14.26708427702863,20.46963282426411,0.006600006599910557,0.0,11.653064592303817,8.809968225360384,0,19.183364186432726,1227.7353079316945,2097152.0,2,0.5,0.5,0.0,0.0,0.0,78.92752184833117,0.00580001506023109,0.0,61.52336718510981,17.398354648161117,0,0,0,16.20682471851698,62.720697129814184,0.0,1048576,1048576,0,8,4,0.25,2,0.5,0,1,1.0,0.19776865982085054,3,3,0,1.0,0.0,0.0,1.0,0,0.5,0.5,0.0,0.9443359375,0.0556640625,0.0,256,1024,0,0.0,452.12399189556817,257.73860000481363,0.0,182.00186778367316,12.383524107081417,0,509.72861500435107,0,92.701615001206,1.423540576571879e-06,9.54880929388792e-07,1.6306061857106488e-06,3.10127427361774e-08,8.560250566217177e-08,8.216888679203456e-07,4.947331807990015e-06,no_nsga2,nsga2
0,199,199,train,2.545704185962677,0.296875,0.65625,8,64,512,283.3621000027051,46.43351082604977,2.2627516345515257,40.06152353013664,40.011600009165704,6.447359272327702,13.533476808694282,19.980836081021984,0.007699985872022808,0.0,12.422409381525286,7.550726713624675,0,28.232328062205802,1806.8689959811713,2097152.0,2,0.5,0.5,0.0,0.0,0.0,78.7885700161932,0.0053000112529844046,0.0,61.08763460515863,17.69563539978159,0,0,0,15.6510354221892,63.13753459400401,0.0,1048576,1048576,0,8,4,0.25,2,0.5,0,1,1.0,0.2201412464909665,3,0,3,0.0,2.0,0.5,2.0,3,0.5,0.5,0.0,0.9423828125,0.0576171875,0.0,256,1024,0,0.0,355.0311439629517,158.16899995843414,0.0,185.4942330130704,11.367910991447161,0,509.72861500435107,0,226.36651500164595,9.286702165209954e-07,9.051006538206101e-07,1.6575071678923046e-06,3.2236796361638514e-08,8.120086085216567e-08,8.191877710063105e-07,4.423903466454025e-06,no_nsga2,nsga2
0,200,200,val,3.003612697124481,0.208984375,0.56640625,8,64,512,338.57789999456145,62.24004865660838,2.4065770619940188,90.64000281763758,0.0,0.0,0.0,0.0,0.0,0.0,0.0,0.0,0,23.628170568598645,1512.2029163903132,0.0,0,0.0,0.0,0.0,0.0,0.0,0.0,0.0,0.0,0.0,0.0,0,0,0,0.0,0.0,0.0,0,0,0,8,4,0.25,2,0.5,2,1,1.0,0.241032865595602,0,0,0,0.0,0.0,0.0,0.0,0,0.5,0.5,0.0,0.9443359375,0.0556640625,0.0,256,1024,0,0.0,621.1465141449598,220.00330001174007,210.0,176.83227551285935,14.310938620360565,0,509.72861500435107,0,171.15071500978962,1.2448009731321676e-06,9.626308247976076e-07,3.625600112705503e-06,0.0,0.0,0.0,5.833031910635279e-06,no_nsga2,nsga2
0,200,200,train,2.8752766847610474,0.22265625,0.609375,8,64,512,1888.6682000011206,447.2150877448745,77.2048200115628,141.29067702649255,66.00009999237955,6.285460772734075,232.45440323504795,238.73986400778202,0.006300004315562546,220.0,12.1983342986056,6.535229704860843,0,4.235786764561658,271.0903529319461,2097152.0,2,0.5,0.5,0.0,0.0,0.0,77.9536646577542,0.007600014214403927,0.0,57.83379347184675,20.11227117169306,0,0,0,17.905141712432,60.048522945322205,0.0,1048576,1048576,0,8,4,0.25,2,0.5,0,1,1.0,0.19776865982085054,3,3,0,1.0,0.0,0.0,1.0,0,0.5,0.5,0.0,0.955078125,0.044921875,0.0,256,1024,0,0.0,2662.842339131719,1561.8736999749672,910.0,174.39364094468715,16.574998212065147,0,1373.3873725029073,1,-515.2808274982133,8.94430175489749e-06,3.088192800462513e-05,5.651627081059702e-06,3.1427303863670376e-08,1.3947264194102875e-06,7.795366465775421e-07,4.768354721043383e-05,no_nsga2,nsga2
0,201,201,train,2.8070788979530334,0.23828125,0.591796875,8,64,512,183.5578999889549,23.322857983536572,2.212319428306261,39.55782265714146,44.31060000206344,6.37308095292146,12.678692120491206,19.051773073412665,0.007000009645707905,0.0,11.865494469329446,7.179278594437512,0,43.582741019266166,2789.2954252330346,2097152.0,2,0.5,0.5,0.0,0.0,0.0,76.42716859742595,0.006000016583129764,0.0,55.312209619219374,21.108958961623436,0,0,0,18.658966676604145,57.768201920821795,0.0,1048576,1048576,0,8,4,0.25,2,0.5,0,1,1.0,0.13364216641330787,3,0,3,0.0,2.0,0.5,2.0,3,0.5,0.5,0.0,0.9609375,0.0390625,0.0,256,1024,0,0.0,260.3720002759372,64.45570001960732,0.0,178.92030302020854,16.99599723612131,0,1373.3873725029073,0,1189.8294725139524,4.6645715967073154e-07,8.849277713225044e-07,1.5823129062856586e-06,3.18654047646073e-08,7.607215272294723e-08,7.642716859742593e-07,3.805907080740708e-06,no_nsga2,nsga2
0,202,202,train,2.571115255355835,0.283203125,0.625,8,64,512,287.86279998894315,50.42974534743413,2.3320080654281994,38.78452182515355,41.85709999001119,5.822239107164612,14.244483300923397,20.066722408088008,0.0070999813033267856,0.0,11.461010895206002,8.598611531578682,0,27.790920568363514,1778.618916375265,2097152.0,2,0.5,0.5,0.0,0.0,0.0,82.13534559987049,0.006299989763647318,0.0,61.1174564217511,21.01158918835575,0,0,0,19.126696960703505,63.008648639166985,0.0,1048576,1048576,0,8,4,0.25,2,0.5,0,1,1.0,0.26994862967019156,3,3,0,1.0,0.0,0.0,1.0,0,0.5,0.5,0.0,0.951171875,0.048828125,0.0,256,1024,0,0.0,366.1851009520635,174.98969999724068,0.0,176.58813089532734,14.607270059495459,0,1370.3535175022946,0,1082.4907175133515,1.0085949069486827e-06,9.3280322617128e-07,1.551380873006142e-06,2.9111195535823064e-08,8.546689980554037e-08,8.213534559987049e-07,4.428710557466174e-06,no_nsga2,nsga2
0,203,203,train,2.648038625717163,0.25,0.64453125,8,64,512,448.1865999987349,76.21476381843533,2.346738082319688,39.63209579035498,36.87390001141466,6.212579761343277,14.825547078627242,21.03812683997052,0.006599992047995329,0.0,11.364437637918002,9.667089210004521,0,17.84966830858904,1142.3787717496987,2097152.0,2,0.5,0.5,0.0,0.0,0.0,74.96861072467567,0.006000002031214535,0.0,54.92117889339206,20.041431829252403,0,0,0,16.886228926469816,58.08238179820586,0.0,1048576,1048576,0,8,4,0.25,2,0.5,0,1,1.0,0.26061071707684524,3,0,3,0.0,2.0,0.5,2.0,3,0.5,0.5,0.0,0.9501953125,0.0498046875,0.0,256,1024,0,0.0,472.77439076443994,278.0773000122281,0.0,179.00139661273084,15.695694139481052,0,1370.3535175022946,0,922.1669175035597,1.5242952763687064e-06,9.386952329278753e-07,1.5852838316141993e-06,3.106289880671639e-08,8.895328247176344e-08,7.496861072467568e-07,4.917976629436018e-06,no_nsga2,nsga2
0,204,204,train,2.719411015510559,0.208984375,0.630859375,8,64,512,414.6140000084415,69.79598000294817,2.0718964898116035,39.58941563567468,38.664699997752905,6.734355989998657,12.503235822935657,19.237591812934316,0.00689999433234334,0.0,13.05264136992736,6.178050448674612,0,19.295008622064135,1234.8805518121046,2097152.0,2,0.5,0.5,0.0,0.0,0.0,76.47152552611887,0.006000002031214535,0.0,55.078210772580874,21.38731475150677,0,0,0,18.439881188285156,58.03164433783371,0.0,1048576,1048576,0,8,4,0.25,2,0.5,0,1,1.0,0.241032865595602,3,3,0,1.0,0.0,0.0,1.0,0,0.5,0.5,0.0,0.9482421875,0.0517578125,0.0,256,1024,0,0.0,445.8291685137379,251.12979995901696,0.0,182.03012544438238,12.669243110338497,0,1370.3535175022946,0,955.7395174938531,1.3959196000589637e-06,8.287585959246414e-07,1.5835766254269874e-06,3.367177994999329e-08,7.501941493761393e-08,7.647152552611887e-07,4.681661271559389e-06,no_nsga2,nsga2
0,205,205,train,2.622623026371002,0.265625,0.64453125,8,64,512,427.9929999902379,73.10563064239423,2.1726532235920377,38.35125420525071,61.14619999425486,5.589756845911211,13.521642496870086,19.111399342781297,0.007599999662488699,0.0,11.368353226260846,7.735446116857964,0,18.691850820764948,1196.2784525289567,2097152.0,2,0.5,0.5,0.0,0.0,0.0,76.67739889346423,0.010799994925037026,0.0,54.99057623308548,21.676022665453708,0,0,0,17.772943456420546,58.90445543704368,0.0,1048576,1048576,0,8,4,0.25,2,0.5,0,1,1.0,0.2307606527190679,3,0,3,0.0,2.0,0.5,2.0,3,0.5,0.5,0.0,0.9384765625,0.0615234375,0.0,256,1024,0,0.0,454.5181522849479,264.83850000659004,0.0,175.9287843482866,13.750867930071314,0,1370.3535175022946,0,942.3605175120567,1.462112612847885e-06,8.690612894368153e-07,1.5340501682100285e-06,2.7948784229556055e-08,8.112985498122051e-08,7.667739889346423e-07,4.741076698640149e-06,no_nsga2,nsga2
0,206,206,train,2.6165966987609863,0.265625,0.642578125,8,64,512,4071.1004000040703,519.7487282229037,180.03111119685045,39.455998919297315,53.465199991478585,5.933883377013374,1360.3925919595897,1366.3264753366032,0.006199989002197981,0.0,11.677164428461268,1354.6431109191396,0,1.9650701896032365,125.76449213460714,2097152.0,2,0.5,0.5,0.0,0.0,0.0,75.38387505116934,0.006000002031214535,0.0,55.51203956596075,19.865835483177378,0,0,0,18.45976663216486,56.92410841900448,0.0,1048576,1048576,0,8,4,0.25,2,0.5,0,1,1.0,0.26061071707684524,3,3,0,1.0,0.0,0.0,1.0,0,0.5,0.5,0.0,0.95703125,0.04296875,0.0,256,1024,0,0.0,2956.943353356206,2050.264599980437,0.0,178.8729775408851,727.8057758348834,0,2324.642309000263,1,-1746.458091003807,1.0394974564458074e-05,7.201244447874018e-05,1.5782399567718925e-06,2.966941688506687e-08,8.162355551757537e-06,7.538387505116935e-07,9.293152271912444e-05,no_nsga2,nsga2
0,207,207,train,2.4609246850013733,0.2734375,0.638671875,8,64,512,419.125599990366,72.38004404170262,2.30124383390125,38.348274060563995,38.36770000634715,5.8065426118382835,13.70033195673096,19.506874568569245,0.007299997378140688,0.0,12.130303588006718,7.369270983184384,0,19.087311566920082,1221.5879402828853,2097152.0,2,0.5,0.5,0.0,0.0,0.0,74.67931491357353,0.005299996701069176,0.0,54.66913329751514,20.004881619357317,0,0,0,16.95904288460492,57.72027202896861,0.0,1048576,1048576,0,8,4,0.25,2,0.5,0,1,1.0,0.19776865982085054,3,0,3,0.0,2.0,0.5,2.0,3,0.5,0.5,0.0,0.9482421875,0.0517578125,0.0,256,1024,0,0.0,452.11824774467146,261.2739000323927,0.0,176.4703133462151,14.374034366063597,0,2324.642309000263,0,1905.516709009897,1.4476008808340525e-06,9.204975335605001e-07,1.5339309624225599e-06,2.903271305919142e-08,8.220199174038575e-08,7.467931491357352e-07,4.760057230752425e-06,no_nsga2,nsga2
0,208,208,train,2.307769000530243,0.31640625,0.71875,8,64,512,461.76479999849107,75.80537761720451,2.2888290887766685,38.96757713065898,36.12799999245908,5.671675647832618,14.38152381482342,20.05319946265604,0.007199996616691351,0.0,10.575283806332346,9.470715659707002,0,17.324799714543914,1108.7871817308105,2097152.0,2,0.5,0.5,0.0,0.0,0.0,77.90577957865156,0.006400005077011883,0.0,57.99546971583497,19.903909857739585,0,0,0,18.825357136698642,59.080422441952926,0.0,1048576,1048576,0,8,4,0.25,2,0.5,0,1,1.0,0.2307606527190679,3,3,0,1.0,0.0,0.0,1.0,0,0.5,0.5,0.0,0.953125,0.046875,0.0,256,1024,0,0.0,468.24713534656064,275.26989999751095,0.0,175.40701604760406,17.570219301445604,0,2324.642309000263,0,1862.877509001772,1.5161075523440905e-06,9.155316355106676e-07,1.5587030852263593e-06,2.8358378239163094e-08,8.628914288894051e-08,7.790577957865157e-07,4.884047589995737e-06,no_nsga2,nsga2
0,209,209,train,2.509076476097107,0.267578125,0.6796875,8,64,512,421.3268000021344,71.86831416660313,2.1476653271633217,38.71946169744804,38.3875999978045,6.35178115206546,12.867592342189644,19.2193734942551,0.01410000550094992,0.0,12.531289798598404,6.673983690155748,0,18.987591134407634,1215.2058326020885,2097152.0,2,0.5,0.5,0.0,0.0,0.0,76.2037250671234,0.005499983672052622,0.0,55.11423500334693,21.083990080104428,0,0,0,17.979045107640445,58.224679959482955,0.0,1048576,1048576,0,8,4,0.25,2,0.5,0,1,1.0,0.13364216641330787,3,0,3,0.0,2.0,0.5,2.0,3,0.5,0.5,0.0,0.95703125,0.04296875,0.0,256,1024,0,0.0,450.9417647648579,261.4762000594055,0.0,176.03464242214974,13.4309222833027,0,2324.642309000263,0,1903.3155089981287,1.4373662833320627e-06,8.590661308653289e-07,1.5487784678979214e-06,3.17589057603273e-08,7.720555405313785e-08,7.62037250671234e-07,4.7162125925800115e-06,no_nsga2,nsga2
0,210,210,train,2.653251349925995,0.23828125,0.630859375,8,64,512,452.5255000044126,75.17995054524539,2.257466774801809,39.26635141646213,37.11829999519978,5.975062228046228,12.815310379561893,18.79037260760812,0.007000009645707905,0.0,11.69443791324316,7.088934684719254,0,17.678522694078673,1131.425452421035,2097152.0,2,0.5,0.5,0.0,0.0,0.0,80.74174681108057,0.009800001862458885,0.0,60.31702840123007,20.414918407988043,0,0,0,17.4647719227637,63.27697488831687,0.0,1048576,1048576,0,8,4,0.25,2,0.5,0,1,1.0,0.25097720212391433,3,3,0,1.0,0.0,0.0,1.0,0,0.5,0.5,0.0,0.9521484375,0.0478515625,0.0,256,1024,0,0.0,466.81507494603727,272.7234000340104,0.0,177.5982327796986,16.49344213232824,0,2324.642309000263,0,1872.1168089958505,1.5035990109049078e-06,9.029867099207237e-07,1.5706540566584852e-06,2.9875311140231146e-08,7.689186227737135e-08,8.074174681108058e-07,4.891424419012525e-06,no_nsga2,nsga2
0,211,211,train,2.706449866294861,0.232421875,0.6015625,8,64,512,168.46689999511,22.331202925851542,2.1251137035676546,39.075577127791064,37.45360000175424,6.077081269766306,11.369826590455492,17.4469078602218,0.007000009645707905,0.0,11.224227407538308,6.215680443037782,0,47.486791253599115,3039.1546402303434,2097152.0,2,0.5,0.5,0.0,0.0,0.0,81.50389838144706,0.005599998985417187,0.0,60.19932240129736,21.298975981164276,0,0,0,18.457944562219737,63.04595381922732,0.0,1048576,1048576,0,8,4,0.25,2,0.5,0,1,1.0,0.18595995617580352,3,0,3,0.0,2.0,0.5,2.0,3,0.5,0.5,0.0,0.94921875,0.05078125,0.0,256,1024,0,0.0,254.12757502884102,61.4396000164561,0.0,178.4755609870548,14.212414025330155,0,2324.642309000263,0,2156.175409005153,4.4662405851703094e-07,8.50045481427062e-07,1.5630230851116429e-06,3.0385406348831535e-08,6.821895954273295e-08,8.150389838144707e-07,3.773335974761771e-06,no_nsga2,nsga2
0,212,212,train,2.67224383354187,0.236328125,0.630859375,8,64,512,447.6954999990994,75.84006497677619,2.300761535168796,38.65908985232362,38.23279999778606,5.522346225754211,13.100679092461522,18.62302531821573,0.007199996616691351,0.0,11.097919796409737,7.5179055251893026,0,17.86924847528648,1143.6319024183347,2097152.0,2,0.5,0.5,0.0,0.0,0.0,80.50412218103762,0.006199989002197981,0.0,58.95965742665778,21.53826476537764,0,0,0,19.43882208850999,61.06530009252762,0.0,1048576,1048576,0,8,4,0.25,2,0.5,0,1,1.0,0.17369072493825644,3,3,0,1.0,0.0,0.0,1.0,0,0.5,0.5,0.0,0.95703125,0.04296875,0.0,256,1024,0,0.0,467.1996654570744,275.5264000297757,0.0,178.29748185500702,13.37578357229177,0,2324.642309000263,0,1876.9468090011637,1.516801299535524e-06,9.203046140675184e-07,1.546363594092945e-06,2.7611731128771054e-08,7.860407455476912e-08,8.050412218103762e-07,4.894726535189903e-06,no_nsga2,nsga2
0,213,213,train,2.5936859846115112,0.265625,0.626953125,8,64,512,445.5667000001995,73.4518712471772,2.298841396353097,39.25147307721336,39.65169998991769,6.225591358240227,14.31143588770044,20.537027245940667,0.0068999797804281116,0.0,12.4880115463329,8.04211571982734,0,17.954622832840933,1149.0958613018197,2097152.0,2,0.5,0.0,0.5,0.0,0.0,42.34842894079866,0.005599998985417187,0.0,20.701275728060672,21.641553213752573,0,0,0,17.647852445555017,0.0,24.700576495243645,1048576,0,1048576,8,4,0.25,2,0.5,0,1,1.0,0.26061071707684524,3,0,3,0.0,2.0,0.5,2.0,3,0.5,0.5,0.0,0.9453125,0.0546875,0.0,256,1024,0,0.0,460.0087428829746,266.98499999474734,0.0,179.3101929605039,13.713549927723369,0,2324.642309000263,0,1879.0756090000637,1.4690374249435441e-06,9.195365585412388e-07,1.5700589230885348e-06,3.112795679120114e-08,8.586861532620262e-08,4.234842894079867e-07,4.499113768098709e-06,no_nsga2,nsga2
0,214,214,train,2.720124661922455,0.236328125,0.62109375,8,64,512,165.01870000502095,20.87838902006086,2.2724022775855155,38.46288643394183,46.026600000914186,6.645251375796966,12.019045446803618,18.664296822600583,0.006699992809444666,0.0,11.723336533562094,6.934260296229046,0,48.4790603773767,3102.6598641521086,2097152.0,2,0.5,0.5,0.0,0.0,0.0,79.09738144762454,0.005699999746866524,0.0,59.26769247777865,19.823988970099027,0,0,0,17.358778456813276,61.73860299081127,0.0,1048576,1048576,0,8,4,0.25,2,0.5,0,1,1.0,0.19776865982085054,3,3,0,1.0,0.0,0.0,1.0,0,0.5,0.5,0.0,0.9521484375,0.0478515625,0.0,256,1024,0,0.0,246.45471092635285,56.24650002573617,0.0,176.10199341997983,14.106217480636843,0,2324.642309000263,0,2159.623608995242,4.1756778040121727e-07,9.089609110342062e-07,1.5385154573576737e-06,3.3226256878984835e-08,7.21142726808217e-08,7.909738144762456e-07,3.7613584928291494e-06,no_nsga2,nsga2
0,215,215,train,2.681586980819702,0.236328125,0.626953125,8,64,512,131.16779999108985,13.641789963911233,2.1914620089361594,49.25674237117182,36.98500001337379,5.891992171058821,12.357025668795725,18.249017839854545,0.007199996616691351,0.0,11.011427238199161,7.230390605038692,0,60.990113506744215,3903.36726443163,2097152.0,2,0.5,0.5,0.0,0.0,0.0,79.6603418802951,0.007100010407157242,0.0,58.60214846046951,21.051093409418442,0,0,0,18.7171013840236,60.94324049627151,0.0,1048576,1048576,0,8,4,0.25,2,0.5,0,1,1.0,0.2091524583687337,3,0,3,0.0,2.0,0.5,2.0,3,0.5,0.5,0.0,0.951171875,0.048828125,0.0,256,1024,0,0.0,260.35997737607687,72.91209996037651,0.0,175.30582748530264,12.1420499303977,0,2324.642309000263,0,2193.4745090091733,2.7283579927822465e-07,8.765848035744637e-07,1.970269694846873e-06,2.9459960855294104e-08,7.414215401277433e-08,7.966034188029512e-07,4.01989583137058e-06,no_nsga2,nsga2
0,216,216,train,2.5938302278518677,0.255859375,0.638671875,8,64,512,180.97460000717547,22.46004995053633,2.1798205312226013,39.24871002433629,36.13370000675786,5.7623045657030385,12.66276131349982,18.425065879202858,0.006699992809444666,0.0,11.562383669672617,6.855982216720796,0,44.204854133279895,2829.1106645299133,2097152.0,2,0.5,0.5,0.0,0.0,0.0,78.90141385635616,0.005700014298781753,0.0,57.48468150741692,21.411032334640453,0,0,0,19.3674046056165,59.534009250739665,0.0,1048576,1048576,0,8,4,0.25,2,0.5,0,1,1.0,0.17369072493825644,3,3,0,1.0,0.0,0.0,1.0,0,0.5,0.5,0.0,0.94921875,0.05078125,0.0,256,1024,0,0.0,255.55432202438095,62.533100033761,0.0,178.56266515443332,14.458556836186608,0,2324.642309000263,0,2143.6677089930877,4.492009990107267e-07,8.719282124890406e-07,1.5699484009734522e-06,2.8811522828515196e-08,7.597656788099891e-08,7.890141385635616e-07,3.7848798417462953e-06,no_nsga2,nsga2
0,217,217,train,2.603217899799347,0.2578125,0.619140625,8,64,512,484.557700008736,77.36568281331829,2.2571951701499002,38.57290167901597,37.49210000387393,6.006636068329337,13.330213165658968,19.336849233988303,0.006999995093792677,0.0,11.344412363429702,7.985436875464808,0,16.509867638029757,1056.6315288339044,2097152.0,2,0.5,0.5,0.0,0.0,0.0,82.28047178261394,0.006099988240748644,0.0,60.49200251340027,21.782369280972922,0,0,0,18.116073660082012,64.16439812253194,0.0,1048576,1048576,0,8,4,0.25,2,0.5,0,1,1.0,0.26061071707684524,3,0,3,0.0,2.0,0.5,2.0,3,0.5,0.5,0.0,0.96484375,0.03515625,0.0,256,1024,0,0.0,472.7831186499367,282.6202000724152,0.0,176.02003306801896,14.14288550950251,0,2324.642309000263,0,1840.0846089915271,1.547313656266366e-06,9.028780680599601e-07,1.542916067160639e-06,3.003318034164669e-08,7.99812789939538e-08,8.228047178261397e-07,4.925926968648705e-06,no_nsga2,nsga2
0,218,218,train,2.5858808755874634,0.279296875,0.630859375,8,64,512,178.87659999541938,22.555037017010235,2.2156157233881784,39.234587750474006,40.43449999880977,6.6157850788084165,13.257298243128844,19.87308332193726,0.007899987394921482,0.0,12.263300160731855,7.601883173810482,0,44.723319187001955,2862.292427968125,2097152.0,2,0.5,0.5,0.0,0.0,0.0,78.42470703149583,0.006700007361359894,0.0,57.91929188528002,20.498715138854443,0,0,0,17.97992500214329,60.44478202935254,0.0,1048576,1048576,0,8,4,0.25,2,0.5,0,1,1.0,0.19776869931901056,3,3,0,1.0,0.0,0.0,1.0,0,0.5,0.5,0.0,0.9482421875,0.0517578125,0.0,256,1024,0,0.0,256.0209619634897,61.39329998404719,0.0,180.06179993289817,14.56586204654435,0,1382.500322504998,0,1203.6237225095786,4.511007403402048e-07,8.862462893552714e-07,1.5693835100189607e-06,3.3078925394042083e-08,7.954378945877306e-08,7.842470703149583e-07,3.8036003248822104e-06,no_nsga2,nsga2
0,219,219,train,2.491667330265045,0.28515625,0.673828125,8,64,512,421.4940000092611,72.24727146656704,2.30290669770569,39.85040479193323,37.701000008382834,6.344747831419641,14.22879510600281,20.573542937422452,0.006400005077011883,0.0,12.072051179728785,8.495091752616654,0,18.980059075016843,1214.723780801078,2097152.0,2,0.5,0.0,0.5,0.0,0.0,43.437507757948,0.005800000508315861,0.0,23.48669738691568,19.94501037052401,0,0,0,18.317054996410125,0.0,25.120452761537877,1048576,0,1048576,8,4,0.25,2,0.5,0,1,1.0,0.2201412464909665,3,0,3,0.0,2.0,0.5,2.0,3,0.5,0.5,0.0,0.9482421875,0.0517578125,0.0,256,1024,0,0.0,457.60233182482386,261.12709994777106,0.0,181.0579585570085,15.41727332004422,0,1382.500322504998,0,961.0063224957369,1.444945429331341e-06,9.211626790822759e-07,1.5940161916773293e-06,3.172373915709821e-08,8.537277063601685e-08,4.3437507757948005e-07,4.5115958874635415e-06,no_nsga2,nsga2
0,220,220,train,2.4792627692222595,0.28125,0.65625,8,64,512,417.4632000067504,68.89844302740745,2.14963870840577,38.31627214370308,35.277000002679415,6.737490766871295,11.940576337579321,18.678067104450616,0.007299997378140688,0.0,11.588985186692643,7.081781920379832,0,19.163319872388197,1226.4524718328446,2097152.0,2,0.5,0.5,0.0,0.0,0.0,77.42297534137498,0.008800008799880743,0.0,58.0325269184404,19.38164841413471,0,0,0,16.511509858696634,60.91146548267835,0.0,1048576,1048576,0,8,4,0.25,2,0.5,0,1,1.0,0.241032865595602,3,3,0,1.0,0.0,0.0,1.0,0,0.5,0.5,0.0,0.94921875,0.05078125,0.0,256,1024,0,0.0,437.4574155180652,248.27479996019974,0.0,175.88381572978614,13.298799828079312,0,1382.500322504998,0,965.0371224982475,1.3779688605481492e-06,8.59855483362308e-07,1.5326508857481232e-06,3.3687453834356475e-08,7.164345802547593e-08,7.742297534137499e-07,4.650035894932163e-06,no_nsga2,nsga2
0,221,221,train,2.5159473419189453,0.25,0.638671875,8,64,512,454.5730999961961,76.4294900162756,2.1061087762784516,39.36082868205325,36.98129999975208,5.542511312626396,12.339465269723588,17.881976582349985,0.006799993570894003,0.0,11.255085402699404,6.620091186079687,0,17.598890918041622,1126.3290187546638,2097152.0,2,0.5,0.5,0.0,0.0,0.0,76.10271518207877,0.005399982910603285,0.0,56.30410018282083,19.793215016347336,0,0,0,18.481570705195193,57.62114447688357,0.0,1048576,1048576,0,8,4,0.25,2,0.5,0,1,1.0,0.2201412464909665,3,0,3,0.0,2.0,0.5,2.0,3,0.5,0.5,0.0,0.947265625,0.052734375,0.0,256,1024,0,0.0,471.5857098984293,278.4889999747975,0.0,179.40063768950222,13.69607223412954,0,1382.500322504998,0,927.9272225088018,1.528589800325512e-06,8.424435105113807e-07,1.5744331472821306e-06,2.7712556563131983e-08,7.403679161834152e-08,7.610271518207878e-07,4.808242958121284e-06,no_nsga2,nsga2
0,222,222,train,2.622205674648285,0.1796875,0.673828125,8,64,512,419.3092999921646,71.17869504801507,2.202498331341746,38.189267134723096,40.73109998716973,6.756022760034261,13.296781283954411,20.052804043988672,0.006400005077011883,0.0,12.917423779420185,7.128980259491476,0,19.078949408467885,1221.0527621419446,2097152.0,2,0.5,0.5,0.0,0.0,0.0,74.19656927884284,0.006399990525096655,0.0,53.31944663009602,20.87072265822172,0,0,0,17.10136060731218,57.095208671530656,0.0,1048576,1048576,0,8,4,0.25,2,0.5,0,1,1.0,0.17369072493825644,3,3,0,1.0,0.0,0.0,1.0,0,0.5,0.5,0.0,0.9521484375,0.0478515625,0.0,256,1024,0,0.0,446.28184205631965,256.44690002081916,0.0,177.4157215689337,12.419220466566777,0,1382.500322504998,0,963.1910225128333,1.4235739009603016e-06,8.809993325366984e-07,1.527570685388924e-06,3.378011380017131e-08,7.978068770372645e-08,7.419656927884285e-07,4.687670413178251e-06,no_nsga2,nsga2
0,223,223,train,2.4721418619155884,0.29296875,0.662109375,8,64,512,421.48509999969974,72.47519843518856,2.0977621943148757,38.57015030945769,38.303799999994226,5.551075655964282,12.880140797165648,18.43121645312993,0.006300004315562546,0.0,11.291748591728556,7.133167857085812,0,18.980459853849748,1214.7494306463839,2097152.0,2,0.5,0.5,0.0,0.0,0.0,72.74404499723462,0.007700000423938036,0.0,54.29561397230454,18.440731024506157,0,0,0,16.629429254782934,56.11461574245169,0.0,1048576,1048576,0,8,4,0.25,2,0.5,0,1,1.0,0.2091524583687337,3,0,3,0.0,2.0,0.5,2.0,3,0.5,0.5,0.0,0.9453125,0.0546875,0.0,256,1024,0,0.0,452.5724437558444,262.8102999733528,0.0,174.88722150034582,14.874922282145834,0,1382.500322504998,0,961.0152225052982,1.4495039687037714e-06,8.391048777259503e-07,1.5428060123783076e-06,2.775537827982141e-08,7.728084478299387e-08,7.274404499723464e-07,4.66389153184319e-06,no_nsga2,nsga2
0,224,224,train,2.521934747695923,0.275390625,0.6640625,8,64,512,340.9987000050023,51.9376169697981,4.131578106809873,42.050554771270974,2377.0349999977043,6.157202461177649,27.02343423173013,33.180636692907775,0.010799994925037026,0.0,11.697101586098334,21.472735111884408,0,23.460431196516137,1501.4675965770327,2097152.0,2,0.5,0.0,0.5,0.0,0.0,40.818522610930415,0.006599992047995329,0.0,21.65904318260969,19.152879436272734,0,0,0,17.523380068931157,0.0,23.29514254199926,1048576,0,1048576,8,4,0.25,2,0.5,0,1,1.0,0.19776869931901056,3,3,0,1.0,0.0,0.0,1.0,0,0.5,0.5,0.0,0.9560546875,0.0439453125,0.0,256,1024,0,0.0,392.4789993915158,179.06620001303963,0.0,178.34040703967406,35.07239233880209,0,1382.500322504998,0,1041.5016224999956,1.038752339395962e-06,1.6526312427239494e-06,1.682022190850839e-06,3.0786012305888246e-08,1.6214060539038075e-07,4.0818522610930425e-07,4.974517616776323e-06,no_nsga2,nsga2
0,225,225,train,2.5860178470611572,0.25390625,0.60546875,8,64,512,181.06750000151806,22.44609981928434,2.551378671972341,39.23009105805033,50.087399999029,6.437292844410283,15.942028166351172,22.379321010761455,0.01929998688865453,0.0,12.40551678338506,9.95450424048774,0,44.182174149191766,2827.659145548273,2097152.0,2,0.5,0.5,0.0,0.0,0.0,73.42827262587186,0.00969998654909432,0.0,54.577229766173325,18.841342873149433,0,0,0,16.348921296112326,57.07935132975953,0.0,1048576,1048576,0,8,4,0.25,2,0.5,0,1,1.0,0.16091838189257093,3,0,3,0.0,2.0,0.5,2.0,3,0.5,0.5,0.0,0.95703125,0.04296875,0.0,256,1024,0,0.0,256.910278197228,62.107199992169626,0.0,175.4118020687275,19.391276136330923,0,1382.500322504998,0,1201.4328225034799,4.4892199638568683e-07,1.0205514687889364e-06,1.5692036423220134e-06,3.218646422205142e-08,9.565216899810702e-08,7.342827262587187e-07,3.9007984669755144e-06,no_nsga2,nsga2
0,226,226,train,2.6702794432640076,0.22265625,0.6484375,8,64,512,418.8646999973571,70.42796231567974,2.191099713052339,37.85467100194948,37.54570000455715,5.7633827614224185,12.853623687854267,18.617006449276687,0.006600006599910557,0.0,11.901111732347024,6.709294710329751,0,19.09920053146027,1222.3488340134572,2097152.0,2,0.5,0.5,0.0,0.0,0.0,75.37995591657403,0.006000002031214535,0.0,55.23101134623306,20.142944568309773,0,0,0,19.32939070071435,56.05056521585969,0.0,1048576,1048576,0,8,4,0.25,2,0.5,0,1,1.0,0.19776865982085054,3,3,0,1.0,0.0,0.0,1.0,0,0.5,0.5,0.0,0.958984375,0.041015625,0.0,256,1024,0,0.0,441.8949321227262,253.86060000164434,0.0,174.63012278463935,13.404209336442497,0,1382.500322504998,0,963.6356225076408,1.408559246313595e-06,8.764398852209356e-07,1.5141868400779789e-06,2.8816913807112094e-08,7.712174212712559e-08,7.537995591657405e-07,4.6589241867124875e-06,no_nsga2,nsga2
0,227,227,train,2.7757622599601746,0.265625,0.623046875,8,64,512,452.1282999921823,75.63333986899298,2.0550328215289393,38.71420341516343,39.579499993124045,6.256972067858252,13.034045654396825,19.291017722255077,0.006400005077011883,0.0,12.293334278020929,6.991283439157137,0,17.694053449175552,1132.4194207472353,2097152.0,2,0.5,0.5,0.0,0.0,0.0,78.41493014350094,0.005699999746866524,0.0,58.22081058921966,20.188419554534413,0,0,0,17.681903665672692,60.73302647782825,0.0,1048576,1048576,0,8,4,0.25,2,0.5,0,1,1.0,0.17369072493825644,3,0,3,0.0,2.0,0.5,2.0,3,0.5,0.5,0.0,0.9443359375,0.0556640625,0.0,256,1024,0,0.0,465.6103044227415,276.8522000260418,0.0,175.65127634890308,13.10682804779654,0,1382.500322504998,0,930.3720225128156,1.5126667973798596e-06,8.220131286115758e-07,1.5485681366065373e-06,3.128486033929126e-08,7.820427392638094e-08,7.841493014350095e-07,4.776886498298654e-06,no_nsga2,nsga2
0,228,228,train,2.773135483264923,0.21484375,0.6328125,8,64,512,181.0293000016827,22.90977787897556,2.1129395630445,39.00944409523572,55.32040000252891,5.8280850678992016,12.851898938209384,18.679984006108587,0.006400005077011883,0.0,12.14134332640976,6.532240674621813,0,44.19149722408701,2828.2558223415685,2097152.0,2,0.5,0.5,0.0,0.0,0.0,74.7366680112667,0.006399990525096655,0.0,56.688157152271614,18.04211086846999,0,0,0,16.685083367855512,58.05158464341119,0.0,1048576,1048576,0,8,4,0.25,2,0.5,0,1,1.0,0.25097720212391433,3,3,0,1.0,0.0,0.0,1.0,0,0.5,0.5,0.0,0.9423828125,0.0576171875,0.0,256,1024,0,0.0,256.1286461490231,63.11109998205211,0.0,178.717788531434,14.29975763553702,0,1382.500322504998,0,1201.4710225033152,4.581955575795113e-07,8.451758252178e-07,1.560377763809429e-06,2.9140425339496008e-08,7.71113936292563e-08,7.47366680112667e-07,3.7173676456881597e-06,no_nsga2,nsga2
0,229,229,train,2.6231545209884644,0.234375,0.66015625,8,64,512,180.70180001086555,22.459849610386584,2.165510813431771,38.572430691114874,40.47929999069311,5.890205192446203,11.654350809663601,17.544556002109804,0.006999995093792677,0.0,11.03326135353963,6.504294653476381,0,44.27158848406867,2833.381662980395,2097152.0,2,0.5,0.0,0.5,0.0,0.0,44.83752496716511,0.005599984433501959,0.0,24.695092261875317,20.136832720856294,0,0,0,17.55083933336156,0.0,27.286685633803554,1048576,0,1048576,8,4,0.25,2,0.5,0,1,1.0,0.17369072493825644,3,0,3,0.0,2.0,0.5,2.0,3,0.5,0.5,0.0,0.951171875,0.048828125,0.0,256,1024,0,0.0,252.7911644597329,62.60850001126528,0.0,176.3591047042583,13.823559744209348,0,1382.500322504998,0,1201.7985224941324,4.491969922077316e-07,8.662043253727083e-07,1.542897227644595e-06,2.9451025962231018e-08,6.99261048579816e-08,4.483752496716512e-07,3.4060509257168987e-06,no_nsga2,nsga2
0,230,230,train,2.6462080478668213,0.255859375,0.66015625,8,64,512,181.12829999881797,22.124764990023557,2.180255931795503,38.52364647197364,42.1624000009615,6.375769022999572,13.434536008230893,19.810305031230463,0.007199996616691351,0.0,11.552625706081786,8.250479328531988,0,44.167343439477804,2826.7099801265795,2097152.0,2,0.5,0.5,0.0,0.0,0.0,76.09249536089898,0.009000010322779417,0.0,56.639237209769774,19.444258140806433,0,0,0,17.968289937173196,58.12420542372578,0.0,1048576,1048576,0,8,4,0.25,2,0.5,0,1,1.0,0.26061071707684524,3,3,0,1.0,0.0,0.0,1.0,0,0.5,0.5,0.0,0.953125,0.046875,0.0,256,1024,0,0.0,251.31466957517085,58.18690001615323,0.0,179.01727971116014,14.110489847857448,0,521.7309845045384,0,340.6026845057204,4.424952998004712e-07,8.721023727182012e-07,1.5409458588789458e-06,3.187884511499786e-08,8.060721604938535e-08,7.609249536089898e-07,3.728954546170991e-06,no_nsga2,nsga2
0,231,231,train,2.5414156913757324,0.275390625,0.66796875,8,64,512,450.74620000377763,76.36952506170383,2.340422963880243,38.35739937474229,38.88929999084212,5.63651623631627,13.987275946411508,19.623792182727776,0.006299989763647318,0.0,11.668609434114932,7.948882758849199,0,17.748307698712168,1135.8916927175787,2097152.0,2,0.5,0.5,0.0,0.0,0.0,75.43535849568586,0.006699992809444666,0.0,54.97422213876856,20.454436364107863,0,0,0,18.092946135071564,57.3424123606143,0.0,1048576,1048576,0,8,4,0.25,2,0.5,0,1,1.0,0.17369072493825644,3,0,3,0.0,2.0,0.5,2.0,3,0.5,0.5,0.0,0.955078125,0.044921875,0.0,256,1024,0,0.0,468.2693896013054,277.1698000142351,0.0,174.87643171005115,16.223157877019233,0,521.7309845045384,0,70.98478450076072,1.5273905012340769e-06,9.361691855520971e-07,1.5342959749896918e-06,2.8182581181581352e-08,8.392365567846905e-08,7.543535849568587e-07,4.8643154835927745e-06,no_nsga2,nsga2
0,232,232,train,2.5683180689811707,0.275390625,0.640625,8,64,512,415.6938999949489,71.64819601244727,2.25101416668077,39.136313130103815,38.72409999894444,6.616799500587777,13.653036139995667,20.269835640583445,0.007399998139590025,0.0,12.995004115659306,7.267431526784547,0,19.244883687765256,1231.6725560169764,2097152.0,2,0.5,0.5,0.0,0.0,0.0,76.24456537771931,0.006199989002197981,0.0,55.909922083933594,20.328443304783512,0,0,0,17.607190953961222,58.63737442375808,0.0,1048576,1048576,0,8,4,0.25,2,0.5,0,1,1.0,0.19776869931901056,3,3,0,1.0,0.0,0.0,1.0,0,0.5,0.5,0.0,0.9560546875,0.0439453125,0.0,256,1024,0,0.0,452.1420932369274,259.1144999896642,0.0,179.49716343590183,13.5304298113614,0,521.7309845045384,0,106.03708450958948,1.4329639202489456e-06,9.004056666723079e-07,1.5654525252041527e-06,3.3083997502938885e-08,8.1918216839974e-08,7.624456537771931e-07,4.776269980245512e-06,no_nsga2,nsga2
0,233,233,train,2.593968152999878,0.23828125,0.646484375,8,64,512,178.68349999480415,21.712423503695028,2.21568772699917,38.99748087146686,35.40539999085013,6.579754237813694,13.512212694168287,20.091966931981982,0.007099995855242014,0.0,11.67225207662355,8.41261485950319,0,44.771650592147765,2865.385637897457,2097152.0,2,0.5,0.5,0.0,0.0,0.0,74.3200691871263,0.005599998985417187,0.0,54.37470612487334,19.939763063267538,0,0,0,17.66544334181106,56.65462584531524,0.0,1048576,1048576,0,8,4,0.25,2,0.5,0,1,1.0,0.16091838189257093,3,0,3,0.0,2.0,0.5,2.0,3,0.5,0.5,0.0,0.953125,0.046875,0.0,256,1024,0,0.0,251.70236840864428,58.42850005137734,0.0,179.1419080447589,14.13196031250802,0,521.7309845045384,0,343.0474845097342,4.342484700739006e-07,8.862750907996681e-07,1.5598992348586746e-06,3.289877118906847e-08,8.107327616500972e-08,7.432006918712631e-07,3.7375955349575844e-06,no_nsga2,nsga2
0,234,234,train,2.5246588587760925,0.291015625,0.658203125,8,64,512,163.44809999282006,21.929191710337545,2.106737004052029,37.80152366427019,38.0894999980228,6.522461882497165,12.89365626013164,19.416118142628804,0.007700014975853264,0.0,12.607803353018578,6.800614774634374,0,48.94490089178479,3132.4736570742266,2097152.0,2,0.5,0.5,0.0,0.0,0.0,74.51386577474683,0.005699999746866524,0.0,54.96771463106484,19.54045114393513,0,0,0,17.179756240738286,57.33410953400855,0.0,1048576,1048576,0,8,4,0.25,2,0.5,0,1,1.0,0.2091524583687337,3,3,0,1.0,0.0,0.0,1.0,0,0.5,0.5,0.0,0.9482421875,0.0517578125,0.0,256,1024,0,0.0,247.34980951463908,60.163000016473234,0.0,174.68714368037553,12.499665817790277,0,521.7309845045384,0,358.2828845117183,4.385838342067509e-07,8.426948016208114e-07,1.5120609465708078e-06,3.2612309412485825e-08,7.736193756078983e-08,7.451386577474684e-07,3.648452487119114e-06,no_nsga2,nsga2
0,235,235,train,2.5775581002235413,0.26953125,0.630859375,8,64,512,420.8975000074133,71.81320844449033,2.201987504420809,39.65228698243925,50.532299996120855,6.572479461870922,13.110097720386147,19.68257718225707,0.011600001016631722,0.0,12.994909195189107,6.676067986051329,0,19.006957734130904,1216.4452949843778,2097152.0,2,0.5,0.5,0.0,0.0,0.0,76.22881123687513,0.01239999255631119,0.0,55.41145375685679,20.80495748746203,0,0,0,18.125322311232114,58.10348892564301,0.0,1048576,1048576,0,8,4,0.25,2,0.5,0,1,1.0,0.20915249756217386,3,0,3,0.0,2.0,0.5,2.0,3,0.5,0.5,0.0,0.951171875,0.048828125,0.0,256,1024,0,0.0,454.6699317254015,260.5423000350129,0.0,179.57069099415105,14.556940696237609,0,521.7309845045384,0,100.83348449712503,1.4362641688898068e-06,8.807950017683237e-07,1.5860914792975701e-06,3.2862397309354615e-08,7.866058632231688e-08,7.622881123687513e-07,4.776961745956123e-06,no_nsga2,nsga2
0,236,236,train,2.4766404032707214,0.283203125,0.66015625,8,64,512,1469.163399990066,294.38069295185767,3.2133602849496095,71.03112813522307,49.50589999498334,32.97234524448989,20.5294510066883,53.50179625117819,0.007599985110573471,0.0,11.538385317103621,41.95581094896399,0,5.445272156100498,348.49741799043187,2097152.0,2,0.5,0.5,0.0,0.0,0.0,76.22360435517865,0.006000002031214535,0.0,55.23247048836815,20.985133864779293,0,0,0,18.942282958777202,57.28132139640145,0.0,1048576,1048576,0,8,4,0.25,2,0.5,0,1,1.0,0.241032865595602,3,3,0,1.0,0.0,0.0,1.0,0,0.5,0.5,0.0,0.9423828125,0.0576171875,0.0,256,1024,0,0.0,1474.5007254881214,1094.8516999924323,0.0,177.54851210220932,202.1005133934798,0,521.7309845045384,1,-947.4324154855276,5.887613859037154e-06,1.285344113979844e-06,2.841245125408923e-06,1.6486172622244946e-07,1.2317670604012978e-07,7.622360435517866e-07,1.1064477574240287e-05,no_nsga2,nsga2
0,237,237,train,2.607554256916046,0.236328125,0.6171875,8,64,512,381.8428000085987,68.46708760184814,2.4941349058844353,39.86782836084584,49.29409999749623,6.281388206139786,16.130421523664438,22.411809729804226,0.006999995093792677,0.0,11.337281611901119,11.067528122809312,0,20.95097524123699,1340.8624154391673,2097152.0,2,0.5,0.5,0.0,0.0,0.0,81.15965304900688,0.006000002031214535,0.0,60.702654636137645,20.450998410838018,0,0,0,17.058066410924837,64.10158663808204,0.0,1048576,1048576,0,8,4,0.25,2,0.5,0,1,1.0,0.2201412464909665,3,0,3,0.0,2.0,0.5,2.0,3,0.5,0.5,0.0,0.9501953125,0.0498046875,0.0,256,1024,0,0.0,443.3162034743137,245.30919994867872,0.0,179.68392708779214,18.323076437842822,0,521.7309845045384,0,139.88818449593964,1.369341752036963e-06,9.976539623537742e-07,1.594713134433834e-06,3.140694103069893e-08,9.678252914198661e-08,8.115965304900687e-07,4.901494849487325e-06,no_nsga2,nsga2
0,238,238,train,2.5810582041740417,0.267578125,0.642578125,8,64,512,300.0025000073947,45.485654981516205,2.5575838718767065,39.70886528045519,51.48429999826476,5.654629983730448,16.325600418907147,21.980230402637595,0.006900008884258568,0.0,11.327880748376883,10.645449645376456,0,26.666355558527854,1706.6467557457827,2097152.0,2,0.5,0.5,0.0,0.0,0.0,74.52460099106452,0.006700007361359894,0.0,53.99436070183722,20.52354028186594,0,0,0,18.011899868977224,56.51270112208729,0.0,1048576,1048576,0,8,4,0.25,2,0.5,0,1,1.0,0.17369072493825644,3,3,0,1.0,0.0,0.0,1.0,0,0.5,0.5,0.0,0.9580078125,0.0419921875,0.0,256,1024,0,0.0,351.0084165353924,153.47500005736947,0.0,178.0013907674914,19.53202571053157,0,518.1710930034022,0,218.16859299600753,9.097130996303242e-07,1.0230335487506827e-06,1.588354611218208e-06,2.8273149918652242e-08,9.795360251344287e-08,7.452460099106452e-07,4.3925740219419555e-06,no_nsga2,nsga2
0,239,239,train,2.545316696166992,0.271484375,0.650390625,8,64,512,458.9482000010321,75.05624819924215,2.50467955847055,39.87280093854016,53.47959999926388,5.681088262948613,16.002512399606687,21.6836006625553,0.008400005754083395,0.0,11.429208738870873,10.245991917930342,0,17.431123095937437,1115.591878139996,2097152.0,2,0.5,0.5,0.0,0.0,0.0,78.57637855812763,0.005699985194951296,0.0,58.7864140171208,19.784264555811866,0,0,0,18.31889923199389,60.25747932613373,0.0,1048576,1048576,0,8,4,0.25,2,0.5,0,1,1.0,0.19776865982085054,3,0,3,0.0,2.0,0.5,2.0,3,0.5,0.5,0.0,0.955078125,0.044921875,0.0,256,1024,0,0.0,469.7349147850114,272.51799998339266,0.0,179.32105254887628,17.895862252742504,0,520.3367675057962,0,61.38856750476407,1.501124963984843e-06,1.00187182338822e-06,1.5949120375416065e-06,2.840544131474307e-08,9.601507439764011e-08,7.857637855812763e-07,5.008093126208329e-06,no_nsga2,nsga2
0,240,240,train,2.496812641620636,0.275390625,0.662109375,8,64,512,343.2126999978209,51.268287861003756,2.4445072233282215,39.64722950659217,52.227300009690225,7.644049559069504,15.502917051364308,23.146966610433815,0.0154000153997913,0.0,11.221112339345007,11.910454255689015,0,23.309092848131627,1491.7819422804241,2097152.0,2,0.5,0.5,0.0,0.0,0.0,78.80017436083315,0.009700001101009548,0.0,57.53542802837219,21.255046331359964,0,0,0,18.126031370092498,60.67414299074066,0.0,1048576,1048576,0,8,4,0.25,2,0.5,0,1,1.0,0.2091524583687337,3,3,0,1.0,0.0,0.0,1.0,0,0.5,0.5,0.0,0.9404296875,0.0595703125,0.0,256,1024,0,0.0,373.44009836369656,172.53849997359794,0.0,178.22754652702798,22.674051863070627,0,520.3367675057962,0,177.12406750797527,1.025365757220075e-06,9.778028893312888e-07,1.585889180263687e-06,3.822024779534752e-08,9.301750230818584e-08,7.880017436083316e-07,4.508297320526916e-06,no_nsga2,nsga2
0,241,241,train,2.6169262528419495,0.2421875,0.64453125,8,64,512,464.92009999928996,77.0696589820922,2.539185779146107,39.99557978019733,53.51960001280531,5.714078834985041,15.999730834966945,21.713809669951985,0.007000009645707905,0.0,10.691164691004644,11.015644969301635,0,17.20722075210658,1101.262128134821,2097152.0,2,0.5,0.5,0.0,0.0,0.0,81.61827527463629,0.006399990525096655,0.0,59.94274641013986,21.66912887397133,0,0,0,18.952169099765094,62.666106174871196,0.0,1048576,1048576,0,8,4,0.25,2,0.5,0,1,1.0,0.2307606283979408,3,0,3,0.0,2.0,0.5,2.0,3,0.5,0.5,0.0,0.9462890625,0.0537109375,0.0,256,1024,0,0.0,478.41769816574254,280.33239996875636,0.0,179.43585594523324,18.64944225175293,0,523.2928580049338,0,58.372758005643846,1.541393179641844e-06,1.015674311658443e-06,1.5998231912078935e-06,2.8570394174925208e-08,9.599838500980167e-08,8.16182752746363e-07,5.097642214439271e-06,no_nsga2,nsga2
0,242,242,train,2.534449577331543,0.26953125,0.654296875,8,64,512,425.39219999162015,70.21809610250796,2.3584791732890356,38.5302642107332,53.91030000464525,6.6243879427044,15.744765021653128,22.36915296435753,0.007300011930055916,0.0,11.646262552455864,10.715590399971608,0,18.806130422765555,1203.5923470569955,2097152.0,2,0.5,0.5,0.0,0.0,0.0,78.06674850473856,0.00589998671784997,0.0,58.33356408350594,19.727284434514758,0,0,0,16.997874222064908,61.06887428267365,0.0,1048576,1048576,0,8,4,0.25,2,0.5,0,1,1.0,0.16091838189257093,3,3,0,1.0,0.0,0.0,1.0,0,0.5,0.5,0.0,0.95703125,0.04296875,0.0,256,1024,0,0.0,444.4273579461208,252.89150000025984,0.0,173.05945031305484,18.476407632806154,0,523.2928580049338,0,97.90065801331366,1.4043619220501594e-06,9.433916693156143e-07,1.5412105684293284e-06,3.312193971352201e-08,9.446859012991875e-08,7.806674850473857e-07,4.7972221746859296e-06,no_nsga2,nsga2
0,243,243,train,2.499500572681427,0.265625,0.673828125,8,64,512,179.60419999144506,23.69019013624012,2.562208882849027,40.17383213254905,50.36639999889303,6.538347613893274,15.734383287338513,22.27273090123179,0.007199996616691351,0.0,12.545785833948996,9.7197450706661,0,44.54214020741635,2850.6969732746466,2097152.0,2,0.5,0.5,0.0,0.0,0.0,77.39668079806388,0.00689999433234334,0.0,57.416467156602124,19.973313647129416,0,0,0,17.397982039796393,59.998698758267494,0.0,1048576,1048576,0,8,4,0.25,2,0.5,0,1,1.0,0.1859599251701455,3,0,3,0.0,2.0,0.5,2.0,3,0.5,0.5,0.0,0.947265625,0.052734375,0.0,256,1024,0,0.0,265.7049246065528,66.04440000955947,0.0,181.74721913202308,17.913305464970264,0,523.2928580049338,0,343.68865801348875,4.738038027248024e-07,1.0248835531396108e-06,1.6069532853019625e-06,3.269173806946637e-08,9.440629972403106e-08,7.73966807980639e-07,4.006705486940512e-06,no_nsga2,nsga2
0,244,244,train,2.520939290523529,0.27734375,0.66015625,8,64,512,209.81519999622833,26.945641829040568,2.5156588747650055,39.59248120070153,50.66170000645798,5.846349015117171,15.650434573206887,21.496783588324057,0.006999995093792677,0.0,11.580832833961619,9.908950759268645,0,38.1286097076575,2440.23102129008,2097152.0,2,0.5,0.5,0.0,0.0,0.0,78.77903332715222,0.005999987479299307,0.0,58.77104655408718,20.00198678558575,0,0,0,17.293235015813853,61.48579831133837,0.0,1048576,1048576,0,8,4,0.25,2,0.5,0,1,1.0,0.2091524583687337,3,3,0,1.0,0.0,0.0,1.0,0,0.5,0.5,0.0,0.9423828125,0.0576171875,0.0,256,1024,0,0.0,276.2151276180284,79.81290001771413,0.0,177.95066018429873,18.45156741601554,0,523.2928580049338,0,313.4776580087055,5.389128365808114e-07,1.0062635499060023e-06,1.583699248028061e-06,2.9231745075585853e-08,9.39026074392413e-08,7.877903332715224e-07,4.039800320301224e-06,no_nsga2,nsga2
0,245,245,train,2.555245339870453,0.220703125,0.666015625,8,64,512,381.6157000110252,66.58469949441937,2.62133290162915,39.19571376646614,49.1866999946069,6.153770162134392,17.066967580641027,23.22073774277542,0.007900016498751938,0.0,12.433757074545351,10.779080651731316,0,20.963443161079887,1341.6603623091128,2097152.0,2,0.5,0.5,0.0,0.0,0.0,75.3384710541545,0.009900002623908222,0.0,53.95001229051925,21.378558761011345,0,0,0,18.16819767759733,57.17027337655716,0.0,1048576,1048576,0,8,4,0.25,2,0.5,0,1,1.0,0.16091838189257093,3,0,3,0.0,2.0,0.5,2.0,3,0.5,0.5,0.0,0.95703125,0.04296875,0.0,256,1024,0,0.0,433.6069846500587,239.205200021388,0.0,176.20145246792816,18.200332160742505,0,523.2928580049338,0,141.67715799390862,1.3316939898883876e-06,1.0485331606516601e-06,1.5678285506586457e-06,3.076885081067196e-08,1.0240180548384616e-07,7.53384710541545e-07,4.8346110680347565e-06,no_nsga2,nsga2
0,246,246,train,2.4335659742355347,0.27734375,0.689453125,8,64,512,189.56520000938326,25.477796792709896,2.9130140493518075,39.80830556409578,53.84369999228511,6.303337080219871,19.36580616196561,25.669143242185484,0.007399998139590025,0.0,11.234295343857635,14.427447900188257,0,42.201616108800046,2700.903430963203,2097152.0,2,0.0,0.5,0.5,0.0,0.0,84.7506469105919,0.006599992047995329,0.0,63.78012309549086,20.96392382305304,0,0,0,0.0,59.77265071269974,24.977996197892153,0,1048576,1048576,8,4,0.25,2,0.5,0,1,1.0,0.20915249756217386,3,3,0,1.0,0.0,0.0,1.0,0,0.5,0.5,0.0,0.9443359375,0.0556640625,0.0,256,1024,0,0.0,272.79646562462995,73.22220000787638,0.0,176.84143707263777,22.73282854411579,0,523.2928580049338,0,333.72765799555054,5.095559358541979e-07,1.1652056197407231e-06,1.5923322225638315e-06,3.1516685401099355e-08,1.1619483697179365e-07,8.47506469105919e-07,4.262311769637565e-06,no_nsga2,nsga2
0,247,247,train,2.4950917959213257,0.259765625,0.640625,8,64,512,10266.62349999242,2222.062288000708,2.522755952863929,306.5717488984801,38.05110001121648,5.9918735349925925,15.183387463862152,21.175260998854746,0.00650000583846122,0.0,11.037899487241404,10.13086150577488,0,0.7792239796055566,49.87033469475562,2097152.0,2,0.5,0.5,0.0,0.0,0.0,77.28854944289549,0.004999994416721165,0.0,57.506639215240185,19.77691023323858,0,0,0,17.613774927569555,59.674774515325936,0.0,1048576,1048576,0,8,4,0.25,2,0.5,0,1,1.0,0.2091524583687337,3,0,3,0.0,2.0,0.5,2.0,3,0.5,0.5,0.0,0.9482421875,0.0517578125,0.0,256,1024,0,0.0,10124.627171408209,8859.79010000301,0.0,176.45913524624478,1088.3779361589532,0,1118.9793064936355,1,-9147.644193498785,4.444124576001416e-05,1.0091023811455716e-06,1.2262869955939207e-05,2.995936767496297e-08,9.11003247831729e-08,7.72885494428955e-07,5.860716328398603e-05,no_nsga2,nsga2
0,248,248,train,2.445194721221924,0.26171875,0.658203125,8,64,512,182.18249999335967,22.84136152124656,2.2613991139036465,39.294564701590694,39.294199988944456,6.2958408689518475,11.971147266847304,18.266988135799153,0.007599999662488699,0.0,11.788291819088862,6.4710963170478015,0,43.91177027717433,2810.353297739157,2097152.0,2,0.5,0.5,0.0,0.0,0.0,79.76895057981767,0.005499983672052622,0.0,59.167713235328904,20.595737360816713,0,0,0,18.654974744929405,61.11397583488827,0.0,1048576,1048576,0,8,4,0.25,2,0.5,0,1,1.0,0.2091524583687337,3,3,0,1.0,0.0,0.0,1.0,0,0.5,0.5,0.0,0.9541015625,0.0458984375,0.0,256,1024,0,0.0,257.5893013469636,63.87660000473261,0.0,178.2282204640081,15.484480878222907,0,1118.9793064936355,0,936.7968065002758,4.5682723042493134e-07,9.045596455614587e-07,1.571782588063628e-06,3.1479204344759243e-08,7.182688360108381e-08,7.976895057981769e-07,3.834165057794038e-06,no_nsga2,nsga2
0,249,249,train,2.496795117855072,0.248046875,0.63671875,8,64,512,416.57060000579804,71.05462240674964,2.174712719651193,39.28117820606718,39.72570000041742,6.047603211870309,12.983235684810163,19.03083889668047,0.006600006599910557,0.0,11.333267325948672,7.69097156413189,0,19.204381671454925,1229.0804269731152,2097152.0,2,0.5,0.5,0.0,0.0,0.0,78.02504393817858,0.0053000112529844046,0.0,58.61938940712075,19.40035451980485,0,0,0,17.374346683848334,60.65069725433025,0.0,1048576,1048576,0,8,4,0.25,2,0.5,0,1,1.0,0.26994862967019156,3,0,3,0.0,2.0,0.5,2.0,3,0.5,0.5,0.0,0.943359375,0.056640625,0.0,256,1024,0,0.0,450.04205332987203,256.58749997091945,0.0,178.069603865982,15.384949492970634,0,1118.9793064936355,0,702.4087064878374,1.4210924481349929e-06,8.698850878604772e-07,1.5712471282426874e-06,3.0238016059351547e-08,7.789941410886097e-08,7.802504393817859e-07,4.750612533788156e-06,no_nsga2,nsga2
0,250,250,train,2.4195480346679688,0.287109375,0.65625,8,64,512,418.63690000900533,71.07439934832327,2.126225129863628,38.638543646784306,46.81489999347832,6.856833326960805,12.359190615497468,19.21602394245827,0.0069999805418774486,0.0,12.324164074961967,6.884859886954428,0,19.10959327817169,1223.0139698029882,2097152.0,2,0.5,0.5,0.0,0.0,0.0,77.64988420427478,0.00829999044071883,0.0,57.90377554226687,19.737808671567198,0,0,0,18.659659688948896,58.99022451532589,0.0,1048576,1048576,0,8,4,0.25,2,0.5,0,1,1.0,0.241032865595602,3,3,0,1.0,0.0,0.0,1.0,0,0.5,0.5,0.0,0.94921875,0.05078125,0.0,256,1024,0,0.0,447.3566724998848,257.0618000027025,0.0,176.61892559633594,13.675946900846345,0,1118.9793064936355,0,700.3424064846301,1.4214879869664656e-06,8.504900519454514e-07,1.5455417458713724e-06,3.428416663480403e-08,7.41551436929848e-08,7.76498842042748e-07,4.702457937153826e-06,no_nsga2,nsga2
0,251,251,train,2.4731510281562805,0.287109375,0.662109375,8,64,512,451.2590999947861,75.17878849273797,2.1393225220291097,38.698600635427375,38.14010000496637,5.7978864497709965,12.850044103568424,18.64793055333942,0.006599992047995329,0.0,10.896045871055819,7.745284690235606,0,17.728135060228976,1134.6006438546544,2097152.0,2,0.5,0.5,0.0,0.0,0.0,79.21701096545164,0.0052000104915350676,0.0,58.40570600071791,20.80610495424219,0,0,0,17.056677202300907,62.16033376315073,0.0,1048576,1048576,0,8,4,0.25,2,0.5,0,1,1.0,0.18595995617580352,3,0,3,0.0,2.0,0.5,2.0,3,0.5,0.5,0.0,0.9501953125,0.0498046875,0.0,256,1024,0,0.0,464.06684660077775,273.3735999354394,0.0,178.32162614287103,12.37162052246732,0,1118.9793064936355,0,667.7202064988494,1.5035757698547593e-06,8.557290088116438e-07,1.547944025417095e-06,2.8989432248854986e-08,7.710026462141054e-08,7.921701096545164e-07,4.8055086106082794e-06,no_nsga2,nsga2
0,252,252,train,2.406275689601898,0.25,0.705078125,8,64,512,180.3390999994008,22.179737365149645,2.2184937940090497,38.233839084563286,39.25390000222251,5.824872639281447,13.70267674673368,19.527549386015128,0.007099995855242014,0.0,11.293163214126121,8.227286176033765,0,44.36062750340374,2839.0801602178394,2097152.0,2,0.5,0.5,0.0,0.0,0.0,76.69495509328785,0.005800000508315861,0.0,56.7632422551921,19.925912837587425,0,0,0,18.803929403119923,57.89102569016792,0.0,1048576,1048576,0,8,4,0.25,2,0.5,0,1,1.0,0.241032865595602,3,3,0,1.0,0.0,0.0,1.0,0,0.5,0.5,0.0,0.955078125,0.044921875,0.0,256,1024,0,0.0,250.52828097488793,62.376299989409745,0.0,173.20848386072805,14.943497124750163,0,1118.9793064936355,0,938.6402064942347,4.4359474730299293e-07,8.873975176036198e-07,1.5293535633825316e-06,2.912436319640724e-08,8.221606048040206e-08,7.669495509328785e-07,3.738635802898832e-06,no_nsga2,nsga2
0,253,253,train,2.4077647924423218,0.283203125,0.6796875,8,64,512,421.0536999889882,72.28046015780203,2.1671332123411307,39.20169111216496,37.83080000721384,6.646105267619843,13.484738734051595,20.130844001671438,0.006800008122809231,0.0,13.118284499391855,7.005759494156773,0,18.99990666345542,1215.9940264611469,2097152.0,2,0.5,0.5,0.0,0.0,0.0,81.68047938871175,0.005600013537332416,0.0,60.77374146054044,20.901137914633967,0,0,0,19.29559173416194,62.3848876545498,0.0,1048576,1048576,0,8,4,0.25,2,0.5,0,1,1.0,0.2307606527190679,3,0,3,0.0,2.0,0.5,2.0,3,0.5,0.5,0.0,0.93359375,0.06640625,0.0,256,1024,0,0.0,454.5971379292324,261.79540003067814,0.0,180.10332938637617,12.69840851217814,0,1118.9793064936355,0,697.9256065046472,1.4456092031560404e-06,8.668532849364523e-07,1.5680676444865984e-06,3.323052633809922e-08,8.090843240430956e-08,8.168047938871175e-07,4.811473885208617e-06,no_nsga2,nsga2
0,254,254,train,2.523281157016754,0.224609375,0.634765625,8,64,512,428.3774999930756,71.31588942231879,2.2494553389237217,38.345991295390505,37.64360000786837,6.083000125334532,13.605504511607826,19.68850463694236,0.006699992809444666,0.0,11.768510086361335,7.91329455777158,0,18.675073562583822,1195.2047080053646,2097152.0,2,0.5,0.5,0.0,0.0,0.0,79.01703620780322,0.005199995939619839,0.0,58.754562748568986,20.257273463294602,0,0,0,16.981439246301804,62.035596961501405,0.0,1048576,1048576,0,8,4,0.25,2,0.5,0,1,1.0,0.2307606527190679,3,3,0,1.0,0.0,0.0,1.0,0,0.5,0.5,0.0,0.94921875,0.05078125,0.0,256,1024,0,0.0,447.6453442265321,256.7315000342205,0.0,175.6258448512613,15.287999341050252,0,1118.9793064936355,0,690.6018065005599,1.426317788446376e-06,8.997821355694889e-07,1.5338396518156207e-06,3.0415000626672665e-08,8.163302706964695e-08,7.901703620780321e-07,4.7621579656058376e-06,no_nsga2,nsga2
0,255,255,train,2.4797006249427795,0.25390625,0.66796875,8,64,512,452.87870000174735,72.9794507614076,2.5144199673403675,38.225653258548334,52.5752000103239,6.641958260289942,15.854395100141843,22.496353360431787,0.006900008884258568,0.0,11.886133800215237,10.60331955133229,0,17.66473524860826,1130.5430559109286,2097152.0,2,0.5,0.5,0.0,0.0,0.0,78.00074504011837,0.010500007192604244,0.0,58.06185128859686,19.928393744328908,0,0,0,17.942161839133007,60.05858320098537,0.0,1048576,1048576,0,8,4,0.25,2,0.5,0,1,1.0,0.18595995617580352,3,0,3,0.0,2.0,0.5,2.0,3,0.5,0.5,0.0,0.9638671875,0.0361328125,0.0,256,1024,0,0.0,454.8780959491852,264.658199987025,0.0,175.6808332133559,14.539062748804323,0,1118.9793064936355,0,666.1006064918881,1.4595890152281522e-06,1.005767986936147e-06,1.5290261303419335e-06,3.3209791301449716e-08,9.512637060085105e-08,7.800074504011838e-07,4.902726744809718e-06,no_nsga2,nsga2
0,256,256,train,2.476387619972229,0.267578125,0.669921875,8,64,512,1055.951799993636,76.10826764450142,22.05081451717063,45.05617780579311,2450.187599999481,6.431488696365861,166.8585816827738,173.29007037913965,0.010200004908256233,0.0,12.737576900028742,160.54229347420267,0,7.5760962043457,484.8701570781248,2097152.0,2,0.0,0.5,0.5,0.0,0.0,83.98065397221377,0.008799994247965515,0.0,64.38602690334528,19.585827074620525,0,0,0,0.0,60.78092072811994,23.19973324409383,0,1048576,1048576,8,4,0.25,2,0.5,0,1,1.0,0.241032865595602,3,3,0,1.0,0.0,0.0,1.0,0,0.5,0.5,0.0,0.955078125,0.044921875,0.0,256,1024,0,0.0,572.8610398698606,277.3740000120597,0.0,177.68561956491493,117.80142029288595,0,1411.5399979908386,0,355.58819799720254,1.5221653528900285e-06,8.820325806868252e-06,1.8022471122317246e-06,3.2157443481829306e-08,1.0011514900966427e-06,8.398065397221377e-07,1.4017853745290616e-05,no_nsga2,nsga2
0,257,257,train,2.4830411672592163,0.2578125,0.67578125,8,64,512,347.2230000043055,46.0347676119402,2.651902669850792,38.75773172069091,38.562500005355105,8.856824955153893,16.03218681103531,24.889011766189203,0.006999995093792677,0.0,11.41755757450439,13.46445419659102,0,23.03988203551829,1474.5524502731705,2097152.0,2,0.5,0.5,0.0,0.0,0.0,78.51812485517038,0.005999987479299307,0.0,57.60813814436387,20.903986723327215,0,0,0,17.944028475061085,60.574096380109296,0.0,1048576,1048576,0,8,4,0.25,2,0.5,0,1,1.0,0.2201412464909665,3,0,3,0.0,2.0,0.5,2.0,3,0.5,0.5,0.0,0.9453125,0.0546875,0.0,256,1024,0,0.0,349.77760800992763,152.20159997988958,0.0,173.31901809866784,24.25698993137019,0,1411.5399979908386,0,1064.3169979865331,9.20695352238804e-07,1.0607610679403167e-06,1.5503092688276367e-06,4.4284124775769466e-08,9.619312086621184e-08,7.85181248551704e-07,4.457424183200443e-06,no_nsga2,nsga2
0,258,258,train,2.6005013585090637,0.2421875,0.619140625,8,64,512,353.01479999907315,61.1054137616777,2.2598960763508638,38.84116790060962,38.5377999919001,6.092752382083144,14.15898068211099,20.251733064194134,0.00650000583846122,0.0,12.205894100425363,8.03933895793031,0,22.66187519091498,1450.3600122185587,2097152.0,2,0.5,0.5,0.0,0.0,0.0,74.23514186257296,0.006400005077011883,0.0,53.79917573987059,20.42956611762535,0,0,0,16.836305131592837,57.398836730980115,0.0,1048576,1048576,0,8,4,0.25,2,0.5,0,1,1.0,0.17369072493825644,3,3,0,1.0,0.0,0.0,1.0,0,0.5,0.5,0.0,0.9521484375,0.0478515625,0.0,256,1024,0,0.0,408.8259109545528,217.6121000375133,0.0,175.59185246612088,15.621958450918552,0,1411.5399979908386,0,1058.5251979917655,1.2221082752335543e-06,9.039584305403456e-07,1.553646716024385e-06,3.046376191041572e-08,8.495388409266593e-08,7.423514186257295e-07,4.5374824864270956e-06,no_nsga2,nsga2
0,259,259,train,2.617388069629669,0.2578125,0.6328125,8,64,512,416.01539999828674,70.91556209575789,2.193324041848172,38.543565003523014,43.404500000178814,5.5136119934694054,13.347821056770627,18.86143305024003,0.006799993570894003,0.0,11.04421204194146,7.8104210147276785,0,19.23001112464063,1230.7207119770003,2097152.0,2,0.5,0.5,0.0,0.0,0.0,78.76296230625745,0.005399997462518513,0.0,57.72603777966097,21.03152452913396,0,0,0,18.97169127124704,59.79127103501041,0.0,1048576,1048576,0,8,4,0.25,2,0.5,0,1,1.0,0.241032865595602,3,0,3,0.0,2.0,0.5,2.0,3,0.5,0.5,0.0,0.9580078125,0.0419921875,0.0,256,1024,0,0.0,446.60980456451637,255.7993000082206,0.0,176.32370941932982,14.486795136965913,0,1411.5399979908386,0,995.5245979925519,1.418311241915158e-06,8.773296167392688e-07,1.5417426001409208e-06,2.756805996734703e-08,8.008692634062376e-08,7.876296230625746e-07,4.732668068165893e-06,no_nsga2,nsga2
0,260,260,train,2.54805189371109,0.216796875,0.625,8,64,512,332.3638000001665,53.23428314828085,2.2316696677842716,38.33347181288106,43.764999994891696,5.739357313899538,14.320539015287583,20.059896329187122,0.007099995855242014,0.0,11.266505254857515,8.786291078474363,0,24.069937610709655,1540.476007085418,2097152.0,2,0.5,0.5,0.0,0.0,0.0,75.77346220534226,0.007999988156370819,0.0,56.385442509910156,19.38001970727573,0,0,0,18.270501996250847,57.502960209091405,0.0,1048576,1048576,0,8,4,0.25,2,0.5,0,1,1.0,0.2201412464909665,3,3,0,1.0,0.0,0.0,1.0,0,0.5,0.5,0.0,0.953125,0.046875,0.0,256,1024,0,0.0,375.1976985157847,186.09669999568723,0.0,174.320240349664,14.78075817043353,0,1411.5399979908386,0,1079.176197990672,1.0646856629656172e-06,8.926678671137088e-07,1.5333388725152427e-06,2.8696786569497695e-08,8.592323409172549e-08,7.577346220534226e-07,4.363047045309214e-06,no_nsga2,nsga2
0,261,261,train,2.4516597390174866,0.275390625,0.6875,8,64,512,437.9746000049636,73.55697202264321,2.0869866930085577,38.78419763463478,37.9737000039313,6.676729280161051,13.716975616778761,20.393704896939813,0.006400019628927112,0.0,13.20731467752141,7.179990199789474,0,18.26585773250687,1169.0148948804397,2097152.0,2,0.5,0.5,0.0,0.0,0.0,76.28542425478686,0.005599998985417187,0.0,55.664851935694585,20.61497232010686,0,0,0,18.427154766756438,57.85826948803042,0.0,1048576,1048576,0,8,4,0.25,2,0.5,0,1,1.0,0.2307606527190679,3,0,3,0.0,2.0,0.5,2.0,3,0.5,0.5,0.0,0.9482421875,0.0517578125,0.0,256,1024,0,0.0,457.71262540114617,266.73309999750927,0.0,177.41549565847,13.564029745166955,0,1411.5399979908386,0,973.565397985875,1.4711394404528644e-06,8.34794677203423e-07,1.5513679053853915e-06,3.338364640080526e-08,8.230185370067255e-08,7.628542425478687e-07,4.735841765691025e-06,no_nsga2,nsga2
0,262,262,train,2.482840061187744,0.255859375,0.66015625,8,64,512,160.47200000321027,21.535428847869483,2.260614529313952,38.769901106389895,38.17679999337997,5.60026119381103,13.46419083888254,19.06445203269357,0.007099995855242014,0.0,12.016360070173649,7.040991966664679,0,49.85262318171879,3190.5678836300026,2097152.0,2,0.5,0.5,0.0,0.0,0.0,77.44177961975242,0.005900001269765198,0.0,57.24086246947619,20.195017149006475,0,0,0,17.223369801857174,60.21840981789525,0.0,1048576,1048576,0,8,4,0.25,2,0.5,0,1,1.0,0.2307606527190679,3,3,0,1.0,0.0,0.0,1.0,0,0.5,0.5,0.0,0.9462890625,0.0537109375,0.0,256,1024,0,0.0,250.26377793429333,58.50459999055602,0.0,178.58904106522286,13.17013687851445,0,1411.5399979908386,0,1251.0679979876284,4.3070857695738963e-07,9.042458117255809e-07,1.550796044255596e-06,2.8001305969055152e-08,8.078514503329524e-08,7.744177961975244e-07,3.7689546801384414e-06,no_nsga2,nsga2
0,263,263,train,2.4904826879501343,0.2578125,0.646484375,8,64,512,445.302600011928,73.4438495700814,2.055912876232099,38.92389812370278,36.702099998365156,6.677411773577209,13.159762949856535,19.837174723433744,0.006600006599910557,0.0,12.110630089375977,7.7199446274578545,0,17.965271333503054,1149.7773653441955,2097152.0,2,0.5,0.5,0.0,0.0,0.0,78.1829123468343,0.005800000508315861,0.0,58.53692658904069,19.640185757285295,0,0,0,17.451395040837877,60.73151730599642,0.0,1048576,1048576,0,8,4,0.25,2,0.5,0,1,1.0,0.241032865595602,3,0,3,0.0,2.0,0.5,2.0,3,0.5,0.5,0.0,0.9462890625,0.0537109375,0.0,256,1024,0,0.0,457.69464228006507,266.28310000523925,0.0,177.5244501443542,13.887092130471661,0,1411.5399979908386,0,966.2373979789106,1.468876991401628e-06,8.223651504928396e-07,1.5569559249481114e-06,3.338705886788604e-08,7.895857769913921e-08,7.818291234683431e-07,4.742372826877947e-06,no_nsga2,nsga2
0,264,264,train,2.5370859503746033,0.259765625,0.65625,8,64,512,439.3875000096159,74.32647349246415,2.251312852042587,38.109164554674656,37.11660001135897,5.834879979223394,12.429490561790374,18.26437054101377,0.007700000423938036,0.0,11.072988140842641,7.1836823997471875,0,18.207121942938702,1165.255804348077,2097152.0,2,0.5,0.5,0.0,0.0,0.0,80.49454413965556,0.006699992809444666,0.0,59.25199373647849,21.235850410367622,0,0,0,17.564521934293115,62.93002220536244,0.0,1048576,1048576,0,8,4,0.25,2,0.5,0,1,1.0,0.17369072493825644,3,3,0,1.0,0.0,0.0,1.0,0,0.5,0.5,0.0,0.9482421875,0.0517578125,0.0,256,1024,0,0.0,458.7478035967256,267.5656000064919,0.0,176.40530075831919,14.776902831914535,0,1411.5399979908386,0,972.1524979812227,1.4865294698492832e-06,9.005251408170349e-07,1.5243665821869864e-06,2.917439989611697e-08,7.457694337074224e-08,8.049454413965555e-07,4.820117977516719e-06,no_nsga2,nsga2
0,265,265,train,2.723451852798462,0.197265625,0.599609375,8,64,512,426.31819999951404,71.22529089542067,2.373345772017731,38.121362118693675,37.631099999998696,6.439956763495346,14.391349214896973,20.83130597839232,0.007199996616691351,0.0,12.663592394525484,8.160513587250144,0,18.76528197653101,1200.9780464979847,2097152.0,2,0.5,0.5,0.0,0.0,0.0,75.48783703640879,0.01030000566970557,0.0,55.074409195467425,20.403127835271654,0,0,0,16.517269340053463,58.970567696355324,0.0,1048576,1048576,0,8,4,0.25,2,0.5,0,1,1.0,0.18595995617580352,3,0,3,0.0,2.0,0.5,2.0,3,0.5,0.5,0.0,0.947265625,0.052734375,0.0,256,1024,0,0.0,446.8799951445283,256.6454999614507,0.0,176.9476562958294,13.286838887248216,0,1411.5399979908386,0,985.2217979913246,1.4245058179084135e-06,9.493383088070926e-07,1.5248544847477472e-06,3.219978381747673e-08,8.634809528938183e-08,7.548783703640879e-07,4.7721248609342e-06,no_nsga2,nsga2
0,266,266,train,2.6122371554374695,0.267578125,0.62890625,8,64,512,351.4081999892369,61.46754964290374,2.146779980785845,39.06824558887742,38.463999997475185,8.103217731342294,12.177168387995998,20.280386119338292,0.006699992809444666,0.0,11.416716397628843,8.856969728900005,0,22.765482520790655,1456.990881330602,2097152.0,2,0.5,0.0,0.5,0.0,0.0,45.13783323863501,0.005399997462518513,0.0,23.935304347220907,21.197128893951586,0,0,0,17.61694147074525,0.0,27.520891767889765,1048576,0,1048576,8,4,0.25,2,0.5,0,1,1.0,0.19776865982085054,3,3,0,1.0,0.0,0.0,1.0,0,0.5,0.5,0.0,0.953125,0.046875,0.0,256,1024,0,0.0,410.730300850268,215.7487999793375,0.0,176.64209662461627,18.33940424631426,0,868.9862884957965,0,517.5780885065597,1.229350992858075e-06,8.58711992314338e-07,1.5627298235550969e-06,4.051608865671147e-08,7.306301032797598e-08,4.5137833238635014e-07,4.2157502400985475e-06,no_nsga2,nsga2
0,267,267,train,2.5230016112327576,0.283203125,0.64453125,8,64,512,464.93530001316685,76.36086480633276,2.2476359533351697,38.9476410969126,38.889799994649366,5.821655857828346,14.86887363516182,20.690529492990166,0.006599992047995329,0.0,12.185506761942829,8.498422738999341,0,17.206658201937433,1101.2261249239957,2097152.0,2,0.5,0.5,0.0,0.0,0.0,80.68389252709974,0.006299989763647318,0.0,59.894575869690996,20.783016667645107,0,0,0,17.823458577238554,62.86043394986119,0.0,1048576,1048576,0,8,4,0.25,2,0.5,0,1,1.0,0.17369072493825644,3,0,3,0.0,2.0,0.5,2.0,3,0.5,0.5,0.0,0.9560546875,0.0439453125,0.0,256,1024,0,0.0,470.2245674263221,278.80759998515714,0.0,176.90090674298904,14.516060698175906,0,868.9938125026656,0,404.05851248949875,1.5272172961266552e-06,8.990543813340679e-07,1.557905643876504e-06,2.9108279289141732e-08,8.921324181097091e-08,8.068389252709974e-07,4.9093377677083364e-06,no_nsga2,nsga2
0,268,268,train,2.606376588344574,0.24609375,0.62890625,8,64,512,444.3814999976894,74.42033016994696,2.2150053798074714,39.12940574754367,38.67310000350699,5.583030443472286,12.312616953507803,17.895647396980088,0.007000009645707905,0.0,10.736536529047864,7.152110858286517,0,18.00250909979938,1152.1605823871603,2097152.0,2,0.5,0.5,0.0,0.0,0.0,76.07261202527638,0.005599998985417187,0.0,54.76893043389241,21.298081592398567,0,0,0,18.239912858374797,57.83269916690159,0.0,1048576,1048576,0,8,4,0.25,2,0.5,0,1,1.0,0.19776869931901056,3,3,0,1.0,0.0,0.0,1.0,0,0.5,0.5,0.0,0.9521484375,0.0478515625,0.0,256,1024,0,0.0,463.0589651891924,270.36230004159734,0.0,179.29113757177785,13.405527575817224,0,868.9938125026656,0,424.6123125049762,1.4884066033989395e-06,8.860021519229887e-07,1.565176229901747e-06,2.7915152217361437e-08,7.387570172104681e-08,7.60726120252764e-07,4.802101959414848e-06,no_nsga2,nsga2
0,269,269,train,2.576910376548767,0.26953125,0.654296875,8,64,512,314.9102000024868,52.37298210209406,2.1143864227827294,38.149329327079826,40.370799993979745,6.823168785454482,13.216759625543279,20.03992841099776,0.006799993570894003,0.0,12.350447363482434,7.682681053944433,0,25.403986901503743,1625.8551616962395,2097152.0,2,0.5,0.5,0.0,0.0,0.0,76.10095288288974,0.005800000508315861,0.0,55.295973539012905,20.799179343368515,0,0,0,19.098857188519656,57.002095694370084,0.0,1048576,1048576,0,8,4,0.25,2,0.5,0,1,1.0,0.18595995617580352,3,0,3,0.0,2.0,0.5,2.0,3,0.5,0.5,0.0,0.947265625,0.052734375,0.0,256,1024,0,0.0,370.54679140782645,181.06560001615435,0.0,175.5208024868141,13.960388904858045,0,868.9938125026656,0,554.0836125001788,1.0474596420418814e-06,8.457545691130917e-07,1.5259731730831931e-06,3.411584392727241e-08,7.930055775325966e-08,7.610095288288975e-07,4.293613314747596e-06,no_nsga2,nsga2
0,270,270,train,2.534589946269989,0.24609375,0.642578125,8,64,512,447.05839999369346,72.79612306231991,2.2564487566736178,38.84979082599851,39.01890000270214,7.1280684316359215,12.337016268511544,19.465084700147465,0.00689999433234334,0.0,11.776334437777692,7.68185026803743,0,17.89471376759521,1145.2616811260934,2097152.0,2,0.5,0.5,0.0,0.0,0.0,74.99803304389138,0.009499999578110874,0.0,54.32784104375211,20.66069200056116,0,0,0,17.609104611108563,57.38892843278282,0.0,1048576,1048576,0,8,4,0.25,2,0.5,0,1,1.0,0.17369072493825644,3,3,0,1.0,0.0,0.0,1.0,0,0.5,0.5,0.0,0.958984375,0.041015625,0.0,256,1024,0,0.0,455.6094505799682,262.29309996415395,0.0,177.5579903010008,15.758360314813393,0,868.9938125026656,0,421.93541250897215,1.4559224612463985e-06,9.025795026694472e-07,1.5539916330399407e-06,3.5640342158179614e-08,7.402209761106926e-08,7.499803304389139e-07,4.772136367163949e-06,no_nsga2,nsga2
0,271,271,train,2.473982870578766,0.267578125,0.666015625,8,64,512,184.477999995579,23.107883497337255,2.394382741725609,38.235848729793815,41.290099994512275,5.91454297891316,13.934497878675085,19.849040857588246,0.00650000583846122,0.0,11.553910161535015,8.288630690214768,0,43.36536950109073,2775.383648069807,2097152.0,2,0.5,0.5,0.0,0.0,0.0,79.2362397772602,0.005500012775883079,0.0,58.61081444030671,20.6199253241776,0,0,0,17.45993673643999,61.77630304082021,0.0,1048576,1048576,0,8,4,0.25,2,0.5,0,1,1.0,0.2201412464909665,3,0,3,0.0,2.0,0.5,2.0,3,0.5,0.5,0.0,0.9482421875,0.0517578125,0.0,256,1024,0,0.0,254.95245987542677,65.0784999888856,0.0,174.5423963803058,15.331563506235335,0,868.9938125026656,0,684.5158125070866,4.6215766994674515e-07,9.577530966902438e-07,1.5294339491917527e-06,2.9572714894565807e-08,8.36069872720505e-08,7.923623977726021e-07,3.85488681576796e-06,no_nsga2,nsga2
0,272,272,train,2.4989001750946045,0.232421875,0.634765625,8,64,512,382.4866000068141,67.2714287156094,2.286956966117166,38.96554258077049,36.97729999839794,6.529148210315425,12.28050393045492,18.809652140770346,0.00689999433234334,0.0,11.63105711026573,7.171695036172274,0,20.915710731164822,1338.6054867945486,2097152.0,2,0.5,0.5,0.0,0.0,0.0,76.68698330267064,0.00580001506023109,0.0,55.2421450572039,21.439038230406506,0,0,0,19.34599434408368,57.34098895858696,0.0,1048576,1048576,0,8,4,0.25,2,0.5,0,1,1.0,0.13364216641330787,3,3,0,1.0,0.0,0.0,1.0,0,0.5,0.5,0.0,0.953125,0.046875,0.0,256,1024,0,0.0,434.09571304998826,240.36299998988397,0.0,180.30701582097242,13.425697239131832,0,868.9938125026656,0,486.5072124958515,1.3454285743121884e-06,9.147827864468665e-07,1.5586217032308195e-06,3.2645741051577127e-08,7.368302358272951e-08,7.668698330267065e-07,4.692031661650887e-06,no_nsga2,nsga2
0,273,273,train,2.5447956323623657,0.24609375,0.6640625,8,64,512,346.6225000011036,61.43098763414743,2.04482155595416,38.798228730852344,36.436999987927265,5.577126915135444,12.727470908887518,18.304597824022963,0.007199996616691351,0.0,11.323892602826415,6.973505224579857,0,23.079796955412803,1477.1070051464194,2097152.0,2,0.5,0.5,0.0,0.0,0.0,79.9134304420942,0.005700014298781753,0.0,59.4277448849672,20.479985542828217,0,0,0,17.45107798524565,62.46235245684855,0.0,1048576,1048576,0,8,4,0.25,2,0.5,0,1,1.0,0.1859599251701455,3,0,3,0.0,2.0,0.5,2.0,3,0.5,0.5,0.0,0.9462890625,0.0537109375,0.0,256,1024,0,0.0,409.0961516838157,219.19440000783652,0.0,177.20746998879633,12.694281687182873,0,868.9938125026656,0,522.371312501562,1.2286197526829485e-06,8.179286223816639e-07,1.5519291492340942e-06,2.7885634575677222e-08,7.636482545332511e-08,7.991343044209421e-07,4.501862288748651e-06,no_nsga2,nsga2
0,274,274,train,2.4733080863952637,0.28515625,0.685546875,8,64,512,180.76669999572914,21.97715456169012,2.1775966742968285,37.84885009713428,42.683699997724034,6.383822830081461,11.897930232287667,18.281753062369127,0.006400005077011883,0.0,11.305068755841841,6.970284301450275,0,44.25569391096423,2832.364410301711,2097152.0,2,0.5,0.5,0.0,0.0,0.0,81.04038359244035,0.005500012775883079,0.0,60.60565774085195,20.429225838812513,0,0,0,17.311398540005342,63.72898505243501,0.0,1048576,1048576,0,8,4,0.25,2,0.5,0,1,1.0,0.14759070521249812,3,3,0,1.0,0.0,0.0,1.0,0,0.5,0.5,0.0,0.9638671875,0.0361328125,0.0,256,1024,0,0.0,248.0144053324849,58.65070002619177,0.0,176.57241915427062,12.791286152022534,0,868.9938125026656,0,688.2271125069365,4.395430912338024e-07,8.710386697187314e-07,1.5139540038853713e-06,3.191911415040731e-08,7.1387581393726e-08,8.104038359244035e-07,3.7382462963064416e-06,no_nsga2,nsga2
0,275,275,train,2.5083290934562683,0.283203125,0.662109375,8,64,512,381.01040000037756,63.66115498526698,2.264710339523464,38.563636557073224,40.448399988235906,6.197324316141716,12.749530211634344,18.94685452777606,0.006800008122809231,0.0,11.575616661915811,7.364437857737439,0,20.996747078937986,1343.791813052031,2097152.0,2,0.5,0.5,0.0,0.0,0.0,76.01263296704283,0.00960000033956021,0.0,55.69319510664636,20.309837860056916,0,0,0,18.200489528993387,57.812143438049446,0.0,1048576,1048576,0,8,4,0.25,2,0.5,0,1,1.0,0.2963165802149685,3,0,3,0.0,2.0,0.5,2.0,3,0.5,0.5,0.0,0.9462890625,0.0537109375,0.0,256,1024,0,0.0,417.9580075274547,224.79360004945192,0.0,177.19668729956206,15.967720178440707,0,868.9938125026656,0,487.98341250228805,1.2732230997053398e-06,9.058841358093856e-07,1.5425454622829293e-06,3.098662158070858e-08,7.649718126980606e-08,7.601263296704284e-07,4.589262830318597e-06,no_nsga2,nsga2
0,276,276,train,2.458184003829956,0.279296875,0.703125,8,64,512,403.6264000023948,67.8066861240568,2.5849883153557545,40.42704760762884,1615.5427000048803,5.683501066389035,15.817023972921712,21.500525039310748,0.00890000956133008,0.0,11.709129772808682,9.782495256940734,0,19.820259972322333,1268.4966382286293,2097152.0,2,0.0,0.5,0.5,0.0,0.0,83.02604198215579,0.008500006515532732,0.0,63.343759165624846,19.673782810015418,0,0,0,0.0,57.04372406227323,25.98231791988256,0,1048576,1048576,8,4,0.25,2,0.5,0,1,1.0,0.24103284089209526,3,3,0,1.0,0.0,0.0,1.0,0,0.5,0.5,0.0,0.9462890625,0.0537109375,0.0,256,1024,0,0.0,443.2748881881655,243.49319997418206,0.0,181.32794507237378,18.453743141609664,0,868.9938125026656,0,465.3674125002708,1.356133722481136e-06,1.0339953261423017e-06,1.6170819043051537e-06,2.841750533194518e-08,9.490214383753026e-08,8.30260419821558e-07,4.960791021919626e-06,no_nsga2,nsga2
0,277,277,train,2.448641836643219,0.279296875,0.671875,8,64,512,319.1973000066355,50.83419004254377,2.3445310963929114,40.37719661640473,52.9887000011513,6.476510597138672,14.372851026018143,20.849361623156817,0.007299997378140688,0.0,11.09571585917039,9.746345766608282,0,25.062790120854956,1604.0185677347172,2097152.0,2,0.5,0.5,0.0,0.0,0.0,76.11151697361433,0.005800000508315861,0.0,55.44142998078661,20.6642869923194,0,0,0,18.272276097383696,57.83924087623063,0.0,1048576,1048576,0,8,4,0.25,2,0.5,0,1,1.0,0.19776865982085054,3,0,3,0.0,2.0,0.5,2.0,3,0.5,0.5,0.0,0.953125,0.046875,0.0,256,1024,0,0.0,374.22367102136565,175.19110001740046,0.0,176.29789522304094,22.734675780924263,0,505.4608130088309,0,186.2635130021954,1.0166838008508753e-06,9.378124385571646e-07,1.6150878646561897e-06,3.238255298569336e-08,8.623710615610885e-08,7.611151697361434e-07,4.4493189329421755e-06,no_nsga2,nsga2
0,278,278,train,2.4957737922668457,0.26953125,0.669921875,8,64,512,413.1873000005726,70.04628386270112,2.1657980727265924,39.71926896475437,38.881800006492995,6.090516776490612,12.463021170128624,18.553537946619237,0.006999995093792677,0.0,11.732754691256837,6.813783260268607,0,19.361632456652124,1239.144477225736,2097152.0,2,0.5,0.5,0.0,0.0,0.0,81.00564566106354,0.005800000508315861,0.0,59.993173081189276,21.00667257936594,0,0,0,19.08413481508977,61.92151084597376,0.0,1048576,1048576,0,8,4,0.25,2,0.5,0,1,1.0,0.13364220740348268,3,3,0,1.0,0.0,0.0,1.0,0,0.5,0.5,0.0,0.96484375,0.03515625,0.0,256,1024,0,0.0,447.7254036007283,252.7558000292629,0.0,179.31719171921503,15.652411852250388,0,505.4608130088309,0,92.2735130082583,1.4009256772540225e-06,8.663192290906369e-07,1.5887707585901748e-06,3.0452583882453063e-08,7.477812702077174e-08,8.100564566106355e-07,4.771302832448693e-06,no_nsga2,nsga2
0,279,279,train,2.5270379185676575,0.23828125,0.638671875,8,64,512,433.54749999707565,71.42374817229525,2.1808681988136724,38.8358915130474,39.307900005951524,5.909374102072812,12.226030121323273,18.135404223396087,0.006999995093792677,0.0,11.21074191436863,6.917662313933663,0,18.45237614719913,1180.9520734207442,2097152.0,2,0.5,0.5,0.0,0.0,0.0,76.75252252533032,0.005400012014433742,0.0,56.672953235949755,20.07416927736613,0,0,0,17.066520445710488,59.68600207961983,0.0,1048576,1048576,0,8,4,0.25,2,0.5,0,1,1.0,0.14759070521249812,3,0,3,0.0,2.0,0.5,2.0,3,0.5,0.5,0.0,0.9453125,0.0546875,0.0,256,1024,0,0.0,449.7620315366253,258.8658000022406,0.0,178.22870241028218,12.667529124102515,0,505.4608130088309,0,71.91331301175524,1.4284749634459051e-06,8.723472795254691e-07,1.553435660521896e-06,2.9546870510364063e-08,7.335618072793963e-08,7.675252252533033e-07,4.724686179984878e-06,no_nsga2,nsga2
0,280,280,train,2.470433533191681,0.2421875,0.677734375,8,64,512,462.63499998894986,73.77940698154634,2.310904420039993,38.864429727999976,37.26430000097025,6.669529146469103,14.31681352324457,20.98634266971367,0.006999995093792677,0.0,12.968127920523433,8.011214754096448,0,17.292212452535214,1106.7015969622537,2097152.0,2,0.5,0.5,0.0,0.0,0.0,75.86011973732566,0.006000002031214535,0.0,54.56875880355273,21.285360931741714,0,0,0,18.602087231268886,57.25803250605678,0.0,1048576,1048576,0,8,4,0.25,2,0.5,0,1,1.0,0.18595995617580352,3,3,0,1.0,0.0,0.0,1.0,0,0.5,0.5,0.0,0.9482421875,0.0517578125,0.0,256,1024,0,0.0,459.81896451834524,268.5176000086358,0.0,176.77619387059042,14.525170639119054,0,510.2901815024962,0,47.655181513546324,1.4755881396309269e-06,9.243617680159973e-07,1.5545771891199992e-06,3.334764573234552e-08,8.59008811394674e-08,7.586011973732567e-07,4.832376821011994e-06,no_nsga2,nsga2
0,281,281,train,2.5441631078720093,0.263671875,0.650390625,8,64,512,447.48519999848213,73.64798681713347,2.195509697818058,38.499532354130814,37.34789999725763,6.607975420716286,13.015433278475381,19.623408699191668,0.006700007361359894,0.0,12.15198552072825,7.464723171102059,0,17.877646282783996,1144.1693620981757,2097152.0,2,0.5,0.5,0.0,0.0,0.0,81.6206827330852,0.006100002792663872,0.0,60.296850424338835,21.317732305953704,0,0,0,18.718436987790874,62.90224574529433,0.0,1048576,1048576,0,8,4,0.25,2,0.5,0,1,1.0,0.2307606527190679,3,0,3,0.0,2.0,0.5,2.0,3,0.5,0.5,0.0,0.9541015625,0.0458984375,0.0,256,1024,0,0.0,457.3721154763294,266.83620001131203,0.0,175.4838520657061,15.052063399311288,0,510.2901815024962,0,62.80498150401405,1.4729597363426695e-06,8.782038791272231e-07,1.539981294165233e-06,3.3039877103581436e-08,7.809259967085228e-08,8.162068273308521e-07,4.818484213740411e-06,no_nsga2,nsga2
0,282,282,train,2.585608184337616,0.291015625,0.63671875,8,64,512,427.37449999549426,70.9031079021346,2.1313633598882205,38.36766689398149,39.729999989503995,5.801474204179327,11.985368189352053,17.78684239353138,0.007000009645707905,0.0,10.896506180836859,6.883336203048812,0,18.718901762230974,1198.0097127827823,2097152.0,2,0.5,0.5,0.0,0.0,0.0,79.66102760261421,0.006199989002197981,0.0,59.39016336009315,20.26466425351886,0,0,0,17.59159756416728,62.069430038446924,0.0,1048576,1048576,0,8,4,0.25,2,0.5,0,1,1.0,0.25097720212391433,3,3,0,1.0,0.0,0.0,1.0,0,0.5,0.5,0.0,0.9482421875,0.0517578125,0.0,256,1024,0,0.0,445.6085526240173,255.72490003833082,0.0,176.44952944346645,13.434123142220002,0,510.2901815024962,0,82.91568150700192,1.4180621580426921e-06,8.525453439552881e-07,1.53470667575926e-06,2.9007371020896632e-08,7.191220913611231e-08,7.96610276026142e-07,4.7028440339403904e-06,no_nsga2,nsga2
0,283,283,train,2.4426467418670654,0.263671875,0.68359375,8,64,512,420.68559999461286,72.26003646425472,2.1019731439076113,39.2882356672586,49.313799987430684,6.149148165819545,12.952227021243072,19.101375187062615,0.006800008122809231,0.0,12.189717786323385,6.904857392616423,0,19.016531546529993,1217.0580189779196,2097152.0,2,0.5,0.5,0.0,0.0,0.0,77.05598924084626,0.005700014298781753,0.0,56.34267966714478,20.707609559402698,0,0,0,18.92693802290497,58.12905121794129,0.0,1048576,1048576,0,8,4,0.25,2,0.5,0,1,1.0,0.2091524583687337,3,0,3,0.0,2.0,0.5,2.0,3,0.5,0.5,0.0,0.9453125,0.0546875,0.0,256,1024,0,0.0,454.6009811016837,260.5524000246078,0.0,180.68551881027688,13.363062266799105,0,510.2901815024962,0,89.60458150788332,1.4452007292850947e-06,8.407892575630446e-07,1.571529426690344e-06,3.0745740829097725e-08,7.771336212745843e-08,7.705598924084627e-07,4.736538408903502e-06,no_nsga2,nsga2
0,284,284,train,2.5620352625846863,0.255859375,0.62890625,8,64,512,418.213700002525,70.30302344662833,2.1334713522138786,37.64568114849183,35.03259998979047,6.566965757240504,12.555089365935498,19.122055123176,0.008099988917820156,0.0,12.657206578961969,6.456748555296212,0,19.128930666357974,1224.2515626469103,2097152.0,2,0.5,0.5,0.0,0.0,0.0,77.77067642076209,0.00580001506023109,0.0,57.40641427195624,20.35846213374562,0,0,0,18.045348684521272,59.725327736240814,0.0,1048576,1048576,0,8,4,0.25,2,0.5,0,1,1.0,0.2606107547134336,3,3,0,1.0,0.0,0.0,1.0,0,0.5,0.5,0.0,0.9521484375,0.0478515625,0.0,256,1024,0,0.0,440.32870378933615,252.81920000270475,0.0,174.9569645472048,12.55253923942669,0,510.2901815024962,0,92.07648149997118,1.4060604689325667e-06,8.533885408855517e-07,1.5058272459396735e-06,3.283482878620252e-08,7.533053619561298e-08,7.777067642076209e-07,4.651148384947228e-06,no_nsga2,nsga2
0,285,285,train,2.48349130153656,0.296875,0.658203125,8,64,512,448.3514000021387,75.89932885554313,2.302079899160119,38.33777490119802,39.9671000050148,5.8963693514349895,13.159561663941384,19.055931015376373,0.006999995093792677,0.0,11.633066841160064,7.415864179122517,0,17.84310734137219,1141.95886984782,2097152.0,2,0.0,0.5,0.5,0.0,0.0,84.09322072926814,0.008500006515532732,0.0,64.24687940304004,19.837841319712567,0,0,0,0.0,57.6217984725759,26.47142225669224,0,1048576,1048576,8,4,0.25,2,0.5,0,1,1.0,0.18595995617580352,3,0,3,0.0,2.0,0.5,2.0,3,0.5,0.5,0.0,0.9541015625,0.0458984375,0.0,256,1024,0,0.0,466.1567346236051,276.4860000752378,0.0,176.46602855459923,13.204705993767982,0,510.2901815024962,0,61.93878150035749,1.5179865771108627e-06,9.208319596640477e-07,1.5335109960479208e-06,2.948184675717495e-08,7.895736998364828e-08,8.409322072926813e-07,4.921700956856337e-06,no_nsga2,nsga2
0,286,286,train,2.476914882659912,0.2734375,0.681640625,8,64,512,255.2117999875918,37.37080995007248,2.4618609022176416,37.78627886357453,36.426899998332374,5.705406148028143,14.341762971116292,20.047169119144435,0.00650000583846122,0.0,10.836088402433798,9.204580710872177,0,31.346390151234395,2006.1689696790013,2097152.0,2,0.0,0.5,0.5,0.0,0.0,86.69595545282728,0.006199989002197981,0.0,67.45057611578214,19.23917934804294,0,0,0,0.0,59.910593961595865,26.785361491231416,0,1048576,1048576,8,4,0.25,2,0.5,0,1,1.0,0.2201412464909665,3,3,0,1.0,0.0,0.0,1.0,0,0.5,0.5,0.0,0.9521484375,0.0478515625,0.0,256,1024,0,0.0,310.4757988634586,120.68589999398682,0.0,175.1878896053027,14.60200926416907,0,501.8281179943733,0,246.6163180067815,7.474161990014496e-07,9.847443608870568e-07,1.511451154542981e-06,2.8527030740140715e-08,8.605057782669775e-08,8.669595545282729e-07,4.225148877526599e-06,no_nsga2,nsga2
0,287,287,train,2.5092320442199707,0.29296875,0.654296875,8,64,512,292.13080000772607,49.296378342404445,2.362429158517049,38.582285286113695,37.84609999274835,6.62947781806331,14.621269941402758,21.25074775946607,0.007199996616691351,0.0,12.437543843348168,8.806003919501208,0,27.38489955488729,1752.6335715127866,2097152.0,2,0.5,0.5,0.0,0.0,0.0,77.89656078171713,0.006100017344579101,0.0,57.178424598715296,20.712036165657246,0,0,0,18.808730576135858,59.08783020558127,0.0,1048576,1048576,0,8,4,0.25,2,0.5,0,1,1.0,0.19776865982085054,3,0,3,0.0,2.0,0.5,2.0,3,0.5,0.5,0.0,0.955078125,0.044921875,0.0,256,1024,0,0.0,360.9643711481408,169.49539998313412,0.0,177.4549802908387,14.013990874167972,0,501.8281179943733,0,209.69731798664725,9.85927566848089e-07,9.449716634068195e-07,1.5432914114445483e-06,3.314738909031655e-08,8.772761964841654e-08,7.789656078171713e-07,4.3740312582553614e-06,no_nsga2,nsga2
0,288,288,train,2.521632134914398,0.23828125,0.658203125,8,64,512,422.23599999852013,72.14057240559359,2.2577664310891086,37.67404322732651,37.42629999760538,6.3651821325469005,14.562570275861916,20.927752408408814,0.007299997378140688,0.0,12.765492583507873,8.1549598275228,0,18.946705286434014,1212.589138331777,2097152.0,2,0.5,0.5,0.0,0.0,0.0,80.23807935067478,0.006599992047995329,0.0,59.22871417664109,21.002765181985694,0,0,0,19.46810834068502,60.76997100998976,0.0,1048576,1048576,0,8,4,0.25,2,0.5,0,1,1.0,0.16091838189257093,3,3,0,1.0,0.0,0.0,1.0,0,0.5,0.5,0.0,0.9599609375,0.0400390625,0.0,256,1024,0,0.0,448.28952825603676,260.423300016555,0.0,175.15516953652352,12.711058702958255,0,501.8281179943733,0,79.59211799585319,1.4428114481118719e-06,9.031065724356433e-07,1.5069617290930602e-06,3.18259106627345e-08,8.737542165517148e-08,8.023807935067479e-07,4.774461875465229e-06,no_nsga2,nsga2
0,289,289,train,2.5597742199897766,0.2265625,0.642578125,8,64,512,347.8912999999011,62.34526721747676,2.2440276603770277,38.227288144128366,38.75919998972677,6.2256801418052214,13.942079530466359,20.16775967227158,0.00650000583846122,0.0,12.296842430680496,7.864417235752624,0,22.99562249581918,1471.7198397324275,2097152.0,2,0.5,0.5,0.0,0.0,0.0,78.72209581608061,0.006599992047995329,0.0,58.442962217893715,20.272533606138893,0,0,0,18.067241476608483,60.654854339472124,0.0,1048576,1048576,0,8,4,0.25,2,0.5,0,1,1.0,0.2091524583687337,3,0,3,0.0,2.0,0.5,2.0,3,0.5,0.5,0.0,0.9404296875,0.0595703125,0.0,256,1024,0,0.0,411.2663320879286,223.1350000220118,0.0,174.37379633020902,13.75753573570774,0,501.8281179943733,0,153.93681799447222,1.2469053443495353e-06,8.976110641508111e-07,1.5290915257651346e-06,3.112840070902611e-08,8.365247718279814e-08,7.872209581608062e-07,4.575609770318111e-06,no_nsga2,nsga2
0,290,290,train,2.553867280483246,0.22265625,0.642578125,8,64,512,350.91509998892434,61.09066631556131,2.3139371456324946,38.62970509298203,36.963000005926006,6.628212435867742,13.556714452446599,20.18492688831434,0.00650000583846122,0.0,12.150919970314055,8.027506912161826,0,22.797472103025473,1459.0382145936303,2097152.0,2,0.5,0.5,0.0,0.0,0.0,75.91662689789686,0.016700010746717453,0.0,56.494239271460515,19.40568761568963,0,0,0,17.960063181555142,57.95656371634172,0.0,1048576,1048576,0,8,4,0.25,2,0.5,0,1,1.0,0.26061071707684524,3,3,0,1.0,0.0,0.0,1.0,0,0.5,0.5,0.0,0.947265625,0.052734375,0.0,256,1024,0,0.0,408.1372342167033,217.2292999603087,0.0,175.73752945148942,15.170404804905228,0,501.8281179943733,0,150.91301800544898,1.2218133263112263e-06,9.255748582529979e-07,1.5451882037192815e-06,3.314106217933872e-08,8.134028671467958e-08,7.591662689789686e-07,4.566224006156492e-06,no_nsga2,nsga2
0,291,291,train,2.4600918889045715,0.26171875,0.666015625,8,64,512,448.7825999967754,76.18646785076587,2.4148518027855657,38.257832965942185,41.96610000508372,6.42042369972136,17.08692239623414,23.5073460959555,0.006599992047995329,0.0,12.598120058762188,10.902626045145317,0,17.82596333746929,1140.8616535980345,2097152.0,2,0.5,0.5,0.0,0.0,0.0,79.49306769207288,0.005800000508315861,0.0,58.437565485944305,21.049702205620274,0,0,0,18.642639051385352,60.85042864068754,0.0,1048576,1048576,0,8,4,0.25,2,0.5,0,1,1.0,0.25097720212391433,3,0,3,0.0,2.0,0.5,2.0,3,0.5,0.5,0.0,0.9462890625,0.0537109375,0.0,256,1024,0,0.0,467.43661047797445,277.9189000284532,0.0,173.30060810129515,16.217102348226096,0,502.0415619917185,0,53.25896199494309,1.5237293570153177e-06,9.659407211142264e-07,1.5303133186376875e-06,3.210211849860681e-08,1.0252153437740483e-07,7.94930676920729e-07,4.949537726563972e-06,no_nsga2,nsga2
0,292,292,train,2.4225594997406006,0.267578125,0.681640625,8,64,512,179.78070001117885,21.403853470783044,2.2477921625312876,38.22415923592524,37.001600008807145,6.45320621070419,12.749125028466501,19.20233123917069,0.00689999433234334,0.0,11.365402550228978,7.830028694609369,0,44.49841112584072,2847.898312053806,2097152.0,2,0.5,0.5,0.0,0.0,0.0,78.6684477595125,0.005599998985417187,0.0,59.10722378719841,19.55562397332868,0,0,0,16.52158317881647,62.14686458069603,0.0,1048576,1048576,0,8,4,0.25,2,0.5,0,1,1.0,0.2091524583687337,3,3,0,1.0,0.0,0.0,1.0,0,0.5,0.5,0.0,0.9521484375,0.0478515625,0.0,256,1024,0,0.0,247.5032194769583,57.41419999685604,0.0,176.41479777548773,13.674221704614489,0,502.0415619917185,0,322.26086198053963,4.280770694156609e-07,8.991168650125151e-07,1.5289663694370099e-06,3.2266031053520954e-08,7.6494750170799e-08,7.866844775951251e-07,3.7516055626846307e-06,no_nsga2,nsga2
0,293,293,train,2.3658397793769836,0.28515625,0.6953125,8,64,512,167.6543999928981,22.186409194963517,2.305317315692521,38.48655670584454,37.47619999921881,5.583112232961411,14.677077494122633,20.260189727084043,0.007200011168606579,0.0,11.908480417135424,8.344509298780014,0,47.716924121375634,3053.8831437680406,2097152.0,2,0.5,0.5,0.0,0.0,0.0,76.4968968342641,0.005900001269765198,0.0,57.694684692767616,18.796312140226718,0,0,0,17.719014890343296,58.777881943920804,0.0,1048576,1048576,0,8,4,0.25,2,0.5,0,1,1.0,0.2201412464909665,3,0,3,0.0,2.0,0.5,2.0,3,0.5,0.5,0.0,0.943359375,0.056640625,0.0,256,1024,0,0.0,251.91313286600234,61.81630001810845,0.0,175.64516794594937,14.451664901944518,0,502.0415619917185,0,334.3871619988204,4.4372818389927036e-07,9.221269262770087e-07,1.5394622682337821e-06,2.7915561164807057e-08,8.806246496473579e-08,7.649689683426411e-07,3.7862643728822445e-06,no_nsga2,nsga2
0,294,294,train,2.496971011161804,0.2578125,0.650390625,8,64,512,449.6014999895124,74.62979769513422,2.330322442874222,38.357909376741205,36.27930000948254,6.4020935124456,14.089534862532961,20.49162837497856,0.006800008122809231,0.0,12.26199535289452,8.222833013961232,0,17.793495365765565,1138.7837034089962,2097152.0,2,0.5,0.5,0.0,0.0,0.0,79.61284262737334,0.005999987479299307,0.0,59.083758529627254,20.52308411026678,0,0,0,18.05941749815729,61.553425129216045,0.0,1048576,1048576,0,8,4,0.25,2,0.5,0,1,1.0,0.2201412703795926,3,3,0,1.0,0.0,0.0,1.0,0,0.5,0.5,0.0,0.9443359375,0.0556640625,0.0,256,1024,0,0.0,461.27211805899856,271.0508999880403,0.0,176.35393954988763,13.867278521070586,0,502.4469174881233,0,52.845417498610914,1.4925959539026844e-06,9.321289771496888e-07,1.5343163750696482e-06,3.2010467562228005e-08,8.453720917519776e-08,7.961284262737334e-07,4.871717409133181e-06,no_nsga2,nsga2
0,295,295,train,2.399681270122528,0.2734375,0.677734375,8,64,512,238.3071999938693,28.534399241241665,2.7511402552828743,40.29531967734526,54.417200008174405,6.153782366153873,16.915378713726852,23.069161079880725,0.008099988917820156,0.0,11.794373101675468,11.266687989287435,0,33.56997367361177,2148.4783151111533,2097152.0,2,0.5,0.5,0.0,0.0,0.0,77.38528559600482,0.010899981134571135,0.0,57.302539802177456,20.0718458126928,0,0,0,18.136941515528292,59.248344080476535,0.0,1048576,1048576,0,8,4,0.25,2,0.5,0,1,1.0,0.13364216641330787,3,0,3,0.0,2.0,0.5,2.0,3,0.5,0.5,0.0,0.95703125,0.04296875,0.0,256,1024,0,0.0,286.32343669547924,83.98130002024118,0.0,180.67029463904126,21.67184203619677,0,502.4469174881233,0,264.139717494254,5.706879848248334e-07,1.1004561021131497e-06,1.6118127870938109e-06,3.076891183076937e-08,1.0149227228236111e-07,7.738528559600483e-07,4.189070914104972e-06,no_nsga2,nsga2
0,296,296,train,2.410281181335449,0.275390625,0.6796875,8,64,512,328.968799993163,50.58407870607081,3.5702683500982744,39.723415527604914,55.146899991086684,7.761652028994996,23.08211189086136,30.843763919856357,0.008199989679269493,0.0,11.265720410693707,19.56984351948338,0,24.318341684149324,1556.3738677855567,2097152.0,2,0.5,0.5,0.0,0.0,0.0,81.67944353037845,0.01580000389367342,0.0,61.15541497096257,20.508228555522198,0,0,0,18.892963961805805,62.78647956857264,0.0,1048576,1048576,0,8,4,0.25,2,0.5,0,1,1.0,0.16091838189257093,3,3,0,1.0,0.0,0.0,1.0,0,0.5,0.5,0.0,0.951171875,0.048828125,0.0,256,1024,0,0.0,375.511050335096,172.05769997963216,0.0,174.53604249199972,28.917307863464117,0,502.4469174881233,0,173.47811749496032,1.0116815741214163e-06,1.4281073400393098e-06,1.5889366211041968e-06,3.8808260144974986e-08,1.3849267134516814e-07,8.167944353037845e-07,5.022820902058851e-06,no_nsga2,nsga2
0,297,297,train,2.538820266723633,0.251953125,0.66015625,8,64,512,473.32099999766797,72.51396284698734,2.5113945463115224,43.019849764333706,38.90309999405872,6.787803054674526,15.116258404266366,21.90406145894089,0.00790000194683671,0.0,12.15522866222338,9.740932794770675,0,16.901813142088084,1081.7160410936374,2097152.0,2,0.0,0.5,0.5,0.0,0.0,89.5379334882145,0.006099988240748644,0.0,69.49956199326874,20.03227150670501,0,0,0,0.0,62.884434174283115,26.65349931393139,0,1048576,1048576,8,4,0.25,2,0.5,0,1,1.0,0.2790043706260659,3,0,3,0.0,2.0,0.5,2.0,3,0.5,0.5,0.0,0.9365234375,0.0634765625,0.0,256,1024,0,0.0,472.1808286305303,262.40920000418555,0.0,178.99047433160595,30.781154294738805,0,502.4469174881233,0,29.125917490455322,1.450279256939747e-06,1.0045578185246092e-06,1.7207939905733483e-06,3.393901527337263e-08,9.069755042559818e-08,8.953793348821451e-07,5.195646966618821e-06,no_nsga2,nsga2
0,298,298,train,2.6877264976501465,0.224609375,0.63671875,8,64,512,500.50769999506883,76.86018142014683,3.089827001726275,39.7486974934884,130.89869999384973,5.762865983423738,20.233862194103537,25.996728177527274,0.013199998647905886,0.0,11.768059100286191,14.215469078593177,0,15.983738144968944,1022.9592412780124,2097152.0,2,0.5,0.5,0.0,0.0,0.0,75.14149137798285,0.008000002708286047,0.0,55.765642190205206,19.36784918506935,0,0,0,16.638826350704836,58.502665027278006,0.0,1048576,1048576,0,8,4,0.25,2,0.5,0,1,1.0,0.2091524583687337,3,3,0,1.0,0.0,0.0,1.0,0,0.5,0.5,0.0,0.947265625,0.052734375,0.0,256,1024,0,0.0,478.794823661446,277.75810002640355,0.0,178.04803148794346,22.98869214709903,0,515.3635299931193,0,14.855829998050467,1.5372036284029369e-06,1.23593080069051e-06,1.589947899739536e-06,2.881432991711869e-08,1.214031731646212e-07,7.514149137798284e-07,5.264714745694551e-06,no_nsga2,nsga2
0,299,299,train,2.525227904319763,0.25,0.66015625,8,64,512,3640.7058000040706,444.620094130285,3.3101496743969685,514.4721716404287,68.27979999070521,28.064645577191055,20.76327806023157,48.82792363742263,0.008500006515532732,0.0,11.652051820087188,37.1673718108199,0,2.1973755205970047,140.6320333182083,2097152.0,2,0.5,0.5,0.0,0.0,0.0,77.53645861030046,0.006299989763647318,0.0,58.35566522095731,19.17449339957949,0,0,0,18.433675370834614,59.102783239465836,0.0,1048576,1048576,0,8,4,0.25,2,0.5,0,1,1.0,0.17369070345169255,3,0,3,0.0,2.0,0.5,2.0,3,0.5,0.5,0.0,0.9501953125,0.0498046875,0.0,256,1024,0,0.0,3849.6096617804424,1709.0934999869205,0.0,178.47889697926223,1962.0372648142597,0,537.1010534958623,1,-3103.6047465082083,8.892401882605701e-06,1.3240598697587873e-06,2.057888686561715e-05,1.4032322788595528e-07,1.245796683613894e-07,7.753645861030045e-07,3.183561610033199e-05,no_nsga2,nsga2
0,300,300,val,2.7173587679862976,0.1796875,0.599609375,8,64,512,348.7738999974681,36.093278108580506,2.5609364181129606,104.57393024075566,0.0,0.0,0.0,0.0,0.0,0.0,0.0,0.0,0,22.937430417320957,1467.9955467085413,0.0,0,0.0,0.0,0.0,0.0,0.0,0.0,0.0,0.0,0.0,0.0,0,0,0,0.0,0.0,0.0,0,0,0,8,4,0.25,2,0.5,2,1,1.0,0.16091838189257093,0,0,0,0.0,0.0,0.0,0.0,0,0.5,0.5,0.0,0.9423828125,0.0576171875,0.0,256,1024,0,0.0,572.9125790697965,114.16539996571373,250.0,188.87207076560628,19.87510833847645,0,537.1010534958623,0,188.32715349839418,7.218655621716102e-07,1.0243745672451843e-06,4.182957209630226e-06,0.0,0.0,0.0,5.92919733904702e-06,no_nsga2,nsga2
0,300,300,train,2.791857659816742,0.146484375,0.576171875,8,64,512,465.98720000474714,75.06141695056223,3.8589110947455127,49.37625308695136,84.35980000649579,6.827510736790374,27.57860662117432,34.406117357964696,0.007800015737302601,0.0,12.412198283943715,21.986119058283673,0,17.167816695612682,1098.7402685192117,2097152.0,2,0.5,0.5,0.0,0.0,0.0,76.89310709606012,0.007800001185387373,0.0,57.47139390181816,19.413913193056572,0,0,0,17.474971858911076,59.418135237149045,0.0,1048576,1048576,0,8,4,0.25,2,0.5,0,1,1.0,0.2091524583687337,3,3,0,1.0,0.0,0.0,1.0,0,0.5,0.5,0.0,0.94921875,0.05078125,0.0,256,1024,0,0.0,513.1863245290364,273.41100001649465,0.0,187.01700231203296,52.75832220050877,0,537.1010534958623,0,71.11385349111515,1.5012283390112447e-06,1.543564437898205e-06,1.9750501234780543e-06,3.413755368395187e-08,1.654716397270459e-07,7.689310709606013e-07,5.988383164759103e-06,no_nsga2,nsga2
0,301,301,train,2.6867451667785645,0.1875,0.62890625,8,64,512,320.58580000011716,52.5537048015863,2.5964242031783833,47.28604818409799,74.29699999920558,6.691931308927151,15.882556198260573,22.574487507187726,0.007200011168606579,0.0,10.747505018652951,11.819782477366168,0,24.954240162093626,1597.071370373992,2097152.0,2,0.0,0.5,0.5,0.0,0.0,90.66639214681857,0.006600006599910557,0.0,70.57868569121754,20.081106449001123,0,0,0,0.0,65.67956579094323,24.986826355875344,0,1048576,1048576,8,4,0.25,2,0.5,0,1,1.0,0.1859599251701455,3,0,3,0.0,2.0,0.5,2.0,3,0.5,0.5,0.0,0.9482421875,0.0517578125,0.0,256,1024,0,0.0,409.7447087554507,182.05329999909736,0.0,186.53973531034404,41.15167344600932,0,537.1010534958623,0,216.51525349574513,1.051074096031726e-06,1.0385696812713535e-06,1.89144192736392e-06,3.345965654463576e-08,9.529533718956343e-08,9.066639214681857e-07,5.016504619869384e-06,no_nsga2,nsga2
0,302,302,train,2.7204189896583557,0.1953125,0.59375,8,64,512,240.5989000108093,32.79412201538763,3.000681456090704,43.038089695494,66.00069999694824,6.934401759232211,21.59672317274937,28.53112493198158,0.011099997209385037,0.0,12.792898628652644,15.727126306119551,0,33.250221632014764,2128.014184448945,2097152.0,2,0.5,0.5,0.0,0.0,0.0,81.44789455396426,0.007900016498751938,0.0,62.06717410966424,19.37282042780126,0,0,0,17.659408111209512,63.788486442754746,0.0,1048576,1048576,0,8,4,0.25,2,0.5,0,1,1.0,0.18595995617580352,3,3,0,1.0,0.0,0.0,1.0,0,0.5,0.5,0.0,0.9609375,0.0390625,0.0,256,1024,0,0.0,315.3315726678893,104.23509997781366,0.0,190.19476297555613,20.901709714519505,0,537.1010534958623,0,296.502153485053,6.558824403077527e-07,1.2002725824362817e-06,1.7215235878197598e-06,3.467200879616106e-08,1.2958033903649623e-07,8.144789455396426e-07,4.5564099039360935e-06,no_nsga2,nsga2
0,303,303,train,2.70853191614151,0.177734375,0.607421875,8,64,512,364.5205999928294,55.096907692488784,2.5820536826835556,47.214990372077295,51.86179999145679,6.616148384257318,16.909292266090837,23.525440650348155,0.006999995093792677,0.0,12.62445737048848,10.89398328476588,0,21.946573262482584,1404.5806887988854,2097152.0,2,0.5,0.5,0.0,0.0,0.0,82.8886165245454,0.007000009645707905,0.0,63.484848243156435,19.396768271743255,0,0,0,17.724654308771342,65.16396221577406,0.0,1048576,1048576,0,8,4,0.25,2,0.5,0,1,1.0,0.19776865982085054,3,0,3,0.0,2.0,0.5,2.0,3,0.5,0.5,0.0,0.939453125,0.060546875,0.0,256,1024,0,0.0,419.57580698899847,191.04469996818807,0.0,193.03128446551975,35.4998225552907,0,537.1010534958623,0,172.5804535030329,1.1019381538497759e-06,1.0328214730734225e-06,1.8885996148830917e-06,3.308074192128659e-08,1.0145575359654501e-07,8.28886165245454e-07,4.986781902569575e-06,no_nsga2,nsga2
0,304,304,train,2.684823513031006,0.24609375,0.599609375,8,64,512,687.8465999907348,90.42798420913962,17.115309297611702,44.176470527619706,67.36060000548605,7.086801915752867,155.77038529525498,162.85718721100784,0.00890000956133008,0.0,11.711956397740806,151.13633080370573,0,11.630483264182004,744.3509289076483,2097152.0,2,0.5,0.5,0.0,0.0,0.0,78.5920300174644,0.007699985872022808,0.0,58.54358793356555,20.040742098026833,0,0,0,17.197511470327676,61.39451854713672,0.0,1048576,1048576,0,8,4,0.25,2,0.5,0,1,1.0,0.241032865595602,3,3,0,1.0,0.0,0.0,1.0,0,0.5,0.5,0.0,0.9462890625,0.0537109375,0.0,256,1024,0,0.0,606.8790561374841,331.3911999866832,0.0,187.24851034831045,88.23934580249048,0,663.8985044919531,1,-23.948095498781754,1.8085596841827925e-06,6.8461237190446816e-06,1.7670588211047886e-06,3.5434009578764336e-08,9.346223117715298e-07,7.85920300174644e-07,1.21777188458572e-05,no_nsga2,nsga2
0,305,305,train,2.746831774711609,0.234375,0.6171875,8,64,512,430.0853000022471,42.69568739939002,3.2720542451796577,58.470897262431606,115.11349999636877,7.620509717717264,21.04271290579443,28.663222623511693,0.008200004231184721,0.0,10.620379782788147,18.034642836492363,0,18.6009180017085,1190.458752109344,2097152.0,2,0.0,0.5,0.5,0.0,0.0,85.92652276048062,0.007399998139590025,0.0,65.63181802177778,20.28730474056326,0,0,0,0.0,60.363490203081426,25.5630325573992,0,1048576,1048576,8,4,0.25,2,0.5,0,1,1.0,0.17369070345169255,3,0,3,0.0,2.0,0.5,2.0,3,0.5,0.5,0.0,0.9560546875,0.0439453125,0.0,256,1024,0,0.0,417.75455562800516,137.56210001884028,0.0,189.62231313105536,90.57014247810949,0,663.8985044919531,0,233.81320448970598,8.539137479878005e-07,1.3088216980718633e-06,2.3388358904972646e-06,3.810254858858632e-08,1.2625627743476657e-07,8.592652276048063e-07,5.525195390185088e-06,no_nsga2,nsga2
0,306,306,train,2.6874452233314514,0.251953125,0.626953125,8,64,512,285.95380000479054,46.80999692458009,2.6081220980772155,42.6154569547803,54.311899992171675,6.229288792743749,17.62894040483222,23.85822919757597,0.007499998901039362,0.0,11.949549325160973,11.901179873513957,0,27.97644942440546,1790.4927631619494,2097152.0,2,0.5,0.5,0.0,0.0,0.0,79.3514326966885,0.007599999662488699,0.0,60.07335083994149,19.270481857084526,0,0,0,17.653902906621248,61.69752979006725,0.0,1048576,1048576,0,8,4,0.25,2,0.5,0,1,1.0,0.25097720212391433,3,3,0,1.0,0.0,0.0,1.0,0,0.5,0.5,0.0,0.9443359375,0.0556640625,0.0,256,1024,0,0.0,368.13430390975043,158.66339998319745,0.0,189.8895655700256,19.581338356527368,0,663.8985044919531,0,377.94470448716254,9.36199938491602e-07,1.0432488392308862e-06,1.7046182781912124e-06,3.114644396371875e-08,1.0577364242899333e-07,7.93514326966885e-07,4.6145014692732975e-06,no_nsga2,nsga2
0,307,307,train,2.5118555426597595,0.310546875,0.658203125,8,64,512,1509.9828000093112,114.20098309072314,4.154716884342525,152.70923871413476,313.30580000940245,11.417817878857162,27.158669667281455,38.576487546138615,0.0092999980552122,0.0,11.223680126263957,27.34350742181945,0,5.29807008522255,339.0764854542432,2097152.0,2,0.5,0.0,0.5,0.0,0.0,43.76833826444933,0.009099996532313526,0.0,23.50947313514871,20.24976513276831,0,0,0,16.093406493914117,0.0,27.674931770535217,1048576,0,1048576,8,4,0.25,2,0.5,0,1,1.0,0.17369070345169255,3,0,3,0.0,2.0,0.5,2.0,3,0.5,0.5,0.0,0.955078125,0.044921875,0.0,256,1024,0,0.0,1084.259754756802,418.6420999612892,0.0,189.02692889563016,476.5907258998824,0,1254.0236610010445,1,-255.95913900826667,2.2840196618144634e-06,1.6618867537370102e-06,6.108369548565392e-06,5.708908939428582e-08,1.6295201800368872e-07,4.376833826444933e-07,1.0712000454159336e-05,no_nsga2,nsga2
0,308,308,train,2.635517418384552,0.251953125,0.62109375,8,64,512,526.5290999959689,58.922036801235535,6.750872833977862,71.12319900631041,336.5112000028603,7.111589441048832,47.905809060738065,55.0173985017869,0.007999988156370819,0.0,12.591541208823429,42.41785730480709,0,15.193813231306715,972.4040468036297,2097152.0,2,0.5,0.5,0.0,0.0,0.0,81.96403357735329,0.008400005754083395,0.0,61.33579123032017,20.61984234127904,0,0,0,17.652919396932703,64.31111418042059,0.0,1048576,1048576,0,8,4,0.25,2,0.5,0,1,1.0,0.2201412464909665,3,3,0,1.0,0.0,0.0,1.0,0,0.5,0.5,0.0,0.94140625,0.05859375,0.0,256,1024,0,0.0,547.1844345660952,206.28099999157712,0.0,190.00299639590972,150.9004381786084,0,1254.0236610010445,0,727.4945610050756,1.178440736024711e-06,2.700349133591145e-06,2.844927960252417e-06,3.555794720524416e-08,2.8743485436442836e-07,8.19640335773533e-07,7.866350967211479e-06,no_nsga2,nsga2
0,309,309,train,2.7213786840438843,0.224609375,0.62109375,8,64,512,662.205400003586,97.85250834644198,8.771148273961126,63.295980060166784,367.999800000689,27.934428694782618,73.23733339056828,101.1717620853509,0.00790000194683671,0.0,12.089176974460146,89.07468510894392,0,12.080825555229726,773.1728355347025,2097152.0,2,0.5,0.5,0.0,0.0,0.0,78.8672303600573,0.007599999662488699,0.0,60.445561907645335,18.41406845274949,0,0,0,16.725136583774212,62.1420937762831,0.0,1048576,1048576,0,8,4,0.25,2,0.5,0,1,1.0,0.16091838189257093,3,0,3,0.0,2.0,0.5,2.0,3,0.5,0.5,0.0,0.9580078125,0.0419921875,0.0,256,1024,0,0.0,679.6785467222796,320.90440002502874,0.0,189.2832308554551,169.49091584179575,0,1254.0236610010445,0,591.8182609974585,1.95705016692884e-06,3.5084593095844502e-06,2.5318392024066717e-06,1.396721434739131e-07,4.3942400034340966e-07,7.886723036005731e-07,9.365117126337857e-06,no_nsga2,nsga2
0,310,310,train,2.717106819152832,0.234375,0.638671875,8,64,512,425.3528999979608,50.844699600203064,8.4325120378346,66.13722979264844,435.12989999726415,7.120739083671005,64.79202606020222,71.91276514387323,0.009199997293762863,0.0,12.410008341995798,59.493556804583655,0,18.80786798954554,1203.7035513309145,2097152.0,2,0.0,0.5,0.5,0.0,0.0,90.45748950825761,0.008399991202168167,0.0,70.83095425843275,19.618135258622676,0,0,0,0.0,64.42980077029412,26.027688737963484,0,1048576,1048576,8,4,0.25,2,0.5,0,1,1.0,0.18595995617580352,3,3,0,1.0,0.0,0.0,1.0,0,0.5,0.5,0.0,0.958984375,0.041015625,0.0,256,1024,0,0.0,501.65776572274444,175.59599995729513,0.0,189.87946132084218,136.18230444460704,0,1254.0236610010445,0,828.6707610030837,1.0168939920040613e-06,3.3730048151338405e-06,2.6454891917059374e-06,3.560369541835503e-08,3.887521563612133e-07,9.04574895082576e-07,8.364318745705984e-06,no_nsga2,nsga2
0,311,311,train,2.5644471645355225,0.244140625,0.638671875,8,64,512,3196.318700007396,434.83392903136587,10.006513543424091,365.2727479355947,100.85719999915455,12.913868973886235,73.63694384267376,86.55081281656,0.008600007276982069,0.0,12.87033650424664,73.67187630503636,0,2.5028785449657893,160.18422687781052,2097152.0,2,0.5,0.5,0.0,0.0,0.0,78.82003679385917,0.006599992047995329,0.0,58.26621542972482,20.54722137208636,0,0,0,17.511633905012857,61.30840288884632,0.0,1048576,1048576,0,8,4,0.25,2,0.5,0,1,1.0,0.2201412464909665,3,0,3,0.0,2.0,0.5,2.0,3,0.5,0.5,0.0,0.935546875,0.064453125,0.0,256,1024,0,0.0,3240.4527620415383,1698.852200046531,0.0,186.30613756734033,1355.2944244276673,0,2681.2142995090785,1,-515.1044004983173,8.69667858062732e-06,4.002605417369637e-06,1.4610909917423786e-05,6.456934486943118e-08,4.418216630560425e-07,7.882003679385918e-07,2.860478529128481e-05,no_nsga2,nsga2
0,312,312,train,2.5307671427726746,0.26953125,0.69140625,8,64,512,221.3454000011552,31.048668748155944,3.181641936136141,50.20229075555979,69.30499999725726,6.696158129184176,22.052002848789343,28.74816097797352,0.007300011930055916,0.0,12.297896933975696,16.442964032067763,0,36.14244460247941,2313.116454558682,2097152.0,2,0.5,0.5,0.0,0.0,0.0,80.70536308357231,0.021500003640539944,0.0,61.96615781068259,18.717705269249187,0,0,0,16.8816531579121,63.82370992566021,0.0,1048576,1048576,0,8,4,0.25,2,0.5,0,1,1.0,0.16091838189257093,3,3,0,1.0,0.0,0.0,1.0,0,0.5,0.5,0.0,0.955078125,0.044921875,0.0,256,1024,0,0.0,337.73040575940746,97.98719998798333,0.0,189.156676755326,50.58652901609814,0,2681.2142995090785,0,2459.8688995079233,6.20973374963119e-07,1.2726567744544565e-06,2.0080916302223917e-06,3.348079064592088e-08,1.3231201709273604e-07,8.070536308357232e-07,4.874568218214347e-06,no_nsga2,nsga2
0,313,313,train,2.626327395439148,0.22265625,0.623046875,8,64,512,317.60679998842534,48.94490326430872,2.6954172150989173,42.6709450705425,55.67899999732617,6.963271732418814,16.5968682787685,23.560140011187315,0.007599999662488699,0.0,12.402602196482327,11.149937815042499,0,25.188298273189595,1612.051089484134,2097152.0,2,0.5,0.0,0.5,0.0,0.0,43.77058516970435,0.005900001269765198,0.0,24.44315159138081,19.321533577053767,0,0,0,16.418151915515036,0.0,27.352433254189307,1048576,0,1048576,8,4,0.25,2,0.5,0,1,1.0,0.1859599251701455,3,0,3,0.0,2.0,0.5,2.0,3,0.5,0.5,0.0,0.9609375,0.0390625,0.0,256,1024,0,0.0,377.2450621998006,167.1599000110291,0.0,188.5581629470229,21.526999241748555,0,2681.2142995090785,0,2363.607499520653,9.788980652861745e-07,1.078166886039567e-06,1.7068378028217003e-06,3.481635866209407e-08,9.9581209672611e-08,4.3770585169704353e-07,4.33600617417919e-06,no_nsga2,nsga2
0,314,314,train,2.4942667484283447,0.263671875,0.67578125,8,64,512,194.42749999871012,33.31314896216368,2.5925333148520364,41.780594174030014,77.99040000827517,6.641484909329803,15.564461751629072,22.205946660958872,0.008200004231184721,0.0,12.169722150545844,10.028024506181843,0,41.14623113408309,2633.3587925813176,2097152.0,2,0.5,0.5,0.0,0.0,0.0,80.43951275648958,0.00689999433234334,0.0,59.50660498946595,20.92600777269129,0,0,0,18.30382301697799,62.13568973951159,0.0,1048576,1048576,0,8,4,0.25,2,0.5,0,1,1.0,0.16091838189257093,3,3,0,1.0,0.0,0.0,1.0,0,0.5,0.5,0.0,0.9501953125,0.0498046875,0.0,256,1024,0,0.0,310.74510580418286,104.53909999341704,0.0,188.30514182054043,17.900863990225442,0,2681.2142995090785,0,2486.7867995103684,6.662629792432737e-07,1.0370133259408147e-06,1.6712237669612005e-06,3.3207424546649015e-08,9.338677050977442e-08,8.043951275648959e-07,4.305489394766608e-06,no_nsga2,nsga2
0,315,315,train,2.5816019773483276,0.234375,0.65234375,8,64,512,193.3030000072904,28.138830167121565,2.645782529599434,43.09643996717857,54.14819999714382,6.573552519500341,16.73802231433258,23.31157483383292,0.008200004231184721,0.0,12.527897692930257,10.775477136671478,0,41.38558953616212,2648.677730314376,2097152.0,2,0.5,0.5,0.0,0.0,0.0,79.0316522897625,0.006300004315562546,0.0,60.26965201653831,18.75570026890863,0,0,0,16.647936637366286,62.38371565239622,0.0,1048576,1048576,0,8,4,0.25,2,0.5,0,1,1.0,0.19776865982085054,3,0,3,0.0,2.0,0.5,2.0,3,0.5,0.5,0.0,0.9443359375,0.0556640625,0.0,256,1024,0,0.0,295.52421065559827,83.87459996447433,0.0,192.61769960803827,19.03191108308567,0,2681.2142995090785,0,2487.911299501788,5.627766033424314e-07,1.0583130118397736e-06,1.7238575986871426e-06,3.286776259750171e-08,1.0042813388599547e-07,7.903165228976251e-07,4.26855963325047e-06,no_nsga2,nsga2
0,316,316,train,2.6104907393455505,0.240234375,0.64453125,8,64,512,501.8953999970108,95.55276840390272,2.2428921390066106,42.3880167585079,35.68499999528285,21.873262963297883,14.00561734844646,35.87888031174434,0.006599992047995329,0.0,12.320159069246065,23.55212125045028,0,15.93954449573188,1020.1308477268403,2097152.0,2,0.5,0.5,0.0,0.0,0.0,77.04494226879505,0.006300004315562546,0.0,57.73574013207716,19.30290213240233,0,0,0,17.779495763809322,59.26544650498573,0.0,1048576,1048576,0,8,4,0.25,2,0.5,0,1,1.0,0.26061071707684524,3,3,0,1.0,0.0,0.0,1.0,0,0.5,0.5,0.0,0.94140625,0.05859375,0.0,256,1024,0,0.0,560.7347092056689,317.2346000064863,0.0,192.1666122420717,51.333496957110874,0,2681.2142995090785,0,2179.3188995120677,1.911055368078054e-06,8.971568556026444e-07,1.6955206703403164e-06,1.0936631481648943e-07,8.403370409067875e-08,7.704494226879506e-07,5.467582335616133e-06,no_nsga2,nsga2
0,317,317,train,2.4986138939857483,0.2421875,0.654296875,8,64,512,381.7469999921741,67.25426743196186,2.150931552971256,41.891819905766646,38.1405999942217,6.28535192845375,11.839593700050923,18.124945628504673,0.006999995093792677,0.0,11.310259696496445,6.807685936914436,0,20.956232908002143,1341.1989061121371,2097152.0,2,0.5,0.5,0.0,0.0,0.0,84.82083819947677,0.00589998671784997,0.0,64.65008936413238,20.164848848626526,0,0,0,18.32869641871741,66.49214178075935,0.0,1048576,1048576,0,8,4,0.25,2,0.5,0,1,1.0,0.2091524583687337,3,0,3,0.0,2.0,0.5,2.0,3,0.5,0.5,0.0,0.9521484375,0.0478515625,0.0,256,1024,0,0.0,445.1880755627991,240.58849998982623,0.0,191.2380902420586,13.361485330914295,0,2681.2142995090785,0,2299.4672995169044,1.3450853486392376e-06,8.603726211885023e-07,1.675672796230666e-06,3.142675964226875e-08,7.103756220030552e-08,8.482083819947677e-07,4.831803469895749e-06,no_nsga2,nsga2
0,318,318,train,2.5379385352134705,0.24609375,0.63671875,8,64,512,285.61329998774454,47.0621898857371,2.4056871240514135,42.5427120833653,37.38579999480862,6.1693759859918424,14.913099154131157,21.082475140122998,0.007399998139590025,0.0,11.620355936308671,9.454719205674738,0,28.009802031422353,1792.6273300110306,2097152.0,2,0.5,0.5,0.0,0.0,0.0,80.06011226405542,0.006100002792663872,0.0,59.800602276230414,20.25340998503235,0,0,0,18.012581896982127,62.0475303670733,0.0,1048576,1048576,0,8,4,0.25,2,0.5,0,1,1.0,0.26994862967019156,3,3,0,1.0,0.0,0.0,1.0,0,0.5,0.5,0.0,0.9384765625,0.0615234375,0.0,256,1024,0,0.0,368.04235637261525,160.95239999413025,0.0,190.35613809390148,16.733818284583485,0,2681.2142995090785,0,2395.600999521334,9.412437977147421e-07,9.622748496205654e-07,1.701708483334612e-06,3.0846879929959216e-08,8.947859492478693e-08,8.006011226405543e-07,4.5261537281652195e-06,no_nsga2,nsga2
0,319,319,train,2.5743809938430786,0.24609375,0.646484375,8,64,512,335.8608000125969,52.275821083311925,2.123578066414514,41.4836031569429,37.22149999521207,5.587202988299968,11.690496249891082,17.277699238191047,0.006699992809444666,0.0,10.902002285718215,6.36899695966339,0,23.819320922176775,1524.4365390193136,2097152.0,2,0.5,0.5,0.0,0.0,0.0,79.30993598480894,0.006100017344579101,0.0,58.488307476919466,20.8155284905449,0,0,0,17.39883744231774,61.91109854249121,0.0,1048576,1048576,0,8,4,0.25,2,0.5,0,1,1.0,0.2790043706260659,3,0,3,0.0,2.0,0.5,2.0,3,0.5,0.5,0.0,0.9501953125,0.0498046875,0.0,256,1024,0,0.0,383.5320092266773,182.57509999966715,0.0,189.07521627841675,11.881692948593447,0,2681.2142995090785,0,2345.3534994964816,1.0455164216662386e-06,8.494312265658057e-07,1.659344126277716e-06,2.793601494149984e-08,7.014297749934648e-08,7.930993598480895e-07,4.445470126798696e-06,no_nsga2,nsga2
0,320,320,train,2.6234923005104065,0.25390625,0.60546875,8,64,512,241.4409000048181,38.472771737460825,2.263266359426226,42.057723961502234,35.6541999935871,6.306034261716492,14.633950687031861,20.939984948748354,0.007099995855242014,0.0,12.315789843833349,8.617095109059763,0,33.13426542717049,2120.5929873389114,2097152.0,2,0.5,0.0,0.5,0.0,0.0,43.963446097818164,0.005600013537332416,0.0,24.28047483049446,19.67737125378637,0,0,0,17.79344701336862,0.0,26.16999908444954,1048576,0,1048576,8,4,0.25,2,0.5,0,1,1.0,0.2201412464909665,3,3,0,1.0,0.0,0.0,1.0,0,0.5,0.5,0.0,0.9453125,0.0546875,0.0,256,1024,0,0.0,331.1750482335571,126.53180002234876,0.0,188.84995717080466,15.793291040403723,0,2681.2142995090785,0,2439.7733995042604,7.694554347492164e-07,9.053065437704904e-07,1.6823089584600893e-06,3.1530171308582464e-08,8.780370412219115e-08,4.3963446097818166e-07,3.916039273388752e-06,no_nsga2,nsga2
0,321,321,train,2.6318958401679993,0.22265625,0.62890625,8,64,512,334.679599996889,55.02795504227824,2.1624563779802304,41.675211191635285,37.46190000674687,6.023516801497394,12.563987930627164,18.587504732124557,0.006599992047995329,0.0,11.046558752889663,7.534345987186901,0,23.903387289476484,1529.816786526495,2097152.0,2,0.5,0.5,0.0,0.0,0.0,81.34111017517957,0.005700014298781753,0.0,60.59417057192777,20.741239588953007,0,0,0,17.916852897889598,63.42425727728997,0.0,1048576,1048576,0,8,4,0.25,2,0.5,0,1,1.0,0.14759070521249812,3,0,3,0.0,2.0,0.5,2.0,3,0.5,0.5,0.0,0.9482421875,0.0517578125,0.0,256,1024,0,0.0,395.462490447575,192.03480007126927,0.0,189.88763773069644,13.540052645609325,0,2681.2142995090785,0,2346.5346995121895,1.100559100845565e-06,8.649825511920921e-07,1.6670084476654119e-06,3.0117584007486976e-08,7.538392758376298e-08,8.134111017517957e-07,4.551462713046115e-06,no_nsga2,nsga2
0,322,322,train,2.5394312739372253,0.265625,0.611328125,8,64,512,243.09999999240972,38.14134414868572,2.1036114670033186,41.08708600272253,43.955500004813075,6.348969597780754,13.148372723881465,19.49734232166222,0.009399998816661537,0.0,12.584452565056932,6.903489757788625,0,32.90813283470567,2106.1205014211628,2097152.0,2,0.5,0.5,0.0,0.0,0.0,75.63080216973215,0.006100002792663872,0.0,57.17023692066111,18.45446524627837,0,0,0,15.932190233009726,59.69861193672242,0.0,1048576,1048576,0,8,4,0.25,2,0.5,0,1,1.0,0.17369072493825644,3,3,0,1.0,0.0,0.0,1.0,0,0.5,0.5,0.0,0.951171875,0.048828125,0.0,256,1024,0,0.0,325.3281664736462,124.26989997038618,0.0,188.56960525786988,12.488661245390219,0,2681.2142995090785,0,2438.114299516669,7.628268829737144e-07,8.414445868013274e-07,1.6434834401089016e-06,3.174484798890377e-08,7.889023634328878e-08,7.563080216973215e-07,4.114698015913458e-06,no_nsga2,nsga2
0,323,323,train,2.3929492235183716,0.326171875,0.67578125,8,64,512,333.9249999989988,56.13493229929066,2.33831769515845,40.86978507335192,39.84739999577869,6.036997187953268,14.584858645099985,20.621855833053253,0.007099995855242014,0.0,11.284899456264094,9.329856380933915,0,23.957403736228944,1533.2738391186524,2097152.0,2,0.5,0.5,0.0,0.0,0.0,81.00217525412054,0.006299989763647318,0.0,62.2808225304243,18.715052733932602,0,0,0,17.238404570916522,63.76377068320403,0.0,1048576,1048576,0,8,4,0.25,2,0.5,0,1,1.0,0.2201412853775118,3,0,3,0.0,2.0,0.5,2.0,3,0.5,0.5,0.0,0.953125,0.046875,0.0,256,1024,0,0.0,397.3721402712041,195.8493999991333,0.0,186.72788730337768,14.794852968693139,0,2681.2142995090785,0,2347.2892995100797,1.1226986459858133e-06,9.3532707806338e-07,1.634791402934077e-06,3.018498593976634e-08,8.75091518705999e-08,8.100217525412056e-07,4.620533017334842e-06,no_nsga2,nsga2
0,324,324,train,2.4560654759407043,0.26953125,0.666015625,8,64,512,344.62399999029003,62.3994263001462,2.11172042932915,40.83323055300405,38.41989999637008,6.35281334916054,13.334063266914765,19.686876616075303,0.006799993570894003,0.0,12.152759230821047,7.527317391683362,0,23.2136380129863,1485.6728328311233,2097152.0,2,0.5,0.5,0.0,0.0,0.0,81.47440014958266,0.006100017344579101,0.0,60.62992965695821,20.838370475279874,0,0,0,18.3309146515991,63.14348549798356,0.0,1048576,1048576,0,8,4,0.25,2,0.5,0,1,1.0,0.17369072493825644,3,3,0,1.0,0.0,0.0,1.0,0,0.5,0.5,0.0,0.9482421875,0.0517578125,0.0,256,1024,0,0.0,421.37750912991754,221.16480002296157,0.0,186.64466736753224,13.568041739423807,0,2681.2142995090785,0,2336.5902995187885,1.2479885260029242e-06,8.446881717316601e-07,1.6333292221201618e-06,3.17640667458027e-08,8.000437960148858e-08,8.147440014958267e-07,4.652518367697864e-06,no_nsga2,nsga2
0,325,325,train,2.3230594396591187,0.34765625,0.701171875,8,64,512,213.28210001229309,28.045220525214344,2.0616334071931295,42.460746266234466,42.93509999115486,6.63786198991811,12.752413675477637,19.390275665395748,0.006100002792663872,0.0,12.90311872816012,6.4810569344429645,0,37.50883215566025,2400.565257962256,2097152.0,2,0.5,0.5,0.0,0.0,0.0,80.45609929307723,0.006399990525096655,0.0,60.80285017911777,19.646849123434365,0,0,0,16.8835761224852,63.572523170592035,0.0,1048576,1048576,0,8,4,0.25,2,0.5,0,1,1.0,0.2307606527190679,3,0,3,0.0,2.0,0.5,2.0,3,0.5,0.5,0.0,0.94921875,0.05078125,0.0,256,1024,0,0.0,290.27040079456776,85.1284000382293,0.0,192.57042066456074,12.571580091777744,0,2681.2142995090785,0,2467.9321994967854,5.609044105042869e-07,8.246533628772517e-07,1.698429850649379e-06,3.3189309949590555e-08,7.651448205286582e-08,8.045609929307724e-07,3.998252408964147e-06,no_nsga2,nsga2
0,326,326,train,2.417657434940338,0.31640625,0.6953125,8,64,512,291.1493999999948,50.69551335725814,2.180062466821858,41.290839431341105,38.25420000066515,6.449186358513952,13.452505022583097,19.90169138109705,0.006499991286545992,0.0,12.030348641421185,7.864842748389319,0,27.477207656249636,1758.5412899999767,2097152.0,2,0.5,0.5,0.0,0.0,0.0,83.35468128830442,0.006199989002197981,0.0,64.30204648223115,19.046434817071063,0,0,0,17.223022424835143,66.13165886346927,0.0,1048576,1048576,0,8,4,0.25,2,0.5,0,1,1.0,0.2201412464909665,3,3,0,1.0,0.0,0.0,1.0,0,0.5,0.5,0.0,0.9365234375,0.0634765625,0.0,256,1024,0,0.0,376.6656610216844,177.01250000391155,0.0,185.67958731225914,13.97357370551371,0,2681.2142995090785,0,2390.0648995090837,1.013910267145163e-06,8.720249867287433e-07,1.6516335772536444e-06,3.2245931792569765e-08,8.071503013549857e-08,8.33546812883044e-07,4.484076605938663e-06,no_nsga2,nsga2
0,327,327,train,2.3928728103637695,0.2890625,0.6640625,8,64,512,283.82509999210015,48.7623091126883,2.137380333069863,41.91225514657568,39.23160000704229,5.762698925355955,12.444823425404302,18.207522350760257,0.007199996616691351,0.0,11.165320679030863,7.035001675112704,0,28.186273215263387,1803.9214857768568,2097152.0,2,0.5,0.5,0.0,0.0,0.0,83.1095327749241,0.006000016583129764,0.0,62.72098762544091,20.382545132900074,0,0,0,17.23673321335304,65.87279956157107,0.0,1048576,1048576,0,8,4,0.25,2,0.5,0,1,1.0,0.2091524583687337,3,0,3,0.0,2.0,0.5,2.0,3,0.5,0.5,0.0,0.94140625,0.05859375,0.0,256,1024,0,0.0,371.2477783693354,166.04940003890079,0.0,189.9266791953359,15.27169913509867,0,2681.2142995090785,0,2397.3891995169784,9.752461822537662e-07,8.549521332279452e-07,1.6764902058630274e-06,2.8813494626779777e-08,7.46689405524258e-08,8.310953277492413e-07,4.441266284273186e-06,no_nsga2,nsga2
0,328,328,train,2.236204445362091,0.337890625,0.708984375,8,64,512,336.3346999976784,51.593477008504465,2.2324144362383413,41.124349530671005,42.26629999175202,5.7543504150292435,13.308883006228662,19.063233421257905,0.006999995093792677,0.0,11.98848766473576,7.067745761428352,0,23.785759287685554,1522.2885944118755,2097152.0,2,0.5,0.0,0.5,0.0,0.0,43.938991177890266,0.005500012775883079,0.0,23.91069339585595,20.022797769258432,0,0,0,16.25237590943791,0.0,27.686615268452357,1048576,0,1048576,8,4,0.25,2,0.5,0,1,1.0,0.18595995617580352,3,3,0,1.0,0.0,0.0,1.0,0,0.5,0.5,0.0,0.9599609375,0.0400390625,0.0,256,1024,0,0.0,379.8009639016552,177.4135999585269,0.0,187.5757593327092,14.811604610419137,0,1254.0236610010445,0,917.6889610033661,1.0318695401700896e-06,8.929657744953365e-07,1.6449739812268402e-06,2.877175207514622e-08,7.985329803737197e-08,4.393899117789027e-07,4.117824257783688e-06,no_nsga2,nsga2
0,329,329,train,2.168481796979904,0.349609375,0.689453125,8,64,512,290.1053999958094,50.29904910949199,2.1370091638576154,41.43168090518339,40.044199995463714,5.52678598562642,11.906134362762597,17.43292034838902,0.007299997378140688,0.0,10.734292363911983,6.6913279870988935,0,27.576089324866878,1764.8697167914802,2097152.0,2,0.5,0.0,0.5,0.0,0.0,45.7077284014037,0.006599992047995329,0.0,24.203080800193682,21.498047609162022,0,0,0,18.395544999620267,0.0,27.312183401783432,1048576,0,1048576,8,4,0.25,2,0.5,0,1,1.0,0.241032865595602,3,0,3,0.0,2.0,0.5,2.0,3,0.5,0.5,0.0,0.9521484375,0.0478515625,0.0,256,1024,0,0.0,375.47095671413194,174.65449999144766,0.0,188.89943673967468,11.9170199830096,0,1254.0236610010445,0,963.9182610052351,1.0059809821898398e-06,8.548036655430463e-07,1.6572672362073356e-06,2.7633929928132102e-08,7.143680617657558e-08,4.5707728401403704e-07,4.074199904058967e-06,no_nsga2,nsga2
0,330,330,train,2.49428129196167,0.267578125,0.6640625,8,64,512,292.55990000092424,50.82831519451203,2.192216289774115,41.075339092683535,38.59399999782909,6.952570525850534,11.424216085565433,18.376786611415966,0.006400019628927112,0.0,11.673031413993261,6.69735517779378,0,27.344734036485146,1750.0629783350494,2097152.0,2,0.0,0.5,0.5,0.0,0.0,90.47465911707823,0.006400005077011883,0.0,69.30612878259589,21.162130329405308,0,0,0,0.0,66.82783797737798,23.646821139700243,0,1048576,1048576,8,4,0.25,2,0.5,0,1,1.0,0.19776865982085054,3,3,0,1.0,0.0,0.0,1.0,0,0.5,0.5,0.0,0.953125,0.046875,0.0,256,1024,0,0.0,376.3834823078787,175.48490001354367,0.0,187.48104774787888,13.41753454645617,0,1254.0236610010445,0,961.4637610001203,1.0165663038902405e-06,8.768865159096462e-07,1.6430135637073413e-06,3.4762852629252674e-08,6.85452965133926e-08,9.047465911707823e-07,4.5445211238206554e-06,no_nsga2,nsga2
0,331,331,train,2.5349671840667725,0.244140625,0.634765625,8,64,512,351.70619998825714,61.55743065396865,2.148329430729525,40.54802823177219,36.600200008251704,6.138779583402789,12.695429940424305,18.83420952382709,0.006900008884258568,0.0,11.338222113751295,7.489087401191539,0,22.74619342528986,1455.756379218551,2097152.0,2,0.5,0.5,0.0,0.0,0.0,76.92558978631756,0.006200003554113209,0.0,57.016344157212075,19.90304562555137,0,0,0,16.280477052061798,60.64511273425576,0.0,1048576,1048576,0,8,4,0.25,2,0.5,0,1,1.0,0.2307606527190679,3,0,3,0.0,2.0,0.5,2.0,3,0.5,0.5,0.0,0.943359375,0.056640625,0.0,256,1024,0,0.0,417.01515326588145,220.0144000526052,0.0,184.96369995503676,12.037053258239489,0,1254.0236610010445,0,902.3174610127874,1.231148613079373e-06,8.593317722918101e-07,1.6219211292708879e-06,3.069389791701394e-08,7.617257964254581e-08,7.692558978631757e-07,4.588523890064807e-06,no_nsga2,nsga2
0,332,332,train,2.536167621612549,0.294921875,0.626953125,8,64,512,273.38050000253133,40.776534794696836,2.338959353614035,41.41138534742798,39.2637999902945,7.344562521833723,13.76856802730526,21.113130549138983,0.00650000583846122,0.0,12.189093412145498,8.917537131155024,0,29.263135947113927,1872.8407006152913,2097152.0,2,0.5,0.5,0.0,0.0,0.0,80.96144348011889,0.006499991286545992,0.0,60.434578840826234,20.520364648006108,0,0,0,17.503228252777035,63.45821522734185,0.0,1048576,1048576,0,8,4,0.25,2,0.5,0,1,1.0,0.2307606527190679,3,3,0,1.0,0.0,0.0,1.0,0,0.5,0.5,0.0,0.9541015625,0.0458984375,0.0,256,1024,0,0.0,338.1075179829554,135.39379999565426,0.0,186.70410093174658,16.00961705555453,0,1254.0236610010445,0,980.6431609985132,8.155306958939368e-07,9.355837414456139e-07,1.6564554138971192e-06,3.6722812609168616e-08,8.261140816383156e-08,8.09614434801189e-07,4.336518506810859e-06,no_nsga2,nsga2
0,333,333,train,2.1187844574451447,0.345703125,0.7265625,8,64,512,363.67150000296533,61.74456678959722,2.1187307466478007,42.30765628276503,39.07220000110101,6.676390869067656,12.831862109446078,19.508252978513735,0.007300011930055916,0.0,11.548011056198575,7.9529419103851025,0,21.997813967057642,1407.860093891689,2097152.0,2,0.5,0.5,0.0,0.0,0.0,80.38368395955584,0.00589998671784997,0.0,60.508045177166004,19.869738795671985,0,0,0,16.75038290712254,63.633301052433296,0.0,1048576,1048576,0,8,4,0.25,2,0.5,0,1,1.0,0.18595995617580352,3,0,3,0.0,2.0,0.5,2.0,3,0.5,0.5,0.0,0.9638671875,0.0361328125,0.0,256,1024,0,0.0,424.68381527604026,219.64119999029208,0.0,190.81511242439825,14.227502861349873,0,1254.0236610010445,0,890.3521609980792,1.2348913357919447e-06,8.474922986591203e-07,1.6923062513106013e-06,3.3381954345338277e-08,7.699117265667646e-08,8.038368395955584e-07,4.688899852359239e-06,no_nsga2,nsga2
0,334,334,train,2.240561842918396,0.302734375,0.69921875,8,64,512,193.3149999968009,26.476343369516794,2.212064430555789,42.16952498078604,38.950000001932494,6.064984545369544,11.729572792757857,17.7945573381274,0.006999995093792677,0.0,10.990375936864718,6.7971814061688915,0,41.383020547354526,2648.5133150306897,2097152.0,2,0.5,0.0,0.5,0.0,0.0,44.80247545298276,0.006499991286545992,0.0,24.30649789482956,20.489477566866658,0,0,0,17.794222741628943,0.0,27.00825271135382,1048576,0,1048576,8,4,0.25,2,0.5,0,1,1.0,0.16091838189257093,3,3,0,1.0,0.0,0.0,1.0,0,0.5,0.5,0.0,0.9541015625,0.0458984375,0.0,256,1024,0,0.0,283.4317311234345,79.00109993352089,0.0,190.08813619838318,14.342494991530392,0,1241.3312670074058,0,1048.016267010605,5.295268673903359e-07,8.84825772222316e-07,1.686780999231442e-06,3.0324922726847724e-08,7.037743675654713e-08,4.480247545298277e-07,3.6498607528573163e-06,no_nsga2,nsga2
0,335,335,train,2.454756796360016,0.271484375,0.67578125,8,64,512,271.613899996737,47.32720437016573,2.587482845326241,42.487144115271775,56.29680000129156,6.0643337167456,16.410159440016823,22.474493156762424,0.008199989679269493,0.0,11.400203479994099,11.066089687089056,0,29.453465182124056,1885.0217716559396,2097152.0,2,0.5,0.5,0.0,0.0,0.0,80.40918331094535,0.008899980457499623,0.0,61.57382745088898,18.826455879598875,0,0,0,17.440682377496547,62.96850093344881,0.0,1048576,1048576,0,8,4,0.25,2,0.5,0,1,1.0,0.18595995617580352,3,0,3,0.0,2.0,0.5,2.0,3,0.5,0.5,0.0,0.953125,0.046875,0.0,256,1024,0,0.0,369.60732532305497,161.56710001814645,0.0,187.47065732301434,20.56956798189419,0,1241.3312670074058,0,969.7173670106688,9.465440874033146e-07,1.0349931381304964e-06,1.6994857646108713e-06,3.0321668583728e-08,9.846095664010092e-08,8.040918331094538e-07,4.613897448477965e-06,no_nsga2,nsga2
0,336,336,train,2.3888110518455505,0.306640625,0.703125,8,64,512,6533.792500005802,1272.5980376504854,2.839318934550003,376.55622224577456,48.016399989137426,6.230438376294934,18.975432217049878,25.205870593344812,0.006499991286545992,0.0,12.344084679357533,12.855285922700736,0,1.2244035566769742,78.36182762732635,2097152.0,2,0.5,0.5,0.0,0.0,0.0,83.93033672789639,0.006400005077011883,0.0,64.35629990287474,19.567636819944642,0,0,0,17.289694925579816,66.64064180231658,0.0,1048576,1048576,0,8,4,0.25,2,0.5,0,1,1.0,0.10351646197533217,3,3,0,1.0,0.0,0.0,1.0,0,0.5,0.5,0.0,0.966796875,0.033203125,0.0,256,1024,0,0.0,6607.974315323239,5060.555299976841,0.0,193.8798303255908,1353.539185020808,0,2681.2142995090785,1,-3852.5782004967236,2.5451960753009705e-05,1.1357275738200013e-06,1.5062248889830985e-05,3.1152191881474675e-08,1.1385259330229926e-07,8.393033672789639e-07,4.263424536912343e-05,no_nsga2,nsga2
0,337,337,train,2.5262768268585205,0.26171875,0.642578125,8,64,512,388.7630999961402,64.08959405473087,2.14201769031743,41.889801864892505,39.27320000366308,6.821720628087917,13.72223196691445,20.543952595002366,0.006600006599910557,0.0,13.05120748118743,7.486145107215027,0,20.5780317680553,1316.9940331555392,2097152.0,2,0.5,0.5,0.0,0.0,0.0,81.4416114363743,0.00650000583846122,0.0,60.93323918762919,20.501872242906657,0,0,0,17.60580425797318,63.835807178401126,0.0,1048576,1048576,0,8,4,0.25,2,0.5,0,1,1.0,0.16091838189257093,3,0,3,0.0,2.0,0.5,2.0,3,0.5,0.5,0.0,0.9462890625,0.0537109375,0.0,256,1024,0,0.0,432.48565443976315,229.77589999209158,0.0,187.55226573531394,15.157488712357665,0,2261.564486506242,0,1872.8013865101016,1.2817918810946172e-06,8.568070761269718e-07,1.6755920745957004e-06,3.4108603140439585e-08,8.233339180148669e-08,8.144161143637432e-07,4.745049141122959e-06,no_nsga2,nsga2
0,338,338,train,2.607949912548065,0.24609375,0.654296875,8,64,512,309.42180000420194,51.15348198320004,2.1295539162814,41.97208808324075,36.61149999243207,6.095602127190078,13.278249416162875,19.373851543352956,0.006200003554113209,0.0,12.393699192308734,6.9739523474901075,0,25.85459119331659,1654.6938363722618,2097152.0,2,0.0,0.5,0.5,0.0,0.0,91.67962925529966,0.005400012014433742,0.0,72.06830567023493,19.605923573050305,0,0,0,0.0,65.79695909803294,25.882670157266723,0,1048576,1048576,8,4,0.25,2,0.5,0,1,1.0,0.13364216641330787,3,3,0,1.0,0.0,0.0,1.0,0,0.5,0.5,0.0,0.9619140625,0.0380859375,0.0,256,1024,0,0.0,381.0204959308887,176.93400000280235,0.0,190.65945463360674,13.427041294479624,0,2261.564486506242,0,1952.1426865020399,1.0230696396640006e-06,8.518215665125603e-07,1.6788835233296298e-06,3.047801063595039e-08,7.966949649697724e-08,9.167962925529967e-07,4.580718529192115e-06,no_nsga2,nsga2
0,339,339,train,2.5832698941230774,0.236328125,0.625,8,64,512,291.0145000059856,51.27672035572418,2.0701049779370626,41.34721884552425,37.08329999062698,5.455614881273613,12.542685410217299,17.998300291490914,0.006600006599910557,0.0,11.232634198033058,6.7590660868579455,0,27.489944693102107,1759.3564603585348,2097152.0,2,0.5,0.5,0.0,0.0,0.0,77.97170199061475,0.005800000508315861,0.0,59.363128851387785,18.602773138718653,0,0,0,16.638893721986232,61.33280826862852,0.0,1048576,1048576,0,8,4,0.25,2,0.5,0,1,1.0,0.2201412853775118,3,0,3,0.0,2.0,0.5,2.0,3,0.5,0.5,0.0,0.953125,0.046875,0.0,256,1024,0,0.0,378.776176716742,177.90429999877233,0.0,188.58679301388864,12.285083704081021,0,2182.2110365029866,0,1891.196536497001,1.0255344071144836e-06,8.280419911748251e-07,1.6538887538209705e-06,2.7278074406368068e-08,7.525611246130378e-08,7.797170199061475e-07,4.389716358884098e-06,no_nsga2,nsga2
0,340,340,train,3.1488463282585144,0.2265625,0.55078125,8,64,512,339.0354000002844,54.62571172315601,2.3935222682957433,41.97230341952237,39.85349999857135,6.436996666759857,13.573864821193432,20.01086148795329,0.006400005077011883,0.0,11.555590821261958,8.448870661614318,0,23.596286416423986,1510.162330651135,2097152.0,2,0.5,0.5,0.0,0.0,0.0,80.89669233147859,0.008100003469735384,0.0,60.81711006179706,20.071482266211795,0,0,0,18.989867875842926,61.90682445563567,0.0,1048576,1048576,0,8,4,0.25,2,0.5,0,1,1.0,0.16091838189257093,3,3,0,1.0,0.0,0.0,1.0,0,0.5,0.5,0.0,0.9560546875,0.0439453125,0.0,256,1024,0,0.0,395.9661496438965,190.8189999667229,0.0,188.8318615777869,16.315288099386663,0,2182.2110365029866,0,1843.1756365027022,1.0925142344631202e-06,9.574089073182974e-07,1.6788921367808947e-06,3.2184983333799284e-08,8.144318892716059e-08,8.08966923314786e-07,4.6514103741380585e-06,no_nsga2,nsga2
0,341,341,train,2.875564396381378,0.234375,0.611328125,8,64,512,404.8459999903571,69.02909051435122,2.5045983592027277,42.133192450078184,39.462400003685616,5.83362674850726,15.900747099889514,21.734373848396775,0.007000009645707905,0.0,11.806238001182159,9.921135837568908,0,19.76055151746351,1264.6752971176647,2097152.0,2,0.5,0.5,0.0,0.0,0.0,80.91430593273287,0.005799985956400633,0.0,61.11112737012671,19.797378576649763,0,0,0,16.40735518626491,64.50695074646796,0.0,1048576,1048576,0,8,4,0.25,2,0.5,0,1,1.0,0.2307606527190679,3,0,3,0.0,2.0,0.5,2.0,3,0.5,0.5,0.0,0.94140625,0.05859375,0.0,256,1024,0,0.0,454.66752529452856,247.96750000678003,0.0,190.9516616194766,15.748363668271969,0,504.045486993418,0,99.19948700306094,1.380581810287025e-06,1.0018393436810911e-06,1.6853276980031275e-06,2.9168133742536305e-08,9.540448259933706e-08,8.091430593273288e-07,5.001464527640446e-06,no_nsga2,nsga2
0,342,342,train,3.047889292240143,0.193359375,0.546875,8,64,512,351.6557999973884,55.022360632135516,2.3005114857731352,41.88150689006603,38.61089999554679,6.295872291189799,13.979647460851279,20.275519752041077,0.007800001185387373,0.0,11.622651053098007,8.645068697757685,0,22.749453444549953,1455.965020451197,2097152.0,2,0.0,0.5,0.5,0.0,0.0,85.84383066881311,0.005900001269765198,0.0,66.86633445522948,18.97159621231387,0,0,0,0.0,62.86071942301598,22.983111245797133,0,1048576,1048576,8,4,0.25,2,0.5,0,1,1.0,0.2201412853775118,3,3,0,1.0,0.0,0.0,1.0,0,0.5,0.5,0.0,0.9453125,0.0546875,0.0,256,1024,0,0.0,396.8175160318987,193.70389998948667,0.0,188.4181647740493,14.695451268362762,0,504.045486993418,0,152.38968699602964,1.1004472126427104e-06,9.202045943092543e-07,1.6752602756026414e-06,3.1479361455948994e-08,8.387788476510766e-08,8.584383066881312e-07,4.669707635463794e-06,no_nsga2,nsga2
0,343,343,train,2.511445939540863,0.2578125,0.6796875,8,64,512,401.70689999649767,67.38858754739113,2.3119436386217402,41.89408489140297,36.54329999699257,5.851921143073931,12.83509465400368,18.68701579707761,0.007099995855242014,0.0,11.819905835882754,6.860009965339615,0,19.914968065277655,1274.55795617777,2097152.0,2,0.5,0.5,0.0,0.0,0.0,79.71682674334455,0.006400019628927112,0.0,59.64180086270624,20.068625861009387,0,0,0,17.031814894616105,62.68501184872845,0.0,1048576,1048576,0,8,4,0.25,2,0.5,0,1,1.0,0.18595995617580352,3,0,3,0.0,2.0,0.5,2.0,3,0.5,0.5,0.0,0.9482421875,0.0517578125,0.0,256,1024,0,0.0,446.3784643096633,241.9796999602113,0.0,191.29605440206046,13.102709947391572,0,504.045486993418,0,102.33858699692036,1.3477717509478227e-06,9.247774554486962e-07,1.675763395656119e-06,2.925960571536966e-08,7.701056792402207e-08,7.971682674334456e-07,4.8517510431254755e-06,no_nsga2,nsga2
0,344,344,train,2.522432863712311,0.263671875,0.65625,8,64,512,151.13749999727588,26.44752646122992,2.0645710717077685,41.343174117456186,38.429200008977205,5.883812673718025,13.112325829235706,18.99613850295373,0.007099995855242014,0.0,11.697690339655205,7.291348167443284,0,52.931582622192174,3387.621287820299,2097152.0,2,0.0,0.5,0.5,0.0,0.0,88.8153309049006,0.006100002792663872,0.0,69.48135671685584,19.327874185252107,0,0,0,0.0,63.439011316309724,25.37631958859089,0,1048576,1048576,8,4,0.25,2,0.5,0,1,1.0,0.18595995617580352,3,3,0,1.0,0.0,0.0,1.0,0,0.5,0.5,0.0,0.951171875,0.048828125,0.0,256,1024,0,0.0,279.4210866015755,79.31539996934589,0.0,186.6222263568581,13.483460275371483,0,504.045486993418,0,352.90798699614214,5.289505292245985e-07,8.258284286831074e-07,1.6537269646982473e-06,2.941906336859013e-08,7.867395497541422e-08,8.881533090490061e-07,4.004752249998964e-06,no_nsga2,nsga2
0,345,345,train,2.6102409958839417,0.23828125,0.673828125,8,64,512,291.42890000366606,51.08996009806202,2.1929590333390134,42.12552307546375,39.88650000246707,6.542180870232686,14.160840129383025,20.70302099961571,0.007199996616691351,0.0,12.900780696876446,7.7950403061225755,0,27.450855248206736,1756.854735885231,2097152.0,2,0.5,0.5,0.0,0.0,0.0,79.89485511024301,0.006299989763647318,0.0,61.17111707954693,18.717438040932436,0,0,0,17.069006499515282,62.82584861072773,0.0,1048576,1048576,0,8,4,0.25,2,0.5,0,1,1.0,0.19776865982085054,3,0,3,0.0,2.0,0.5,2.0,3,0.5,0.5,0.0,0.9580078125,0.0419921875,0.0,256,1024,0,0.0,381.63376882745916,176.80069999187253,0.0,191.64790676587995,13.18516206970662,0,504.045486993418,0,212.61658698975197,1.0217992019612406e-06,8.771836133356055e-07,1.6850209230185504e-06,3.271090435116343e-08,8.496504077629815e-08,7.989485511024302e-07,4.500628234545289e-06,no_nsga2,nsga2
0,346,346,train,2.5101043581962585,0.2578125,0.630859375,8,64,512,389.3046999874059,63.438394874763155,2.148286184629678,42.36082693180707,38.21300000709016,5.543441943134129,12.701987197891883,18.245429141026012,0.006799993570894003,0.0,10.57317096025231,7.665458187202807,0,20.549403721185694,1315.1618381558844,2097152.0,2,0.5,0.5,0.0,0.0,0.0,78.74824413094188,0.006300004315562546,0.0,58.79518512623889,19.94675900038743,0,0,0,16.923110030216,61.825134100725876,0.0,1048576,1048576,0,8,4,0.25,2,0.5,0,1,1.0,0.17369072493825644,3,3,0,1.0,0.0,0.0,1.0,0,0.5,0.5,0.0,0.9541015625,0.0458984375,0.0,256,1024,0,0.0,431.7900319647996,225.86950000550132,0.0,189.61553756504372,16.304994394254585,0,443.77674549243244,0,54.47204550502653,1.2687678974952633e-06,8.593144738518713e-07,1.6944330772722828e-06,2.7717209715670644e-08,7.621192318735129e-08,7.874824413094188e-07,4.713927022831857e-06,no_nsga2,nsga2
0,347,347,train,2.6027252674102783,0.22265625,0.65234375,8,64,512,212.56829999038018,28.230385099453073,2.185088612176336,42.32190946769838,38.78350000013597,5.719247062511478,13.735929490299835,19.455176552811313,0.006300004315562546,0.0,11.64687061492851,7.802005933567241,0,37.63478545755215,2408.6262692833375,2097152.0,2,0.5,0.5,0.0,0.0,0.0,84.39111431281499,0.005599998985417187,0.0,63.59427536200079,20.79123895182878,0,0,0,18.49346276229882,65.89765155051617,0.0,1048576,1048576,0,8,4,0.25,2,0.5,0,1,1.0,0.17369072493825644,3,0,3,0.0,2.0,0.5,2.0,3,0.5,0.5,0.0,0.9521484375,0.0478515625,0.0,256,1024,0,0.0,290.9495327173111,84.71590001136065,0.0,190.72416874089146,15.509463965059062,0,443.77674549243244,0,231.20844550205226,5.646077019890615e-07,8.740354448705346e-07,1.6928763787079353e-06,2.8596235312557393e-08,8.241557694179899e-08,8.4391114312815e-07,4.0864424809500376e-06,no_nsga2,nsga2
0,348,348,train,2.467277228832245,0.27734375,0.693359375,8,64,512,353.14170000492595,63.30407033694262,2.0702645864644755,41.297229967888754,41.412999999010935,6.313335924169219,12.271575422921643,18.584911347090863,0.006000002031214535,0.0,11.692094865681621,6.886816479378026,0,22.653731763075974,1449.8388328368624,2097152.0,2,0.5,0.5,0.0,0.0,0.0,82.50888738821476,0.005599984433501959,0.0,62.1356471686845,20.367640235096765,0,0,0,18.322717239899468,64.1861701483153,0.0,1048576,1048576,0,8,4,0.25,2,0.5,0,1,1.0,0.13364216641330787,3,3,0,1.0,0.0,0.0,1.0,0,0.5,0.5,0.0,0.9580078125,0.0419921875,0.0,256,1024,0,0.0,426.6862595651834,225.63570004422218,0.0,188.35779754166074,12.692761979300478,0,443.77674549243244,0,90.63504548750649,1.2660814067388526e-06,8.281058345857902e-07,1.6518891987155501e-06,3.15666796208461e-08,7.362945253752985e-08,8.250888738821478e-07,4.676361446080717e-06,no_nsga2,nsga2
0,349,349,train,2.4747686982154846,0.275390625,0.6796875,8,64,512,386.6753000038443,66.19836303737958,2.1805917933156698,40.569336477438526,35.47740000067279,6.401332084531261,11.953665086428582,18.354997170959845,0.007299997378140688,0.0,11.755797784439725,6.591899389141978,0,20.689139727261445,1324.1049425447325,2097152.0,2,0.5,0.5,0.0,0.0,0.0,76.95755624866612,0.006999995093792677,0.0,57.53490449900141,19.415651754570916,0,0,0,17.141552349300614,59.816003899365505,0.0,1048576,1048576,0,8,4,0.25,2,0.5,0,1,1.0,0.2091524583687337,3,0,3,0.0,2.0,0.5,2.0,3,0.5,0.5,0.0,0.9423828125,0.0576171875,0.0,256,1024,0,0.0,435.7931652325351,236.38589995971415,0.0,186.38844188936875,13.018823383452187,0,443.77674549243244,0,57.101445488588126,1.3239672607475915e-06,8.722367173262679e-07,1.6227734590975413e-06,3.200666042265631e-08,7.172199051857148e-08,7.695755624866613e-07,4.69228165059929e-06,no_nsga2,nsga2
0,350,350,train,2.6749658584594727,0.23828125,0.6171875,8,64,512,639.0998999995645,52.94834623979956,2.6635543767122796,43.18279357486577,163.50219999731053,6.181710578617284,16.26177502777806,22.443485606395345,0.008000017260201275,0.0,11.831156188924403,10.60432940021074,0,12.517585251414058,801.1254560904997,2097152.0,2,0.5,0.5,0.0,0.0,0.0,81.56717819695996,0.00790000194683671,0.0,61.955815473548085,19.60346272146503,0,0,0,18.421776752914475,63.145401444045476,0.0,1048576,1048576,0,8,4,0.25,2,0.5,0,1,1.0,0.20915249756217386,3,3,0,1.0,0.0,0.0,1.0,0,0.5,0.5,0.0,0.9501953125,0.0498046875,0.0,256,1024,0,0.0,395.17877676551046,184.7624999791151,0.0,189.29552977845492,21.120747007940434,0,587.0542094949626,1,-52.04569050460191,1.0589669247959914e-06,1.065421750684912e-06,1.727311742994631e-06,3.090855289308642e-08,9.757065016666835e-08,8.156717819695996e-07,4.7958514035048885e-06,no_nsga2,nsga2
0,351,351,train,2.464330792427063,0.265625,0.67578125,8,64,512,8796.401500003412,2026.0498369634229,2.6712653558611663,43.554070406773135,70.74809999903664,384.7110416916371,17.967041524455013,402.6780832160921,0.007700000423938036,0.0,11.312138792477729,391.35824442319046,0,0.9094627036446885,58.205613033260065,2097152.0,2,0.5,0.5,0.0,0.0,0.0,78.86109235153255,0.005699999746866524,0.0,59.378063714987945,19.47732863679773,0,0,0,18.297946384935504,60.56314596659704,0.0,1048576,1048576,0,8,4,0.25,2,0.5,0,1,1.0,0.19776865982085054,3,0,3,0.0,2.0,0.5,2.0,3,0.5,0.5,0.0,0.9521484375,0.0478515625,0.0,256,1024,0,0.0,8289.10069090423,7235.917300014989,0.0,190.49383394967612,862.689556939564,0,4269.2989130032765,1,-4527.102587000136,4.0520996739268465e-05,1.0685061423444666e-06,1.7421628162709252e-06,1.9235552084581858e-06,1.0780224914673007e-07,7.886109235153255e-07,4.61516340790041e-05,no_nsga2,nsga2
0,352,352,train,2.597373366355896,0.259765625,0.625,8,64,512,458.3044000028167,77.24235445847708,2.339589640748609,41.20073449052153,38.05139999894891,5.890890705541161,14.777642159111362,20.668532864652523,0.006400005077011883,0.0,12.076910396282964,8.585222463292547,0,17.455609294481,1117.158994846784,2097152.0,2,0.0,0.5,0.5,0.0,0.0,89.29084312963133,0.005999987479299307,0.0,70.37371223823769,18.91113090391434,0,0,0,0.0,65.6807931804063,23.61004994922503,0,1048576,1048576,8,4,0.25,2,0.5,0,1,1.0,0.17369072493825644,3,3,0,1.0,0.0,0.0,1.0,0,0.5,0.5,0.0,0.9501953125,0.0498046875,0.0,256,1024,0,0.0,483.1307143589888,282.8863000322599,0.0,184.48060918899478,15.76380513773422,0,4269.2989130032765,0,3810.99451300046,1.5448470891695417e-06,9.358358562994436e-07,1.6480293796208617e-06,2.945445352770581e-08,8.866585295466816e-08,8.929084312963133e-07,5.139741062868534e-06,no_nsga2,nsga2
0,353,353,train,2.4676818251609802,0.30078125,0.6640625,8,64,512,402.5438000098802,67.3642914060567,2.3102540166978205,41.98702520297373,40.273000005981885,5.773132126733188,12.728019907978553,18.50115203471174,0.00790000194683671,0.0,11.286444429489894,7.206807603275008,0,19.873564382905073,1271.9081205059247,2097152.0,2,0.5,0.5,0.0,0.0,0.0,82.38898242165564,0.006400005077011883,0.0,62.14314450880475,20.23943790777387,0,0,0,17.321075320748363,65.06790710090728,0.0,1048576,1048576,0,8,4,0.25,2,0.5,0,1,1.0,0.06940018193403347,3,0,3,0.0,2.0,0.5,2.0,3,0.5,0.5,0.0,0.970703125,0.029296875,0.0,256,1024,0,0.0,446.646282502913,242.16499997419305,0.0,190.90616491203366,13.575117616686303,0,4269.2989130032765,0,3866.7551129933963,1.347285828121134e-06,9.241016066791282e-07,1.6794810081189492e-06,2.886566063366594e-08,7.63681194478713e-08,8.238898242165565e-07,4.879992047217305e-06,no_nsga2,nsga2
0,354,354,train,2.449439287185669,0.26953125,0.650390625,8,64,512,359.2478999926243,56.42899830431257,2.3097780214724177,41.69531050197178,37.781699997140095,5.64128772262479,13.736511481846673,19.377799204471465,0.006999995093792677,0.0,11.440174764840865,7.930624444536806,0,22.268683356203034,1425.1957347969942,2097152.0,2,0.5,0.5,0.0,0.0,0.0,80.69787345806965,0.005399997462518513,0.0,60.59041996074157,20.102053499865576,0,0,0,16.609980287746723,64.08789317032293,0.0,1048576,1048576,0,8,4,0.25,2,0.5,0,1,1.0,0.26994862967019156,3,3,0,1.0,0.0,0.0,1.0,0,0.5,0.5,0.0,0.9423828125,0.0576171875,0.0,256,1024,0,0.0,401.7363473110271,198.89460002013948,0.0,188.43407869375739,14.40766859713023,0,4269.2989130032765,0,3910.0510130106522,1.1285799660862513e-06,9.23911208588967e-07,1.6678124200788716e-06,2.8206438613123957e-08,8.241906889108004e-08,8.069787345806966e-07,4.63790783683899e-06,no_nsga2,nsga2
0,355,355,train,2.4580289125442505,0.30078125,0.662109375,8,64,512,215.53240000503138,28.21497570451345,2.2808788441289964,42.05910818571529,37.69339999416843,6.347599394885268,13.947248415150899,20.294847810036167,0.006100017344579101,0.0,11.753997041922052,8.534750750769536,0,37.117217098664284,2375.501894314514,2097152.0,2,0.5,0.5,0.0,0.0,0.0,83.86551340080712,0.005299996701069176,0.0,63.83335538566849,20.026858018437558,0,0,0,18.945042086817658,64.92047131398945,0.0,1048576,1048576,0,8,4,0.25,2,0.5,0,1,1.0,0.18595995617580352,3,0,3,0.0,2.0,0.5,2.0,3,0.5,0.5,0.0,0.943359375,0.056640625,0.0,256,1024,0,0.0,290.2198509374309,84.37920003780164,0.0,190.8571826816612,14.98346821796813,0,4269.2989130032765,0,4053.766512998245,5.64299514090269e-07,9.123515376515986e-07,1.6823643274286117e-06,3.1737996974426347e-08,8.368349049090538e-08,8.386551340080712e-07,4.1130920006438825e-06,no_nsga2,nsga2
0,356,356,train,2.5192678570747375,0.265625,0.6640625,8,64,512,341.95299999555573,56.42152253820103,2.166448807716768,42.19873814824116,42.281499991077,5.8427801736733445,12.68021207662629,18.522992250299634,0.006399990525096655,0.0,10.783512836885887,7.733079422888651,0,23.394959556267725,1497.2774116011344,2097152.0,2,0.0,0.5,0.5,0.0,0.0,90.31130413432633,0.005699999746866524,0.0,69.74715400147338,20.558450133106092,0,0,0,0.0,65.15664478980253,25.15465934452381,0,1048576,1048576,8,4,0.25,2,0.5,0,1,1.0,0.2307606527190679,3,3,0,1.0,0.0,0.0,1.0,0,0.5,0.5,0.0,0.94921875,0.05078125,0.0,256,1024,0,0.0,403.1468379766359,198.44089998514391,0.0,189.14459040626843,15.561347585223494,0,4269.2989130032765,0,3927.345913007721,1.1284304507640207e-06,8.665795230867072e-07,1.6879495259296468e-06,2.9213900868366723e-08,7.608127245975773e-08,9.031130413432636e-07,4.6913677144517626e-06,no_nsga2,nsga2
0,357,357,train,2.5352850556373596,0.2421875,0.642578125,8,64,512,343.1521000020439,56.50245355835834,2.34224033531113,41.608500894853044,36.65049999835901,6.1360727633812715,13.878092016211976,20.014164779593248,0.006800008122809231,0.0,12.61591335289522,7.391451418575218,0,23.31320917675624,1492.0453873123993,2097152.0,2,0.5,0.5,0.0,0.0,0.0,83.02577557175033,0.005699985194951296,0.0,63.585649332343735,19.434426254211658,0,0,0,16.77048295716657,66.25529261458377,0.0,1048576,1048576,0,8,4,0.25,2,0.5,0,1,1.0,0.2091524583687337,3,0,3,0.0,2.0,0.5,2.0,3,0.5,0.5,0.0,0.9482421875,0.0517578125,0.0,256,1024,0,0.0,401.8127791540901,199.39030001114588,0.0,188.61486336190984,13.807615781034308,0,4269.2989130032765,0,3926.1468130012327,1.130049071167167e-06,9.36896134124452e-07,1.664340035794122e-06,3.068036381690636e-08,8.326855209727185e-08,8.302577557175035e-07,4.675491912717423e-06,no_nsga2,nsga2
0,358,358,train,2.524573504924774,0.265625,0.619140625,8,64,512,389.345499992487,67.47138394090139,2.5306232027269964,41.8719042864336,49.20329999004025,6.244515078646622,15.99145467970854,22.23596975835516,0.006399990525096655,0.0,12.398882485628542,9.830687282201524,0,20.547250328831442,1315.0240210452123,2097152.0,2,0.5,0.5,0.0,0.0,0.0,79.68894602311302,0.008000002708286047,0.0,58.524050217332196,21.156895803072537,0,0,0,18.22664763880414,61.46229838430888,0.0,1048576,1048576,0,8,4,0.25,2,0.5,0,1,1.0,0.241032865595602,3,3,0,1.0,0.0,0.0,1.0,0,0.5,0.5,0.0,0.9453125,0.0546875,0.0,256,1024,0,0.0,447.4956457202479,241.61120000644587,0.0,189.88721052933013,15.997235184471883,0,4269.2989130032765,0,3879.9534130107895,1.349427678818028e-06,1.0122492810907987e-06,1.674876171457344e-06,3.1222575393233115e-08,9.594872807825122e-08,7.968894602311303e-07,4.9606138950687855e-06,no_nsga2,nsga2
0,359,359,train,2.4538020491600037,0.3046875,0.658203125,8,64,512,2942.4527999944985,212.88069790297538,87.97512832527048,44.35991982731522,51.063600010820664,7.263213019610005,660.5364610621464,667.7996740817564,0.00790000194683671,0.0,12.179098742868128,655.6126753369415,0,2.7188192385603327,174.0044312678613,2097152.0,2,0.5,0.0,0.5,0.0,0.0,45.126018495729575,0.006100002792663872,0.0,24.773433789988907,20.346484702948004,0,0,0,18.483364472790804,0.0,26.64265402293877,1048576,0,1048576,8,4,0.25,2,0.5,0,1,1.0,0.2201412464909665,3,0,3,0.0,2.0,0.5,2.0,3,0.5,0.5,0.0,0.9365234375,0.0634765625,0.0,256,1024,0,0.0,1380.8629842222444,821.727300004568,0.0,190.2064050882064,368.9292791294701,0,5409.458598500776,0,2467.0057985062776,4.257613958059508e-06,3.5190051330108194e-05,1.774396793092609e-06,3.631606509805003e-08,3.9632187663728776e-06,4.512601849572958e-07,4.567285709768854e-05,no_nsga2,nsga2
0,360,360,train,2.5049278140068054,0.302734375,0.634765625,8,64,512,452.0868999970844,77.35199282839523,2.4051674871016084,42.04286905600267,36.878700004308484,7.312803020335269,13.695151285749077,21.007954306084347,0.006999995093792677,0.0,12.417107965817237,8.583846345173315,0,17.695673783907054,1132.5231221700515,2097152.0,2,0.5,0.0,0.5,0.0,0.0,45.59337285523962,0.005999987479299307,0.0,24.958450242937538,20.62892262482279,0,0,0,17.706082272117197,0.0,27.88729058312243,1048576,0,1048576,8,4,0.25,2,0.5,0,1,1.0,0.19776865982085054,3,3,0,1.0,0.0,0.0,1.0,0,0.5,0.5,0.0,0.943359375,0.056640625,0.0,256,1024,0,0.0,487.200117485998,279.6321999921929,0.0,189.68196910338295,17.8859483904221,0,5409.458598500776,0,4957.371698503692,1.5470398565679046e-06,9.620669948406436e-07,1.681714762240107e-06,3.656401510167635e-08,8.217090771449445e-08,4.559337285523963e-07,4.765490265017223e-06,no_nsga2,nsga2
0,361,361,train,2.383047103881836,0.306640625,0.67578125,8,64,512,388.7358000065433,67.12395615896392,2.2239626779569956,42.14040399828278,37.80140000162646,6.8925333918892955,12.844645885347559,19.737179277236855,0.006600006599910557,0.0,12.150459579421817,7.580119691215126,0,20.579476910509484,1317.086522272607,2097152.0,2,0.5,0.5,0.0,0.0,0.0,82.81518252113815,0.005400012014433742,0.0,61.80780554204707,21.001976967076637,0,0,0,18.94701619075277,63.86816633038538,0.0,1048576,1048576,0,8,4,0.25,2,0.5,0,1,1.0,0.17369072493825644,3,0,3,0.0,2.0,0.5,2.0,3,0.5,0.5,0.0,0.953125,0.046875,0.0,256,1024,0,0.0,445.95329134081476,240.27730006491765,0.0,191.3834472866563,14.292543989240855,0,5409.458598500776,0,5020.722798494233,1.3424791231792784e-06,8.895850711827982e-07,1.6856161599313113e-06,3.446266695944648e-08,7.706787531208534e-08,8.281518252113815e-07,4.857362721776301e-06,no_nsga2,nsga2
0,362,362,train,2.4484091997146606,0.279296875,0.677734375,8,64,512,373.0170999915572,63.83361528746157,2.223623263292105,41.58964629182308,41.984399998909794,5.661855011629088,13.111034205499728,18.772889217128814,0.00729998282622546,0.0,11.319742104656857,7.445847129645733,0,21.446680469878192,1372.5875500722043,2097152.0,2,0.5,0.5,0.0,0.0,0.0,77.28232382070054,0.00589998671784997,0.0,58.87247581160221,18.403948022380483,0,0,0,17.043152988814555,60.239170831885986,0.0,1048576,1048576,0,8,4,0.25,2,0.5,0,1,1.0,0.2201412464909665,3,3,0,1.0,0.0,0.0,1.0,0,0.5,0.5,0.0,0.9580078125,0.0419921875,0.0,256,1024,0,0.0,430.587539370307,226.9077999953879,0.0,190.29702417564218,13.382715199276927,0,5409.458598500776,0,5036.441498509219,1.2766723057492314e-06,8.894493053168419e-07,1.6635858516729233e-06,2.830927505814544e-08,7.866620523299836e-08,7.728232382070054e-07,4.709506181237145e-06,no_nsga2,nsga2
0,363,363,train,2.5051121711730957,0.2734375,0.630859375,8,64,512,405.0102000037441,68.11567637489419,2.1327190546274997,42.003575040987364,36.50029998971149,6.555642675638902,13.042055148368531,19.597697824007433,0.007099995855242014,0.0,12.332471489034699,7.258126339117491,0,19.752540176484118,1264.1625712949835,2097152.0,2,0.5,0.5,0.0,0.0,0.0,83.81130397944946,0.006000016583129764,0.0,63.40899279543961,20.396311167426735,0,0,0,17.44530052543837,66.36600345401109,0.0,1048576,1048576,0,8,4,0.25,2,0.5,0,1,1.0,0.19776865982085054,3,0,3,0.0,2.0,0.5,2.0,3,0.5,0.5,0.0,0.955078125,0.044921875,0.0,256,1024,0,0.0,449.00788188203626,244.12170001596678,0.0,191.35003112507857,13.536150740990841,0,5409.458598500776,0,5004.448398497032,1.362313527497884e-06,8.530876218509998e-07,1.6801430016394947e-06,3.2778213378194516e-08,7.825233089021118e-08,8.381130397944947e-07,4.84468773505128e-06,no_nsga2,nsga2
0,364,364,train,2.464980363845825,0.26953125,0.65625,8,64,512,335.6640999991214,55.773862520860376,2.214006776995046,42.72771889906972,41.39440000290051,6.191822834988654,13.233764532376068,19.42558736736472,0.006999995093792677,0.0,11.236184589091067,8.18240278317986,0,23.833279063033185,1525.3298600341238,2097152.0,2,0.5,0.5,0.0,0.0,0.0,82.7075257615274,0.00549999822396785,0.0,63.33409811446584,19.367927648837597,0,0,0,16.4157972011447,66.29172856038271,0.0,1048576,1048576,0,8,4,0.25,2,0.5,0,1,1.0,0.1859599251701455,3,3,0,1.0,0.0,0.0,1.0,0,0.5,0.5,0.0,0.9501953125,0.0498046875,0.0,256,1024,0,0.0,402.86235278770056,196.98970002355054,0.0,192.22456673293863,13.648086031211347,0,5409.458598500776,0,5073.794498501655,1.1154772504172074e-06,8.856027107980184e-07,1.7091087559627889e-06,3.0959114174943276e-08,7.940258719425639e-08,8.270752576152741e-07,4.647625676162489e-06,no_nsga2,nsga2
0,365,365,train,2.3796920776367188,0.3046875,0.681640625,8,64,512,372.40409999503754,59.6848219301564,2.298747231143731,41.02118385420458,38.13780000200495,6.35576956905216,14.656446365367259,21.01221593441942,0.007399998139590025,0.0,12.371073911353257,8.63374202492657,0,21.481982926943278,1374.8469073243698,2097152.0,2,0.5,0.5,0.0,0.0,0.0,79.35557607375193,0.006099988240748644,0.0,58.89061594450169,20.458860141009485,0,0,0,16.83706285831815,62.51851321543378,0.0,1048576,1048576,0,8,4,0.25,2,0.5,0,1,1.0,0.2091524583687337,3,0,3,0.0,2.0,0.5,2.0,3,0.5,0.5,0.0,0.9560546875,0.0439453125,0.0,256,1024,0,0.0,412.0190120620189,210.59719999902882,0.0,185.60774577074181,15.81406629224827,0,5409.458598500776,0,5037.054498505739,1.1936964386031282e-06,9.194988924574924e-07,1.6408473541681831e-06,3.17788478452608e-08,8.793867819220354e-08,7.935557607375194e-07,4.667315972003787e-06,no_nsga2,nsga2
0,366,366,train,2.391025185585022,0.30078125,0.6953125,8,64,512,197.1795999997994,27.671354669290476,2.3443699111761305,41.972029577364665,36.94550000363961,5.688950761486751,14.219245797159099,19.908196558645848,0.006399990525096655,0.0,11.633738465707584,8.26805810241317,0,40.57194267594347,2596.604331260382,2097152.0,2,0.5,0.5,0.0,0.0,0.0,83.41560470849866,0.005699999746866524,0.0,63.8390133736646,19.570891335087204,0,0,0,17.093613664526956,66.3219910439717,0.0,1048576,1048576,0,8,4,0.25,2,0.5,0,1,1.0,0.18595995617580352,3,3,0,1.0,0.0,0.0,1.0,0,0.5,0.5,0.0,0.953125,0.046875,0.0,256,1024,0,0.0,287.9510166313251,83.43659996171482,0.0,188.22956946987324,16.28484719973703,0,2096.5383944964487,0,1899.3587944966494,5.534270933858095e-07,9.377479644704523e-07,1.6788811830945866e-06,2.8444753807433758e-08,8.531547478295458e-08,8.341560470849867e-07,4.117972516626224e-06,no_nsga2,nsga2
0,367,367,train,2.3871766328811646,0.29296875,0.68359375,8,64,512,213.1610000069486,28.076787918992675,2.37698471223732,41.592690588045095,38.005400012480095,5.671457155735135,14.279820286260957,19.95127744199609,0.0069999805418774486,0.0,11.694253986773356,8.250023474680859,0,37.53014139358431,2401.9290491893958,2097152.0,2,0.5,0.5,0.0,0.0,0.0,83.23810194630227,0.006800008122809231,0.0,62.074514908529125,21.15678702965033,0,0,0,17.303447852112317,65.93465409418995,0.0,1048576,1048576,0,8,4,0.25,2,0.5,0,1,1.0,0.1035164684916355,3,0,3,0.0,2.0,0.5,2.0,3,0.5,0.5,0.0,0.9580078125,0.0419921875,0.0,256,1024,0,0.0,288.18585287710033,84.38170002773404,0.0,188.65870515316908,15.145447696197209,0,2096.5383944964487,0,1883.3773944895001,5.615357583798536e-07,9.50793884894928e-07,1.663707623521804e-06,2.835728577867568e-08,8.567892171756572e-08,8.323810194630229e-07,4.12245449375585e-06,no_nsga2,nsga2
0,368,368,train,2.4662340879440308,0.267578125,0.6796875,8,64,512,330.78639999439474,54.996111965117066,2.3000308808803975,40.79697175330256,41.88229999272153,5.612943706450452,13.053502413390198,18.66644611984065,0.006799993570894003,0.0,10.71976076065702,7.939885365612738,0,24.184718039851465,1547.8219545504937,2097152.0,2,0.5,0.5,0.0,0.0,0.0,77.59071277362675,0.005699999746866524,0.0,58.14008953895722,19.444923234922662,0,0,0,17.7028372619906,59.887875511636146,0.0,1048576,1048576,0,8,4,0.25,2,0.5,0,1,1.0,0.19776869931901056,3,3,0,1.0,0.0,0.0,1.0,0,0.5,0.5,0.0,0.9384765625,0.0615234375,0.0,256,1024,0,0.0,392.37245839720003,192.7953999984311,0.0,185.6359830117149,13.941075387054134,0,2096.5383944964487,0,1765.751994502054,1.0999222393023416e-06,9.200123523521589e-07,1.6318788701321022e-06,2.8064718532252263e-08,7.832101448034119e-08,7.759071277362675e-07,4.534106322535463e-06,no_nsga2,nsga2
0,369,369,train,2.510141134262085,0.25,0.638671875,8,64,512,397.4884000053862,68.46762485892809,2.253265140973525,41.32514641734168,39.143200003309175,6.488200029554745,14.220112479286644,20.708312508841388,0.006700007361359894,0.0,12.509269806703635,8.192342694776395,0,20.12632286519237,1288.0846633723118,2097152.0,2,0.5,0.5,0.0,0.0,0.0,82.44990630672794,0.006100002792663872,0.0,63.425025843717336,19.018780460217926,0,0,0,18.010306769834976,64.43959953689296,0.0,1048576,1048576,0,8,4,0.25,2,0.5,0,1,1.0,0.10351650354811201,3,0,3,0.0,2.0,0.5,2.0,3,0.5,0.5,0.0,0.962890625,0.037109375,0.0,256,1024,0,0.0,448.18414566897314,244.99540001852438,0.0,189.41561970010355,13.773125950345197,0,2096.5383944964487,0,1699.0499944910625,1.3693524971785617e-06,9.013060563894102e-07,1.653005856693667e-06,3.244100014777373e-08,8.532067487571986e-08,8.244990630672794e-07,4.865925148352412e-06,no_nsga2,nsga2
0,370,370,train,2.495631694793701,0.265625,0.650390625,8,64,512,357.2618999896804,55.412644056010215,2.2569832588685417,42.07061870868678,36.33979998994619,6.465510850151242,13.768567359270834,20.234078209422076,0.006799993570894003,0.0,12.739909829373278,7.487368386477905,0,22.392473442473545,1433.1183003183069,2097152.0,2,0.5,0.5,0.0,0.0,0.0,78.11998102794342,0.005599998985417187,0.0,57.060589352580315,21.053791676377692,0,0,0,18.308859777192897,59.811121250750524,0.0,1048576,1048576,0,8,4,0.25,2,0.5,0,1,1.0,0.13364216641330787,3,3,0,1.0,0.0,0.0,1.0,0,0.5,0.5,0.0,0.955078125,0.044921875,0.0,256,1024,0,0.0,398.9609840942622,193.90050000220072,0.0,188.77570001099863,16.2847840810628,0,2096.5383944964487,0,1739.2764945067684,1.1082528811202043e-06,9.027933035474168e-07,1.6828247483474713e-06,3.232755425075621e-08,8.2611404155625e-08,7.811998102794343e-07,4.590009701700908e-06,no_nsga2,nsga2
0,371,371,train,2.4514548778533936,0.248046875,0.68359375,8,64,512,193.16330000583548,27.255853857608887,2.1137840632642426,41.602494248989515,38.79800000868272,5.883236823079258,11.162288598722169,17.04552542180143,0.007199996616691351,0.0,11.123136669556137,5.9151887556285985,0,41.415520361465965,2650.593303133822,2097152.0,2,0.5,0.5,0.0,0.0,0.0,80.55456649978126,0.005699985194951296,0.0,59.29391007869948,21.25495643588682,0,0,0,18.340116986417144,62.214449513364116,0.0,1048576,1048576,0,8,4,0.25,2,0.5,0,1,1.0,0.17369072493825644,3,0,3,0.0,2.0,0.5,2.0,3,0.5,0.5,0.0,0.94140625,0.05859375,0.0,256,1024,0,0.0,283.8885286794506,81.04540000203997,0.0,189.61494276289253,13.228185914518097,0,2096.5383944964487,0,1903.3750944906133,5.451170771521778e-07,8.45513625305697e-07,1.664099769959581e-06,2.9416184115396294e-08,6.6973731592333e-08,8.055456649978125e-07,3.956666053122998e-06,no_nsga2,nsga2
0,372,372,train,2.6909844279289246,0.21875,0.583984375,8,64,512,382.8508000005968,66.42096363980843,2.1880608452140082,42.045605285758306,49.83619999256916,5.708990216370822,12.162460213019806,17.871450429390627,0.007599985110573471,0.0,11.136270060736468,6.727580383543585,0,20.89581399378958,1337.3320956025332,2097152.0,2,0.5,0.5,0.0,0.0,0.0,82.07931356784235,0.006799993570894003,0.0,62.547285474186594,19.52522810008486,0,0,0,17.832672730804568,64.24664083703779,0.0,1048576,1048576,0,8,4,0.25,2,0.5,0,1,1.0,0.18595995617580352,3,3,0,1.0,0.0,0.0,1.0,0,0.5,0.5,0.0,0.953125,0.046875,0.0,256,1024,0,0.0,442.618519083123,238.54199999186676,0.0,189.03878328592575,15.037735805330442,0,2096.5383944964487,0,1713.687594495852,1.3284192727961687e-06,8.752243380856036e-07,1.6818242114303323e-06,2.8544951081854114e-08,7.297476127811882e-08,8.207931356784237e-07,4.8077806703505e-06,no_nsga2,nsga2
0,373,373,train,2.547389030456543,0.224609375,0.6796875,8,64,512,410.2394999936223,70.36405405958853,2.2275803348860004,41.78727749046582,36.74670000327751,6.667694090296143,14.82580476677931,21.49349885707545,0.006600006599910557,0.0,12.836601807049295,8.650297043426246,0,19.500756264007016,1248.048400896449,2097152.0,2,0.5,0.5,0.0,0.0,0.0,81.68848705444117,0.00549999822396785,0.0,62.35685268431581,19.32613437190139,0,0,0,16.89904962901764,64.78943742542353,0.0,1048576,1048576,0,8,4,0.25,2,0.5,0,1,1.0,0.2201412464909665,3,0,3,0.0,2.0,0.5,2.0,3,0.5,0.5,0.0,0.947265625,0.052734375,0.0,256,1024,0,0.0,457.5156475397614,254.63170003786217,0.0,188.08505571545106,14.798891786448145,0,2096.5383944964487,0,1686.2988945028264,1.4072810811917707e-06,8.910321339544001e-07,1.6714910996186329e-06,3.333847045148072e-08,8.895482860067585e-08,8.168848705444119e-07,4.908982484361372e-06,no_nsga2,nsga2
0,374,374,train,2.598684012889862,0.21875,0.634765625,8,64,512,354.12709999945946,55.390183718059845,2.1758494953330283,41.60361190671308,36.66759999759961,6.688758519207976,13.25110108095237,19.939859600160347,0.007199996616691351,0.0,13.029827146819088,6.902832456724567,0,22.590695287982545,1445.8044984308829,2097152.0,2,0.5,0.5,0.0,0.0,0.0,84.12774998148922,0.006299989763647318,0.0,63.1784216647399,20.943028326985655,0,0,0,17.609706132207116,66.5180438492821,0.0,1048576,1048576,0,8,4,0.25,2,0.5,0,1,1.0,0.2091524583687337,3,3,0,1.0,0.0,0.0,1.0,0,0.5,0.5,0.0,0.953125,0.046875,0.0,256,1024,0,0.0,396.6785804804238,193.80999998247717,0.0,189.9548870513055,12.91369344664118,0,2096.5383944964487,0,1742.4112944969893,1.107803674361197e-06,8.703397981332114e-07,1.6641444762685233e-06,3.3443792596039884e-08,7.950660648571422e-08,8.412774998148921e-07,4.596515847659578e-06,no_nsga2,nsga2
0,375,375,train,2.5602840185165405,0.271484375,0.662109375,8,64,512,213.2564000057755,27.702550515275522,2.285247245524978,42.287839280967845,37.93960000621155,6.581223607866089,14.421116629421931,21.00234023728802,0.00650000583846122,0.0,12.298172376396723,8.697667855052837,0,37.513352407857084,2400.8545541028534,2097152.0,2,0.5,0.5,0.0,0.0,0.0,81.18348583245128,0.006800008122809231,0.0,61.986688770094204,19.18999705423427,0,0,0,17.540863795442352,63.642622037008934,0.0,1048576,1048576,0,8,4,0.25,2,0.5,0,1,1.0,0.25097720212391433,3,0,3,0.0,2.0,0.5,2.0,3,0.5,0.5,0.0,0.9501953125,0.0498046875,0.0,256,1024,0,0.0,289.10254816707334,83.42170000832994,0.0,189.75520548461247,15.925642674130959,0,2096.5383944964487,0,1883.2819944906732,5.540510103055105e-07,9.140988982099912e-07,1.6915135712387138e-06,3.290611803933045e-08,8.652669977653157e-08,8.11834858324513e-07,4.090931155894591e-06,no_nsga2,nsga2
0,376,376,train,2.578648626804352,0.244140625,0.65234375,8,64,512,326.73300000897143,51.76061621623938,2.218344685102587,41.20786512970435,43.45679999096319,6.596268908656478,13.297890740207286,19.894159648863763,0.006699992809444666,0.0,12.760695678202811,7.12676397785151,0,24.484749061255755,1567.0239399203683,2097152.0,2,0.5,0.5,0.0,0.0,0.0,79.3239947533256,0.008199989679269493,0.0,57.90676578214135,21.409028981504978,0,0,0,17.65468058208035,61.66931417124524,0.0,1048576,1048576,0,8,4,0.25,2,0.5,0,1,1.0,0.13364216641330787,3,3,0,1.0,0.0,0.0,1.0,0,0.5,0.5,0.0,0.9521484375,0.0478515625,0.0,256,1024,0,0.0,380.74730412418523,179.83690001710784,0.0,187.66294185195105,13.247462255126365,0,2096.5383944964487,0,1769.8053944874773,1.0352123243247877e-06,8.873378740410348e-07,1.6483146051881742e-06,3.298134454328239e-08,7.978734444124371e-08,7.93239947533256e-07,4.476873440071779e-06,no_nsga2,nsga2
0,377,377,train,2.5785887837409973,0.25,0.642578125,8,64,512,352.58380000595935,61.274328003545804,2.2197967263548772,41.241091889800785,36.69690000242554,6.779939871865432,14.219280679103882,20.999220550969312,0.006599992047995329,0.0,12.778060473457831,8.214560085463487,0,22.689577088589143,1452.1329336697052,2097152.0,2,0.5,0.5,0.0,0.0,0.0,84.29319762684088,0.006200003554113209,0.0,63.24330654296182,21.04369108032494,0,0,0,18.414455043539167,65.87874258330172,0.0,1048576,1048576,0,8,4,0.25,2,0.5,0,1,1.0,0.13364216641330787,3,0,3,0.0,2.0,0.5,2.0,3,0.5,0.5,0.0,0.958984375,0.041015625,0.0,256,1024,0,0.0,418.9408664788059,217.39680001337547,0.0,187.29523036005213,14.248836105378272,0,2096.5383944964487,0,1743.9545944904894,1.225486560070916e-06,8.87918690541951e-07,1.6496436755920315e-06,3.3899699359327165e-08,8.531568407462328e-08,8.42931976268409e-07,4.725196285907258e-06,no_nsga2,nsga2
0,378,378,train,2.4973649382591248,0.263671875,0.634765625,8,64,512,371.2862000102177,59.11177422183899,2.223097069783813,42.12544535653492,44.99519999080803,6.466799355076811,14.122896042212226,20.589695397289034,0.007200011168606579,0.0,12.704847832309323,7.877647553811107,0,21.546662529114503,1378.9864018633282,2097152.0,2,0.5,0.5,0.0,0.0,0.0,76.42776200205378,0.005599998985417187,0.0,56.62309219638322,19.799069806685154,0,0,0,17.00134985685977,59.42641214519402,0.0,1048576,1048576,0,8,4,0.25,2,0.5,0,1,1.0,0.19776865982085054,3,3,0,1.0,0.0,0.0,1.0,0,0.5,0.5,0.0,0.9560546875,0.0439453125,0.0,256,1024,0,0.0,413.84126659263086,208.10740001616068,0.0,190.58986155750992,15.144005018960275,0,2096.5383944964487,0,1725.252194486231,1.18223548443678e-06,8.892388279135254e-07,1.685017814261397e-06,3.2333996775384054e-08,8.473737625327335e-08,7.64277620020538e-07,4.637841119660898e-06,no_nsga2,nsga2
0,379,379,train,2.5103841423988342,0.263671875,0.66015625,8,64,512,292.5351000012597,50.44328560470619,2.2104767467919513,42.07571793287492,37.70060000533704,6.906594487550727,12.695776638447693,19.60237112599842,0.007099995855242014,0.0,11.952202773764542,7.643068356378637,0,27.34705220984881,1750.2113414303237,2097152.0,2,0.5,0.5,0.0,0.0,0.0,80.6501356448596,0.005800000508315861,0.0,59.186239188386175,21.45809645596512,0,0,0,18.463056624488324,62.187079020371286,0.0,1048576,1048576,0,8,4,0.25,2,0.5,0,1,1.0,0.241032865595602,3,0,3,0.0,2.0,0.5,2.0,3,0.5,0.5,0.0,0.943359375,0.056640625,0.0,256,1024,0,0.0,378.91792113749227,173.16479996952694,0.0,190.7289809396357,15.024140228329603,0,2096.5383944964487,0,1804.003294495189,1.008865712094124e-06,8.841906987167805e-07,1.6830287173149968e-06,3.4532972437753635e-08,7.617465983068615e-08,8.065013564485962e-07,4.493294116842938e-06,no_nsga2,nsga2
0,380,380,train,2.499134659767151,0.28515625,0.67578125,8,64,512,973.7473999994108,133.08309234238493,25.26552527237624,42.54136035605081,84.77899999707006,6.092613151005282,188.7875830003195,194.88019615132478,0.008000002708286047,0.0,10.975760148579948,183.89643600003654,0,8.215674603424088,525.8031746191416,2097152.0,2,0.5,0.5,0.0,0.0,0.0,82.93220571996376,0.007899987394921482,0.0,64.10593590285485,18.818369829713994,0,0,0,16.387288038739385,66.54491768122438,0.0,1048576,1048576,0,8,4,0.25,2,0.5,0,1,1.0,0.2877900422484528,3,3,0,1.0,0.0,0.0,1.0,0,0.5,0.5,0.0,0.9404296875,0.0595703125,0.0,256,1024,0,0.0,803.5599118832479,505.2854000387015,0.0,186.12342300537836,112.15108883916804,0,2262.188906996374,0,1288.4415069969632,2.6616618468476984e-06,1.0106210108950496e-05,1.7016544142420326e-06,3.046306575502641e-08,1.132725498001917e-06,8.293220571996377e-07,1.6462036990996806e-05,no_nsga2,nsga2
0,381,381,train,2.484249472618103,0.2578125,0.666015625,8,64,512,2829.1596999915782,228.0519707452453,5.2758220495849635,319.6762388800534,59.124299994437024,6.960797844535164,42.669375124924734,49.6301729694599,0.006400005077011883,0.0,12.826686392707135,36.797086571675756,0,2.827693739710089,180.9723993414457,2097152.0,2,0.5,0.5,0.0,0.0,0.0,77.6609421090075,0.005400012014433742,0.0,57.59076041519863,20.064781681794436,0,0,0,17.161602999376488,60.49933910963101,0.0,1048576,1048576,0,8,4,0.25,2,0.5,0,1,1.0,0.16091838189257093,3,0,3,0.0,2.0,0.5,2.0,3,0.5,0.5,0.0,0.9384765625,0.0615234375,0.0,256,1024,0,0.0,2212.0161266995347,882.7491999836639,0.0,188.78029534920998,1140.486631366661,0,2193.6465814946077,1,-635.5131184969705,4.5610394149049065e-06,2.1103288198339852e-06,1.2787049555202137e-05,3.480398922267582e-08,2.560162507495484e-07,7.766094210900751e-07,2.052584745100333e-05,no_nsga2,nsga2
0,382,382,train,2.560127019882202,0.25,0.65625,8,64,512,367.1128999994835,59.28454951050176,2.237123788314899,42.54097683252297,36.72480001114309,6.479221327014997,12.736237250203423,19.21545857721842,0.007199996616691351,0.0,12.295818049055747,6.912440531545983,0,21.791602006928247,1394.6625284434078,2097152.0,2,0.0,0.0,1.0,0.0,0.0,55.076507478440085,0.013100012438371778,0.0,34.352065674567555,20.711341791434155,0,0,0,0.0,0.0,27.538253739220043,0,0,2097152,8,4,0.25,2,0.5,0,1,1.0,0.19776865982085054,3,3,0,1.0,0.0,0.0,1.0,0,0.5,0.5,0.0,0.9501953125,0.0498046875,0.0,256,1024,0,0.0,416.25060052535855,208.69350005523302,0.0,194.38712155250803,13.169978917617467,0,2193.6465814946077,0,1826.5336814951243,1.1856909902100354e-06,8.948495153259597e-07,1.7016390733009187e-06,3.2396106635074984e-08,7.641742350122052e-08,5.507650747844008e-07,4.441758183757611e-06,no_nsga2,nsga2
0,383,383,train,2.4948185682296753,0.251953125,0.6640625,8,64,512,389.2564999987371,67.77364875457152,2.190134961314408,41.698664569474055,39.347099998849444,5.847702700616184,14.38359816419899,20.231300864815175,0.008100003469735384,0.0,12.092131056724142,8.131069804621296,0,20.551948260536932,1315.3246886743636,2097152.0,2,0.5,0.5,0.0,0.0,0.0,78.16310143408023,0.005600013537332416,0.0,58.78271812509219,19.37478329545071,0,0,0,17.26278491226084,60.90031652181939,0.0,1048576,1048576,0,8,4,0.25,2,0.5,0,1,1.0,0.19776865982085054,3,0,3,0.0,2.0,0.5,2.0,3,0.5,0.5,0.0,0.9482421875,0.0517578125,0.0,256,1024,0,0.0,446.6497931414399,244.61080000037327,0.0,188.18569382203466,13.853299319032008,0,2193.6465814946077,0,1804.3900814958706,1.3554729750914303e-06,8.760539845257633e-07,1.6679465827789624e-06,2.923851350308092e-08,8.630158898519394e-08,7.816310143408023e-07,4.796644659225233e-06,no_nsga2,nsga2
0,384,384,train,2.5778486728668213,0.240234375,0.6640625,8,64,512,467.84880000632256,76.53514036312974,2.1768361755453034,40.17837111227742,38.44420000677928,5.863542658338661,13.40290417788512,19.26644683622378,0.007399998139590025,0.0,12.116653514371565,7.142393323712625,0,17.09950501184758,1094.368320758245,2097152.0,2,0.0,0.5,0.5,0.0,0.0,87.94924276591918,0.005399982910603285,0.0,68.46668924834037,19.477153534668204,0,0,0,0.0,63.070856902953935,24.878385862965246,0,1048576,1048576,8,4,0.25,2,0.5,0,1,1.0,0.19776865982085054,3,3,0,1.0,0.0,0.0,1.0,0,0.5,0.5,0.0,0.953125,0.046875,0.0,256,1024,0,0.0,475.5613906038098,278.3290999941528,0.0,183.71012502547742,13.522165584179639,0,2193.6465814946077,0,1725.7977814882852,1.5307028072625948e-06,8.707344702181213e-07,1.6071348444910966e-06,2.9317713291693305e-08,8.041742506731071e-08,8.794924276591918e-07,4.997799687990009e-06,no_nsga2,nsga2
0,385,385,train,2.451115906238556,0.279296875,0.685546875,8,64,512,291.8923000106588,50.32650027664775,2.2118143851546685,41.675454743843254,39.663500007009134,5.7998025677367515,12.3339530538125,18.133755621549252,0.007099995855242014,0.0,10.895731617229597,7.230924008464415,0,27.407275191680906,1754.065612267578,2097152.0,2,0.0,0.5,0.5,0.0,0.0,88.12861654107401,0.005699985194951296,0.0,68.96142944616028,19.161487109718777,0,0,0,0.0,64.22588962714173,23.902726913932288,0,1048576,1048576,8,4,0.25,2,0.5,0,1,1.0,0.16091838189257093,3,0,3,0.0,2.0,0.5,2.0,3,0.5,0.5,0.0,0.962890625,0.037109375,0.0,256,1024,0,0.0,376.8550776225827,173.45620004925877,0.0,188.16223220064649,15.236645372677476,0,2193.6465814946077,0,1901.754281483949,1.0065300055329552e-06,8.847257540618674e-07,1.6670181897537303e-06,2.899901283868376e-08,7.4003718322875e-08,8.812861654107401e-07,4.542562845920852e-06,no_nsga2,nsga2
0,386,386,train,2.4770163893699646,0.3046875,0.654296875,8,64,512,214.1723000095226,27.74417663267088,2.3218331372310694,41.74295486081593,37.780800004838966,5.871850096524134,13.553156886804326,19.42500698332846,0.00689999433234334,0.0,11.189480574651991,8.228626414344124,0,37.35292867805793,2390.5874353957074,2097152.0,2,0.5,0.5,0.0,0.0,0.0,76.63346703894806,0.005800000508315861,0.0,58.03716714406331,18.590499894376432,0,0,0,15.97477128481998,60.658695754128075,0.0,1048576,1048576,0,8,4,0.25,2,0.5,0,1,1.0,0.17369072493825644,3,3,0,1.0,0.0,0.0,1.0,0,0.5,0.5,0.0,0.9560546875,0.0439453125,0.0,256,1024,0,0.0,287.23585852287147,83.99509993614629,0.0,186.93566176729797,16.30509681942723,0,2193.6465814946077,0,1979.4742814850852,5.548835326534177e-07,9.287332548924277e-07,1.669718194432637e-06,2.935925048262067e-08,8.131894132082594e-08,7.663346703894806e-07,4.0303478441714095e-06,no_nsga2,nsga2
0,387,387,train,2.399727940559387,0.29296875,0.6796875,8,64,512,404.504399994039,68.22419720490986,2.162043280969386,41.09635318293428,42.917500002658926,5.818675772231346,13.469412798563523,19.28808857079487,0.050699993153102696,0.0,11.370605546483864,7.866783031157903,0,19.77723906805173,1265.7433003553108,2097152.0,2,0.5,0.0,0.5,0.0,0.0,46.104624215299374,0.005800000508315861,0.0,25.531813238358772,20.567010976432286,0,0,0,18.1271370215932,0.0,27.977487193706175,1048576,0,1048576,8,4,0.25,2,0.5,0,1,1.0,0.17369072493825644,3,0,3,0.0,2.0,0.5,2.0,3,0.5,0.5,0.0,0.9541015625,0.0458984375,0.0,256,1024,0,0.0,445.9303746752541,244.70629999996163,0.0,188.18990376334614,13.034170911946287,0,2193.6465814946077,0,1789.1421815005688,1.3644839440981972e-06,8.648173123877546e-07,1.6438541273173712e-06,2.9093378861156735e-08,8.081647679138113e-08,4.610462421529938e-07,4.444111481608855e-06,no_nsga2,nsga2
0,388,388,train,2.4954258799552917,0.23828125,0.658203125,8,64,512,424.9444000015501,73.91079109088226,2.2393649203668557,42.42420401899418,40.418699994916096,5.531904558365063,13.078010608968434,18.609915167333497,0.00689999433234334,0.0,11.55264722332582,7.050367949675333,0,18.825947992308702,1204.860671507757,2097152.0,2,0.5,0.5,0.0,0.0,0.0,79.10976098890015,0.005699999746866524,0.0,60.12584079649304,18.97822019266024,0,0,0,17.663742420708765,61.44601856819138,0.0,1048576,1048576,0,8,4,0.25,2,0.5,0,1,1.0,0.2201412464909665,3,3,0,1.0,0.0,0.0,1.0,0,0.5,0.5,0.0,0.94921875,0.05078125,0.0,256,1024,0,0.0,474.29744012097314,267.0811999851139,0.0,192.15253816854212,15.063701967317144,0,2193.6465814946077,0,1768.7021814930577,1.4782158218176453e-06,8.957459681467424e-07,1.6969681607597673e-06,2.7659522791825312e-08,7.84680636538106e-08,7.910976098890015e-07,4.968155147058792e-06,no_nsga2,nsga2
0,389,389,train,2.389497995376587,0.296875,0.70703125,8,64,512,349.94040000310633,56.17278196663872,2.2517030872257786,41.31531427105616,38.246099997195415,6.456352766445641,13.243255640440397,19.69960840688604,0.006599992047995329,0.0,11.915812166236655,7.7771962486013875,0,22.860970436561626,1463.102107939944,2097152.0,2,0.5,0.5,0.0,0.0,0.0,80.60083994963371,0.007499998901039362,0.0,59.437355240063084,21.15598471066959,0,0,0,17.16454414730481,63.4362958023289,0.0,1048576,1048576,0,8,4,0.25,2,0.5,0,1,1.0,0.19776865982085054,3,0,3,0.0,2.0,0.5,2.0,3,0.5,0.5,0.0,0.9541015625,0.0458984375,0.0,256,1024,0,0.0,398.9591972996826,197.79090001247823,0.0,187.42155341898103,13.746743868223394,0,820.7023330027716,0,470.7619329996653,1.1234556393327747e-06,9.006812348903114e-07,1.6526125708422467e-06,3.2281763832228206e-08,7.945953384264238e-08,8.060083994963372e-07,4.594499142236541e-06,no_nsga2,nsga2
0,390,390,train,2.37647807598114,0.298828125,0.67578125,8,64,512,215.63520000199787,29.313319595753192,2.110476095844197,40.61361968181574,37.275599999702536,6.623054891943713,13.002596763212768,19.62565165515648,0.006100002792663872,0.0,12.390814578371092,7.228737073992724,0,37.099522250558486,2374.369424035743,2097152.0,2,0.5,0.5,0.0,0.0,0.0,85.69180353242739,0.006000002031214535,0.0,64.55483096779666,21.1309725625995,0,0,0,18.86787267979976,66.82393085262763,0.0,1048576,1048576,0,8,4,0.25,2,0.5,0,1,1.0,0.2091524583687337,3,3,0,1.0,0.0,0.0,1.0,0,0.5,0.5,0.0,0.939453125,0.060546875,0.0,256,1024,0,0.0,288.1496614936525,90.63450001121964,0.0,184.27000702884456,13.245154453588295,0,820.7023330027716,0,605.0671330007738,5.862663919150638e-07,8.441904383376788e-07,1.6245447872726299e-06,3.3115274459718566e-08,7.801558057927661e-08,8.569180353242739e-07,4.0230505078886415e-06,no_nsga2,nsga2
0,391,391,train,2.4541895389556885,0.287109375,0.64453125,8,64,512,472.8805999911856,77.27139853191757,2.0809874797183965,42.53627393548595,38.661700004013255,6.388667523927071,11.959950646553121,18.348618170480194,0.006399990525096655,0.0,11.513614011670704,6.828604168284392,0,16.91755399268891,1082.7234555320902,2097152.0,2,0.5,0.5,0.0,0.0,0.0,76.55966969365316,0.005799985956400633,0.0,57.04318768877518,19.510682018921592,0,0,0,17.16330850528118,59.39636118837198,0.0,1048576,1048576,0,8,4,0.25,2,0.5,0,1,1.0,0.2201412464909665,3,0,3,0.0,2.0,0.5,2.0,3,0.5,0.5,0.0,0.95703125,0.04296875,0.0,256,1024,0,0.0,487.55463978848763,280.4564000980463,0.0,193.97083961213278,13.127400078308586,0,823.193073995279,0,350.31247400409336,1.5454279706383516e-06,8.323949918873586e-07,1.701450957419438e-06,3.194333761963536e-08,7.175970387931872e-08,7.655966969365317e-07,4.948573658380634e-06,no_nsga2,nsga2
0,392,392,train,2.366873621940613,0.244140625,0.701171875,8,64,512,286.07659999397583,50.26560555992761,2.0693550561499787,42.146679081257645,37.04629999992903,6.6338176916813225,12.442418407274767,19.076236098956088,0.00689999433234334,0.0,12.419182312169943,6.6501537924538034,0,27.964440418153895,1789.7241867618493,2097152.0,2,0.5,0.0,0.5,0.0,0.0,45.66329558563343,0.005699999746866524,0.0,25.46416974156186,20.1934258443247,0,0,0,18.153953911144065,0.0,27.509341674489363,1048576,0,1048576,8,4,0.25,2,0.5,0,1,1.0,0.24103284089209526,3,3,0,1.0,0.0,0.0,1.0,0,0.5,0.5,0.0,0.9423828125,0.0576171875,0.0,256,1024,0,0.0,377.9265587893409,173.15840000810567,0.0,191.34096899942503,13.427189781810231,0,823.193073995279,0,537.1164740013031,1.0053121111985523e-06,8.277420224599916e-07,1.6858671632503059e-06,3.3169088458406613e-08,7.465451044364859e-08,4.5663295585633433e-07,4.083377851667239e-06,no_nsga2,nsga2
0,393,393,train,2.4024358987808228,0.2578125,0.697265625,8,64,512,321.8246000033105,55.056239544934016,2.220946087651421,42.523864820592856,38.06599999370519,6.199327878592732,13.33917353101735,19.53850140961008,0.00689999433234334,0.0,12.448486733986144,7.083114681291595,0,24.85818405968235,1590.9237798196705,2097152.0,2,0.5,0.5,0.0,0.0,0.0,77.35979602483602,0.006000002031214535,0.0,58.67706226669519,18.676733756109602,0,0,0,15.904808935959032,61.454987088876976,0.0,1048576,1048576,0,8,4,0.25,2,0.5,0,1,1.0,0.17369072493825644,3,0,3,0.0,2.0,0.5,2.0,3,0.5,0.5,0.0,0.9560546875,0.0439453125,0.0,256,1024,0,0.0,399.20420181271317,191.6910000727512,0.0,193.37504196554517,14.138159774416813,0,823.193073995279,0,501.3684739919685,1.1011247908986802e-06,8.883784350605684e-07,1.7009545928237145e-06,3.099663939296367e-08,8.003504118610409e-08,7.735979602483601e-07,4.575087459610391e-06,no_nsga2,nsga2
0,394,394,train,2.2033233642578125,0.310546875,0.734375,8,64,512,574.8670999892056,89.15355828530375,15.277217219780407,60.14225500752816,51.267899994854815,6.699550862887373,130.0667379660205,136.76628882890788,0.006900008884258568,0.0,12.559805524421538,124.19958329560207,0,13.916235741990583,890.6390874873973,2097152.0,2,0.5,0.5,0.0,0.0,0.0,77.55706847576678,0.005999987479299307,0.0,58.250651226880876,19.300417261406615,0,0,0,16.426269511120402,61.13079896464639,0.0,1048576,1048576,0,8,4,0.25,2,0.5,0,1,1.0,0.18595995617580352,3,3,0,1.0,0.0,0.0,1.0,0,0.5,0.5,0.0,0.9560546875,0.0439453125,0.0,256,1024,0,0.0,658.2921220504493,328.2935000024736,0.0,190.49500427294572,139.5036177750299,0,873.6763914942992,0,298.8092915050936,1.783071165706075e-06,6.110886887912163e-06,2.4056902003011267e-06,3.349775431443687e-08,7.804004277961229e-07,7.75570684757668e-07,1.188911712078759e-05,no_nsga2,nsga2
0,395,395,train,2.5204060673713684,0.2109375,0.646484375,8,64,512,451.70850001159124,75.29335553187987,2.1729572838047035,41.560541728484985,37.96229998988565,6.247738257764116,13.357571119475526,19.605309377239642,0.007000009645707905,0.0,12.563495212354473,7.034814155239461,0,17.710497564905573,1133.4718441539567,2097152.0,2,0.5,0.0,0.5,0.0,0.0,42.99853111988541,0.005399997462518513,0.0,23.034828971208942,19.958302151213957,0,0,0,17.131179478407688,0.0,25.867351641477725,1048576,0,1048576,8,4,0.25,2,0.5,0,1,1.0,0.20915249756217386,3,0,3,0.0,2.0,0.5,2.0,3,0.5,0.5,0.0,0.9501953125,0.0498046875,0.0,256,1024,0,0.0,476.10741817667827,273.55930001067463,0.0,188.6133193828509,13.934798783152706,0,873.6763914942992,0,421.96789148270796,1.5058671106375975e-06,8.691829135218816e-07,1.6624216691393995e-06,3.123869128882058e-08,8.014542671685316e-08,4.299853111988542e-07,4.578841122503407e-06,no_nsga2,nsga2
0,396,396,train,2.364763379096985,0.283203125,0.69140625,8,64,512,360.40700000012293,59.52268369008012,2.1295794201713965,41.21995382504082,36.71909999684431,5.53693401616067,12.43675162912256,17.97368564528323,0.006799993570894003,0.0,11.992273628110492,5.974612023601842,0,22.197065547926993,1420.6121950673275,2097152.0,2,0.0,0.5,0.5,0.0,0.0,85.33303756448028,0.006000016583129764,0.0,64.79031087248487,20.536726675412282,0,0,0,0.0,59.68274316613201,25.65029439834826,0,1048576,1048576,8,4,0.25,2,0.5,0,1,1.0,0.2091524583687337,3,3,0,1.0,0.0,0.0,1.0,0,0.5,0.5,0.0,0.951171875,0.048828125,0.0,256,1024,0,0.0,411.4888677411693,211.8223000288708,0.0,187.0763953096539,12.59017240264465,0,873.6763914942992,0,513.2693914941763,1.1904536738016024e-06,8.518317680685586e-07,1.648798153001633e-06,2.768467008080335e-08,7.462050977473535e-08,8.533303756448028e-07,4.646719150372136e-06,no_nsga2,nsga2
0,397,397,train,2.5067273378372192,0.248046875,0.677734375,8,64,512,215.46439999656286,27.915960517728685,2.181548452315913,40.66177868366409,38.563299996894784,6.365853674479482,13.564926811449054,19.930780485928537,0.006600006599910557,0.0,12.731270921282778,7.192909558045846,0,37.12893114220481,2376.251593101108,2097152.0,2,0.5,0.5,0.0,0.0,0.0,80.02007587088936,0.00589998671784997,0.0,59.060898876864584,20.953277007306923,0,0,0,19.26416550600524,60.755910364884116,0.0,1048576,1048576,0,8,4,0.25,2,0.5,0,1,1.0,0.20915249756217386,3,0,3,0.0,2.0,0.5,2.0,3,0.5,0.5,0.0,0.951171875,0.048828125,0.0,256,1024,0,0.0,283.0371506148347,82.84059999277815,0.0,186.39746675687897,13.799083865177618,0,873.6763914942992,0,658.2119914977363,5.583192103545737e-07,8.726193809263652e-07,1.6264711473465636e-06,3.1829268372397406e-08,8.138956086869431e-08,8.002007587088936e-07,3.970829326577488e-06,no_nsga2,nsga2
0,398,398,train,2.657783269882202,0.28515625,0.625,8,64,512,307.32149998948444,51.27265683087434,2.354048876541105,41.86217696187552,36.28309999476187,5.734921623108734,14.426283413574446,20.161205036683178,0.006499991286545992,0.0,10.946055911085802,9.208649134310832,0,26.03128635317536,1666.002326603223,2097152.0,2,0.5,0.0,0.5,0.0,0.0,41.097222123575975,0.005500012775883079,0.0,22.13721978640002,18.954502324400075,0,0,0,16.346887279903715,0.0,24.750334843672263,1048576,0,1048576,8,4,0.25,2,0.5,0,1,1.0,0.2091524583687337,3,3,0,1.0,0.0,0.0,1.0,0,0.5,0.5,0.0,0.951171875,0.048828125,0.0,256,1024,0,0.0,381.9555306771639,176.75040000176523,0.0,190.81665042402415,14.38848025137446,0,873.6763914942992,0,566.3548915048148,1.025453136617487e-06,9.416195506164422e-07,1.6744870784750209e-06,2.8674608115543673e-08,8.655770048144667e-08,4.1097222123575986e-07,4.1677642955417e-06,no_nsga2,nsga2
0,399,399,train,2.692010462284088,0.20703125,0.609375,8,64,512,349.48469999653753,55.02928431999838,2.1477592428097014,42.20608458677773,39.41750001104083,6.706462410515834,12.65392928332292,19.360391693838753,0.006299989763647318,0.0,11.706128132752465,7.647963571322641,0,22.890779222380942,1465.0098702323803,2097152.0,2,0.5,0.5,0.0,0.0,0.0,84.66851032916662,0.006300004315562546,0.0,63.36125272574695,21.300957599104102,0,0,0,17.666217910781626,67.002292418385,0.0,1048576,1048576,0,8,4,0.25,2,0.5,0,1,1.0,0.2091524583687337,3,0,3,0.0,2.0,0.5,2.0,3,0.5,0.5,0.0,0.9423828125,0.0576171875,0.0,256,1024,0,0.0,397.53251259834326,192.87300000723917,0.0,189.67786102645587,14.98165156464817,0,873.6763914942992,0,524.1916914977617,1.1005856863999677e-06,8.591036971238806e-07,1.6882433834711093e-06,3.353231205257917e-08,7.592357569993752e-08,8.466851032916663e-07,4.604073758039141e-06,no_nsga2,nsga2
0,400,400,val,2.5360949635505676,0.25390625,0.673828125,8,64,512,437.39789999381173,70.43755627723355,2.2515484694233407,83.25596425045975,0.0,0.0,0.0,0.0,0.0,0.0,0.0,0.0,0,18.289940830013936,1170.556213120892,0.0,0,0.0,0.0,0.0,0.0,0.0,0.0,0.0,0.0,0.0,0.0,0,0,0,0.0,0.0,0.0,0,0,0,8,4,0.25,2,0.5,2,1,1.0,0.2790043706260659,0,0,0,0.0,0.0,0.0,0.0,0,0.5,0.5,0.0,0.9423828125,0.0576171875,0.0,256,1024,0,0.0,623.7802759884667,255.07589998596814,150.0,201.3690213359258,17.335354666572677,0,873.6763914942992,0,436.27849150048746,1.4087511255446712e-06,9.006193877693363e-07,3.938285432492615e-06,0.0,0.0,0.0,6.247655945806622e-06,no_nsga2,nsga2
0,400,400,train,2.6190799474716187,0.234375,0.60546875,8,64,512,5459.511699998984,1055.6008141547454,190.56511615199543,148.62901830573455,37.444800007506274,6.1003975749975545,1175.5418937845286,1181.642291359526,0.005800000508315861,220.0,11.99558966076993,949.640901698248,0,1.4653322447627035,93.78126366481303,2097152.0,2,0.0,0.0,1.0,0.0,0.0,51.73737661909465,0.00549999822396785,0.0,33.8791187934265,17.852757827444176,0,0,0,0.0,0.0,25.868688309547323,0,0,2097152,8,4,0.25,2,0.5,0,1,1.0,0.14759074590838162,3,3,0,1.0,0.0,0.0,1.0,0,0.5,0.5,0.0,0.9443359375,0.0556640625,0.0,256,1024,0,0.0,5579.179794449901,3995.0108000048203,900.0,198.7286909604232,485.4403034846574,0,2193.6465814946077,1,-3265.8651185043764,2.111201628309491e-05,7.622604646079818e-05,6.5472654716414e-06,3.050198787498778e-08,7.05325136270717e-06,5.646299004092936e-07,0.00011153371146652593,no_nsga2,nsga2
0,401,401,train,2.6866615414619446,0.275390625,0.583984375,8,64,512,197.06230000883806,27.374933287901374,2.247385436864387,44.90568810079417,53.16510000557173,5.942085476603713,12.831645966605189,18.773731443208902,0.006200003554113209,0.0,11.104950121597703,7.662581318057086,0,40.59609272574451,2598.149934447649,2097152.0,2,0.5,0.5,0.0,0.0,0.0,78.12328581230193,0.005199995939619839,0.0,60.527898417533876,17.59018739882843,0,0,0,17.307934993778233,60.81535081852369,0.0,1048576,1048576,0,8,4,0.25,2,0.5,0,1,1.0,0.2201412464909665,3,0,3,0.0,2.0,0.5,2.0,3,0.5,0.5,0.0,0.9462890625,0.0537109375,0.0,256,1024,0,0.0,298.11202730223977,82.12499998626299,0.0,198.08810900738376,17.898918308593007,0,2193.6465814946077,0,1996.5842814857697,5.474986657580275e-07,8.989541747457547e-07,2.0932616800036167e-06,2.9710427383018568e-08,7.698987579963113e-08,9.028635597600665e-07,4.549278383450115e-06,no_nsga2,nsga2
0,402,402,train,2.542325258255005,0.24609375,0.619140625,8,64,512,348.394400003599,61.50452881704663,2.3248688764430416,42.79823457596355,37.276499992003664,6.078922555403397,14.142510150733205,20.221432706136603,0.007399998139590025,0.0,11.571071634293457,8.642961073703557,0,22.962415691818432,1469.5946042763796,2097152.0,2,0.5,0.5,0.0,0.0,0.0,78.8391017479013,0.005600013537332416,0.0,60.63898788066861,18.194513853695362,0,0,0,18.38389337556583,60.45520837233547,0.0,1048576,1048576,0,8,4,0.25,2,0.5,0,1,1.0,0.2307606283979408,3,3,0,1.0,0.0,0.0,1.0,0,0.5,0.5,0.0,0.94140625,0.05859375,0.0,256,1024,0,0.0,426.51052907781286,219.91900001012255,0.0,193.27304401081653,13.318485056873815,0,2193.6465814946077,0,1845.2521814910087,1.2300905763409329e-06,9.299475505772168e-07,2.0039527245771486e-06,3.039461277701699e-08,8.485506090439923e-08,9.09301434223684e-07,5.188541959400399e-06,no_nsga2,nsga2
0,403,403,train,2.646853506565094,0.244140625,0.6015625,8,64,512,179.72590000135824,22.15977191934989,2.2336220291078854,44.44988214721778,36.920099999406375,6.295636708958709,13.53271582686531,19.828352535824017,0.006200003554113209,0.0,12.247555958781609,7.574596573488297,0,44.51197900781431,2848.766656500116,2097152.0,2,0.5,0.5,0.0,0.0,0.0,80.31990447623895,0.006300004315562546,0.0,61.56130302186171,18.752301450061665,0,0,0,18.67629611957493,61.64360835666402,0.0,1048576,1048576,0,8,4,0.25,2,0.5,0,1,1.0,0.17369072493825644,3,0,3,0.0,2.0,0.5,2.0,3,0.5,0.5,0.0,0.9541015625,0.0458984375,0.0,256,1024,0,0.0,275.3731043827022,60.55579998064786,0.0,201.92111286947647,12.896191532577888,0,2193.6465814946077,0,2013.9206814932495,4.4319543838699783e-07,8.934488116431544e-07,2.0816567367461357e-06,3.147818354479355e-08,8.119629496119184e-08,9.264862614757174e-07,4.457461726757991e-06,no_nsga2,nsga2
0,404,404,train,2.6647614240646362,0.24609375,0.607421875,8,64,512,447.21929999650456,74.51722360049841,2.207353684601502,44.26302333242575,39.19989999849349,5.8995181094287314,13.859174367202979,19.75869247663171,0.00650000583846122,0.0,12.084945097067058,7.667247373726192,0,17.888275644156867,1144.8496412260395,2097152.0,2,0.5,0.5,0.0,0.0,0.0,79.34001397282981,0.006999995093792677,0.0,62.26573707685479,17.067276900881218,0,0,0,17.81358259943623,61.52643137339357,0.0,1048576,1048576,0,8,4,0.25,2,0.5,0,1,1.0,0.2307606283979408,3,3,0,1.0,0.0,0.0,1.0,0,0.5,0.5,0.0,0.947265625,0.052734375,0.0,256,1024,0,0.0,483.95040247010263,270.2804999862565,0.0,199.1130168622173,14.556885621628851,0,2193.6465814946077,0,1746.4272814981032,1.4903444720099686e-06,8.829414738406009e-07,2.0688061271052492e-06,2.9497590547143658e-08,8.315504620321786e-08,9.164530024750851e-07,5.471197712181266e-06,no_nsga2,nsga2
0,405,405,train,2.5752888321876526,0.236328125,0.619140625,8,64,512,384.3499999929918,67.20425300140145,2.1255413044430616,44.3822765700913,36.81979999237228,5.4443889284711435,13.279385884189853,18.723774812661,0.006599992047995329,0.0,11.560701963922146,7.156472856690854,0,20.814307755530418,1332.1156963539468,2097152.0,2,0.5,0.5,0.0,0.0,0.0,81.8310869811353,0.006200003554113209,0.0,64.18116268271521,17.643724294865986,0,0,0,19.087155765768266,62.743931215367034,0.0,1048576,1048576,0,8,4,0.25,2,0.5,0,1,1.0,0.18595995617580352,3,0,3,0.0,2.0,0.5,2.0,3,0.5,0.5,0.0,0.9609375,0.0390625,0.0,256,1024,0,0.0,454.84828350374323,241.1506000207737,0.0,200.361483956746,13.336199526223506,0,2193.6465814946077,0,1809.296581501616,1.3440850600280292e-06,8.502165217772248e-07,2.074324837258113e-06,2.722194464235572e-08,7.96763153051391e-08,9.437987322420869e-07,5.319323411252949e-06,no_nsga2,nsga2
0,406,406,train,2.646299183368683,0.2265625,0.615234375,8,64,512,179.69710000033956,23.20771834563567,2.1954240873569457,43.72934814260502,41.17219999898225,5.8979882033421225,14.678715847363918,20.57670405070604,0.006700007361359894,0.0,11.576220126716152,8.99378391662853,0,44.519112889812874,2849.223224948024,2097152.0,2,0.5,0.5,0.0,0.0,0.0,78.07867747567957,0.005600013537332416,0.0,59.896940435070285,18.176137027071963,0,0,0,18.19246101582153,59.88621645985805,0.0,1048576,1048576,0,8,4,0.25,2,0.5,0,1,1.0,0.241032865595602,3,3,0,1.0,0.0,0.0,1.0,0,0.5,0.5,0.0,0.9501953125,0.0498046875,0.0,256,1024,0,0.0,276.5299623023906,63.903800008120015,0.0,197.57528423788366,15.050878056386884,0,2193.6465814946077,0,2013.9494814942682,4.6415436691271346e-07,8.781696349427782e-07,2.045846854521359e-06,2.9489941016710616e-08,8.80722950841835e-08,9.005592076765118e-07,4.406292300154257e-06,no_nsga2,nsga2
0,407,407,train,2.574478328227997,0.2734375,0.61328125,8,64,512,181.52709999412764,21.883179368960484,2.2670977796426492,45.741355909414295,37.45600000547711,6.5815004257344984,13.39681623888037,19.97831666461487,0.00790000194683671,0.0,11.922361268709773,8.04805539395826,0,44.07031198067295,2820.4999667630686,2097152.0,2,0.5,0.0,0.5,0.0,0.0,42.86116222734937,0.006200003554113209,0.0,23.733221961818664,19.121740261976583,0,0,0,18.7844440700285,0.0,24.076718157320865,1048576,0,1048576,8,4,0.25,2,0.5,0,1,1.0,0.2201412464909665,3,0,3,0.0,2.0,0.5,2.0,3,0.5,0.5,0.0,0.951171875,0.048828125,0.0,256,1024,0,0.0,279.56653223206973,60.343599994666874,0.0,204.16948665182713,15.053445585575746,0,2193.6465814946077,0,2012.11948150048,4.3766358737920977e-07,9.068391118570598e-07,2.139290372386342e-06,3.2907502128672496e-08,8.038089743328221e-08,4.7676505858813533e-07,4.073846529772702e-06,no_nsga2,nsga2
0,408,408,train,2.515915870666504,0.22265625,0.6484375,8,64,512,445.36450000305194,75.92251841943714,2.1727450147030605,44.633805909315754,37.42500000225846,6.325748113114045,13.684213040913454,20.0099611540275,0.006999995093792677,0.0,11.66057918891634,8.342381970017366,0,17.962774395289216,1149.6175612985098,2097152.0,2,0.5,0.5,0.0,0.0,0.0,84.35516025814188,0.006599992047995329,0.0,66.25315449791583,18.09540576817804,0,0,0,18.372168043802205,65.98299221433967,0.0,1048576,1048576,0,8,4,0.25,2,0.5,0,1,1.0,0.2091524583687337,3,3,0,1.0,0.0,0.0,1.0,0,0.5,0.5,0.0,0.951171875,0.048828125,0.0,256,1024,0,0.0,490.9162773738238,275.83769998454954,0.0,203.12757206642715,11.951005322847157,0,2193.6465814946077,0,1748.2820814915558,1.5184503683887431e-06,8.690980058812241e-07,2.091292275176912e-06,3.1628740565570227e-08,8.210527824548072e-08,9.75517587010098e-07,5.568092255268028e-06,no_nsga2,nsga2
0,409,409,train,2.657043218612671,0.25,0.60546875,8,64,512,388.644500009832,68.19479634780109,2.402532137011675,44.03705095215612,37.06329999840818,6.618284198624917,14.47455827167844,21.092842470303356,0.007399998139590025,0.0,11.696647526257314,9.388794945906453,0,20.58431140923442,1317.395930191003,2097152.0,2,0.5,0.5,0.0,0.0,0.0,85.6796270321325,0.005799985956400633,0.0,67.34464154721456,18.329185498961525,0,0,0,19.223226818586525,66.45640021354598,0.0,1048576,1048576,0,8,4,0.25,2,0.5,0,1,1.0,0.19776865982085054,3,0,3,0.0,2.0,0.5,2.0,3,0.5,0.5,0.0,0.955078125,0.044921875,0.0,256,1024,0,0.0,458.5375177478756,245.66159999812953,0.0,197.8187265529005,15.05719119684556,0,1996.2008329895548,0,1607.5563329797228,1.363895926956022e-06,9.6101285480467e-07,2.056577333621272e-06,3.309142099312459e-08,8.684734963007064e-08,9.897090707484168e-07,5.491133956753576e-06,no_nsga2,nsga2
0,410,410,train,2.5375084280967712,0.23828125,0.62890625,8,64,512,179.16640000476036,21.646223034733055,2.466965003599646,45.59644537235609,40.99000000860542,5.929757102227363,15.565399490827154,21.495156593054517,0.006800008122809231,0.0,11.494081767965604,9.994274816966104,0,44.65098003201165,2857.6627220487458,2097152.0,2,0.5,0.5,0.0,0.0,0.0,78.51534646093288,0.005599998985417187,0.0,61.50164129294496,17.008105169002505,0,0,0,17.14449964884728,61.3708468120856,0.0,1048576,1048576,0,8,4,0.25,2,0.5,0,1,1.0,0.241032865595602,3,3,0,1.0,0.0,0.0,1.0,0,0.5,0.5,0.0,0.9365234375,0.0634765625,0.0,256,1024,0,0.0,278.8385336427551,59.17849999968894,0.0,202.54568174423665,17.114351898829575,0,581.8704924891059,0,402.70409248434555,4.329244606946611e-07,9.867860014398584e-07,2.129758916028362e-06,2.9648785511136815e-08,9.339239694496291e-08,9.078951582334999e-07,4.580405718852481e-06,no_nsga2,nsga2
0,411,411,train,2.60672789812088,0.232421875,0.642578125,8,64,512,383.3020000020042,67.79238083443876,2.09601042003503,45.19928132837007,42.19110000121873,5.704708480203754,12.675114188680169,18.379822668883925,0.006100017344579101,0.0,12.096563052413163,6.277159599126181,0,20.871216765739298,1335.757873007315,2097152.0,2,0.5,0.5,0.0,0.0,0.0,81.07639079390063,0.005299982149153948,0.0,63.35349449103669,17.717596320714783,0,0,0,18.144737755260422,62.931653038640206,0.0,1048576,1048576,0,8,4,0.25,2,0.5,0,1,1.0,0.19776865982085054,3,0,3,0.0,2.0,0.5,2.0,3,0.5,0.5,0.0,0.951171875,0.048828125,0.0,256,1024,0,0.0,460.35069033137546,244.78100003034342,0.0,202.92229509253656,12.647395208495492,0,581.8704924891059,0,198.5684924871017,1.3558476166887752e-06,8.38404168014012e-07,2.1163152606232196e-06,2.8523542401018776e-08,7.6050685132081e-08,9.366272140162866e-07,5.3517684868753946e-06,no_nsga2,nsga2
0,412,412,train,2.67388254404068,0.21484375,0.623046875,8,64,512,355.39389999757987,62.312144630550506,2.1508827606948993,43.66318748548511,38.780799994128756,5.548127257623552,11.809777496596276,17.357904754219827,0.00689999433234334,0.0,10.78474660227305,6.566258157614435,0,22.51017108026727,1440.6509491371053,2097152.0,2,0.5,0.5,0.0,0.0,0.0,79.75429877442457,0.006300004315562546,0.0,61.40269669769094,18.34530207241807,0,0,0,18.739682983784885,61.01461579063969,0.0,1048576,1048576,0,8,4,0.25,2,0.5,0,1,1.0,0.19776865982085054,3,3,0,1.0,0.0,0.0,1.0,0,0.5,0.5,0.0,0.9560546875,0.0439453125,0.0,256,1024,0,0.0,432.504859506922,222.30910003418103,0.0,196.50087250407285,13.6948869686682,0,581.8704924891059,0,226.47659249152605,1.2462428926110104e-06,8.603531042779597e-07,2.0400363991906417e-06,2.774063628811776e-08,7.085866497957764e-08,9.19572219325525e-07,5.1648039166728325e-06,no_nsga2,nsga2
0,413,413,train,2.6624085307121277,0.251953125,0.6015625,8,64,512,284.1770000086399,48.53947141312392,2.180695468914357,44.050687663691264,39.147900009993464,6.455965618985117,12.828187666356866,19.284153285341983,0.00689999433234334,0.0,12.726419704649626,6.550833586360014,0,28.151369915182656,1801.68767457169,2097152.0,2,0.5,0.5,0.0,0.0,0.0,81.85646612758012,0.005800000508315861,0.0,62.65407379921767,19.196592327854137,0,0,0,19.69886639998571,62.157599727594416,0.0,1048576,1048576,0,8,4,0.25,2,0.5,0,1,1.0,0.2201412464909665,3,0,3,0.0,2.0,0.5,2.0,3,0.5,0.5,0.0,0.9501953125,0.0498046875,0.0,256,1024,0,0.0,379.08341818291814,167.20760002499446,0.0,198.41914968835684,13.456668469566837,0,581.8704924891059,0,297.69349248046603,9.707894282624784e-07,8.722781875657429e-07,2.0598141851410694e-06,3.227982809492559e-08,7.696912599814119e-08,9.4287986073099e-07,4.955010615793347e-06,no_nsga2,nsga2
0,414,414,train,2.5034477710723877,0.23046875,0.6171875,8,64,512,337.1826999937184,54.30567468593966,2.262723137822555,45.21651859068183,41.67109999980312,6.385925376883106,12.542818686627502,18.928744063510607,0.007299997378140688,0.0,11.416385145807737,7.50505892032473,0,23.725939302964637,1518.4601153897368,2097152.0,2,0.5,0.5,0.0,0.0,0.0,77.98617882700898,0.006000016583129764,0.0,58.7708040724528,19.209374737973057,0,0,0,18.241204255052498,59.74497457195648,0.0,1048576,1048576,0,8,4,0.25,2,0.5,0,1,1.0,0.241032865595602,3,3,0,1.0,0.0,0.0,1.0,0,0.5,0.5,0.0,0.9443359375,0.0556640625,0.0,256,1024,0,0.0,407.13966565777616,189.06350001634564,0.0,202.83739827022922,15.238767371201313,0,581.8704924891059,0,244.6877924953875,1.0861134937187932e-06,9.050892551290219e-07,2.1119548236571324e-06,3.192962688441553e-08,7.5256912119765e-08,8.993517374140028e-07,5.10969584892313e-06,no_nsga2,nsga2
0,415,415,train,2.5979308485984802,0.251953125,0.62109375,8,64,512,183.52520000189543,22.729785203074375,2.092080175521221,44.29462027579915,37.481599996681325,6.228769077269458,12.483754575166877,18.712523652436335,0.00650000583846122,0.0,11.561603018380758,7.144420628217116,0,43.59050642315581,2789.7924110819717,2097152.0,2,0.5,0.5,0.0,0.0,0.0,81.73016236723001,0.005500012775883079,0.0,63.91132572827462,17.813336626179506,0,0,0,18.234956349562825,63.49520601766718,0.0,1048576,1048576,0,8,4,0.25,2,0.5,0,1,1.0,0.17369072493825644,3,0,3,0.0,2.0,0.5,2.0,3,0.5,0.5,0.0,0.955078125,0.044921875,0.0,256,1024,0,0.0,276.465942617579,63.62340001214761,0.0,198.02462763761304,14.817914967818314,0,581.8704924891059,0,398.3452924872105,4.5459570406148754e-07,8.368320702084885e-07,2.0686001428546053e-06,3.1143845386347296e-08,7.490252745100126e-08,9.442920357076344e-07,4.410366325669564e-06,no_nsga2,nsga2
0,416,416,train,2.6816952228546143,0.255859375,0.59375,8,64,512,465.2533000044059,76.34039439424659,2.206837127471796,44.76843028594213,39.603500001248904,6.665775551542825,13.277224871324256,19.94300042286708,0.006499991286545992,0.0,12.718624262698171,7.217876168882363,0,17.194897499978488,1100.4734399986232,2097152.0,2,0.5,0.0,0.5,0.0,0.0,44.478026803975055,0.006000002031214535,0.0,26.343664252047965,18.12836254989587,0,0,0,17.950446234515415,0.0,26.527580569459637,1048576,0,1048576,8,4,0.25,2,0.5,0,1,1.0,0.16091838189257093,3,3,0,1.0,0.0,0.0,1.0,0,0.5,0.5,0.0,0.9521484375,0.0478515625,0.0,256,1024,0,0.0,493.2626472306421,278.48009999434,0.0,201.6769794619067,13.105567774395393,0,581.8704924891059,0,116.61719248470001,1.526807887884932e-06,8.827348509887185e-07,2.0947091285088903e-06,3.332887775771413e-08,7.966334922794552e-08,4.978354291786697e-07,5.11507952354687e-06,no_nsga2,nsga2
0,417,417,train,2.5544875860214233,0.23046875,0.64453125,8,64,512,416.2804000079632,68.23364004275786,2.618698883719573,45.70751798726528,62.7803999959724,5.821144306631893,17.190557475300615,23.01170178193251,0.009000010322779417,0.0,11.523592942729415,11.479108828880312,0,19.21776951803988,1229.9372491545523,2097152.0,2,0.5,0.5,0.0,0.0,0.0,81.69865038336232,0.007800001185387373,0.0,63.73498902043406,17.955861361742876,0,0,0,19.079463202560593,62.61918718080173,0.0,1048576,1048576,0,8,4,0.25,2,0.5,0,1,1.0,0.2201412464909665,3,0,3,0.0,2.0,0.5,2.0,3,0.5,0.5,0.0,0.9560546875,0.0439453125,0.0,256,1024,0,0.0,466.2394276549709,244.8960000037914,0.0,203.54305396282035,17.800373688359056,0,581.8704924891059,0,165.59009248114273,1.364672800855157e-06,1.0474795534878291e-06,2.132461123727316e-06,2.9105721533159465e-08,1.0314334485180366e-07,9.422248781952266e-07,5.619087422650492e-06,no_nsga2,nsga2
0,418,418,train,2.5546725392341614,0.251953125,0.6328125,8,64,512,546.7804999934742,35.10147120341026,18.31747864136176,45.69705264662835,52.73820000002161,6.648842841442681,134.0427227511779,140.69156559262058,0.009499999578110874,0.0,11.733870477267917,128.94819511577455,0,14.631072924185398,936.3886671478655,2097152.0,2,0.5,0.5,0.0,0.0,0.0,77.48605033867042,0.008399991202168167,0.0,60.30375259208347,17.173897755384786,0,0,0,17.76546661210151,59.72058372656891,0.0,1048576,1048576,0,8,4,0.25,2,0.5,0,1,1.0,0.18595995617580352,3,3,0,1.0,0.0,0.0,1.0,0,0.5,0.5,0.0,0.9501953125,0.0498046875,0.0,256,1024,0,0.0,396.46400996560146,113.5935999918729,0.0,200.26984558870237,82.60056438502619,0,618.450942990239,0,71.67044299676479,7.020294240682052e-07,7.326991456544704e-06,2.130255759177862e-06,3.324421420721341e-08,8.042563365070674e-07,8.94301670839842e-07,1.1891078861344894e-05,no_nsga2,nsga2
0,419,419,train,2.4886491298675537,0.279296875,0.65234375,8,64,512,488.0874000082258,76.00243303938976,2.901343997545246,47.172721200537524,45.760300010442734,6.5548517092777905,17.26188886446028,23.81674057373807,0.007299997378140688,0.0,11.677794055318309,12.13164652104162,0,16.39047352869926,1048.9903058367527,2097152.0,2,0.5,0.5,0.0,0.0,0.0,80.34283640648076,0.006200003554113209,0.0,61.246420215119834,19.090216187806803,0,0,0,19.53450955193643,60.80832685454432,0.0,1048576,1048576,0,8,4,0.25,2,0.5,0,1,1.0,0.26061071707684524,3,0,3,0.0,2.0,0.5,2.0,3,0.5,0.5,0.0,0.9453125,0.0546875,0.0,256,1024,0,0.0,504.3059929498901,275.8467999956338,0.0,203.53610316922024,24.923089785036098,0,618.450942990239,0,130.3635429820132,1.5200486607877955e-06,1.1605375990180986e-06,2.1956114361357686e-06,3.2774258546388955e-08,1.0357133318676166e-07,9.250450177738961e-07,5.93758830544871e-06,no_nsga2,nsga2
0,420,420,train,2.507124662399292,0.24609375,0.6484375,8,64,512,386.02479999826755,66.21092423060296,2.2204434336827106,44.44079974350501,40.40480000548996,7.165580838737061,12.297636570145993,19.463217408883054,0.008100018021650612,0.0,11.841272715143049,7.613844675718356,0,20.724003421625973,1326.3362189840623,2097152.0,2,0.5,0.5,0.0,0.0,0.0,78.92443459555236,0.006000016583129764,0.0,61.226877545497736,17.69155703347149,0,0,0,17.291321530249775,61.63311306530258,0.0,1048576,1048576,0,8,4,0.25,2,0.5,0,1,1.0,0.2307606527190679,3,3,0,1.0,0.0,0.0,1.0,0,0.5,0.5,0.0,0.951171875,0.048828125,0.0,256,1024,0,0.0,451.4886696311627,236.81070002203342,0.0,200.33224205120564,14.345727557923654,0,618.450942990239,0,232.42614299197146,1.3242184846120591e-06,8.881773734730842e-07,2.0786052631874844e-06,3.582790419368531e-08,7.378581942087596e-08,9.125105720861286e-07,5.313125416973317e-06,no_nsga2,nsga2
0,421,421,train,2.4390465021133423,0.265625,0.650390625,8,64,512,436.66659999871626,72.37156798981921,2.2590690365740094,44.484995984980756,42.02260001329705,5.712275205809655,14.00740936411146,19.719684569921114,0.00689999433234334,0.0,12.018412943926371,7.6943716316624,0,18.320571528603267,1172.516577830609,2097152.0,2,0.5,0.5,0.0,0.0,0.0,78.87818327322717,0.00580001506023109,0.0,61.010024144226676,17.86235911394025,0,0,0,17.38951229895362,61.488670974273546,0.0,1048576,1048576,0,8,4,0.25,2,0.5,0,1,1.0,0.2790043706260659,3,0,3,0.0,2.0,0.5,2.0,3,0.5,0.5,0.0,0.951171875,0.048828125,0.0,256,1024,0,0.0,476.4625320454959,262.27290004317183,0.0,199.23105979909153,14.958572203232533,0,618.450942990239,0,181.78434299152275,1.4474313597963844e-06,9.036276146296037e-07,2.0776971664907587e-06,2.8561376029048278e-08,8.404445618466875e-08,9.117591746808186e-07,5.453121147811283e-06,no_nsga2,nsga2
0,422,422,train,2.5214515328407288,0.26171875,0.650390625,8,64,512,381.1132999981055,66.57611844683939,2.108332658678525,43.8633760865364,39.078100002370775,6.517905029727286,12.638611211482619,19.156516241209907,0.006599992047995329,0.0,12.627463466182228,6.522452782979684,0,20.99107800478693,1343.4289923063636,2097152.0,2,0.5,0.5,0.0,0.0,0.0,81.01190677357921,0.006699992809444666,0.0,62.3247115293316,18.680495251438163,0,0,0,17.720959569517646,63.29094720406157,0.0,1048576,1048576,0,8,4,0.25,2,0.5,0,1,1.0,0.2091524583687337,3,3,0,1.0,0.0,0.0,1.0,0,0.5,0.5,0.0,0.935546875,0.064453125,0.0,256,1024,0,0.0,450.1913087682173,238.38990001240745,0.0,199.7687568637503,12.032651892059548,0,618.450942990239,0,237.3376429921335,1.331522368936788e-06,8.4333306347141e-07,2.0549645171336908e-06,3.2589525148636435e-08,7.58316672688957e-08,9.367009621439153e-07,5.274942104103337e-06,no_nsga2,nsga2
0,423,423,train,2.6871012449264526,0.23828125,0.595703125,8,64,512,451.5157999994699,75.89234321038789,2.2150646335338844,44.750507057854456,36.50069999275729,5.821303613823459,12.853609289548473,18.674912903371933,0.006900008884258568,0.0,11.45892677081932,7.209086123668355,0,17.718056116648135,1133.9555914654807,2097152.0,2,0.5,0.5,0.0,0.0,0.0,81.41511770843412,0.005599998985417187,0.0,61.89281549428118,19.51670221516752,0,0,0,18.893833913104178,62.52128379532994,0.0,1048576,1048576,0,8,4,0.25,2,0.5,0,1,1.0,0.3126309493959079,3,0,3,0.0,2.0,0.5,2.0,3,0.5,0.5,0.0,0.9423828125,0.0576171875,0.0,256,1024,0,0.0,491.4316596071049,275.73569999367464,0.0,202.9973241738774,12.698635439552891,0,572.4054655001236,0,120.88966550065368,1.517846864207758e-06,8.860258534135538e-07,2.096357003184345e-06,2.91065180691173e-08,7.712165573729083e-08,9.39193744675001e-07,5.545651639287066e-06,no_nsga2,nsga2
0,424,424,train,2.579027473926544,0.265625,0.640625,8,64,512,448.1054999923799,75.25131176738985,2.2382117220226103,44.43009405482959,38.61629999300931,6.498275380528126,13.649105685044482,20.14738106557261,0.008500006515532732,0.0,12.414035581024692,7.724845478032382,0,17.852898808957338,1142.5855237732696,2097152.0,2,0.0,0.5,0.5,0.0,0.0,93.10231603624018,0.005599984433501959,0.0,73.79204323445225,19.304672817354437,0,0,0,0.0,65.53994718477188,27.562368851468307,0,1048576,1048576,8,4,0.25,2,0.5,0,1,1.0,0.2201412464909665,3,3,0,1.0,0.0,0.0,1.0,0,0.5,0.5,0.0,0.9541015625,0.0458984375,0.0,256,1024,0,0.0,487.6784701769682,273.3843000169145,0.0,198.9861716978014,15.307998462252272,0,572.4054655001236,0,124.29996550774365,1.5050262353477972e-06,8.95284688809044e-07,2.0751908914229694e-06,3.249137690264063e-08,8.189463411026688e-08,1.0621030547319456e-06,5.651990881324664e-06,no_nsga2,nsga2
0,425,425,train,2.4909186363220215,0.283203125,0.671875,8,64,512,400.55919998849276,69.17710165878816,2.083282793274028,44.67510517130301,39.17859999637585,5.570997808480716,11.73815908944437,17.309156897925085,0.00890000956133008,0.0,10.625771101299772,6.674485787063983,0,19.972029173716766,1278.209867117873,2097152.0,2,0.5,0.5,0.0,0.0,0.0,84.24258593606288,0.005900015821680427,0.0,66.96368776283127,17.272998157409937,0,0,0,19.231095914285255,65.01149002177763,0.0,1048576,1048576,0,8,4,0.25,2,0.5,0,1,1.0,0.25097720212391433,3,0,3,0.0,2.0,0.5,2.0,3,0.5,0.5,0.0,0.9501953125,0.0498046875,0.0,256,1024,0,0.0,463.74195849346074,250.41390000842512,0.0,200.75359189175032,12.57446659328539,0,572.4054655001236,0,171.8462655116308,1.3835420331757634e-06,8.333131173096113e-07,2.0911746456250487e-06,2.7854989042403584e-08,7.042895453666621e-08,9.72448839404184e-07,5.3787625790936776e-06,no_nsga2,nsga2
0,426,426,train,2.419555962085724,0.27734375,0.6796875,8,64,512,183.02109999058302,21.99653618883277,2.1365168166439776,44.01242992863682,43.75620000064373,6.351074983651781,14.297261334652756,20.648336318304537,0.006999995093792677,0.0,12.74841624376376,7.892920079446984,0,43.71056828881114,2797.476370483913,2097152.0,2,0.5,0.5,0.0,0.0,0.0,83.3272570594733,0.005800000508315861,0.0,65.49481119916172,17.82664585980326,0,0,0,18.333747131966025,64.99350992750728,0.0,1048576,1048576,0,8,4,0.25,2,0.5,0,1,1.0,0.18595995617580352,3,3,0,1.0,0.0,0.0,1.0,0,0.5,0.5,0.0,0.947265625,0.052734375,0.0,256,1024,0,0.0,272.5819317364543,60.26710002333857,0.0,198.9700325663723,13.34479914674342,0,572.4054655001236,0,389.38436550954054,4.399307237766555e-07,8.54606726657591e-07,2.057063074987076e-06,3.1755374918258904e-08,8.578356800791652e-08,9.632595904497473e-07,4.432399058797245e-06,no_nsga2,nsga2
0,427,427,train,2.537318229675293,0.23828125,0.658203125,8,64,512,402.7350000105798,68.2941569580151,2.2645141342648323,45.29668016099555,36.726100006490014,5.918059939745972,13.140355893196844,19.058415832942817,0.007099995855242014,0.0,11.899736169647968,7.1515796674396075,0,19.864129354688533,1271.304278700066,2097152.0,2,0.5,0.5,0.0,0.0,0.0,76.3101642732515,0.006100002792663872,0.0,59.122149453510524,17.181914816948304,0,0,0,16.879361215179536,59.43080305807196,0.0,1048576,1048576,0,8,4,0.25,2,0.5,0,1,1.0,0.25097720212391433,3,0,3,0.0,2.0,0.5,2.0,3,0.5,0.5,0.0,0.94140625,0.05859375,0.0,256,1024,0,0.0,463.4214050131019,245.77289997250773,0.0,205.14256755429423,12.505937486299935,0,572.4054655001236,0,169.67046548954374,1.365883139160302e-06,9.058056537059329e-07,2.1236562287565064e-06,2.959029969872986e-08,7.884213535918105e-08,8.819632488486588e-07,5.3857407055293114e-06,no_nsga2,nsga2
0,428,428,train,2.5406206250190735,0.28125,0.638671875,8,64,512,339.40170001005754,55.297684320070516,2.1215638847758735,44.05418809548568,39.64540000015404,6.464360227524593,13.04881773585453,19.513177963379125,0.006999995093792677,0.0,11.846530991054781,7.65964697723055,0,23.570820148934985,1508.532489531839,2097152.0,2,0.5,0.5,0.0,0.0,0.0,85.70285221563823,0.005900015821680427,0.0,66.96513449422666,18.7318177055899,0,0,0,18.579843502109398,67.12300871352883,0.0,1048576,1048576,0,8,4,0.25,2,0.5,0,1,1.0,0.26994862967019156,3,3,0,1.0,0.0,0.0,1.0,0,0.5,0.5,0.0,0.94921875,0.05078125,0.0,256,1024,0,0.0,405.89374520132833,194.23659997119103,0.0,199.41660846554328,12.240536764594006,0,572.4054655001236,0,233.00376549006603,1.1059536864014106e-06,8.486255539103495e-07,2.0612884351996454e-06,3.2321801137622964e-08,7.829290641512717e-08,9.9127453958344e-07,5.117756922647596e-06,no_nsga2,nsga2
0,429,429,train,2.605122983455658,0.25390625,0.611328125,8,64,512,181.3767999992706,23.55428800250572,2.236539078864274,45.20519968443669,37.69260000262875,6.639043162640435,14.104405487130593,20.74344864977103,0.006600006599910557,0.0,12.594610466390776,8.142238176780342,0,44.1068311559197,2822.837193978861,2097152.0,2,0.5,0.5,0.0,0.0,0.0,84.92649348118476,0.006100002792663872,0.0,67.45424634668717,17.466147131704915,0,0,0,17.49962560096423,67.42686788022053,0.0,1048576,1048576,0,8,4,0.25,2,0.5,0,1,1.0,0.20915248176767423,3,0,3,0.0,2.0,0.5,2.0,3,0.5,0.5,0.0,0.9404296875,0.0595703125,0.0,256,1024,0,0.0,283.98410706322676,65.71589998202398,0.0,202.124660235005,16.14354684619777,0,572.4054655001236,0,391.028665500853,4.7108576005011454e-07,8.946156315457097e-07,2.1129070116222734e-06,3.319521581320218e-08,8.462643292278355e-08,9.841186705722885e-07,4.580548722526372e-06,no_nsga2,nsga2
0,430,430,train,2.434991717338562,0.298828125,0.63671875,8,64,512,354.52180000720546,62.739930219921554,2.098162243089246,44.43517728973805,39.20839999045711,5.774050407922735,11.86233639367847,17.636386801601205,0.006999995093792677,0.0,10.792027938911588,6.837358867595824,0,22.56554444407357,1444.1948444207085,2097152.0,2,0.5,0.0,0.5,0.0,0.0,42.85231569850097,0.006000002031214535,0.0,24.99217247282624,17.85414322364352,0,0,0,16.787310245975,0.0,26.065005452525973,1048576,0,1048576,8,4,0.25,2,0.5,0,1,1.0,0.241032865595602,3,3,0,1.0,0.0,0.0,1.0,0,0.5,0.5,0.0,0.9482421875,0.0517578125,0.0,256,1024,0,0.0,437.0930790109954,221.7831000161823,0.0,202.91004900684766,12.39992998796546,0,525.5932605071575,0,171.07146049995208,1.2547986043984312e-06,8.392648972356982e-07,2.0770810984982153e-06,2.8870252039613677e-08,7.117401836207081e-08,4.806531678900616e-07,4.751842038424092e-06,no_nsga2,nsga2
0,431,431,train,2.537392020225525,0.291015625,0.646484375,8,64,512,285.1373000012245,49.38927066566595,2.1736081667085165,42.949664311330125,39.875900009064935,6.516787877207348,12.602162912017402,19.11895078922475,0.007399998139590025,0.0,12.755140051637198,6.356410739447961,0,28.056560623268236,1795.6198798891671,2097152.0,2,0.5,0.5,0.0,0.0,0.0,81.84644472914925,0.006000002031214535,0.0,63.926215186891966,17.91422954022607,0,0,0,17.993308919162736,63.85313580998652,0.0,1048576,1048576,0,8,4,0.25,2,0.5,0,1,1.0,0.2201412464909665,3,0,3,0.0,2.0,0.5,2.0,3,0.5,0.5,0.0,0.955078125,0.044921875,0.0,256,1024,0,0.0,378.05017257481836,170.39740001200698,0.0,195.67775491230998,11.975017650501407,0,525.5932605071575,0,240.45596050593304,9.87785413313319e-07,8.694432666834066e-07,2.01043590920929e-06,3.258393938603674e-08,7.561297747210441e-08,9.461707189114655e-07,4.922032224975622e-06,no_nsga2,nsga2
0,432,432,train,2.5229896306991577,0.279296875,0.66796875,8,64,512,135.29639999615029,13.728811398056465,2.10848714079057,54.03959861250687,35.415000005741604,6.1371282464471975,11.870146156207392,18.007274402654588,0.006700021913275123,0.0,11.933340063383307,6.0672343173580074,0,59.129000263328265,3784.256016853009,2097152.0,2,0.5,0.5,0.0,0.0,0.0,84.48619220214815,0.006699992809444666,0.0,65.50897967364573,18.970512535692976,0,0,0,18.11178977606748,66.37440242608066,0.0,1048576,1048576,0,8,4,0.25,2,0.5,0,1,1.0,0.2201412464909665,3,3,0,1.0,0.0,0.0,1.0,0,0.5,0.5,0.0,0.9345703125,0.0654296875,0.0,256,1024,0,0.0,279.5075886054156,69.50880000658799,0.0,197.8037098694444,12.195078729383265,0,525.5932605071575,0,390.29686051100725,2.745762279611293e-07,8.433948563162279e-07,2.541980058869838e-06,3.068564123223599e-08,7.122087693724435e-08,9.776107268736428e-07,4.7394683881903175e-06,no_nsga2,nsga2
0,433,433,train,2.5886237025260925,0.26953125,0.630859375,8,64,512,181.2348999956157,22.476594957580815,2.257325138746525,44.34875473771959,44.16059999493882,6.62452327795052,14.353219430544971,20.97774270849549,0.007399998139590025,0.0,12.728581602946207,8.241761107409694,0,44.1413649293188,2825.047355476403,2097152.0,2,0.5,0.5,0.0,0.0,0.0,85.00793015178901,0.006300004315562546,0.0,67.94443482387302,17.057195323600418,0,0,0,18.67074841931928,66.33718173246973,0.0,1048576,1048576,0,8,4,0.25,2,0.5,0,1,1.0,0.16091838189257093,3,0,3,0.0,2.0,0.5,2.0,3,0.5,0.5,0.0,0.955078125,0.044921875,0.0,256,1024,0,0.0,276.3306993361877,62.03040000400506,0.0,199.36627492109582,14.934024411086869,0,525.5932605071575,0,344.35836051154183,4.4953189915161634e-07,9.029300554986102e-07,2.0741641990615596e-06,3.3122616389752604e-08,8.611931658326983e-08,9.827536649828295e-07,4.528621751667638e-06,no_nsga2,nsga2
0,434,434,train,2.4881353974342346,0.28125,0.65234375,8,64,512,177.43250000057742,21.98482052075715,2.320432015456052,43.95126291724547,44.088900001952425,6.715160887998958,14.64920301817207,21.36436390617103,0.007200011168606579,0.0,13.002671859251773,8.35449203575065,0,45.08731440215047,2885.58812173763,2097152.0,2,0.5,0.5,0.0,0.0,0.0,83.75410938570982,0.005599998985417187,0.0,66.29692021621979,17.451589170504622,0,0,0,18.772567833319854,64.98154155238997,0.0,1048576,1048576,0,8,4,0.25,2,0.5,0,1,1.0,0.20915248176767423,3,3,0,1.0,0.0,0.0,1.0,0,0.5,0.5,0.0,0.9541015625,0.0458984375,0.0,256,1024,0,0.0,273.0260618138347,62.373900014790706,0.0,196.24460535522388,14.40755644382012,0,525.5932605071575,0,348.1607605065801,4.39696410415143e-07,9.281728061824208e-07,2.056163831304351e-06,3.357580443999479e-08,8.78952181090324e-08,9.67504176961878e-07,4.51300824741282e-06,no_nsga2,nsga2
0,435,435,train,2.59617418050766,0.259765625,0.619140625,8,64,512,407.8219000075478,70.66856988507877,2.276813373478577,44.01528796446787,40.03880001255311,5.9690931498453645,13.024627391428975,18.99372054127434,0.006599992047995329,0.0,11.375483618872693,7.6116369303536535,0,19.61635798247705,1255.4469108785313,2097152.0,2,0.5,0.5,0.0,0.0,0.0,76.73584379465765,0.005900015821680427,0.0,59.99911068056495,16.730833098271027,0,0,0,16.808168744888135,59.92767504976952,0.0,1048576,1048576,0,8,4,0.25,2,0.5,0,1,1.0,0.2877900422484528,3,0,3,0.0,2.0,0.5,2.0,3,0.5,0.5,0.0,0.9462890625,0.0537109375,0.0,256,1024,0,0.0,467.8426848921009,254.62120001611765,0.0,199.47290350076398,13.748581375219256,0,525.5932605071575,0,117.77136049960973,1.4133713977015756e-06,9.107253493914309e-07,2.0595036257169645e-06,2.9845465749226827e-08,7.814776434857384e-08,8.872137880461155e-07,5.378807390953887e-06,no_nsga2,nsga2
0,436,436,train,2.5362353920936584,0.291015625,0.654296875,8,64,512,342.61310000147205,56.23469539518207,2.170666680472303,44.5915222432895,41.79600000497885,6.341868531050057,12.895060201085453,19.23692873213551,0.007199996616691351,0.0,12.770245221896538,6.45948351362228,0,23.349885483305062,1494.392670931524,2097152.0,2,0.5,0.5,0.0,0.0,0.0,80.6562617365234,0.006100002792663872,0.0,62.79798557978316,17.852176153947582,0,0,0,18.03454004585739,62.621721690666014,0.0,1048576,1048576,0,8,4,0.25,2,0.5,0,1,1.0,0.1859599251701455,3,3,0,1.0,0.0,0.0,1.0,0,0.5,0.5,0.0,0.9462890625,0.0537109375,0.0,256,1024,0,0.0,411.98753727577554,197.72349997947458,0.0,201.59225575351837,12.6717815427826,0,525.5932605071575,0,182.9801605056855,1.1246939079036415e-06,8.682666721889214e-07,2.0860654402412187e-06,3.170934265525029e-08,7.737036120651272e-08,9.31806060746566e-07,5.119911784942111e-06,no_nsga2,nsga2
0,437,437,train,2.4600303769111633,0.279296875,0.6796875,8,64,512,183.31209999450948,22.688262413022237,2.0581511166410307,44.7236458825327,40.641200001118705,6.5078448624344505,13.728387860454669,20.23623272288912,0.007199996616691351,0.0,12.65973552085728,7.569297205415148,0,43.6411800369947,2793.0355223676606,2097152.0,2,0.5,0.5,0.0,0.0,0.0,78.36903591018867,0.005900001269765198,0.0,59.253450032108,19.109685876810914,0,0,0,18.246722775046628,60.12231313514205,0.0,1048576,1048576,0,8,4,0.25,2,0.5,0,1,1.0,0.2963165802149685,3,0,3,0.0,2.0,0.5,2.0,3,0.5,0.5,0.0,0.92578125,0.07421875,0.0,256,1024,0,0.0,277.8802376487839,63.325999974040315,0.0,200.10582851234926,14.448409162394281,0,525.5932605071575,0,342.28116051264806,4.537652482604448e-07,8.232604466564123e-07,2.088899672024825e-06,3.2539224312172255e-08,8.237032716272801e-08,9.039349853721708e-07,4.384769903788753e-06,no_nsga2,nsga2
0,438,438,train,2.6456212401390076,0.23046875,0.619140625,8,64,512,355.52470000402536,56.39720606392969,2.2864419281473602,45.65185316329254,36.89689999737311,6.7850998404637695,14.021947006589029,20.8070468470528,0.00689999433234334,0.0,12.345075060581301,8.455071792139154,0,22.50188945527545,1440.1209251376288,2097152.0,2,0.0,0.5,0.5,0.0,0.0,92.21877074868041,0.007000009645707905,0.0,74.14972905177672,18.062041687257974,0,0,0,0.0,66.06432050024567,26.154450248434735,0,1048576,1048576,8,4,0.25,2,0.5,0,1,1.0,0.17369070345169255,3,3,0,1.0,0.0,0.0,1.0,0,0.5,0.5,0.0,0.94921875,0.05078125,0.0,256,1024,0,0.0,417.3420046214784,198.24509999307338,0.0,204.958539186056,14.138365442349006,0,525.5932605071575,0,170.06856050313218,1.127944121278594e-06,9.14576771258944e-07,2.1350391781033744e-06,3.3925499202318847e-08,8.413168203953416e-08,1.0543163484872953e-06,5.349933600370061e-06,no_nsga2,nsga2
0,439,439,train,2.50370991230011,0.24609375,0.638671875,8,64,512,179.27739999140613,23.36082237392548,2.2269004754136894,44.891849511138545,58.058100010384806,6.037663469371565,13.829163746956883,19.86682721632845,0.007000009645707905,0.0,12.247453769985736,7.6123734366970055,0,44.62333443618131,2855.893403915604,2097152.0,2,0.5,0.5,0.0,0.0,0.0,82.36177311216656,0.005799985956400633,0.0,63.47153889245918,18.884434233750977,0,0,0,19.25603955311371,63.10573355905285,0.0,1048576,1048576,0,8,4,0.25,2,0.5,0,1,1.0,0.18595995617580352,3,0,3,0.0,2.0,0.5,2.0,3,0.5,0.5,0.0,0.953125,0.046875,0.0,256,1024,0,0.0,281.9182894419109,65.24209999770392,0.0,202.12602117094394,14.55016827326302,0,525.5932605071575,0,346.3158605157514,4.672164474785097e-07,8.907601901654757e-07,2.100570538679789e-06,3.0188317346857825e-08,8.29749824817413e-08,9.498291982397713e-07,4.521539674392145e-06,no_nsga2,nsga2
0,440,440,train,2.501366376876831,0.27734375,0.62890625,8,64,512,167.26180000114255,21.286603841994143,2.046203118633522,44.28604741012606,37.590599997201934,6.289407475178599,11.555795742854778,17.845203218033376,0.006700007361359894,0.0,11.13443057127548,6.704072639396538,0,47.828925498947484,3061.051231932639,2097152.0,2,0.5,0.5,0.0,0.0,0.0,81.0872501077076,0.006100017344579101,0.0,63.12995357277241,17.95119651759061,0,0,0,17.152055754145366,63.93519435356224,0.0,1048576,1048576,0,8,4,0.25,2,0.5,0,1,1.0,0.17369070345169255,3,3,0,1.0,0.0,0.0,1.0,0,0.5,0.5,0.0,0.9501953125,0.0498046875,0.0,256,1024,0,0.0,270.4754174830149,57.0471999963047,0.0,201.35070811887573,12.07750936783445,0,525.5932605071575,0,358.331460506015,4.257320768398828e-07,8.184812474534086e-07,2.0740879352128316e-06,3.1447037375893e-08,6.933477445712867e-08,9.387428897842005e-07,4.357825961123345e-06,no_nsga2,nsga2
0,441,441,train,2.6645572185516357,0.24609375,0.591796875,8,64,512,342.38859999459237,57.548724111873625,2.200797770223761,45.07191721118691,47.408300000824966,6.390587047444339,13.00825703721338,19.398844084657718,0.007599999662488699,0.0,11.710484168331778,7.680759916663452,0,23.36519567220018,1495.3725230208115,2097152.0,2,0.5,0.5,0.0,0.0,0.0,80.59937736739337,0.006400005077011883,0.0,62.74129772879043,17.85167963352594,0,0,0,18.291611423980008,62.30776594341337,0.0,1048576,1048576,0,8,4,0.25,2,0.5,0,1,1.0,0.24103284089209526,3,0,3,0.0,2.0,0.5,2.0,3,0.5,0.5,0.0,0.9384765625,0.0615234375,0.0,256,1024,0,0.0,419.2857563731372,204.12340000621043,0.0,200.2994888503283,14.862867516598449,0,525.5932605071575,0,183.20466051256517,1.1509744822374725e-06,8.803191080895044e-07,2.107957977832e-06,3.19529352372217e-08,7.804954222328026e-08,9.306093055607604e-07,5.179863351180239e-06,no_nsga2,nsga2
0,442,442,train,2.567568004131317,0.23828125,0.673828125,8,64,512,2944.010299994261,112.72058440120432,32.52240172265391,50.082198007028126,167.34649999125395,6.010144125974135,300.5419723756995,306.55211650167365,0.010200004908256233,0.0,10.944958467478703,295.5969580292867,0,2.717380874188762,173.91237594808078,2097152.0,2,0.5,0.5,0.0,0.0,0.0,78.81986491704802,0.005399997462518513,0.0,59.41492506142405,19.399539858161443,0,0,0,18.715302701201644,60.10456221584637,0.0,1048576,1048576,0,8,4,0.25,2,0.5,0,1,1.0,0.19776865982085054,3,3,0,1.0,0.0,0.0,1.0,0,0.5,0.5,0.0,0.94140625,0.05859375,0.0,256,1024,0,0.0,781.3007365235454,420.8363000070676,0.0,200.85879186212247,159.6056446543554,0,572.4054655001236,1,-2371.6048344941373,2.2544116880240862e-06,1.3008960689061566e-05,2.3060990481220123e-06,3.005072062987068e-08,1.8032518342541969e-06,9.084077736021729e-07,2.0311181753693902e-05,no_nsga2,nsga2
0,443,443,train,2.5169381499290466,0.271484375,0.630859375,8,64,512,400.956600002246,66.9911583364813,2.385445110714631,44.80374130228988,38.18930000124965,6.6858387745614,14.994097916227263,21.679936690788665,0.009800001862458885,0.0,12.391673897543397,9.278462791382807,0,19.95223435085203,1276.94299845453,2097152.0,2,0.5,0.5,0.0,0.0,0.0,83.67202192502833,0.005800000508315861,0.0,65.88003393584935,17.786187988670655,0,0,0,16.862161210030997,66.80986071499733,0.0,1048576,1048576,0,8,4,0.25,2,0.5,0,1,1.0,0.18595995617580352,3,0,3,0.0,2.0,0.5,2.0,3,0.5,0.5,0.0,0.951171875,0.048828125,0.0,256,1024,0,0.0,456.72137899794325,241.01910000899807,0.0,199.84782382623774,15.854455162707465,0,572.4054655001236,0,171.4488654978776,1.3398231667296262e-06,9.541780442858525e-07,2.094378997918923e-06,3.342919387280701e-08,8.996458749736357e-08,9.703399406802779e-07,5.48211393098485e-06,no_nsga2,nsga2
0,444,444,train,2.349247455596924,0.32421875,0.69140625,8,64,512,346.93590000097174,61.645347777802236,2.173846358051505,43.83021564721831,37.9767999984324,6.590831583796206,13.313133991390941,19.903965575187147,0.007099995855242014,0.0,12.501127842776107,7.395737736555798,0,23.058948183308242,1475.7726837317275,2097152.0,2,0.5,0.0,0.5,0.0,0.0,42.24929952250274,0.005800000508315861,0.0,25.039152840812157,17.204346681182262,0,0,0,17.70097231505656,0.0,24.548327207446178,1048576,0,1048576,8,4,0.25,2,0.5,0,1,1.0,0.13364216641330787,3,3,0,1.0,0.0,0.0,1.0,0,0.5,0.5,0.0,0.9541015625,0.0458984375,0.0,256,1024,0,0.0,430.59763913228824,219.01350004191045,0.0,197.47052447323662,14.113614617141112,0,572.4054655001236,0,225.46956549915183,1.232906955556045e-06,8.695385432206022e-07,2.0493637988425106e-06,3.295415791898103e-08,7.987880394834564e-08,4.7158964963991973e-07,4.736231909126404e-06,no_nsga2,nsga2
0,445,445,train,2.4243940711021423,0.306640625,0.66015625,8,64,512,179.05350000364706,22.57969872336927,2.243282113771463,44.56172759584694,36.65569999429863,6.281813026111555,13.169769768729719,19.451582794841272,0.006699992809444666,0.0,12.560149995247102,6.884732806784728,0,44.67913400577507,2859.4645763696044,2097152.0,2,0.5,0.5,0.0,0.0,0.0,83.4346825309865,0.008899995009414852,0.0,65.74994493936997,17.675837596607114,0,0,0,18.225445042177043,65.20923748880946,0.0,1048576,1048576,0,8,4,0.25,2,0.5,0,1,1.0,0.16091838189257093,3,0,3,0.0,2.0,0.5,2.0,3,0.5,0.5,0.0,0.95703125,0.04296875,0.0,256,1024,0,0.0,277.5388337319507,62.357100017834455,0.0,200.29967262244276,14.8820610916735,0,572.4054655001236,0,393.3519654964765,4.5159397446738547e-07,8.973128455085853e-07,2.0815873149681435e-06,3.140906513055778e-08,7.90186186123783e-08,9.64765300287484e-07,4.505687118974534e-06,no_nsga2,nsga2
0,446,446,train,2.3432299494743347,0.306640625,0.689453125,8,64,512,180.24959998729173,21.988053475681653,2.066770993640675,45.33536432074599,39.461099993786775,5.57368952796638,13.233080724859668,18.80677025282605,0.008200004231184721,0.0,11.984983896035066,6.813586352559796,0,44.38265393049469,2840.48985155166,2097152.0,2,0.5,0.0,0.5,0.0,0.0,42.984884280021184,0.006099988240748644,0.0,25.699213059770045,17.279571232010383,0,0,0,18.18643216334234,0.0,24.798452116678845,1048576,0,1048576,8,4,0.25,2,0.5,0,1,1.0,0.14759070521249812,3,3,0,1.0,0.0,0.0,1.0,0,0.5,0.5,0.0,0.9501953125,0.0498046875,0.0,256,1024,0,0.0,277.5607551602733,60.232199990423396,0.0,203.77633952015293,13.552215649696915,0,572.4054655001236,0,392.15586551283184,4.3976106951363313e-07,8.267083974562702e-07,2.121161321028782e-06,2.78684476398319e-08,7.9398484349158e-08,4.794457470335696e-07,3.974343467021245e-06,no_nsga2,nsga2
0,447,447,train,2.363722503185272,0.291015625,0.69140625,8,64,512,370.01759999839123,62.87295970653734,2.3257777951351115,44.61528504859156,39.605600002687424,5.922609361496749,13.242956359035091,19.16556572053184,0.006699992809444666,0.0,11.176732104278585,7.98213362344381,0,21.62053475159028,1383.714224101778,2097152.0,2,0.5,0.5,0.0,0.0,0.0,78.05556450455902,0.00689999433234334,0.0,60.35721071887005,17.691453791356615,0,0,0,18.607189679174915,59.44837482538409,0.0,1048576,1048576,0,8,4,0.25,2,0.5,0,1,1.0,0.2091524583687337,3,0,3,0.0,2.0,0.5,2.0,3,0.5,0.5,0.0,0.9599609375,0.0400390625,0.0,256,1024,0,0.0,439.256090201056,222.5544000248192,0.0,202.43491506877214,14.266775107464643,0,572.4054655001236,0,202.38786550173234,1.257459194130747e-06,9.303111180540447e-07,2.086700098435696e-06,2.961304680748375e-08,7.945773815421054e-08,8.994523946963582e-07,5.28299359027854e-06,no_nsga2,nsga2
0,448,448,train,2.4894787669181824,0.263671875,0.66015625,8,64,512,468.810599995777,77.30720145458591,2.1155096684943206,45.39574949887477,39.45399999793153,6.141942768014822,12.488478075493788,18.63042084350861,0.007000009645707905,0.0,11.830303904146731,6.793116929716171,0,17.064424173958287,1092.1231471333303,2097152.0,2,0.5,0.5,0.0,0.0,0.0,86.70134031072742,0.006300004315562546,0.0,68.3393282606579,18.35571204575396,0,0,0,18.711077467812448,67.99026284291497,0.0,1048576,1048576,0,8,4,0.25,2,0.5,0,1,1.0,0.16091838189257093,3,3,0,1.0,0.0,0.0,1.0,0,0.5,0.5,0.0,0.9501953125,0.0498046875,0.0,256,1024,0,0.0,499.27384248781993,281.53859995654784,0.0,203.5674205558221,14.167821975450082,0,527.3541240028862,0,58.54352400710923,1.5461440290917185e-06,8.462038673977282e-07,2.1227633773740276e-06,3.0709713840074115e-08,7.493086845296271e-08,1.002993928793104e-06,5.623745784949615e-06,no_nsga2,nsga2
0,449,449,train,2.522396147251129,0.25,0.6875,8,64,512,463.9558999915607,75.71315162445214,2.2411015307132014,44.32115974161576,35.986100003356114,6.740739930362643,13.640376936740058,20.3811168671027,0.006800008122809231,0.0,11.493736942365281,8.880579916614613,0,17.242980975486127,1103.550782431112,2097152.0,2,0.5,0.0,0.5,0.0,0.0,41.690645264138766,0.006600021151825786,0.0,23.806592812080705,17.87745243090624,0,0,0,17.71769830781432,0.0,23.97294695632445,1048576,0,1048576,8,4,0.25,2,0.5,0,1,1.0,0.18595995617580352,3,0,3,0.0,2.0,0.5,2.0,3,0.5,0.5,0.0,0.9443359375,0.0556640625,0.0,256,1024,0,0.0,489.1016515871244,273.04450000519864,0.0,201.53074630727588,14.52640527464989,0,513.2885834932677,0,49.332683501706924,1.514263032489043e-06,8.964406122852805e-07,2.0744457398189017e-06,3.370369965181322e-08,8.184226162044034e-08,4.6485234655403654e-07,5.065547692419516e-06,no_nsga2,nsga2
0,450,450,train,2.5349488258361816,0.251953125,0.654296875,8,64,512,448.2510999951046,74.19803508950778,2.029454816504693,43.73381545045075,39.81589998875279,6.2456092347061,12.61836962738764,18.863978862093738,0.006999995093792677,0.0,11.86429962876971,6.992679238230238,0,17.847099879927768,1142.2143923153772,2097152.0,2,0.5,0.5,0.0,0.0,0.0,79.70259573249825,0.008500006515532732,0.0,62.639927679987316,17.0541680459954,0,0,0,17.779069765776974,61.92352596672128,0.0,1048576,1048576,0,8,4,0.25,2,0.5,0,1,1.0,0.18595995617580352,3,3,0,1.0,0.0,0.0,1.0,0,0.5,0.5,0.0,0.958984375,0.041015625,0.0,256,1024,0,0.0,479.84522142585286,269.2288000253029,0.0,198.6243727687662,11.992048631783788,0,513.2885834932677,0,65.03748349816306,1.4839607017901557e-06,8.117819266018775e-07,2.0475390274522932e-06,3.12280461735305e-08,7.571021776432583e-08,9.20873009258425e-07,5.371092929040609e-06,no_nsga2,nsga2
0,451,451,train,2.5641483068466187,0.251953125,0.62890625,8,64,512,452.7691999974195,76.3927140115778,2.2460536132442224,45.21304979358348,39.70520000439137,6.623979444250717,13.074421220179103,19.69840066442982,0.006699992809444666,0.0,12.59340042040889,7.098300251211485,0,17.6690073685185,1130.816471585184,2097152.0,2,0.5,0.5,0.0,0.0,0.0,79.1525151349346,0.006000002031214535,0.0,61.12291718344044,18.023597949462946,0,0,0,18.23396023158928,60.918554903345324,0.0,1048576,1048576,0,8,4,0.25,2,0.5,0,1,1.0,0.2091524583687337,3,0,3,0.0,2.0,0.5,2.0,3,0.5,0.5,0.0,0.94921875,0.05078125,0.0,256,1024,0,0.0,495.40726967362207,276.25759998045396,0.0,205.50646836720696,13.64320132596103,0,513.2885834932677,0,60.51938349584816,1.527854280231556e-06,8.984214452976891e-07,2.116519096219137e-06,3.311989722125359e-08,7.844652732107461e-08,9.133622611560366e-07,5.567723507446747e-06,no_nsga2,nsga2
0,452,452,train,2.377675950527191,0.29296875,0.69140625,8,64,512,449.9844999954803,76.28407317397793,2.234566945385801,45.278233098593276,36.62310000800062,6.286064199447054,12.881165999776748,19.167230199223802,0.006699992809444666,0.0,11.406360955166267,7.75416925124809,0,17.778350635921278,1137.8144406989618,2097152.0,2,0.5,0.5,0.0,0.0,0.0,85.45865750326305,0.005699999746866524,0.0,67.15838119571914,18.294576307797023,0,0,0,18.9784151247459,66.48024237851715,0.0,1048576,1048576,0,8,4,0.25,2,0.5,0,1,1.0,0.2790043706260659,3,3,0,1.0,0.0,0.0,1.0,0,0.5,0.5,0.0,0.9404296875,0.0595703125,0.0,256,1024,0,0.0,495.187492871828,276.2247999635292,0.0,203.47372364028283,15.488969268016001,0,513.2885834932677,0,63.30408349778736,1.5256814634795586e-06,8.938267781543203e-07,2.1170368175133247e-06,3.1430320997235275e-08,7.728699599866048e-08,9.875470597896647e-07,5.632809435932765e-06,no_nsga2,nsga2
0,453,453,train,2.4906792640686035,0.2734375,0.65234375,8,64,512,440.95249999372754,73.78723273042442,2.1698294346418816,44.186177620946744,42.65220000525005,5.969317403580304,11.940509077851466,17.90982648143177,0.00750001345295459,0.0,10.97147300152536,6.9308534664534545,0,18.14250255438226,1161.1201634804647,2097152.0,2,0.5,0.5,0.0,0.0,0.0,82.76568324729999,0.006199989002197981,0.0,64.51484544558451,18.24463781271328,0,0,0,18.36168252346645,64.40400072383355,0.0,1048576,1048576,0,8,4,0.25,2,0.5,0,1,1.0,0.14759070521249812,3,0,3,0.0,2.0,0.5,2.0,3,0.5,0.5,0.0,0.9501953125,0.0498046875,0.0,256,1024,0,0.0,480.5729591440521,266.27899998857174,0.0,199.17621346782778,15.117745687652624,0,513.2885834932677,0,72.33608349954011,1.4757446546084882e-06,8.679317738567528e-07,2.063501935531623e-06,2.984658701790152e-08,7.16430544671088e-08,9.56464833920667e-07,5.465132839402542e-06,no_nsga2,nsga2
0,454,454,train,2.378890872001648,0.275390625,0.712890625,8,64,512,356.5480999968713,56.00464526999789,2.220979342677092,44.49554038977857,38.42919999442529,6.298798523018068,13.010684233806897,19.309482756824963,0.007299997378140688,0.0,12.08460606980655,7.217576689640273,0,22.43730246428949,1435.9873577145274,2097152.0,2,0.5,0.5,0.0,0.0,0.0,85.96146029956654,0.005399997462518513,0.0,67.22305750147825,18.733002800625776,0,0,0,19.674967820034553,66.28649247953199,0.0,1048576,1048576,0,8,4,0.25,2,0.5,0,1,1.0,0.2877900422484528,3,3,0,1.0,0.0,0.0,1.0,0,0.5,0.5,0.0,0.9462890625,0.0537109375,0.0,256,1024,0,0.0,410.8846600098142,194.9987999687437,0.0,203.18278232986324,12.70307771120726,0,513.2885834932677,0,156.74048349639634,1.1200929053999578e-06,8.883917370708367e-07,2.0829653963820953e-06,3.149399261509034e-08,7.806410540284138e-08,9.921875879547293e-07,5.19319572482555e-06,no_nsga2,nsga2
0,455,455,train,2.374081254005432,0.28125,0.720703125,8,64,512,183.95289999898523,22.250576059032372,2.0590857241922453,45.259771852356884,36.409699998330325,6.47233658944821,12.925923511771126,19.398260101219336,0.007599999662488699,0.0,12.708196719610271,6.682463381946577,0,43.48915679441497,2783.306034842558,2097152.0,2,0.0,0.5,0.5,0.0,0.0,89.95161349575692,0.005999987479299307,0.0,71.21650883885569,18.729104669421922,0,0,0,0.0,62.21184271719894,27.739770778557975,0,1048576,1048576,8,4,0.25,2,0.5,0,1,1.0,0.19776865982085054,3,0,3,0.0,2.0,0.5,2.0,3,0.5,0.5,0.0,0.953125,0.046875,0.0,256,1024,0,0.0,278.277734542326,61.799400005838834,0.0,202.6605781401015,13.817756396385693,0,513.2885834932677,0,329.3356834942824,4.450115211806475e-07,8.236342896768982e-07,2.1158562832320483e-06,3.236168294724105e-08,7.755554107062674e-08,1.0239398203919671e-06,4.51835913849943e-06,no_nsga2,nsga2
0,456,456,train,2.5066762566566467,0.267578125,0.64453125,8,64,512,386.72460000088904,66.94573215812368,2.2499807422066,44.50596513759638,42.01059999468271,6.0569304394138745,13.05219719948559,19.109127638899466,0.006599992047995329,0.0,11.358775471116676,7.743752175734792,0,20.68650226409012,1323.9361449017676,2097152.0,2,0.5,0.5,0.0,0.0,0.0,84.44565829845877,0.006100002792663872,0.0,66.45101815543241,17.988540140233702,0,0,0,17.901622618826995,66.54403567963178,0.0,1048576,1048576,0,8,4,0.25,2,0.5,0,1,1.0,0.2307606527190679,3,3,0,1.0,0.0,0.0,1.0,0,0.5,0.5,0.0,0.9501953125,0.0498046875,0.0,256,1024,0,0.0,454.80671215170656,239.90599997341633,0.0,203.27497261065452,11.62573956763571,0,513.2885834932677,0,126.56398349237861,1.3389146431624735e-06,8.999922968826402e-07,2.0843405999188686e-06,3.028465219706937e-08,7.831318319691353e-08,9.77544654343851e-07,5.409390029701817e-06,no_nsga2,nsga2
0,457,457,train,2.508309245109558,0.26953125,0.640625,8,64,512,387.1784000075422,68.83396277282586,2.466734764138706,44.81636483409834,53.935500007355586,6.407953983189428,15.708865517718683,22.11681950090811,0.007900016498751938,0.0,12.664218369894282,9.444701114515077,0,20.662256307655213,1322.3844036899336,2097152.0,2,0.5,0.5,0.0,0.0,0.0,79.94487935798792,0.006100002792663872,0.0,61.7319706327781,18.206808722417144,0,0,0,18.14765528613277,61.79722407185514,0.0,1048576,1048576,0,8,4,0.25,2,0.5,0,1,1.0,0.19776869931901056,3,0,3,0.0,2.0,0.5,2.0,3,0.5,0.5,0.0,0.9521484375,0.0478515625,0.0,256,1024,0,0.0,464.4682494842516,246.48959998739883,0.0,201.97467471710138,16.003974779751374,0,513.2885834932677,0,126.11018348572543,1.3766792554565174e-06,9.866939056554824e-07,2.095726476209412e-06,3.203976991594714e-08,9.425319310631209e-08,9.230432417235893e-07,5.508435842067259e-06,no_nsga2,nsga2
0,458,458,train,2.5231982469558716,0.2421875,0.6796875,8,64,512,432.6200999930734,74.26446657264522,2.327887030781172,44.156756046671795,36.63679999590386,5.926283537268194,13.01486553474167,18.941149072009864,0.007199996616691351,0.0,11.280502356410473,7.6534467189827,0,18.4919320859017,1183.4836534977087,2097152.0,2,0.5,0.5,0.0,0.0,0.0,82.54612460593637,0.006399990525096655,0.0,65.8041016925156,16.735622922895672,0,0,0,18.200579224104267,64.3455453818321,0.0,1048576,1048576,0,8,4,0.25,2,0.5,0,1,1.0,0.20915249756217386,3,3,0,1.0,0.0,0.0,1.0,0,0.5,0.5,0.0,0.9501953125,0.0498046875,0.0,256,1024,0,0.0,482.9964386003927,269.04459997604135,0.0,199.02006849256693,14.93177013178449,0,513.2885834932677,0,80.66848350019427,1.4852893314529046e-06,9.311548123124688e-07,2.063399114082745e-06,2.9631417686340973e-08,7.808919320845001e-08,9.541523368230278e-07,5.5417162055659375e-06,no_nsga2,nsga2
0,459,459,train,2.4583545327186584,0.279296875,0.65625,8,64,512,390.61869999568444,68.14374857695108,2.1811638889774527,45.71972652447742,38.838200009195134,5.989024629743477,13.923023256053895,19.91204788579737,0.006999995093792677,0.0,11.979267658749372,7.925780231954206,0,20.480277876636496,1310.7377841047357,2097152.0,2,0.0,0.5,0.5,0.0,0.0,86.69252424451255,0.005799985956400633,0.0,69.82345195752957,16.863272301026583,0,0,0,0.0,62.03727036882365,24.655253875688906,0,1048576,1048576,8,4,0.25,2,0.5,0,1,1.0,0.2201412464909665,3,0,3,0.0,2.0,0.5,2.0,3,0.5,0.5,0.0,0.958984375,0.041015625,0.0,256,1024,0,0.0,464.17855596162383,245.28239999199286,0.0,204.11569268343953,14.780463286191416,0,513.2885834932677,0,122.66988349758321,1.3628749715390218e-06,8.724655555909812e-07,2.139402038668328e-06,2.994512314871739e-08,8.353813953632336e-08,9.909997831827728e-07,5.479225611666145e-06,no_nsga2,nsga2
0,460,460,train,2.4890273213386536,0.267578125,0.654296875,8,64,512,180.79100000613835,22.53599146491059,2.3881139759437358,44.72264034072862,37.17239999969024,6.741872241571872,13.340773322504614,20.082645564076486,0.007000009645707905,0.0,12.431330833968051,7.6443147204627255,0,44.24974556246062,2831.9837159974795,2097152.0,2,0.5,0.5,0.0,0.0,0.0,78.0696241597866,0.006600006599910557,0.0,60.73520645670928,17.327817696477418,0,0,0,17.90084323080646,60.16878092898015,0.0,1048576,1048576,0,8,4,0.25,2,0.5,0,1,1.0,0.25097720212391433,3,3,0,1.0,0.0,0.0,1.0,0,0.5,0.5,0.0,0.9560546875,0.0439453125,0.0,256,1024,0,0.0,278.58698312633175,62.19430000055581,0.0,202.37896143871794,14.01372168705802,0,513.2885834932677,0,332.4975834871293,4.5071982929821184e-07,9.552455903774944e-07,2.094286590786414e-06,3.370936120785936e-08,8.004463993502767e-08,9.010338034558263e-07,4.515039815060834e-06,no_nsga2,nsga2
0,461,461,train,2.366351366043091,0.296875,0.70703125,8,64,512,182.4890999996569,22.18725680483356,2.057638133012244,45.18410617417194,45.23610000615008,6.537706202674631,12.013103944190643,18.550810146865274,0.007299997378140688,0.0,12.685066209098892,5.858443940388241,0,43.83799449951006,2805.631647968644,2097152.0,2,0.5,0.5,0.0,0.0,0.0,85.22878714587458,0.00580001506023109,0.0,66.47265224159624,18.75033488921812,0,0,0,18.47968093465926,66.74910621121532,0.0,1048576,1048576,0,8,4,0.25,2,0.5,0,1,1.0,0.2201412464909665,3,0,3,0.0,2.0,0.5,2.0,3,0.5,0.5,0.0,0.953125,0.046875,0.0,256,1024,0,0.0,277.716004448071,60.64160003734287,0.0,204.43889066561624,12.635513745111847,0,513.2885834932677,0,330.79948349361075,4.437451360966712e-07,8.230552532048977e-07,2.11285865880033e-06,3.2688531013373156e-08,7.207862366514385e-08,9.857860838811764e-07,4.470212286661592e-06,no_nsga2,nsga2
0,462,462,train,2.489474654197693,0.306640625,0.654296875,8,64,512,470.4682000010507,76.49769738064637,2.1585892818767674,45.71820055261168,39.42020000249613,5.8907956527509535,12.22452665666032,18.115322309411273,0.006299989763647318,0.0,10.887107576172006,7.2219147434756215,0,17.004301237960178,1088.2752792294514,2097152.0,2,0.5,0.5,0.0,0.0,0.0,83.4685692618709,0.006100002792663872,0.0,65.54724698679979,17.91522227227845,0,0,0,19.29570181239169,64.17286744947921,0.0,1048576,1048576,0,8,4,0.25,2,0.5,0,1,1.0,0.19776865982085054,3,3,0,1.0,0.0,0.0,1.0,0,0.5,0.5,0.0,0.95703125,0.04296875,0.0,256,1024,0,0.0,497.4979488605393,277.03939996717963,0.0,205.66911995793788,14.78942893542169,0,516.6945079985453,0,46.22630799749459,1.5299539476129275e-06,8.63435712750707e-07,2.137010754529472e-06,2.945397826375477e-08,7.334715993996191e-08,9.630314275176673e-07,5.5962329806144916e-06,no_nsga2,nsga2
0,463,463,train,2.2924720644950867,0.314453125,0.708984375,8,64,512,466.68889999273233,76.77476761054635,2.492914214887677,45.01903482240748,194.21160001365934,6.139086915481608,14.600568153749668,20.739655069231276,0.006999995093792677,0.0,11.333033662277053,9.39962141186043,0,17.142003716224806,1097.0882378383876,2097152.0,2,0.5,0.5,0.0,0.0,0.0,85.04505368476141,0.006999995093792677,0.0,66.06732461224433,18.970729077423286,0,0,0,19.23025626055721,65.8147974242042,0.0,1048576,1048576,0,8,4,0.25,2,0.5,0,1,1.0,0.14759070521249812,3,0,3,0.0,2.0,0.5,2.0,3,0.5,0.5,0.0,0.9541015625,0.0458984375,0.0,256,1024,0,0.0,497.14686659136595,278.38790001987945,0.0,201.87547946711962,16.883487104366836,0,516.6945079985453,0,50.005608005812974,1.535495352210927e-06,9.971656859550708e-07,2.1029863356268087e-06,3.069543457740804e-08,8.7603408922498e-08,9.820801316960226e-07,5.736026348988735e-06,no_nsga2,nsga2
0,464,464,train,2.7418220043182373,0.263671875,0.576171875,8,64,512,569.1946000006283,81.46707026887454,4.607637244134226,50.26059889177114,1747.0575999905122,6.385513914592998,33.82635822149185,40.21187213608485,0.010199990356341004,0.0,11.279277883817082,28.92239426191143,0,14.054922420326456,899.5150349008932,2097152.0,2,0.5,0.0,0.5,0.0,0.0,43.8043375105826,0.009799987310543656,0.0,27.49507355788722,16.29946396538483,0,0,0,17.269161364275128,0.0,26.535176146307467,1048576,0,1048576,8,4,0.25,2,0.5,0,1,1.0,0.2091524583687337,3,3,0,1.0,0.0,0.0,1.0,0,0.5,0.5,0.0,0.9541015625,0.0458984375,0.0,256,1024,0,0.0,545.3412256191195,298.53410001669545,0.0,201.0252468688652,45.78187873355899,0,577.2444920009,0,8.049892000271711,1.6293414053774908e-06,1.8430548976536904e-06,2.322552050296245e-06,3.192756957296499e-08,2.029581493289511e-07,4.911137273984409e-07,6.5209477996277835e-06,no_nsga2,nsga2
0,465,465,train,2.561672866344452,0.26953125,0.64453125,8,64,512,448.394000006374,75.05373272714759,3.0899142961479784,45.30525003227471,50.7454000035068,7.464876474563064,20.50019831837529,27.965074792938353,0.008199989679269493,0.0,11.874306916073479,16.082567887185604,0,17.84141214751788,1141.8503774411442,2097152.0,2,0.5,0.5,0.0,0.0,0.0,79.23531039995986,0.006300004315562546,0.0,62.53514826177554,16.693862133868762,0,0,0,17.788002252686898,61.44730814727296,0.0,1048576,1048576,0,8,4,0.25,2,0.5,0,1,1.0,0.19776865982085054,3,0,3,0.0,2.0,0.5,2.0,3,0.5,0.5,0.0,0.951171875,0.048828125,0.0,256,1024,0,0.0,493.795588222281,269.51860000554007,0.0,199.9879457456248,24.289042471116183,0,577.2444920009,0,128.850491994526,1.5010746545429516e-06,1.2359657184591912e-06,2.1112750427298797e-06,3.7324382372815325e-08,1.2300118991025173e-07,9.152477202941445e-07,5.923888708309233e-06,no_nsga2,nsga2
0,466,466,train,2.5490362644195557,0.28125,0.64453125,8,64,512,355.18910000973847,62.67534046031314,2.307458047739209,44.72258230677568,39.00380000413861,6.839221447607849,13.118777390660055,19.957998838267905,0.007299997378140688,0.0,12.435976011489544,7.5147228294002195,0,22.523150278627302,1441.4816178321473,2097152.0,2,0.5,0.5,0.0,0.0,0.0,78.81224400167791,0.006099988240748644,0.0,59.96255894041112,18.843585073026034,0,0,0,17.55626710315075,61.25597689852716,0.0,1048576,1048576,0,8,4,0.25,2,0.5,0,1,1.0,0.2201412464909665,3,3,0,1.0,0.0,0.0,1.0,0,0.5,0.5,0.0,0.9541015625,0.0458984375,0.0,256,1024,0,0.0,438.82152325931213,224.16990000056103,0.0,199.84434625716364,14.807277001587444,0,577.2444920009,0,222.0553919911615,1.2535068092062627e-06,9.229832190956837e-07,2.0918159203034243e-06,3.419610723803925e-08,7.871266434396032e-08,9.106343938138333e-07,5.291849114001204e-06,no_nsga2,nsga2
0,467,467,train,2.3236491680145264,0.294921875,0.712890625,8,64,512,450.6314000027487,75.19622941991318,2.1933101044491226,43.976916765514794,47.13239999546204,6.5201534439472635,13.434089934448796,19.954243378396058,0.006500020390376449,0.0,11.900252706973934,8.047490651031747,0,17.752829135124777,1136.1810646479857,2097152.0,2,0.5,0.5,0.0,0.0,0.0,80.36732960931998,0.006000016583129764,0.0,62.36573633128536,17.995593261451486,0,0,0,17.55360583381183,62.81372377550815,0.0,1048576,1048576,0,8,4,0.25,2,0.5,0,1,1.0,0.2201412464909665,3,0,3,0.0,2.0,0.5,2.0,3,0.5,0.5,0.0,0.9462890625,0.0537109375,0.0,256,1024,0,0.0,485.4658251595083,271.2778999994043,0.0,199.7685088521976,14.419416307906461,0,577.2444920009,0,126.61309199815128,1.5039245883982638e-06,8.773240417796491e-07,2.055936396168097e-06,3.260076721973632e-08,8.060453960669277e-08,9.29300743644216e-07,5.4796910768166554e-06,no_nsga2,nsga2
0,468,468,train,2.5328747034072876,0.267578125,0.634765625,8,64,512,370.1483000040753,62.646301312950605,2.256040318113573,43.57332571225064,38.60670000722166,5.952059273831268,12.997280934514176,18.949340208345443,0.006800008122809231,0.0,11.093321587896597,7.849218612326038,0,21.612900523955933,1383.2256335331797,2097152.0,2,0.5,0.5,0.0,0.0,0.0,81.0285928360577,0.006300018867477775,0.0,62.38515095127257,18.63714186591765,0,0,0,18.876867246027604,62.1517255900301,0.0,1048576,1048576,0,8,4,0.25,2,0.5,0,1,1.0,0.2307606527190679,3,3,0,1.0,0.0,0.0,1.0,0,0.5,0.5,0.0,0.951171875,0.048828125,0.0,256,1024,0,0.0,433.9026693732593,222.00399995199405,0.0,199.64981777177104,12.2488516494942,0,577.2444920009,0,207.0961919968247,1.2529260262590122e-06,9.024161272454292e-07,2.042210272954687e-06,2.9760296369156346e-08,7.798368560708504e-08,9.345893795406372e-07,5.239885787976008e-06,no_nsga2,nsga2
0,469,469,train,2.398954689502716,0.310546875,0.6953125,8,64,512,447.3073999979533,75.19549584784278,2.1876653963727963,44.47553149498946,36.31080000195652,6.004882194814565,12.735377958797848,18.74026015361241,0.007199996616691351,0.0,12.412318095210257,6.320742061785467,0,17.884752443809695,1144.6241564038205,2097152.0,2,0.5,0.5,0.0,0.0,0.0,85.71893257169704,0.006400019628927112,0.0,67.36035328645099,18.352179265617124,0,0,0,18.959934609320456,66.75899796237658,0.0,1048576,1048576,0,8,4,0.25,2,0.5,0,1,1.0,0.2307606283979408,3,0,3,0.0,2.0,0.5,2.0,3,0.5,0.5,0.0,0.94921875,0.05078125,0.0,256,1024,0,0.0,487.4347709568201,273.772899992764,0.0,198.7894756164009,14.872395347655264,0,577.2444920009,0,129.93709200294666,1.5039099169568557e-06,8.750661585491185e-07,2.079268484060294e-06,3.002441097407283e-08,7.641226775278707e-08,9.907073216417235e-07,5.5553885599348515e-06,no_nsga2,nsga2
0,470,470,train,2.525202214717865,0.271484375,0.61328125,8,64,512,179.83209999511018,20.720867992722003,2.125171084930148,44.80917293899817,43.34200000448618,6.450933478914489,12.258235917488717,18.709169396403205,0.008199989679269493,0.0,12.440496857873196,6.26047254885074,0,44.48569256837327,2847.084324375889,2097152.0,2,0.5,0.5,0.0,0.0,0.0,78.18985781939989,0.006400005077011883,0.0,60.42860765898671,17.75485015533617,0,0,0,17.149351818726217,61.04050600067368,0.0,1048576,1048576,0,8,4,0.25,2,0.5,0,1,1.0,0.16091838189257093,3,3,0,1.0,0.0,0.0,1.0,0,0.5,0.5,0.0,0.94921875,0.05078125,0.0,256,1024,0,0.0,270.62084806660124,56.917499998235144,0.0,201.8075103421544,11.895837726211692,0,577.2444920009,0,397.4123920057898,4.1441735985444007e-07,8.500684339720594e-07,2.097514586768867e-06,3.225466739457245e-08,7.354941550493229e-08,9.039795901953461e-07,4.371784053690217e-06,no_nsga2,nsga2
0,471,471,train,2.3421666622161865,0.28125,0.6796875,8,64,512,402.5192999979481,67.54867079930244,2.293587693245753,44.648552800392466,40.05939999478869,6.526281527406687,14.676850815262574,21.20313234266926,0.007199996616691351,0.0,12.653741209157069,8.542191136895502,0,19.874774017709868,1271.9855371334315,2097152.0,2,0.5,0.5,0.0,0.0,0.0,87.21061892688229,0.006200003554113209,0.0,68.08339977985062,19.121019143477557,0,0,0,19.63815886667053,67.57246006021175,0.0,1048576,1048576,0,8,4,0.25,2,0.5,0,1,1.0,0.19776865982085054,3,0,3,0.0,2.0,0.5,2.0,3,0.5,0.5,0.0,0.955078125,0.044921875,0.0,256,1024,0,0.0,457.96324517176265,242.15799996454734,0.0,202.08231709465826,13.722928112557032,0,577.2444920009,0,174.72519200295187,1.3509734159860487e-06,9.17435077298301e-07,2.089889642874364e-06,3.263140763703344e-08,8.806110489157544e-08,1.0072511093892462e-06,5.486241758076569e-06,no_nsga2,nsga2
0,472,472,train,2.4470555186271667,0.28515625,0.666015625,8,64,512,322.528600008809,52.633984975233616,2.2315920371744413,43.48433079739455,38.643299994873814,5.707715728277152,12.9345294297907,18.64224515806785,0.007299997378140688,0.0,11.03304662041164,7.601898540278071,0,24.803924972410293,1587.4511982342588,2097152.0,2,0.5,0.5,0.0,0.0,0.0,78.47906102861991,0.006600006599910557,0.0,60.741067287362235,17.731393734657757,0,0,0,17.998210020821805,60.4808510077981,0.0,1048576,1048576,0,8,4,0.25,2,0.5,0,1,1.0,0.25097720212391433,3,3,0,1.0,0.0,0.0,1.0,0,0.5,0.5,0.0,0.943359375,0.056640625,0.0,256,1024,0,0.0,393.39963123921046,184.2035999870859,0.0,196.86935233797274,12.326678914151794,0,516.6945079985453,0,194.1659079897363,1.0526796995046724e-06,8.926368148697767e-07,2.035653320891326e-06,2.853857864138576e-08,7.760717657874419e-08,9.057523123017953e-07,4.9928679027877e-06,no_nsga2,nsga2
0,473,473,train,2.4750115275382996,0.2890625,0.666015625,8,64,512,184.04089999967255,22.70202878882413,2.0892818277369276,44.05192943676191,36.80529999837745,5.955531186702206,11.850869619109798,17.806400805812004,0.006599992047995329,0.0,11.528454251490537,6.271346562273472,0,43.46836236755996,2781.9751915238376,2097152.0,2,0.5,0.0,0.5,0.0,0.0,43.14041612348818,0.00589998671784997,0.0,24.719316412634377,18.415199724135956,0,0,0,17.105355094549754,0.0,26.03506102893843,1048576,0,1048576,8,4,0.25,2,0.5,0,1,1.0,0.18595995617580352,3,0,3,0.0,2.0,0.5,2.0,3,0.5,0.5,0.0,0.9462890625,0.0537109375,0.0,256,1024,0,0.0,275.3729602132919,63.879299981635995,0.0,197.13218106702527,14.361479164630621,0,516.6945079985453,0,332.65360799887276,4.5404057577648265e-07,8.35712731094771e-07,2.0573123624423044e-06,2.9777655933511037e-08,7.110521771465878e-08,4.834742832927586e-07,3.9314228262544866e-06,no_nsga2,nsga2
0,474,474,train,2.6078259348869324,0.251953125,0.638671875,8,64,512,446.685199989588,75.17705762577567,2.3094067951611756,44.2598741285369,35.989799987873994,5.800467915524781,13.554459887468834,19.354927802993615,0.006600006599910557,0.0,11.746256472676052,7.602071323717653,0,17.909664547923075,1146.2185310670768,2097152.0,2,0.5,0.5,0.0,0.0,0.0,82.08001112353216,0.005800000508315861,0.0,65.10619031150779,16.968020811516062,0,0,0,16.74483740214725,65.3351737213849,0.0,1048576,1048576,0,8,4,0.25,2,0.5,0,1,1.0,0.19776865982085054,3,3,0,1.0,0.0,0.0,1.0,0,0.5,0.5,0.0,0.94921875,0.05078125,0.0,256,1024,0,0.0,486.98535419789505,273.26490000996273,0.0,200.22714288366188,13.493311304270371,0,516.6945079985453,0,70.0093080089573,1.5035411525155139e-06,9.237627180644702e-07,2.0711461688908543e-06,2.9002339577623907e-08,8.132675932481299e-08,9.514704586780913e-07,5.5602495970513666e-06,no_nsga2,nsga2
0,475,475,train,2.5660719871520996,0.271484375,0.6171875,8,64,512,451.01550000254065,74.52219851682474,2.0969401203747493,44.726010844317166,40.772299995296635,5.756924475093129,12.072609180439654,17.829533655532785,0.006300004315562546,0.0,11.76551811360831,6.05771553760891,0,17.737710261054605,1135.2134567074947,2097152.0,2,0.5,0.5,0.0,0.0,0.0,77.8442884148587,0.005900001269765198,0.0,59.96411942940141,17.874268984187523,0,0,0,17.13116825077242,60.71312016408628,0.0,1048576,1048576,0,8,4,0.25,2,0.5,0,1,1.0,0.19776865982085054,3,0,3,0.0,2.0,0.5,2.0,3,0.5,0.5,0.0,0.9375,0.0625,0.0,256,1024,0,0.0,485.3805979260667,270.2904000179842,0.0,203.21862014165868,11.87157776642377,0,516.6945079985453,0,65.67900799600466,1.490443970336495e-06,8.387760481498998e-07,2.096508688444059e-06,2.8784622375465646e-08,7.243565508263792e-08,8.998691244767595e-07,5.426818108865317e-06,no_nsga2,nsga2
0,476,476,train,2.4666802287101746,0.27734375,0.63671875,8,64,512,392.632599992794,65.00984824158884,2.30748088458666,44.90456470645881,40.04170000553131,6.605121817121103,12.587184079229086,19.192305896350188,0.00790000194683671,0.0,11.64620003824598,7.538205856157372,0,20.375230240475663,1304.0147353904424,2097152.0,2,0.5,0.5,0.0,0.0,0.0,78.46699112556198,0.007800001185387373,0.0,61.028517496091965,17.430673628284616,0,0,0,18.35153504554435,60.11545608001762,0.0,1048576,1048576,0,8,4,0.25,2,0.5,0,1,1.0,0.2201412464909665,3,3,0,1.0,0.0,0.0,1.0,0,0.5,0.5,0.0,0.951171875,0.048828125,0.0,256,1024,0,0.0,448.8875753305373,231.4102999807801,0.0,203.37402744015117,14.103247909606003,0,516.6945079985453,0,124.06190800575132,1.3001969648317769e-06,9.22992353834664e-07,2.1021404290378117e-06,3.3025609085605516e-08,7.55231044753745e-08,9.049008234156549e-07,5.3387792846808885e-06,no_nsga2,nsga2
0,477,477,train,2.286866843700409,0.326171875,0.701171875,8,64,512,336.8316000123741,52.789822934855884,2.2082351869604153,45.15283225092341,37.92420000536367,5.821789226370757,13.75196906478793,19.573758291158686,0.007299997378140688,0.0,11.84394605648065,7.722512237299895,0,23.75067021335259,1520.0428936545657,2097152.0,2,0.5,0.5,0.0,0.0,0.0,79.6691261580125,0.006499991286545992,0.0,61.08372701954323,18.578899147182725,0,0,0,19.158594750583674,60.51053140742883,0.0,1048576,1048576,0,8,4,0.25,2,0.5,0,1,1.0,0.2201412853775118,3,0,3,0.0,2.0,0.5,2.0,3,0.5,0.5,0.0,0.9462890625,0.0537109375,0.0,256,1024,0,0.0,400.6035614909588,183.46389997168444,0.0,203.135441181314,14.004220337960374,0,516.6945079985453,0,179.8629079861712,1.0557964586971178e-06,8.83294074784166e-07,2.110908667712865e-06,2.9108946131853783e-08,8.251181438872758e-08,9.177123243949826e-07,5.079332286109712e-06,no_nsga2,nsga2
0,478,478,train,2.439098358154297,0.283203125,0.662109375,8,64,512,385.4502999893157,67.1487102684108,2.138069192349293,43.59325959508181,39.25259999232367,6.678982479810782,12.665935145960248,19.34491762577103,0.052499992307275534,0.0,12.065149544355332,7.22726808910842,0,20.75489173397976,1328.3130709747047,2097152.0,2,0.5,0.5,0.0,0.0,0.0,82.0049933998232,0.006799993570894003,0.0,63.86165933172281,18.1365340745295,0,0,0,18.24937194720678,63.755621452616424,0.0,1048576,1048576,0,8,4,0.25,2,0.5,0,1,1.0,0.19776865982085054,3,3,0,1.0,0.0,0.0,1.0,0,0.5,0.5,0.0,0.951171875,0.048828125,0.0,256,1024,0,0.0,451.5201562233676,241.68769996322226,0.0,198.44363015858386,11.388826101561449,0,515.6442664970382,0,130.1939665077225,1.342974205368216e-06,8.552276769397173e-07,2.0412768761713258e-06,3.339491239905391e-08,7.599561087576147e-08,9.475611769034649e-07,5.296430458657539e-06,no_nsga2,nsga2
0,479,479,train,2.3915135264396667,0.306640625,0.6640625,8,64,512,388.3405000087805,63.93132611055507,2.2598702568047573,46.09000254955492,35.23439999844413,6.552339748502037,13.88401746939586,20.436357217897896,0.006800008122809231,0.0,12.688759753332072,7.740797456443015,0,20.600425140808074,1318.4272090117167,2097152.0,2,0.5,0.5,0.0,0.0,0.0,77.55365552172834,0.00589998671784997,0.0,60.17538999575523,17.37236553925527,0,0,0,17.53469391470407,60.01896160702427,0.0,1048576,1048576,0,8,4,0.25,2,0.5,0,1,1.0,0.2201412464909665,3,0,3,0.0,2.0,0.5,2.0,3,0.5,0.5,0.0,0.935546875,0.064453125,0.0,256,1024,0,0.0,449.124795667659,228.14990002370905,0.0,206.52811417688957,14.446781467060308,0,515.6442664970382,0,127.30376648825768,1.2786265222111016e-06,9.039481027219028e-07,2.154549593298958e-06,3.276169874251019e-08,8.330410481637514e-08,8.95574478431332e-07,5.34876450022218e-06,no_nsga2,nsga2
0,480,480,train,2.4432324171066284,0.26171875,0.6640625,8,64,512,383.6742999992566,66.6325160354781,2.2776028152363543,44.91559705768273,47.44789999676868,5.958154496283916,12.532295395776178,18.49044989206009,0.006799993570894003,0.0,10.884901174759687,7.598748723729513,0,20.85096434410946,1334.4617180230055,2097152.0,2,0.5,0.5,0.0,0.0,0.0,82.11270033124771,0.005500012775883079,0.0,65.57757889967459,16.529621418797227,0,0,0,18.220773198720366,63.891927132527336,0.0,1048576,1048576,0,8,4,0.25,2,0.5,0,1,1.0,0.16091838189257093,3,3,0,1.0,0.0,0.0,1.0,0,0.5,0.5,0.0,0.9501953125,0.0498046875,0.0,256,1024,0,0.0,455.3028636335888,238.2841000071494,0.0,204.0801339162826,12.938629710156759,0,515.6442664970382,0,131.96996649778157,1.3326503207095622e-06,9.110411260945417e-07,2.1051006408865057e-06,2.9790772481419582e-08,7.519377237465706e-08,9.489108575775317e-07,5.402687490124218e-06,no_nsga2,nsga2
0,481,481,train,2.426962435245514,0.2578125,0.67578125,8,64,512,197.7584999985993,27.262904563955463,2.2861233058313,45.650056044009126,39.62090000277385,5.7817248760406965,14.776802470323336,20.55852734636403,0.006999995093792677,0.0,11.89490810071878,8.65661925055146,0,40.45317671240402,2589.0033095938575,2097152.0,2,0.5,0.5,0.0,0.0,0.0,84.49427716693161,0.006100002792663872,0.0,65.62880343422303,18.859373729915916,0,0,0,18.71499891196,65.77927825497162,0.0,1048576,1048576,0,8,4,0.25,2,0.5,0,1,1.0,0.16091838189257093,3,0,3,0.0,2.0,0.5,2.0,3,0.5,0.5,0.0,0.9462890625,0.0537109375,0.0,256,1024,0,0.0,300.79633565518355,80.39459999417886,0.0,204.06561161793698,16.336124043067677,0,515.6442664970382,0,317.8857664984389,5.452580912791092e-07,9.1444932233252e-07,2.131577370016468e-06,2.8908624380203487e-08,8.866081482194001e-08,9.765013281792591e-07,4.6853555510095e-06,no_nsga2,nsga2
0,482,482,train,2.4386006593704224,0.263671875,0.66015625,8,64,512,351.80839999520686,54.79668425280421,2.2028587500370453,43.16928574533221,38.12130000733305,6.550307817040876,12.45345616949251,19.003763986533386,0.007099995855242014,0.0,11.540022257651117,7.456641733027028,0,22.73958569642822,1455.3334845714062,2097152.0,2,0.0,0.5,0.5,0.0,0.0,87.03624977962558,0.007499984349124134,0.0,69.27199390917966,17.756755886096798,0,0,0,0.0,60.4877921749284,26.548457604697173,0,1048576,1048576,8,4,0.25,2,0.5,0,1,1.0,0.2201412853775118,3,3,0,1.0,0.0,0.0,1.0,0,0.5,0.5,0.0,0.9541015625,0.0458984375,0.0,256,1024,0,0.0,400.67531499269387,190.49740000627935,0.0,196.80589563947106,13.372019346943459,0,515.6442664970382,0,163.83586650183133,1.0959336850560842e-06,8.811435000148182e-07,2.020177403233826e-06,3.2751539085204384e-08,7.472073701695506e-08,9.913380821461126e-07,5.096064946553e-06,no_nsga2,nsga2
0,483,483,train,2.446237087249756,0.275390625,0.671875,8,64,512,397.17450000171084,66.5297532260654,2.1604528055249577,45.037919868128135,35.19520000554621,5.827990626684208,12.460863372141452,18.288853998825658,0.007299997378140688,0.0,11.34186548196691,6.93968851948061,0,20.142229316676232,1289.1026762672789,2097152.0,2,0.5,0.5,0.0,0.0,0.0,77.39202447437496,0.005799985956400633,0.0,59.78084437911011,17.605380109308456,0,0,0,16.84299445212184,60.54903002225312,0.0,1048576,1048576,0,8,4,0.25,2,0.5,0,1,1.0,0.2201412464909665,3,0,3,0.0,2.0,0.5,2.0,3,0.5,0.5,0.0,0.943359375,0.056640625,0.0,256,1024,0,0.0,454.91250359887397,238.34750000969507,0.0,204.47574979183977,12.089253797339161,0,515.6442664970382,0,118.46976649532735,1.3305950645213082e-06,8.641811222099831e-07,2.1093065059518097e-06,2.9139953133421043e-08,7.476518023284871e-08,8.950183047882558e-07,5.3030061308376265e-06,no_nsga2,nsga2
0,484,484,train,2.374875009059906,0.283203125,0.712890625,8,64,512,355.8448999974644,55.651679964161715,2.305857115012212,44.710726687512214,39.07929999695625,5.516801636477368,12.82767398606325,18.344475622540617,0.006999995093792677,0.0,10.862126689405457,7.475348938041368,0,22.481641632113803,1438.8250644552834,2097152.0,2,0.5,0.5,0.0,0.0,0.0,81.62293135562547,0.008000002708286047,0.0,63.72289231225992,17.892039040657252,0,0,0,17.581857271658162,64.0410740839673,0.0,1048576,1048576,0,8,4,0.25,2,0.5,0,1,1.0,0.19776865982085054,3,3,0,1.0,0.0,0.0,1.0,0,0.5,0.5,0.0,0.94921875,0.05078125,0.0,256,1024,0,0.0,410.6730550667446,193.76520003424957,0.0,203.20810128367478,13.699753748820193,0,515.6442664970382,0,159.7993664995738,1.1130335992832345e-06,9.223428460048847e-07,2.0936268981571027e-06,2.758400818238684e-08,7.69660439163795e-08,9.443114617241892e-07,5.1778648572681765e-06,no_nsga2,nsga2
0,485,485,train,2.4822582602500916,0.298828125,0.666015625,8,64,512,292.794099994353,27.939237404484842,3.0575919581040756,45.79898461926996,58.70980001054704,6.581857525472498,21.005717960426306,27.587575485898803,0.008199989679269493,0.0,11.829104616287824,15.750270879931712,0,27.32286161945433,1748.663143645077,2097152.0,2,0.5,0.5,0.0,0.0,0.0,85.18134079447822,0.006699992809444666,0.0,67.09052513219159,18.084115669477185,0,0,0,17.973340697371476,67.20800009710673,0.0,1048576,1048576,0,8,4,0.25,2,0.5,0,1,1.0,0.13364216641330787,3,0,3,0.0,2.0,0.5,2.0,3,0.5,0.5,0.0,0.951171875,0.048828125,0.0,256,1024,0,0.0,307.18325592743554,84.79809999698773,0.0,201.61325481163937,20.771901118808422,0,515.6442664970382,0,222.85016650268517,5.587847480896969e-07,1.2230367832416302e-06,2.1390826739880327e-06,3.290928762736249e-08,1.2603430776255783e-07,9.862294081389955e-07,5.066077208848275e-06,no_nsga2,nsga2
0,486,486,train,2.4725469946861267,0.25,0.666015625,8,64,512,5071.256199997151,880.5556507753729,4.009155408649303,271.03323171668893,54.28889999166131,7.852439323563557,31.355358946451837,39.207798270015395,0.006099988240748644,0.0,12.434977655775263,26.76672062599938,0,1.57751809551377,100.96115811288128,2097152.0,2,0.5,0.5,0.0,0.0,0.0,80.67342728767974,0.005500012775883079,0.0,62.76463066031052,17.903296614593334,0,0,0,17.967667653956916,62.70575963372282,0.0,1048576,1048576,0,8,4,0.25,2,0.5,0,1,1.0,0.17369072493825644,3,3,0,1.0,0.0,0.0,1.0,0,0.5,0.5,0.0,0.955078125,0.044921875,0.0,256,1024,0,0.0,4622.392151602845,3492.1295999956783,0.0,201.62971409996834,928.6328375071984,0,577.2444920009,1,-4494.011707996251,1.7611113015507463e-05,1.603662163459721e-06,1.1207868298016014e-05,3.9262196617817786e-08,1.88132153678711e-07,9.32145792144243e-07,3.158218361942397e-05,no_nsga2,nsga2
0,487,487,train,2.356963336467743,0.3046875,0.689453125,8,64,512,454.0964000043459,76.31936709729665,2.1027946004476266,44.83584911117818,35.966900002676994,6.071785791208331,11.863774008316373,17.935559799524704,0.006699992809444666,0.0,11.715812474607866,6.2130473321073945,0,17.617365789637724,1127.5114105368143,2097152.0,2,0.5,0.5,0.0,0.0,0.0,82.56908500028084,0.00580001506023109,0.0,64.47100862970929,18.092276355511316,0,0,0,18.41241887450945,64.15666612577138,0.0,1048576,1048576,0,8,4,0.25,2,0.5,0,1,1.0,0.25097720212391433,3,0,3,0.0,2.0,0.5,2.0,3,0.5,0.5,0.0,0.9501953125,0.0498046875,0.0,256,1024,0,0.0,493.0320432356898,277.90199995797593,0.0,202.3067216288107,12.823321648903192,0,577.2444920009,0,123.14809199655406,1.526387341945933e-06,8.411178401790507e-07,2.098101154921218e-06,3.035892895604166e-08,7.118264404989822e-08,9.54004182254351e-07,5.521152092306493e-06,no_nsga2,nsga2
0,488,488,train,2.5199806690216064,0.279296875,0.65234375,8,64,512,470.6560000049649,76.83689976301739,2.314857856154616,45.44517501495026,38.57869999774266,5.676938639287397,14.923580466485213,20.60051910577261,0.007700000423938036,0.0,11.93281022183858,8.660008883510091,0,16.99751623776043,1087.8410392166675,2097152.0,2,0.0,0.0,1.0,0.0,0.0,50.97397446053277,0.006400005077011883,0.0,32.80751625504614,18.160058200409615,0,0,0,0.0,0.0,25.486987230266386,0,0,2097152,8,4,0.25,2,0.5,0,1,1.0,0.18595995617580352,3,3,0,1.0,0.0,0.0,1.0,0,0.5,0.5,0.0,0.95703125,0.04296875,0.0,256,1024,0,0.0,498.387730536489,279.9236999853747,0.0,204.75381835917148,13.710212191942892,0,577.3374530028375,0,106.68145299787261,1.536737995260348e-06,9.259431424618464e-07,2.1263853544557106e-06,2.8384693196436986e-08,8.954148279891127e-08,5.628978985103661e-07,5.269890566683619e-06,no_nsga2,nsga2
0,489,489,train,2.415140390396118,0.279296875,0.68359375,8,64,512,177.6250999973854,21.84991171234812,2.289429377477223,45.128618739226184,36.94420000829268,6.5475482150511635,14.130613487907063,20.678161702958228,0.007399998139590025,0.0,12.76280184699398,7.907959857824655,0,45.03842622293546,2882.4592782678696,2097152.0,2,0.5,0.5,0.0,0.0,0.0,85.10344254124689,0.006199989002197981,0.0,66.51392715482173,18.58331539742296,0,0,0,18.715453927791586,66.3879886134553,0.0,1048576,1048576,0,8,4,0.25,2,0.5,0,1,1.0,0.18595995617580352,3,0,3,0.0,2.0,0.5,2.0,3,0.5,0.5,0.0,0.9580078125,0.0419921875,0.0,256,1024,0,0.0,277.07183931620614,60.314399961498566,0.0,204.03373106156022,12.72370829314735,0,577.3374530028375,0,399.7123530054521,4.3699823424696247e-07,9.157717509908892e-07,2.1140954108650403e-06,3.273774107525582e-08,8.478368092744236e-08,9.838104026393795e-07,4.56819722074497e-06,no_nsga2,nsga2
0,490,490,train,2.381963610649109,0.330078125,0.701171875,8,64,512,354.13370000605937,62.96334966334149,2.3086615578256167,44.486092336845466,38.536699998076074,7.157278200509599,14.460420868963187,21.617699069472785,0.006400005077011883,0.0,12.779960291677561,8.831338772718212,0,22.59027426530955,1445.7775529798112,2097152.0,2,0.5,0.5,0.0,0.0,0.0,86.29454886679878,0.006000002031214535,0.0,66.60358169669132,19.68496716807623,0,0,0,19.656176790745967,66.6383720760528,0.0,1048576,1048576,0,8,4,0.25,2,0.5,0,1,1.0,0.19776865982085054,3,3,0,1.0,0.0,0.0,1.0,0,0.5,0.5,0.0,0.9580078125,0.0419921875,0.0,256,1024,0,0.0,439.0324142320503,222.88079994905274,0.0,200.85747459388853,15.294139689109034,0,577.3374530028375,0,223.20375299677812,1.25926699326683e-06,9.234646231302467e-07,2.08257466085731e-06,3.5786391002548e-08,8.67625252137791e-08,9.962222328200931e-07,5.384077426290807e-06,no_nsga2,nsga2
0,491,491,train,2.416660189628601,0.310546875,0.66796875,8,64,512,387.5968000065768,67.48673370774688,2.363828256658861,44.653343567405734,39.79539999272674,6.4752335879805685,14.310791366310474,20.786024954291044,0.006699992809444666,0.0,12.035335708945087,8.743989252536512,0,20.639952032401254,1320.9569300736803,2097152.0,2,0.5,0.5,0.0,0.0,0.0,82.21305026630299,0.005299982149153948,0.0,64.35836153945276,17.84938874470108,0,0,0,18.812563051013527,63.400487215289466,0.0,1048576,1048576,0,8,4,0.25,2,0.5,0,1,1.0,0.2201412464909665,3,0,3,0.0,2.0,0.5,2.0,3,0.5,0.5,0.0,0.94921875,0.05078125,0.0,256,1024,0,0.0,458.0156221272458,243.60020000312943,0.0,200.56164137382402,13.853780750292422,0,577.3374530028375,0,189.74065299626068,1.3497346741549377e-06,9.455313026635444e-07,2.0886333407855134e-06,3.2376167939902846e-08,8.586474819786283e-08,9.489314770936089e-07,5.45107171083537e-06,no_nsga2,nsga2
0,492,492,train,2.4899891018867493,0.228515625,0.671875,8,64,512,384.393700005603,64.38462188062586,2.293651339723172,44.88598020429893,36.823599992203526,6.182966764847492,13.939234411141836,20.12220117598933,0.0068999797804281116,0.0,12.521438286231573,7.593862909977327,0,20.811941475476615,1331.9642544305034,2097152.0,2,0.5,0.5,0.0,0.0,0.0,83.4404158462515,0.006599992047995329,0.0,64.82071398687816,18.613101867325334,0,0,0,18.997804576211447,64.44261127004005,0.0,1048576,1048576,0,8,4,0.25,2,0.5,0,1,1.0,0.2091524583687337,3,3,0,1.0,0.0,0.0,1.0,0,0.5,0.5,0.0,0.9521484375,0.0478515625,0.0,256,1024,0,0.0,446.25701369859183,229.25190001842566,0.0,204.0059886353049,12.999125044861275,0,577.3374530028375,0,192.94375299723447,1.2876924376125174e-06,9.17460535889269e-07,2.100228450885891e-06,3.091483382423746e-08,8.363540646685101e-08,9.63289381002595e-07,5.383221045681361e-06,no_nsga2,nsga2
0,493,493,train,2.470128834247589,0.2265625,0.68359375,8,64,512,404.73280000151135,69.7682473322418,2.258560270372884,43.20675102081103,38.25969999888912,6.111214527232358,13.595296581278884,19.706511108511243,0.006699992809444666,0.0,11.73158521580486,7.968225899896938,0,19.766078345742628,1265.0290141275282,2097152.0,2,0.5,0.5,0.0,0.0,0.0,78.35561525159657,0.007100010407157242,0.0,60.924019138302185,17.424496102887232,0,0,0,18.50629668582301,59.849318565773565,0.0,1048576,1048576,0,8,4,0.25,2,0.5,0,1,1.0,0.19776869931901056,3,0,3,0.0,2.0,0.5,2.0,3,0.5,0.5,0.0,0.9462890625,0.0537109375,0.0,256,1024,0,0.0,460.93423449370283,251.7684999766061,0.0,195.6118633413118,13.553871175784955,0,577.3374530028375,0,172.60465300132614,1.3953649466448361e-06,9.034241081491537e-07,2.0221421984162782e-06,3.0556072636161794e-08,8.157177948767329e-08,9.032547896475129e-07,5.336313894981616e-06,no_nsga2,nsga2
0,494,494,train,2.390552282333374,0.265625,0.666015625,8,64,512,452.1262999915052,75.81444514304638,2.053941487815222,44.389922442202014,38.56939999968745,6.561948391401135,13.348216382639702,19.910164774040837,0.007200011168606579,0.0,12.722993868827725,7.179970894044504,0,17.694131719430143,1132.4244300435291,2097152.0,2,0.5,0.5,0.0,0.0,0.0,78.8324727559376,0.005900001269765198,0.0,60.06293666533804,18.763636089329793,0,0,0,19.071710029757604,59.76076272617999,0.0,1048576,1048576,0,8,4,0.25,2,0.5,0,1,1.0,0.16091838189257093,3,3,0,1.0,0.0,0.0,1.0,0,0.5,0.5,0.0,0.9521484375,0.0478515625,0.0,256,1024,0,0.0,489.0332362922544,275.747700012289,0.0,201.17584742563292,12.10968885433254,0,509.524598005155,0,57.398298013649764,1.5162889028609276e-06,8.215765951260887e-07,2.0801074422885696e-06,3.280974195700568e-08,8.00892982958382e-08,9.078462530117358e-07,5.438718233540165e-06,no_nsga2,nsga2
0,495,495,train,2.575429916381836,0.2578125,0.646484375,8,64,512,183.20319999475032,22.362381902077907,2.1483899416307994,44.546862730201866,38.50540000712499,6.837932921887717,13.404229675677335,20.242162597565052,0.006799993570894003,0.0,12.630912382068136,7.6044502219260215,0,43.66712116987077,2794.695754871729,2097152.0,2,0.5,0.5,0.0,0.0,0.0,85.6702974049295,0.005699985194951296,0.0,66.91290171797165,18.751695701762905,0,0,0,19.64626299389804,66.02403441103147,0.0,1048576,1048576,0,8,4,0.25,2,0.5,0,1,1.0,0.11898847320993522,3,0,3,0.0,2.0,0.5,2.0,3,0.5,0.5,0.0,0.951171875,0.048828125,0.0,256,1024,0,0.0,276.2305382956423,60.98110000311863,0.0,200.96818540140964,14.281252891114004,0,509.524598005155,0,326.32139801040466,4.4724763804155813e-07,8.593559766523197e-07,2.0850621218814283e-06,3.418966460943859e-08,8.0425378054064e-08,9.88751042871358e-07,4.4950318221101666e-06,no_nsga2,nsga2
0,496,496,train,2.321279764175415,0.296875,0.685546875,8,64,512,450.8859999914421,74.27350943895422,2.133017148945708,44.086473528058214,47.31909999100026,6.393685995693351,13.607751210122903,20.001437205816252,0.006599992047995329,0.0,12.16578190125298,7.829055312515279,0,17.742804738552767,1135.539503267377,2097152.0,2,0.0,0.5,0.5,0.0,0.0,89.2961008879987,0.005599998985417187,0.0,71.86909719105435,17.421403697958944,0,0,0,0.0,62.43674999510433,26.859350892894383,0,1048576,1048576,8,4,0.25,2,0.5,0,1,1.0,0.2307606527190679,3,3,0,1.0,0.0,0.0,1.0,0,0.5,0.5,0.0,0.94140625,0.05859375,0.0,256,1024,0,0.0,481.97200046383267,269.98340005229693,0.0,197.913807282787,14.074793128748752,0,509.524598005155,0,58.63859801371291,1.4854701887790847e-06,8.532068595782833e-07,2.0640304418859345e-06,3.196842997846676e-08,8.16465072607374e-08,1.0178345088701957e-06,5.534156936352703e-06,no_nsga2,nsga2
0,497,497,train,2.404792606830597,0.263671875,0.6796875,8,64,512,447.7534000034211,74.58332651481756,2.1796724223013606,43.9708498081868,37.37980000732932,5.940068697943014,13.305641301836992,19.245709999780004,0.006699992809444666,0.0,11.47837996832568,7.760630038644882,0,17.866937767532548,1143.484017122083,2097152.0,2,0.5,0.5,0.0,0.0,0.0,83.15345443004371,0.00580001506023109,0.0,63.59342995605479,19.554224458928694,0,0,0,18.915444251096474,64.23801017894723,0.0,1048576,1048576,0,8,4,0.25,2,0.5,0,1,1.0,0.2201412853775118,3,0,3,0.0,2.0,0.5,2.0,3,0.5,0.5,0.0,0.9521484375,0.0478515625,0.0,256,1024,0,0.0,482.9353949812229,271.38099998410325,0.0,198.6777581602518,12.87663683686776,0,509.524598005155,0,61.771198001733865,1.4916665302963512e-06,8.718689689205441e-07,2.056992385825511e-06,2.970034348971507e-08,7.983384781102195e-08,9.600105646583315e-07,5.490072641001475e-06,no_nsga2,nsga2
0,498,498,train,2.4890544414520264,0.22265625,0.650390625,8,64,512,181.8688000057591,22.073256500600607,2.2373367852387673,44.46704100809135,51.34580000594724,6.1484514186668076,13.83610735242693,19.984558771093738,0.007599985110573471,0.0,11.87327884501774,8.103679940965424,0,43.9875119439658,2815.200764413811,2097152.0,2,0.5,0.5,0.0,0.0,0.0,79.10378064402897,0.005799985956400633,0.0,60.06091612450234,19.037064533570224,0,0,0,18.198773290322503,60.905007353706466,0.0,1048576,1048576,0,8,4,0.25,2,0.5,0,1,1.0,0.2307606527190679,3,3,0,1.0,0.0,0.0,1.0,0,0.5,0.5,0.0,0.943359375,0.056640625,0.0,256,1024,0,0.0,275.1105371757229,61.06910001835786,0.0,197.686852863084,16.354584294281047,0,509.524598005155,0,327.6557979993959,4.414651300120122e-07,8.94934714095507e-07,2.0769604630527096e-06,3.074225709333404e-08,8.301664411456156e-08,9.128478211477025e-07,4.439967029515827e-06,no_nsga2,nsga2
0,499,499,train,2.3893901705741882,0.2421875,0.681640625,8,64,512,452.0790000096895,76.65753193598195,2.1641108289961006,44.53491928694539,39.58730000886135,5.764480117376245,13.957271226761286,19.72175134413753,0.006699992809444666,0.0,11.41860652686675,8.296444824461338,0,17.69598301147703,1132.5429127345299,2097152.0,2,0.5,0.5,0.0,0.0,0.0,87.07214015252953,0.00549999822396785,0.0,68.05497122298465,19.0116689313209,0,0,0,19.524263693355664,67.54787645917386,0.0,1048576,1048576,0,8,4,0.25,2,0.5,0,1,1.0,0.17369072493825644,3,0,3,0.0,2.0,0.5,2.0,3,0.5,0.5,0.0,0.9580078125,0.0419921875,0.0,256,1024,0,0.0,493.4262482076938,277.36119997280184,0.0,203.4220515174729,12.642996717419056,0,509.524598005155,0,57.445597995465505,1.533150638719639e-06,8.656443315984402e-07,2.0851823374583475e-06,2.882240058688123e-08,8.374362736056771e-08,1.005817154443643e-06,5.602360490167519e-06,no_nsga2,nsga2
0,500,500,val,2.560319721698761,0.24609375,0.65625,8,64,512,343.11820000584703,63.11223964309448,2.404617550463877,90.38617200186214,0.0,0.0,0.0,0.0,0.0,0.0,0.0,0.0,0,23.315512509540923,1492.192800610619,0.0,0,0.0,0.0,0.0,0.0,0.0,0.0,0.0,0.0,0.0,0.0,0,0,0,0.0,0.0,0.0,0,0,0,8,4,0.25,2,0.5,2,1,1.0,0.19776865982085054,0,0,0,0.0,0.0,0.0,0.0,0,0.5,0.5,0.0,0.953125,0.046875,0.0,256,1024,0,0.0,623.612116781682,223.71850001218263,200.0,184.12630570460175,15.767311064897562,0,509.524598005155,0,166.40639799930796,1.2622447928618897e-06,9.618470201855508e-07,3.6733864775703338e-06,0.0,0.0,0.0,5.897478290617774e-06,no_nsga2,nsga2
0,500,500,train,2.5283926129341125,0.22265625,0.66015625,8,64,512,313.9993999939179,50.01211241963402,2.440119492162896,40.70988117717183,42.347299997345544,6.520604203960627,15.034924895551669,21.555529099512295,0.006499991286545992,0.0,12.007677710732594,9.541351397493157,0,25.477674551226553,1630.5711712784994,2097152.0,2,0.5,0.5,0.0,0.0,0.0,77.93376119795604,0.005299982149153948,0.0,60.18835186653945,17.740109349267446,0,0,0,15.34203027314603,62.59173092481002,0.0,1048576,1048576,0,8,4,0.25,2,0.5,0,1,1.0,0.2091524583687337,3,3,0,1.0,0.0,0.0,1.0,0,0.5,0.5,0.0,0.955078125,0.044921875,0.0,256,1024,0,0.0,372.64845235587495,172.42339997028466,0.0,185.85837577225095,14.366676613339358,0,509.524598005155,0,195.52519801123708,1.0002422483926804e-06,9.760477968651584e-07,1.687525998487893e-06,3.2603021019803135e-08,9.020954937331e-08,8.100216725258526e-07,4.596650286664697e-06,no_nsga2,nsga2
0,501,501,train,2.460282027721405,0.27734375,0.634765625,8,64,512,448.59999998880085,74.1120939843623,2.2778444439336862,40.714664006376395,37.268300002324395,6.729702343367164,12.72000349179307,19.449705835160234,0.006499991286545992,0.0,11.85844212610291,7.5847637177707785,0,17.833219275480253,1141.3260336307362,2097152.0,2,0.5,0.0,0.5,0.0,0.0,44.16999330102518,0.005699999746866524,0.0,25.313760768848937,18.850532532429376,0,0,0,16.948230598474872,0.0,27.221762702550308,1048576,0,1048576,8,4,0.25,2,0.5,0,1,1.0,0.18595995617580352,3,0,3,0.0,2.0,0.5,2.0,3,0.5,0.5,0.0,0.9580078125,0.0419921875,0.0,256,1024,0,0.0,468.41840973868955,267.068900007871,0.0,188.9068194390022,12.442690291816335,0,509.524598005155,0,60.92459801635414,1.482241879687246e-06,9.111377775734746e-07,1.6865663236652127e-06,3.364851171683582e-08,7.632002095075841e-08,4.7559639420720156e-07,4.665510907800729e-06,no_nsga2,nsga2
0,502,502,train,2.629023015499115,0.228515625,0.615234375,8,64,512,418.80030000174884,71.61381396990174,2.3456015952037914,40.37565151418221,55.02880000858568,6.596856805380346,14.816447011707606,21.41330381708795,0.006999995093792677,0.0,12.029238754672342,9.377065067321816,0,19.102137457468718,1222.536797277998,2097152.0,2,0.5,0.5,0.0,0.0,0.0,76.89809521460057,0.006100017344579101,0.0,58.89759154619428,17.99440365106172,0,0,0,16.97150726876332,59.926587945837255,0.0,1048576,1048576,0,8,4,0.25,2,0.5,0,1,1.0,0.1859599251701455,3,3,0,1.0,0.0,0.0,1.0,0,0.5,0.5,0.0,0.9501953125,0.0498046875,0.0,256,1024,0,0.0,457.34026831715096,258.447400003206,0.0,184.18900809171308,14.703860222231931,0,509.524598005155,0,90.72429800340615,1.432276279398035e-06,9.382406380815165e-07,1.670051265637221e-06,3.298428402690174e-08,8.889868207024563e-08,8.029239666835324e-07,4.965375115897452e-06,no_nsga2,nsga2
0,503,503,train,2.496749997138977,0.2578125,0.626953125,8,64,512,666.6552999959094,66.49507881697554,2.8423614884438653,46.912659743856345,1057.5141000008443,6.01727427722562,18.100984035476365,24.118258312701986,0.00999998883344233,0.0,10.902376131145601,13.205882192722942,0,12.000186602975306,768.0119425904196,2097152.0,2,0.5,0.0,0.5,0.0,0.0,43.13208957257875,0.011099997209385037,0.0,24.2715864496509,18.84940312571846,0,0,0,16.688370226674845,0.0,26.4437193459039,1048576,0,1048576,8,4,0.25,2,0.5,0,1,1.0,0.19776865982085054,3,0,3,0.0,2.0,0.5,2.0,3,0.5,0.5,0.0,0.947265625,0.052734375,0.0,256,1024,0,0.0,465.000400197103,238.63180000626016,0.0,189.23233797690432,37.13626221393847,0,636.3011764999823,1,-30.354123495927183,1.3299015763395107e-06,1.136944595377546e-06,1.9735410143152184e-06,3.00863713861281e-08,1.0860590421285818e-07,4.6469763617913717e-07,5.043777097810399e-06,no_nsga2,nsga2
0,504,504,train,2.544161081314087,0.255859375,0.646484375,8,64,512,383.8891000050353,64.12107357787828,2.641866410498743,41.71247349128277,54.31980000867043,6.812261702188817,16.25744416892772,23.069705871116536,0.007199996616691351,0.0,11.205440229902084,11.857065644597762,0,20.839297496588394,1333.7150397816572,2097152.0,2,0.5,0.5,0.0,0.0,0.0,77.74570235641359,0.005900001269765198,0.0,58.93758107921646,18.802221275927366,0,0,0,17.27207214325463,60.47363021315896,0.0,1048576,1048576,0,8,4,0.25,2,0.5,0,1,1.0,0.18595995617580352,3,3,0,1.0,0.0,0.0,1.0,0,0.5,0.5,0.0,0.9423828125,0.0576171875,0.0,256,1024,0,0.0,433.9016539186391,228.1613999803085,0.0,184.62062350761585,21.11963043071482,0,636.3011764999823,0,252.41207649494697,1.2824214715575656e-06,1.0567465641994971e-06,1.7330487544939606e-06,3.4061308510944086e-08,9.75446650135663e-08,8.120011678506452e-07,5.015823931626178e-06,no_nsga2,nsga2
0,505,505,train,2.4954689741134644,0.26953125,0.666015625,8,64,512,191.8015999981435,25.68355240025795,2.182598803760424,40.438154000442175,35.037599998759106,6.658149850477528,12.904561427713954,19.562711278191482,0.006400019628927112,0.0,12.035407504915877,7.520903753646679,0,41.7095492974414,2669.4111550362495,2097152.0,2,0.5,0.5,0.0,0.0,0.0,81.12949201618908,0.006400005077011883,0.0,62.254606606598124,18.86848540451394,0,0,0,18.009887628471603,63.11960438771747,0.0,1048576,1048576,0,8,4,0.25,2,0.5,0,1,1.0,0.26061071707684524,3,0,3,0.0,2.0,0.5,2.0,3,0.5,0.5,0.0,0.943359375,0.056640625,0.0,256,1024,0,0.0,273.2172208178422,74.7921000001952,0.0,184.9658678882661,13.459252929380876,0,636.3011764999823,0,444.49957650183876,5.13671048005159e-07,8.730395215041697e-07,1.6761829026940043e-06,3.329074925238764e-08,7.742736856628373e-08,8.47314695418834e-07,4.020926285440839e-06,no_nsga2,nsga2
0,506,506,train,2.441372573375702,0.27734375,0.654296875,8,64,512,355.54690001299605,61.82524788887372,2.3006963975550834,39.778497809193304,42.45120000268798,6.506711550488609,13.848891595105545,20.355603145594152,0.006800008122809231,0.0,12.181199373097881,8.167603764373466,0,22.500484462733667,1440.0310056149547,2097152.0,2,0.5,0.5,0.0,0.0,0.0,80.59411717411015,0.005500012775883079,0.0,62.227627575140986,18.360989586193277,0,0,0,17.381108641480594,63.21300853262955,0.0,1048576,1048576,0,8,4,0.25,2,0.5,0,1,1.0,0.2307606527190679,3,3,0,1.0,0.0,0.0,1.0,0,0.5,0.5,0.0,0.943359375,0.056640625,0.0,256,1024,0,0.0,415.6177683824884,220.59189998253714,0.0,181.16787884317068,13.857989556780607,0,636.3011764999823,0,280.7542764869862,1.2365049577774744e-06,9.202785590220334e-07,1.6449974900490626e-06,3.2533557752443044e-08,8.309334957063326e-08,8.407033890240627e-07,4.758111303195709e-06,no_nsga2,nsga2
0,507,507,train,2.478294610977173,0.248046875,0.646484375,8,64,512,415.2907999960007,71.80306905373513,2.3422787415909907,40.33129180974768,41.10400000354275,6.167315352975308,13.662672078958916,19.829987431934224,0.007300011930055916,0.0,11.990295490801667,7.832391929202501,0,19.26356359571039,1232.868070125465,2097152.0,2,0.5,0.5,0.0,0.0,0.0,77.5494431614271,0.00589998671784997,0.0,60.016557058412964,17.526986116296296,0,0,0,16.05782973768371,61.491613423743395,0.0,1048576,1048576,0,8,4,0.25,2,0.5,0,1,1.0,0.26061071707684524,3,0,3,0.0,2.0,0.5,2.0,3,0.5,0.5,0.0,0.953125,0.046875,0.0,256,1024,0,0.0,457.90655842029526,258.4500000375556,0.0,186.65567160971705,12.800886773022635,0,636.3011764999823,0,221.01037650398155,1.436061381074703e-06,9.369114966363963e-07,1.667999035524918e-06,3.0836576764876546e-08,8.197603247375348e-08,8.076100910896385e-07,4.961394613564285e-06,no_nsga2,nsga2
0,508,508,train,2.6727012991905212,0.279296875,0.6015625,8,64,512,445.477999994182,73.53649192332948,2.282494715525623,39.91603107678631,36.69870000157971,6.087953303813189,12.85783586284905,18.94578916666224,0.006700007361359894,0.0,11.132183974812774,7.806905184488106,0,17.95819780529381,1149.3246595388039,2097152.0,2,0.5,0.5,0.0,0.0,0.0,80.68287959203798,0.006100017344579101,0.0,63.31439632372144,17.362383250971956,0,0,0,16.429713300146325,64.25316629189166,0.0,1048576,1048576,0,8,4,0.25,2,0.5,0,1,1.0,0.2091524583687337,3,3,0,1.0,0.0,0.0,1.0,0,0.5,0.5,0.0,0.9501953125,0.0498046875,0.0,256,1024,0,0.0,462.9400708625657,265.0552999402862,0.0,185.29087934713232,12.593891575147094,0,636.3011764999823,0,190.82317650580023,1.4707298384665898e-06,9.129978862102494e-07,1.649167215658503e-06,3.043976651906595e-08,7.71470151770943e-08,8.396882225206726e-07,4.980169944552175e-06,no_nsga2,nsga2
0,509,509,train,2.6486018300056458,0.263671875,0.61328125,8,64,512,422.2653999895556,72.91803104583849,2.3330695182438044,40.388432732014024,38.06230000918731,5.915094511182868,13.619311674121237,19.534406185304107,0.007599999662488699,0.0,11.56626239392334,7.960543791718276,0,18.94538613585612,1212.5047126947916,2097152.0,2,0.5,0.5,0.0,0.0,0.0,74.4833880063166,0.006100002792663872,0.0,56.25999453781532,18.217293465708607,0,0,0,16.985779522935175,57.49760848338143,0.0,1048576,1048576,0,8,4,0.25,2,0.5,0,1,1.0,0.17369072493825644,3,0,3,0.0,2.0,0.5,2.0,3,0.5,0.5,0.0,0.9560546875,0.0439453125,0.0,256,1024,0,0.0,462.55813318438527,264.19390000228304,0.0,186.40437811453612,11.959855067566089,0,636.3011764999823,0,214.03577651042667,1.4583606209167698e-06,9.332278072975217e-07,1.6714224421930313e-06,2.9575472555914347e-08,8.171587004472741e-08,7.788054391090364e-07,4.953107652117001e-06,no_nsga2,nsga2
0,510,510,train,2.5065419673919678,0.3125,0.646484375,8,64,512,451.47759999963455,73.99363756905225,2.2498095734258015,40.66302554737402,38.385300009394996,6.02327351607126,12.512151369475237,18.535424885546497,0.006699992809444666,0.0,10.996566758376702,7.53215813436035,0,17.719555256896953,1134.051536441405,2097152.0,2,0.5,0.5,0.0,0.0,0.0,73.44963365411108,0.00589998671784997,0.0,56.81819463720892,16.625539030184317,0,0,0,16.577872337961345,56.87176131614974,0.0,1048576,1048576,0,8,4,0.25,2,0.5,0,1,1.0,0.16091838189257093,3,3,0,1.0,0.0,0.0,1.0,0,0.5,0.5,0.0,0.955078125,0.044921875,0.0,256,1024,0,0.0,467.6258907594083,267.6297000143677,0.0,187.84882222185735,12.147368523183252,0,636.3011764999823,0,184.8235765003477,1.4798727513810453e-06,8.999238293703206e-07,1.679985059321432e-06,3.01163675803563e-08,7.507290821685142e-08,7.676520812170336e-07,4.932622997087039e-06,no_nsga2,nsga2
0,511,511,train,2.680884540081024,0.228515625,0.591796875,8,64,512,257.46259999868926,39.4952829264891,2.229496851639768,39.82857010644926,44.18299999088049,5.915218697701601,13.141149386865912,19.056368084567513,0.00689999433234334,0.0,11.09178203031173,7.957686059923439,0,31.072353528967703,1988.630625853933,2097152.0,2,0.5,0.5,0.0,0.0,0.0,78.24534876547403,0.006000016583129764,0.0,60.05378293713691,18.185565811753985,0,0,0,16.551119121169684,61.69422964430434,0.0,1048576,1048576,0,8,4,0.25,2,0.5,0,1,1.0,0.16091838189257093,3,0,3,0.0,2.0,0.5,2.0,3,0.5,0.5,0.0,0.9580078125,0.0419921875,0.0,256,1024,0,0.0,326.2133995383125,129.98130000778474,0.0,182.37490492402196,13.857194606505814,0,636.3011764999823,0,378.838576501293,7.89905658529782e-07,8.917987406559073e-07,1.647839224326829e-06,2.9576093488508008e-08,7.884689632119546e-08,8.155557258970796e-07,4.253522339219302e-06,no_nsga2,nsga2
0,512,512,train,2.421671986579895,0.32421875,0.669921875,8,64,512,420.8348000101978,71.65500227330293,2.1600827825311817,39.70255816723661,36.366599990287796,5.978715958371591,13.336158904664956,19.314874863036547,0.007200011168606579,0.0,12.093017721107202,7.214657130760739,0,19.0097895659213,1216.6265322189631,2097152.0,2,0.5,0.5,0.0,0.0,0.0,74.97436741801738,0.006299989763647318,0.0,57.389522760694256,17.57854466755947,0,0,0,16.453153642449955,58.521213775567425,0.0,1048576,1048576,0,8,4,0.25,2,0.5,0,1,1.0,0.2201412464909665,3,3,0,1.0,0.0,0.0,1.0,0,0.5,0.5,0.0,0.951171875,0.048828125,0.0,256,1024,0,0.0,454.0705728922828,258.26339999912307,0.0,184.66969575534335,11.137477137816427,0,636.3011764999823,0,215.46637648978447,1.4331000454660586e-06,8.640331130124727e-07,1.6418095500994817e-06,2.989357979185796e-08,8.001695342798972e-08,7.826499814650738e-07,4.831503223262934e-06,no_nsga2,nsga2
0,513,513,train,2.558164119720459,0.2734375,0.642578125,8,64,512,436.728899992886,72.07226015053398,2.1799908103485484,40.90859647120946,38.72709999268409,6.169883542345046,14.055770882557729,20.225654424902775,0.007399998139590025,0.0,12.36580832254905,7.852446104214134,0,18.317958079193374,1172.349317068376,2097152.0,2,0.5,0.5,0.0,0.0,0.0,75.05345193078885,0.005700014298781753,0.0,57.136477369920264,17.911274546569814,0,0,0,16.409871727221308,58.643580203567545,0.0,1048576,1048576,0,8,4,0.25,2,0.5,0,1,1.0,0.16091838189257093,3,0,3,0.0,2.0,0.5,2.0,3,0.5,0.5,0.0,0.9599609375,0.0400390625,0.0,256,1024,0,0.0,460.6433897283679,259.9587000149768,0.0,188.3194744319965,12.365215281394596,0,636.3011764999823,0,199.57227650709626,1.4414452030106797e-06,8.719963241394194e-07,1.6935265050160776e-06,3.084941771172523e-08,8.433462529534636e-08,7.833542627623312e-07,4.90550633793558e-06,no_nsga2,nsga2
0,514,514,train,2.604287326335907,0.25390625,0.630859375,8,64,512,420.8781000052113,72.44261648910668,2.083115598719276,40.22379847362963,40.653000003658235,6.648448106889277,12.551398360503418,19.199846467392696,0.006599992047995329,0.0,12.87715721667793,6.3160892586667705,0,19.00783384088434,1216.5013658165979,2097152.0,2,0.5,0.5,0.0,0.0,0.0,79.60987743233403,0.005799985956400633,0.0,61.993414963933915,17.61066248244371,0,0,0,16.95597940094651,62.65389803138751,0.0,1048576,1048576,0,8,4,0.25,2,0.5,0,1,1.0,0.26994862967019156,3,3,0,1.0,0.0,0.0,1.0,0,0.5,0.5,0.0,0.943359375,0.056640625,0.0,256,1024,0,0.0,458.9981222458224,261.4538000198081,0.0,186.41730301562714,11.127019210387104,0,636.3011764999823,0,215.42307649477095,1.4488523297821337e-06,8.332462394877105e-07,1.6616223801724008e-06,3.324224053444639e-08,7.53083901630205e-08,8.300107331252334e-07,4.8822823132649455e-06,no_nsga2,nsga2
0,515,515,train,2.518090307712555,0.28515625,0.638671875,8,64,512,475.93670000787824,77.1906831758247,2.390816896733174,40.62969503209339,39.40229999716394,5.504497803004215,13.639667108337616,19.144164911341832,0.007599999662488699,0.0,10.970976450246882,8.16558846143246,0,16.80892268014821,1075.7710515294855,2097152.0,2,0.5,0.5,0.0,0.0,0.0,78.49327133741699,0.006200003554113209,0.0,61.99800780252419,16.489063531338672,0,0,0,15.49923604917715,62.99403528823983,0.0,1048576,1048576,0,8,4,0.25,2,0.5,0,1,1.0,0.2606107547134336,3,0,3,0.0,2.0,0.5,2.0,3,0.5,0.5,0.0,0.935546875,0.064453125,0.0,256,1024,0,0.0,480.844780418605,280.32570000505075,0.0,187.75223439816202,12.766846015392279,0,520.916423507224,0,44.97972349934571,1.543813663516494e-06,9.563267586932697e-07,1.6786023866920953e-06,2.7522489015021077e-08,8.183800265002569e-08,8.159311854725241e-07,5.104034486039431e-06,no_nsga2,nsga2
0,516,516,train,2.620933711528778,0.25390625,0.625,8,64,512,211.58329999889247,38.03784018079669,2.350900369232167,39.555235586352715,37.58180000295397,6.0167942591070975,13.025368861831616,19.042163120938714,0.007199996616691351,0.0,10.886901484030634,8.148061640291386,0,37.80998873754752,2419.8392792030413,2097152.0,2,0.5,0.5,0.0,0.0,0.0,81.12667197440116,0.005600013537332416,0.0,61.4299701627719,19.69110179809193,0,0,0,17.647959104032303,63.47871287036886,0.0,1048576,1048576,0,8,4,0.25,2,0.5,0,1,1.0,0.2307606527190679,3,3,0,1.0,0.0,0.0,1.0,0,0.5,0.5,0.0,0.958984375,0.041015625,0.0,256,1024,0,0.0,319.7759045455263,123.8042999902973,0.0,182.6354283612276,13.336176194001416,0,520.916423507224,0,309.3331235083315,7.607568036159339e-07,9.403601476928668e-07,1.6373791971774996e-06,3.008397129553549e-08,7.815221317098968e-08,8.465626379520761e-07,4.293294970904902e-06,no_nsga2,nsga2
0,517,517,train,2.6050309538841248,0.275390625,0.623046875,8,64,512,424.59530000633094,72.93074216292284,2.1548224351942884,40.441325425363225,38.5043999995105,6.241821754071258,13.802697218518572,20.04451897258983,0.006799993570894003,0.0,12.664510512128553,7.373208466890383,0,18.841426550068185,1205.8512992043638,2097152.0,2,0.5,0.5,0.0,0.0,0.0,80.70893419167905,0.006000016583129764,0.0,62.027060876754675,18.675873298341234,0,0,0,16.709018020696313,63.99991617098273,0.0,1048576,1048576,0,8,4,0.25,2,0.5,0,1,1.0,0.18595995617580352,3,0,3,0.0,2.0,0.5,2.0,3,0.5,0.5,0.0,0.9599609375,0.0400390625,0.0,256,1024,0,0.0,462.1075600939214,264.89580002089497,0.0,185.06914931531773,12.142610757708722,0,511.7442220005614,0,87.14892199423048,1.458614843258457e-06,8.619289740777154e-07,1.6738238617689952e-06,3.120910877035629e-08,8.281618331111142e-08,8.405073779581832e-07,4.948900349144818e-06,no_nsga2,nsga2
0,518,518,train,2.6091989874839783,0.255859375,0.62109375,8,64,512,429.51970000285655,72.07545868025949,2.0762063100383488,40.6173902122078,36.09020001022145,5.537200167621427,12.91572542860894,18.45292559623037,0.006300004315562546,0.0,11.595278306274158,6.851347285640647,0,18.625411999810012,1192.0263679878408,2097152.0,2,0.5,0.5,0.0,0.0,0.0,73.7596025138491,0.005600013537332416,0.0,56.81640020996386,16.937602290347925,0,0,0,15.636947565673742,58.12265494817537,0.0,1048576,1048576,0,8,4,0.25,2,0.5,0,1,1.0,0.2307606527190679,3,3,0,1.0,0.0,0.0,1.0,0,0.5,0.5,0.0,0.939453125,0.060546875,0.0,256,1024,0,0.0,459.07622081002256,259.90609999280423,0.0,186.60193959533166,12.568181221886675,0,511.7442220005614,0,82.22452199770487,1.4415091736051898e-06,8.304825240153397e-07,1.681099266326714e-06,2.7686000838107136e-08,7.749435257165364e-08,7.688699202698385e-07,4.827141237626844e-06,no_nsga2,nsga2
0,519,519,train,2.5457348227500916,0.25390625,0.630859375,8,64,512,437.5393999944208,72.49043409055938,2.1825384375537267,39.400848783029346,36.409699998330325,6.248679651559917,13.799351624732198,20.048031276292114,0.007099995855242014,0.0,12.601786669708588,7.439144610728285,0,18.284025886756996,1170.1776567524478,2097152.0,2,0.5,0.5,0.0,0.0,0.0,73.69985386310697,0.005900015821680427,0.0,56.40244956649786,17.29150428078743,0,0,0,16.323912716772092,57.375941146334874,0.0,1048576,1048576,0,8,4,0.25,2,0.5,0,1,1.0,0.2201412464909665,3,0,3,0.0,2.0,0.5,2.0,3,0.5,0.5,0.0,0.9462890625,0.0537109375,0.0,256,1024,0,0.0,456.29528524456975,262.58429999870714,0.0,182.29692655645607,11.414058689406566,0,511.7442220005614,0,74.2048220061406,1.4498086818111877e-06,8.730153750214908e-07,1.627244079436221e-06,3.124339825779959e-08,8.279610974839318e-08,7.696463640646138e-07,4.833754008339705e-06,no_nsga2,nsga2
0,520,520,train,2.7154866456985474,0.216796875,0.59375,8,64,512,353.1539999967208,63.30619700612574,2.2744067594084925,40.66582723223801,38.90020000108052,6.146156018144346,12.945011107200571,19.091167125344917,0.006300004315562546,0.0,11.100406118348172,7.984461002681185,0,22.65294275905561,1449.788336579559,2097152.0,2,0.5,0.5,0.0,0.0,0.0,77.8615124284677,0.006499991286545992,0.0,59.715451814114076,18.139560623067073,0,0,0,16.26447235353209,61.59704007493561,0.0,1048576,1048576,0,8,4,0.25,2,0.5,0,1,1.0,0.2307606527190679,3,3,0,1.0,0.0,0.0,1.0,0,0.5,0.5,0.0,0.947265625,0.052734375,0.0,256,1024,0,0.0,424.98572399108895,225.4356999619631,0.0,186.7514917009321,12.798532328193733,0,511.7442220005614,0,158.5902220038406,1.266123940122515e-06,9.097627037633972e-07,1.6833318826845687e-06,3.073078009072173e-08,7.767006664320341e-08,8.111440689917413e-07,4.778763442296147e-06,no_nsga2,nsga2
0,521,521,train,2.5727360248565674,0.275390625,0.654296875,8,64,512,354.3160999979591,55.14576871373914,2.3157669635651286,40.4329543011208,37.54409999237396,5.629046106721826,13.446515768327854,19.07556187504968,0.006300004315562546,0.0,10.626889724635006,8.44237214609911,0,22.578644948398146,1445.0332766974814,2097152.0,2,0.5,0.5,0.0,0.0,0.0,81.06708270612211,0.006400005077011883,0.0,64.00854734985649,17.052135351188618,0,0,0,17.58764242376543,63.479440282356684,0.0,1048576,1048576,0,8,4,0.25,2,0.5,0,1,1.0,0.13364216641330787,3,0,3,0.0,2.0,0.5,2.0,3,0.5,0.5,0.0,0.955078125,0.044921875,0.0,256,1024,0,0.0,391.5779599137003,193.51569999707863,0.0,185.92968070586284,12.132579210758774,0,511.7442220005614,0,157.42812200260232,1.1029153742747827e-06,9.263067854260516e-07,1.6714289580585575e-06,2.8145230533609133e-08,8.067909460996711e-08,8.458461119087519e-07,4.65532155481172e-06,no_nsga2,nsga2
0,522,522,train,2.6137943863868713,0.228515625,0.607421875,8,64,512,177.29910000343807,22.195361037848492,2.127961927544738,40.826770440312174,37.43929999473039,5.835282617415118,13.127102500617983,18.9623851180331,0.005999987479299307,0.0,11.921307154362834,7.035077976190967,0,45.121237945409334,2887.7592285061974,2097152.0,2,0.5,0.5,0.0,0.0,0.0,78.51778373554572,0.005699985194951296,0.0,60.62228727925532,17.88979647109546,0,0,0,17.6414765389056,60.87630719664013,0.0,1048576,1048576,0,8,4,0.25,2,0.5,0,1,1.0,0.16091838189257093,3,3,0,1.0,0.0,0.0,1.0,0,0.5,0.5,0.0,0.958984375,0.041015625,0.0,256,1024,0,0.0,260.6003736228216,60.93959997815546,0.0,187.81796059629326,11.842813048372872,0,511.7442220005614,0,334.44512199712335,4.439072207569698e-07,8.511847710178952e-07,1.6884556520785346e-06,2.917641308707559e-08,7.876261500370788e-08,8.204607904332685e-07,3.911947462377452e-06,no_nsga2,nsga2
0,523,523,train,2.6008317470550537,0.296875,0.638671875,8,64,512,422.16390000248794,72.80700597034308,2.204213560236698,40.7114488912774,52.269000007072464,6.700490220899706,12.973994846504755,19.67448506740446,0.006900008884258568,0.0,11.965720130640985,7.701864927879218,0,18.94994112478999,1212.7962319865594,2097152.0,2,0.5,0.5,0.0,0.0,0.0,80.8826263185592,0.006100002792663872,0.0,62.87019928376755,18.006327031998985,0,0,0,16.884292381166073,63.99833393739313,0.0,1048576,1048576,0,8,4,0.25,2,0.5,0,1,1.0,0.16091842229213763,3,0,3,0.0,2.0,0.5,2.0,3,0.5,0.5,0.0,0.9326171875,0.0673828125,0.0,256,1024,0,0.0,462.8906736874287,262.5527000054717,0.0,187.33512051065054,13.00285317130649,0,511.72080850956263,0,89.5569085070747,1.4561401194068618e-06,8.816854240946793e-07,1.6824568404676879e-06,3.3502451104498533e-08,7.784396907902853e-08,8.425948479479241e-07,4.97422365210068e-06,no_nsga2,nsga2
0,524,524,train,2.4366246461868286,0.314453125,0.681640625,8,64,512,2817.4438000132795,183.1206795827337,30.060122182890634,146.1540637375955,259.24010000017006,5.833252776019858,283.06315737870693,288.89641015472677,0.007700000423938036,0.0,10.817535471148098,278.0711746831547,0,2.839452258288181,181.7249445304436,2097152.0,2,0.5,0.5,0.0,0.0,0.0,77.01373742836405,0.005699999746866524,0.0,58.51243516199094,18.495602266626236,0,0,0,17.87619705137054,59.13754037699351,0.0,1048576,1048576,0,8,4,0.25,2,0.5,0,1,1.0,0.2307606527190679,3,3,0,1.0,0.0,0.0,1.0,0,0.5,0.5,0.0,0.947265625,0.052734375,0.0,256,1024,0,0.0,1437.3394620128793,702.6545999833615,0.0,184.01228475447434,550.6725772750433,0,638.9151230014244,1,-2178.528677011855,3.662413591654674e-06,1.2024048873156253e-05,6.7453093371589245e-06,2.9166263880099293e-08,1.6983789442722412e-06,8.058897683863816e-07,2.4965206778508574e-05,no_nsga2,nsga2
0,525,525,train,2.395943582057953,0.302734375,0.693359375,8,64,512,418.63509999529924,72.50709124387481,2.4187172358887583,40.10527096091835,37.589700004900806,6.588980419054784,15.10900078391337,21.697981202968155,0.006800008122809231,0.0,12.892885924791285,8.798295270054059,0,19.109675443875553,1223.0192284080354,2097152.0,2,0.5,0.5,0.0,0.0,0.0,78.5214627155597,0.00580001506023109,0.0,60.45046871516294,18.065193985336517,0,0,0,15.997731135865973,62.52373157969372,0.0,1048576,1048576,0,8,4,0.25,2,0.5,0,1,1.0,0.16091838189257093,3,0,3,0.0,2.0,0.5,2.0,3,0.5,0.5,0.0,0.953125,0.046875,0.0,256,1024,0,0.0,460.1243177627276,261.9832999771461,0.0,184.78136315637113,13.3596546292104,0,638.9151230014244,0,220.28002300612513,1.450141824877496e-06,9.674868943555033e-07,1.6605319486559341e-06,3.2944902095273925e-08,9.06540047034802e-08,8.172100894273289e-07,5.018969664115017e-06,no_nsga2,nsga2
0,526,526,train,2.477997064590454,0.287109375,0.677734375,8,64,512,320.48529999156017,54.03515757736082,2.116348823187178,39.862213725855355,38.33989999839105,5.925743255357572,13.015524658279695,18.94126791363727,0.007499998901039362,0.0,12.017388120852148,6.916379793884081,0,24.96206546180188,1597.5721895553204,2097152.0,2,0.5,0.0,0.5,0.0,0.0,40.64632435991325,0.00549999822396785,0.0,23.303659822999023,17.33716453869026,0,0,0,15.325490224981989,0.0,25.32083413493126,1048576,0,1048576,8,4,0.25,2,0.5,0,1,1.0,0.19776865982085054,3,3,0,1.0,0.0,0.0,1.0,0,0.5,0.5,0.0,0.958984375,0.041015625,0.0,256,1024,0,0.0,384.05488050561337,187.03820003429428,0.0,184.807576790867,12.209103680452106,0,638.9151230014244,0,318.4298230098642,1.0807031515472165e-06,8.465395292748713e-07,1.6511457452767153e-06,2.9628716276787867e-08,7.809314794967816e-08,4.3711422404909646e-07,4.123224514374365e-06,no_nsga2,nsga2
0,527,527,train,2.296821415424347,0.35546875,0.677734375,8,64,512,417.5718000042252,71.70413504580202,2.228637174332042,40.27083290322353,37.10210000281222,6.662022875212067,12.454999091441964,19.11702196665403,0.006200003554113209,0.0,11.715368287567749,7.39545367553217,0,19.15833598337596,1226.1335029360614,2097152.0,2,0.0,0.5,0.5,0.0,0.0,90.87349812193307,0.006400005077011883,0.0,72.52904423355679,18.33805388329927,0,0,0,0.0,64.16838903497901,26.705109086954053,0,1048576,1048576,8,4,0.25,2,0.5,0,1,1.0,0.1859599251701455,3,0,3,0.0,2.0,0.5,2.0,3,0.5,0.5,0.0,0.953125,0.046875,0.0,256,1024,0,0.0,456.81442049343036,260.264999960782,0.0,185.2500179385795,11.299402594068892,0,638.9151230014244,0,221.34332299719915,1.4340827009160408e-06,8.914548697328169e-07,1.664725407818579e-06,3.3310114376060336e-08,7.472999454865177e-08,9.621451993932387e-07,5.0604482867853875e-06,no_nsga2,nsga2
0,528,528,train,2.514536678791046,0.259765625,0.66015625,8,64,512,183.59630000486504,22.17093594413039,2.0774051710331176,39.966870228220415,38.64879999309778,6.483234331697246,11.782643123586492,18.26587745528374,0.007199996616691351,0.0,12.241391210883425,6.017286247783621,0,43.57362553691156,2788.7120343623396,2097152.0,2,0.5,0.5,0.0,0.0,0.0,80.95263143417051,0.005900015821680427,0.0,61.58370816771853,19.3630232506303,0,0,0,17.254489676028115,63.69814175814239,0.0,1048576,1048576,0,8,4,0.25,2,0.5,0,1,1.0,0.25097720212391433,3,3,0,1.0,0.0,0.0,1.0,0,0.5,0.5,0.0,0.93359375,0.06640625,0.0,256,1024,0,0.0,256.8608453735357,63.13899999076966,0.0,180.92520375181994,12.796641630946079,0,638.9151230014244,0,455.31882299655933,4.434187188826079e-07,8.309620684132471e-07,1.6557966774602421e-06,3.2416171658486234e-08,7.069585874151894e-08,8.440352936937614e-07,3.8773247888498636e-06,no_nsga2,nsga2
0,529,529,train,2.6988372206687927,0.2265625,0.623046875,8,64,512,451.53799999388866,75.63391857975444,2.338242718956956,41.2107756558016,36.49159999622498,5.963697704008487,12.81536317374708,18.77906087775557,0.006700007361359894,0.0,10.837151526082856,7.935209344311351,0,17.717185005300266,1133.899840339217,2097152.0,2,0.5,0.5,0.0,0.0,0.0,75.31006138490856,0.006499991286545992,0.0,56.580861863605165,18.722699530016847,0,0,0,16.585227019107222,58.72483436580134,0.0,1048576,1048576,0,8,4,0.25,2,0.5,0,1,1.0,0.18595995617580352,3,0,3,0.0,2.0,0.5,2.0,3,0.5,0.5,0.0,0.96484375,0.03515625,0.0,256,1024,0,0.0,476.731747818052,274.6832000266295,0.0,188.48455585014804,13.563991941274379,0,638.9151230014244,0,187.37712300753572,1.5126783715950889e-06,9.352970875827825e-07,1.708545016436108e-06,2.9818488520042435e-08,7.689217904248247e-08,7.862710678873002e-07,5.049502211063804e-06,no_nsga2,nsga2
0,530,530,train,2.402535140514374,0.302734375,0.681640625,8,64,512,195.05729999218602,26.55884004583497,2.1910851945093115,41.14726942235711,37.01379999984056,6.009625275394847,14.52928844426522,20.538913719660066,0.00689999433234334,0.0,11.932763262572092,8.599250462755633,0,41.013379078565116,2624.8562610281674,2097152.0,2,0.5,0.5,0.0,0.0,0.0,79.14364937161271,0.005700014298781753,0.0,62.34851548065963,16.7894338766543,0,0,0,16.15179172514363,62.99185764646908,0.0,1048576,1048576,0,8,4,0.25,2,0.5,0,1,1.0,0.2091524583687337,3,3,0,1.0,0.0,0.0,1.0,0,0.5,0.5,0.0,0.9521484375,0.0478515625,0.0,256,1024,0,0.0,279.5887786508056,76.32640002702828,0.0,189.06815478179453,14.194223841982739,0,638.9151230014244,0,443.85782300923836,5.311768009166994e-07,8.764340778037247e-07,1.7030499375123025e-06,3.0048126376974236e-08,8.71757306655913e-08,8.237400771664145e-07,4.051624750441706e-06,no_nsga2,nsga2
0,531,531,train,2.4846410155296326,0.287109375,0.65234375,8,64,512,148.58100000128616,21.480265529635467,2.388560358571377,41.33663138111171,39.555299998028204,6.34539964778254,14.687731155856781,21.03313080363932,0.006400005077011883,0.0,11.566157967100501,9.460572831461809,0,53.8423227573377,3445.9086564696127,2097152.0,2,0.0,0.5,0.5,0.0,0.0,86.70156952370743,0.00580001506023109,0.0,69.15020002554107,17.545569483106135,0,0,0,0.0,61.666631677735,25.034937845972436,0,1048576,1048576,8,4,0.25,2,0.5,0,1,1.0,0.2307606283979408,3,0,3,0.0,2.0,0.5,2.0,3,0.5,0.5,0.0,0.9453125,0.0546875,0.0,256,1024,0,0.0,260.8218290772742,58.04030000581406,0.0,188.66525178870936,14.116277282750785,0,638.9151230014244,0,490.3341230001382,4.2960531059270937e-07,9.554241434285508e-07,1.7115602884257003e-06,3.1726998238912706e-08,8.812638693514068e-08,9.170855709290192e-07,4.1335286985500336e-06,no_nsga2,nsga2
0,532,532,train,2.527752459049225,0.29296875,0.65234375,8,64,512,356.7192000045907,62.83646485554472,2.115373504035551,40.89605494566212,38.32749999128282,6.4896954666225035,13.009613497772538,19.49930896439504,0.006499991286545992,0.0,12.19307750786596,7.299731465242536,0,22.42654046475935,1435.2985897445983,2097152.0,2,0.5,0.5,0.0,0.0,0.0,81.12740109282973,0.005699999746866524,0.0,62.85011943968079,18.271581653402063,0,0,0,16.328308341964465,64.79909275086526,0.0,1048576,1048576,0,8,4,0.25,2,0.5,0,1,1.0,0.26994862967019156,3,3,0,1.0,0.0,0.0,1.0,0,0.5,0.5,0.0,0.94140625,0.05859375,0.0,256,1024,0,0.0,423.3915732209696,222.99860000202898,0.0,188.82140419965828,11.571569019282332,0,638.9151230014244,0,282.1959229968337,1.2567292971108944e-06,8.461494016142204e-07,1.6923070897430555e-06,3.2448477333112525e-08,7.805768098663521e-08,8.439306276122263e-07,4.749622574400144e-06,no_nsga2,nsga2
0,533,533,train,2.580268085002899,0.2421875,0.623046875,8,64,512,424.20310000306927,72.5716429268365,2.120969699625955,40.377974885462926,38.92869999981485,6.687232784551657,11.200462798004171,17.88769558255583,0.007599985110573471,0.0,11.819862237011101,6.060233360434154,0,18.85884648437419,1206.9661749999482,2097152.0,2,0.5,0.5,0.0,0.0,0.0,78.50966129691533,0.00580001506023109,0.0,59.91774329738886,18.586117984466235,0,0,0,18.198836729953424,60.310824566961905,0.0,1048576,1048576,0,8,4,0.25,2,0.5,0,1,1.0,0.2091524583687337,3,0,3,0.0,2.0,0.5,2.0,3,0.5,0.5,0.0,0.955078125,0.044921875,0.0,256,1024,0,0.0,460.2823500477015,263.1144999904791,0.0,185.5289756561753,11.63887440104712,0,511.4530135017412,0,87.24991349867196,1.4514328585367302e-06,8.483878798503821e-07,1.6693667449880859e-06,3.343616392275829e-08,6.720277678802502e-08,8.214942864290601e-07,4.891320710515041e-06,no_nsga2,nsga2
0,534,534,train,2.669694662094116,0.23046875,0.6171875,8,64,512,195.96219999948516,27.229216804405148,2.1048481298147674,40.103703384986346,40.83010001340881,7.6065792246866595,12.93040052535007,20.53697975003673,0.008500006515532732,0.0,11.780043824239986,8.74843591928121,0,40.82399144339865,2612.7354523775134,2097152.0,2,0.5,0.5,0.0,0.0,0.0,77.77851779878843,0.005500012775883079,0.0,58.32622505982256,19.446792726189983,0,0,0,17.372386791995552,60.406131006792876,0.0,1048576,1048576,0,8,4,0.25,2,0.5,0,1,1.0,0.18595995617580352,3,3,0,1.0,0.0,0.0,1.0,0,0.5,0.5,0.0,0.9501953125,0.0498046875,0.0,256,1024,0,0.0,277.7510732768251,77.65580002160277,0.0,183.88685486066487,16.20841839455742,0,511.4530135017412,0,315.49081350225606,5.44584336088103e-07,8.419392519259071e-07,1.6590300233262808e-06,3.80328961234333e-08,7.758240315210041e-08,8.125299515718753e-07,3.9736988621877e-06,no_nsga2,nsga2
0,535,535,train,2.807522237300873,0.21484375,0.556640625,8,64,512,180.0632999947993,22.164225172446365,2.3037346129534555,40.59000201339181,39.707200005068444,6.513944306204263,13.674042968454215,20.18798727465848,0.006999995093792677,0.0,12.80427382157195,7.376713457992734,0,44.42857357194657,2843.4287086045806,2097152.0,2,0.5,0.0,0.5,0.0,0.0,40.67391103477827,0.005599998985417187,0.0,22.706920053080907,17.961390982711947,0,0,0,16.510375505023717,0.0,24.16353552975455,1048576,0,1048576,8,4,0.25,2,0.5,0,1,1.0,0.2091524583687337,3,0,3,0.0,2.0,0.5,2.0,3,0.5,0.5,0.0,0.9404296875,0.0595703125,0.0,256,1024,0,0.0,260.23184719516655,62.416400003712624,0.0,183.75314561659422,14.062301574859683,0,511.4530135017412,0,331.3897135069419,4.432845034489273e-07,9.214938451813822e-07,1.6818646807584203e-06,3.256972153102132e-08,8.204425781072529e-08,4.397598613578301e-07,3.601016870088306e-06,no_nsga2,nsga2
0,536,536,train,2.6542059183120728,0.216796875,0.6015625,8,64,512,350.2939000027254,61.56214477609135,2.09140362083953,39.56859443538901,39.29620000417344,6.693409925838442,12.165306289275069,18.85871621511351,0.007099995855242014,0.0,11.93247200515282,6.91914421410545,0,22.837900294688154,1461.6256188600419,2097152.0,2,0.5,0.5,0.0,0.0,0.0,77.89594283628304,0.005500012775883079,0.0,58.920614005717454,18.969828817789704,0,0,0,17.504096843322678,60.391845992960356,0.0,1048576,1048576,0,8,4,0.25,2,0.5,0,1,1.0,0.19776865982085054,3,3,0,1.0,0.0,0.0,1.0,0,0.5,0.5,0.0,0.9482421875,0.0517578125,0.0,256,1024,0,0.0,412.88857132927956,219.09420000156388,0.0,182.48027949309346,11.314091834622234,0,511.4530135017412,0,161.1591134990158,1.2312428955218272e-06,8.36561448335812e-07,1.6347475292799348e-06,3.346704962919222e-08,7.29918377356504e-08,8.139676220494758e-07,4.622978382551892e-06,no_nsga2,nsga2
0,537,537,train,2.6359171271324158,0.224609375,0.62890625,8,64,512,447.6500000018859,73.67304648173439,2.0842967750165933,39.56077972065915,37.45160000107717,5.701286392324563,12.91337631810766,18.614662710432224,0.006499991286545992,0.0,11.232556158393276,7.375606560752401,0,17.871064735622834,1143.7481430798614,2097152.0,2,0.5,0.5,0.0,0.0,0.0,79.58186809302549,0.005699999746866524,0.0,61.445077679852766,18.131090413425852,0,0,0,17.16110641106681,62.42076168195868,0.0,1048576,1048576,0,8,4,0.25,2,0.5,0,1,1.0,0.14759070521249812,3,0,3,0.0,2.0,0.5,2.0,3,0.5,0.5,0.0,0.953125,0.046875,0.0,256,1024,0,0.0,461.27249190964056,268.2533000188414,0.0,182.38723928213955,10.631952608659637,0,511.4530135017412,0,63.8030134998553,1.4734609296346881e-06,8.337187100066374e-07,1.6359702465938594e-06,2.8506431961622816e-08,7.748025790864596e-08,8.301408937523886e-07,4.879277469857842e-06,no_nsga2,nsga2
0,538,538,train,2.594555974006653,0.25,0.611328125,8,64,512,421.4148000028217,71.89007701566823,2.220242823816089,40.86431995076982,39.300999997067265,6.404661090161996,11.771400319544078,18.176061409706072,0.006699992809444666,0.0,12.192154844534459,5.97720657236217,0,18.98362614772971,1214.9520734547013,2097152.0,2,0.5,0.5,0.0,0.0,0.0,80.4565064550065,0.006000002031214535,0.0,61.517039160288526,18.933467292686764,0,0,0,17.806918929588093,62.64958752541841,0.0,1048576,1048576,0,8,4,0.25,2,0.5,0,1,1.0,0.18595995617580352,3,3,0,1.0,0.0,0.0,1.0,0,0.5,0.5,0.0,0.9453125,0.0546875,0.0,256,1024,0,0.0,459.89855916101646,260.1041999878362,0.0,188.51038065058697,11.283978522593378,0,511.4530135017412,0,90.0382134989195,1.4378015403133646e-06,8.880971295264355e-07,1.6907296220870632e-06,3.202330545080998e-08,7.062840191726446e-08,8.401789024092411e-07,4.959458901704179e-06,no_nsga2,nsga2
0,539,539,train,2.5405391454696655,0.263671875,0.666015625,8,64,512,434.2417000007117,71.00433576641827,2.021028142475972,40.53534829079046,36.907600006088614,6.739060742383534,13.3213862248037,20.060446967187232,0.006599992047995329,0.0,13.0411260466657,7.012720928473538,0,18.422877344827878,1179.0641500689842,2097152.0,2,0.5,0.5,0.0,0.0,0.0,74.55293427669928,0.005800000508315861,0.0,57.16873442607374,17.378399850117226,0,0,0,15.37308723492241,59.17984704177687,0.0,1048576,1048576,0,8,4,0.25,2,0.5,0,1,1.0,0.2201412464909665,3,0,3,0.0,2.0,0.5,2.0,3,0.5,0.5,0.0,0.935546875,0.064453125,0.0,256,1024,0,0.0,454.2428487987388,256.6625999897951,0.0,186.68350334779885,10.896745461144826,0,511.4530135017412,0,77.21131350102951,1.4200867153283654e-06,8.08411256990389e-07,1.6777278868883533e-06,3.369530371191767e-08,7.992831734882218e-08,7.762755172368377e-07,4.796124997504686e-06,no_nsga2,nsga2
0,540,540,train,2.4975560307502747,0.28125,0.6171875,8,64,512,453.02620000438765,75.23504424412735,2.1746801587669546,41.03507001983286,45.31020000285935,7.39511439936966,13.166951501900037,20.562065901269698,0.006800008122809231,0.0,11.964619126886918,8.59064676625997,0,17.658983831263374,1130.174965200856,2097152.0,2,0.5,0.5,0.0,0.0,0.0,76.26323324526643,0.006199989002197981,0.0,57.037946920604185,19.219086335660048,0,0,0,16.900802693148382,59.36243055211805,0.0,1048576,1048576,0,8,4,0.25,2,0.5,0,1,1.0,0.2201412464909665,3,3,0,1.0,0.0,0.0,1.0,0,0.5,0.5,0.0,0.951171875,0.048828125,0.0,256,1024,0,0.0,473.7791776909086,272.59160003450233,0.0,186.66425230965044,14.523325346755847,0,512.1896725069382,0,59.163472502550576,1.504700884882547e-06,8.698720635067818e-07,1.698996919601343e-06,3.6975571996848305e-08,7.900170901140021e-08,7.964339378389611e-07,4.98598108683788e-06,no_nsga2,nsga2
0,541,541,train,2.4910523295402527,0.2265625,0.63671875,8,64,512,353.9835999981733,61.55995174194197,2.2509475662507223,40.527668478932746,38.18659999524243,5.976947517332292,13.07468388253872,19.051631399871013,0.007700000423938036,0.0,12.24264300154378,6.801288397903294,0,22.599853214070002,1446.3906057004801,2097152.0,2,0.0,0.0,1.0,0.0,0.0,51.717406900331184,0.006099988240748644,0.0,33.14625937492812,18.565047537162318,0,0,0,0.0,0.0,25.858703450165592,0,0,2097152,8,4,0.25,2,0.5,0,1,1.0,0.2606107547134336,3,0,3,0.0,2.0,0.5,2.0,3,0.5,0.5,0.0,0.951171875,0.048828125,0.0,256,1024,0,0.0,417.35427114850177,218.92340001068078,0.0,187.02124123787647,11.409629899944559,0,512.1896725069382,0,158.20607250876492,1.2311990348388397e-06,9.00379026500289e-07,1.6751822585733116e-06,2.9884737586661456e-08,7.84481032952323e-08,5.715733075361754e-07,4.486666468330509e-06,no_nsga2,nsga2
0,542,542,train,2.431351363658905,0.3203125,0.66015625,8,64,512,353.6057000019355,54.59191381343824,2.3513140984626064,41.00951228005169,52.58020000474062,6.068247746234818,13.411016218602594,19.47926396483741,0.006699992809444666,0.0,11.486715787003702,7.985848185024265,0,22.62400571017521,1447.9363654512135,2097152.0,2,0.5,0.5,0.0,0.0,0.0,74.49827189880403,0.006600006599910557,0.0,57.96300931653356,16.52866257567056,0,0,0,16.758246637535542,57.740025261268485,0.0,1048576,1048576,0,8,4,0.25,2,0.5,0,1,1.0,0.24103284089209526,3,3,0,1.0,0.0,0.0,1.0,0,0.5,0.5,0.0,0.94921875,0.05078125,0.0,256,1024,0,0.0,391.8109607678101,191.70280003163498,0.0,186.9425149798472,13.165645756327923,0,512.1896725069382,0,158.58397250500275,1.0918382762687648e-06,9.405256393850427e-07,1.69709407632308e-06,3.0341238731174097e-08,8.046609731161555e-08,7.784992122631115e-07,4.618764540282789e-06,no_nsga2,nsga2
0,543,543,train,2.4327595829963684,0.26953125,0.669921875,8,64,512,376.4178000128595,66.00173086009745,2.4639852700336857,40.467580861224064,37.27080000680871,6.415697549848647,14.813634392425405,21.22933194227405,0.006299989763647318,0.0,12.42469407295102,8.798337879559385,0,21.252923604577397,1360.1871106929534,2097152.0,2,0.5,0.5,0.0,0.0,0.0,75.70562719927037,0.006900008884258568,0.0,58.412189848349,17.28653734203712,0,0,0,16.200831633108393,59.50479556616198,0.0,1048576,1048576,0,8,4,0.25,2,0.5,0,1,1.0,0.241032865595602,3,0,3,0.0,2.0,0.5,2.0,3,0.5,0.5,0.0,0.93359375,0.06640625,0.0,256,1024,0,0.0,435.7331879654208,238.73439995804802,0.0,182.44958775615098,14.549200251221828,0,512.1896725069382,0,135.7718724940787,1.3200346172019491e-06,9.855941080134743e-07,1.6742769165535666e-06,3.2078487749243236e-08,8.888180635455241e-08,7.894579352589205e-07,4.890323871131706e-06,no_nsga2,nsga2
0,544,544,train,2.4210503697395325,0.3125,0.68359375,8,64,512,465.4445000051055,75.60641435520792,2.2193356029017846,39.46158479686527,39.51509999751579,6.161126073647935,13.919485012089588,20.080611085737523,0.007000009645707905,0.0,12.297301192575631,7.776309883516185,0,17.18783402119528,1100.0213773564979,2097152.0,2,0.5,0.5,0.0,0.0,0.0,79.67696335756432,0.007199996616691351,0.0,60.90076266242689,18.769000698520735,0,0,0,16.521198806111347,63.15576455145297,0.0,1048576,1048576,0,8,4,0.25,2,0.5,0,1,1.0,0.14759070521249812,3,3,0,1.0,0.0,0.0,1.0,0,0.5,0.5,0.0,0.9609375,0.0390625,0.0,256,1024,0,0.0,469.1493390198998,274.0662000287557,0.0,182.6382543715423,12.444884619601858,0,518.3367310072936,0,52.892231002188055,1.5121282871041585e-06,8.877342411607139e-07,1.6342334087511264e-06,3.080563036823968e-08,8.351691007253752e-08,8.298120311878659e-07,4.978230508644642e-06,no_nsga2,nsga2
0,545,545,train,2.6073750853538513,0.25390625,0.623046875,8,64,512,385.70830000389833,68.94829790715406,2.314032962052371,40.94143305011485,38.175800000317395,5.86249910269896,13.432324485417649,19.294823588116607,0.006700007361359894,0.0,10.970059194035999,8.31806438671925,0,20.741008837274975,1327.4245655855984,2097152.0,2,0.5,0.5,0.0,0.0,0.0,80.85343045116622,0.006099988240748644,0.0,62.51524755398084,18.332082908944624,0,0,0,16.04428619172949,64.80914425943672,0.0,1048576,1048576,0,8,4,0.25,2,0.5,0,1,1.0,0.2091524583687337,3,0,3,0.0,2.0,0.5,2.0,3,0.5,0.5,0.0,0.955078125,0.044921875,0.0,256,1024,0,0.0,448.81505567728516,248.9717999997083,0.0,186.02890871771558,13.814346959861245,0,505.8418915052607,0,120.13359150136239,1.3789659581430812e-06,9.256131848209484e-07,1.6954724232021039e-06,2.9312495513494802e-08,8.059394691250588e-08,8.406228768951211e-07,4.950580885487255e-06,no_nsga2,nsga2
0,546,546,train,2.4077529311180115,0.314453125,0.677734375,8,64,512,397.2363999928348,65.55263222887753,2.809540443189107,40.800516247091636,379.56499999563675,5.852749985250439,16.710380994018706,22.563130979269147,0.007800001185387373,0.0,10.898064582754186,11.65726639532957,0,20.139090629795437,1288.901800306908,2097152.0,2,0.0,0.5,0.5,0.0,0.0,87.68583451098141,0.006399990525096655,0.0,70.59148326507196,17.08795125538435,0,0,0,0.0,61.31772206794522,26.368112443036186,0,1048576,1048576,8,4,0.25,2,0.5,0,1,1.0,0.14759070521249812,3,3,0,1.0,0.0,0.0,1.0,0,0.5,0.5,0.0,0.9521484375,0.0478515625,0.0,256,1024,0,0.0,436.65075567663314,234.10430001968052,0.0,185.03229234886672,17.51416330808586,0,505.8418915052607,0,108.60549151242594,1.3110526445775509e-06,1.1238161772756428e-06,1.6897784854681175e-06,2.9263749926252196e-08,1.0026228596411221e-07,9.295945699958863e-07,5.183767913207563e-06,no_nsga2,nsga2
0,547,547,train,2.6125463247299194,0.26953125,0.62109375,8,64,512,2835.421399999177,99.56616213326024,3.139244013873012,143.1312477814196,195.97679999424145,10.334850802275472,22.160057866737112,32.49490866901259,0.011400014045648277,0.0,11.74149706366901,20.742011591297924,0,2.8214491075482515,180.5727428830881,2097152.0,2,0.5,0.5,0.0,0.0,0.0,77.59560714319436,0.006299989763647318,0.0,60.57987315909892,17.009433994331786,0,0,0,15.40682661700534,62.18878052618902,0.0,1048576,1048576,0,8,4,0.25,2,0.5,0,1,1.0,0.26994862967019156,3,0,3,0.0,2.0,0.5,2.0,3,0.5,0.5,0.0,0.943359375,0.056640625,0.0,256,1024,0,0.0,983.3466157142113,361.66740002227016,0.0,186.46788645020578,435.2113292417355,0,1934.9485265105543,1,-900.4728734886228,1.9913232426652048e-06,1.2556976055492051e-06,6.597500555447247e-06,5.167425401137736e-08,1.3296034720042267e-07,8.067697246659543e-07,1.083592572953941e-05,no_nsga2,nsga2
0,548,548,train,2.5817371606826782,0.236328125,0.642578125,8,64,512,444.5675000024494,72.72557240662071,2.148358289019601,40.48063551492699,38.01010000461247,6.89536488787589,12.798329747918846,19.693694635794735,0.007000009645707905,0.0,12.612800296893674,7.073894329255354,0,17.994977151903303,1151.6785377218114,2097152.0,2,0.5,0.5,0.0,0.0,0.0,75.35707657003712,0.005699999746866524,0.0,57.88337642733072,17.46800014295953,0,0,0,16.852459484787357,58.50461708524976,0.0,1048576,1048576,0,8,4,0.25,2,0.5,0,1,1.0,0.14759070521249812,3,3,0,1.0,0.0,0.0,1.0,0,0.5,0.5,0.0,0.955078125,0.044921875,0.0,256,1024,0,0.0,461.4182648422692,262.17370002996176,0.0,186.69849181196702,12.546073000340423,0,1934.9485265105543,0,1490.381026508105,1.4545114481324144e-06,8.593433156078406e-07,1.674363424074216e-06,3.447682443937946e-08,7.678997848751307e-08,7.872756846699459e-07,4.88676067541131e-06,no_nsga2,nsga2
0,549,549,train,2.578007221221924,0.25,0.626953125,8,64,512,367.56980000063777,63.14140039289126,2.2917037866897205,40.20254098097793,38.40889999992214,6.056862373609855,12.523844480454933,18.580706854064786,0.007800001185387373,0.0,11.527889105634898,7.045017747244503,0,21.76451448261429,1392.9289268873144,2097152.0,2,0.5,0.0,0.5,0.0,0.0,44.30010507831422,0.006300018867477775,0.0,25.134181174574984,19.159623884871756,0,0,0,17.462284802000013,0.0,26.837820276314204,1048576,0,1048576,8,4,0.25,2,0.5,0,1,1.0,0.11898843795383565,3,0,3,0.0,2.0,0.5,2.0,3,0.5,0.5,0.0,0.955078125,0.044921875,0.0,256,1024,0,0.0,422.54258064223563,224.147399989306,0.0,185.85512846845646,12.540052184473183,0,1934.9485265105543,0,1567.3787265099165,1.2628280078578255e-06,9.166815146758883e-07,1.664926925127274e-06,3.0284311868049276e-08,7.514306688272959e-08,4.779256203871422e-07,4.427789446798909e-06,no_nsga2,nsga2
0,550,550,train,2.4723434448242188,0.27734375,0.654296875,8,64,512,147.52779999980703,20.230655834359318,2.320077327541873,39.99912422065432,38.20419999829028,6.2619614952680935,13.866771811107526,20.12873330637562,0.006699992809444666,0.0,11.071182628400152,9.050850685166022,0,54.22670014268715,3470.5088091319776,2097152.0,2,0.5,0.0,0.5,0.0,0.0,41.085111494729105,0.005800000508315861,0.0,22.973264173100823,18.106047321119966,0,0,0,16.89099917573644,0.0,24.194112318992662,1048576,0,1048576,8,4,0.25,2,0.5,0,1,1.0,0.26061071707684524,3,3,0,1.0,0.0,0.0,1.0,0,0.5,0.5,0.0,0.9501953125,0.0498046875,0.0,256,1024,0,0.0,250.19942953022203,52.08179997862317,0.0,183.43297977272414,14.684649778874727,0,1934.9485265105543,0,1787.4207265107473,4.0461311668718634e-07,9.280309310167494e-07,1.6531527123233596e-06,3.1309807476340474e-08,8.320063086664515e-08,4.4463311329876387e-07,3.5449403116690446e-06,no_nsga2,nsga2
0,551,551,train,2.3805835247039795,0.302734375,0.669921875,8,64,512,420.010200003162,71.32816042629612,2.1617228660594616,40.8674988462999,36.55910000088625,5.876137679744257,12.976190222579255,18.852327902323513,0.006799993570894003,0.0,11.599465355945771,7.246062552806848,0,19.04711112451233,1219.0151119687891,2097152.0,2,0.5,0.0,0.5,0.0,0.0,38.87277996199653,0.006299989763647318,0.0,22.385035111287223,16.481444860945658,0,0,0,15.225189439338662,0.0,23.647590522657865,1048576,0,1048576,8,4,0.25,2,0.5,0,1,1.0,0.25097720212391433,3,0,3,0.0,2.0,0.5,2.0,3,0.5,0.5,0.0,0.9482421875,0.0517578125,0.0,256,1024,0,0.0,457.4295285546219,257.79800000600517,0.0,187.4729275517143,12.158600996902512,0,1934.9485265105543,0,1514.9383265073923,1.4265632085259227e-06,8.646891464237847e-07,1.6937208467676067e-06,2.9380688398721288e-08,7.785714133547553e-08,4.1917817849864256e-07,4.511389209950155e-06,no_nsga2,nsga2
0,552,552,train,2.4945547580718994,0.251953125,0.623046875,8,64,512,453.59340000140946,75.5110475200751,2.1500749964873793,40.26448753601283,41.945699995267205,6.450257102399869,12.084669531275985,18.534926633675852,0.006499991286545992,0.0,11.852599364782726,6.675827277606581,0,17.63690204282756,1128.761730740964,2097152.0,2,0.5,0.5,0.0,0.0,0.0,78.97808132650549,0.006800008122809231,0.0,60.69664120115326,18.27464011722941,0,0,0,17.06816382782687,61.90991749867862,0.0,1048576,1048576,0,8,4,0.25,2,0.5,0,1,1.0,0.14759070521249812,3,3,0,1.0,0.0,0.0,1.0,0,0.5,0.5,0.0,0.9580078125,0.0419921875,0.0,256,1024,0,0.0,471.7024402103012,274.25590001803357,0.0,185.39954944842495,12.04699074384267,0,1934.9485265105543,0,1481.3551265091448,1.510220950401502e-06,8.600299985949519e-07,1.6653585460497333e-06,3.2251285511999345e-08,7.25080171876559e-08,8.239171409207086e-07,4.964285938666551e-06,no_nsga2,nsga2
0,553,553,train,2.3610774874687195,0.283203125,0.662109375,8,64,512,339.29190000344533,56.711383399816974,2.3367415427712532,40.139072763075916,37.692699988838285,5.706764462281498,13.706419906305769,19.413184368587267,0.007100010407157242,0.0,11.084240091251184,8.321844266928926,0,23.57844800147237,1509.0206720942317,2097152.0,2,0.5,0.0,0.5,0.0,0.0,42.78587500437623,0.006599992047995329,0.0,25.745802794835,17.033472217493237,0,0,0,16.161122030261907,0.0,26.624752974114323,1048576,0,1048576,8,4,0.25,2,0.5,0,1,1.0,0.2091524583687337,3,0,3,0.0,2.0,0.5,2.0,3,0.5,0.5,0.0,0.939453125,0.060546875,0.0,256,1024,0,0.0,396.7487908226566,201.34389997110702,0.0,182.09889800760342,13.305992843946115,0,1934.9485265105543,0,1595.656626507109,1.1342276679963396e-06,9.346966171085014e-07,1.6616190582595104e-06,2.8533822311407493e-08,8.22385194378346e-08,4.601809941042861e-07,4.3014966792178795e-06,no_nsga2,nsga2
0,554,554,train,2.4498279690742493,0.28515625,0.677734375,8,64,512,145.74320000247099,19.787198074713274,2.150653129942051,39.60092962691017,44.82159999315627,6.497750478396282,13.250254488551942,19.748004966948223,0.007099995855242014,0.0,11.96922399228238,7.771680978810603,0,54.89069204719204,3513.0042910202906,2097152.0,2,0.5,0.5,0.0,0.0,0.0,79.62258665711133,0.005700014298781753,0.0,61.951335881663,17.665550761149547,0,0,0,17.657730081894478,61.96485657521685,0.0,1048576,1048576,0,8,4,0.25,2,0.5,0,1,1.0,0.19776865982085054,3,3,0,1.0,0.0,0.0,1.0,0,0.5,0.5,0.0,0.9580078125,0.0419921875,0.0,256,1024,0,0.0,246.15512332626201,49.76860003080219,0.0,184.31810426516,12.0684190302998,0,506.1226555037865,0,360.37945550131553,3.9574396149426553e-07,8.602612519768204e-07,1.6378309419610786e-06,3.248875239198141e-08,7.950152693131163e-08,8.315413267349023e-07,3.83736776149036e-06,no_nsga2,nsga2
0,555,555,train,2.3937923908233643,0.28125,0.68359375,8,64,512,452.04930000181776,76.04177592552671,2.0505829043325745,40.12734490332679,37.335800006985664,6.120098322676793,11.73744294028425,17.857541262961043,0.00689999433234334,0.0,11.11329311019393,6.73734815843477,0,17.697145649428464,1132.6173215634217,2097152.0,2,0.5,0.5,0.0,0.0,0.0,78.6624350195078,0.006299989763647318,0.0,59.89649911976417,18.759635909979977,0,0,0,16.725555880995056,61.936879138512744,0.0,1048576,1048576,0,8,4,0.25,2,0.5,0,1,1.0,0.2091524583687337,3,0,3,0.0,2.0,0.5,2.0,3,0.5,0.5,0.0,0.9453125,0.0546875,0.0,256,1024,0,0.0,472.87881493274426,276.7263999849092,0.0,184.48085960409873,11.671555343736355,0,506.1226555037865,0,54.07335550196876,1.5208355185105343e-06,8.202331617330298e-07,1.6587069830633086e-06,3.060049161338397e-08,7.04246576417055e-08,8.200754619570682e-07,4.920876274519031e-06,no_nsga2,nsga2
0,556,556,train,2.3541500568389893,0.2890625,0.7109375,8,64,512,351.44129999389406,62.04409484261572,2.24672658055172,40.08436374670481,37.11680001288187,6.215436639751812,13.756928872947569,19.97236551269938,0.006700007361359894,0.0,11.209944758774895,8.755720746563124,0,22.763338391932308,1456.8536570836677,2097152.0,2,0.5,0.5,0.0,0.0,0.0,79.7846486988629,0.005699999746866524,0.0,62.046442702709335,17.732505996406697,0,0,0,17.28670712427477,62.497941574588125,0.0,1048576,1048576,0,8,4,0.25,2,0.5,0,1,1.0,0.2307606527190679,3,3,0,1.0,0.0,0.0,1.0,0,0.5,0.5,0.0,0.94140625,0.05859375,0.0,256,1024,0,0.0,417.500740679489,220.94109997851774,0.0,182.27903261623146,14.28060808473978,0,506.1226555037865,0,154.68135550989246,1.2408818968523144e-06,8.98690632220688e-07,1.6599220614494753e-06,3.1077183198759063e-08,8.25415732376854e-08,8.324199012371786e-07,4.745533248196101e-06,no_nsga2,nsga2
0,557,557,train,2.263612747192383,0.326171875,0.71875,8,64,512,431.0098999994807,73.20696262219954,2.1921847020906,40.41103556317753,44.56009999557864,6.320415039658077,12.06000060773055,18.380415647388627,0.010599993402138352,0.0,11.597544010131408,6.772271643855082,0,18.561015510302962,1187.9049926593896,2097152.0,2,0.5,0.5,0.0,0.0,0.0,76.87330413660719,0.006000002031214535,0.0,58.78417087911307,18.083133255462904,0,0,0,17.046472327577433,59.826831809029756,0.0,1048576,1048576,0,8,4,0.25,2,0.5,0,1,1.0,0.19776865982085054,3,0,3,0.0,2.0,0.5,2.0,3,0.5,0.5,0.0,0.9462890625,0.0537109375,0.0,256,1024,0,0.0,463.2407315498707,265.4161000245949,0.0,185.10551776218486,12.719113763090872,0,506.1226555037865,0,75.11275550430582,1.4641392524439911e-06,8.768738808362401e-07,1.6719147524055363e-06,3.160207519829039e-08,7.23600036463833e-08,8.028259860212269e-07,4.919715950551668e-06,no_nsga2,nsga2
0,558,558,train,2.157052159309387,0.359375,0.75,8,64,512,419.3375000031665,72.16128185273044,2.19805293867354,40.61571938419617,36.6381000058027,6.310986097047867,12.580734081954542,18.89172017900241,0.006299989763647318,0.0,12.179068379524772,6.706351809713992,0,19.077666372011134,1220.9706478087126,2097152.0,2,0.5,0.5,0.0,0.0,0.0,74.56226220407947,0.005900001269765198,0.0,57.751984397065414,16.80437780574429,0,0,0,15.876166010101734,58.68609619397774,0.0,1048576,1048576,0,8,4,0.25,2,0.5,0,1,1.0,0.14759070521249812,3,3,0,1.0,0.0,0.0,1.0,0,0.5,0.5,0.0,0.953125,0.046875,0.0,256,1024,0,0.0,459.9002167024006,260.7545999926515,0.0,186.73673702711918,12.40887968262995,0,506.1226555037865,0,86.78515550062002,1.4432256370546088e-06,8.79221175469416e-07,1.6798269580341108e-06,3.155493048523934e-08,7.548440449172724e-08,7.773749540609982e-07,4.8866880595961004e-06,no_nsga2,nsga2
0,559,559,train,2.4563176035881042,0.29296875,0.66015625,8,64,512,180.23379999794997,22.6261579199836,2.4741097281011757,41.185611063158134,37.66029998951126,6.424310565766631,14.87102655440065,21.295337120167282,0.007199996616691351,0.0,12.01553691035447,9.272600213196121,0,44.386544663355764,2840.738858454769,2097152.0,2,0.5,0.5,0.0,0.0,0.0,76.90225678081265,0.006100017344579101,0.0,59.24779222603894,17.64836453742913,0,0,0,15.668847298133125,61.23340948267953,0.0,1048576,1048576,0,8,4,0.25,2,0.5,0,1,1.0,0.26994862967019156,3,0,3,0.0,2.0,0.5,2.0,3,0.5,0.5,0.0,0.9375,0.0625,0.0,256,1024,0,0.0,265.14351484497166,63.21970000863075,0.0,184.9315108391728,16.992303997168108,0,506.1226555037865,0,325.88885550583655,4.5252315839967207e-07,9.896438912404702e-07,1.7120839821386555e-06,3.212155282883316e-08,8.92261593264039e-08,8.003602624043927e-07,4.075959006338428e-06,no_nsga2,nsga2
0,560,560,train,2.3055232763290405,0.310546875,0.6953125,8,64,512,452.63519999571145,74.61837480878678,2.2254724339233203,40.056066424289206,36.33149999950547,6.022050782899171,14.24209228335105,20.26414306625022,0.007000024197623134,0.0,12.234936391162156,8.022206650890443,0,17.67423816317784,1131.1512424433818,2097152.0,2,0.5,0.5,0.0,0.0,0.0,80.79393630378203,0.005600013537332416,0.0,62.233544522200084,18.55479176804461,0,0,0,16.977064259000883,63.81687204478114,0.0,1048576,1048576,0,8,4,0.25,2,0.5,0,1,1.0,0.19776865982085054,3,3,0,1.0,0.0,0.0,1.0,0,0.5,0.5,0.0,0.955078125,0.044921875,0.0,256,1024,0,0.0,467.59965466799724,271.7412999627413,0.0,182.75263550194157,13.105719203314317,0,506.1226555037865,0,53.48745550807507,1.4923674961757358e-06,8.901889735693282e-07,1.657746193481649e-06,3.011025391449586e-08,8.545255370010629e-08,8.418934915558221e-07,4.997758962397136e-06,no_nsga2,nsga2
0,561,561,train,2.507387340068817,0.263671875,0.630859375,8,64,512,165.42740000295453,21.121270199557568,2.0888656837109365,40.222344555174885,36.302200009231456,6.068620960433383,12.051626555812792,18.120247516246174,0.007300011930055916,0.0,11.280276047259177,6.832671457056943,0,48.35929018147501,3094.9945716144007,2097152.0,2,0.5,0.5,0.0,0.0,0.0,77.19435994424757,0.005600013537332416,0.0,58.10085680892416,19.08790312178607,0,0,0,16.953846208144014,60.24051373610355,0.0,1048576,1048576,0,8,4,0.25,2,0.5,0,1,1.0,0.29631656414490637,3,0,3,0.0,2.0,0.5,2.0,3,0.5,0.5,0.0,0.935546875,0.064453125,0.0,256,1024,0,0.0,253.7299217537735,56.63390002155211,0.0,186.29113548760756,10.804886244613858,0,506.1226555037865,0,340.695255500832,4.224254039911514e-07,8.355462734843746e-07,1.6609302134953788e-06,3.034310480216691e-08,7.230975933487674e-08,8.058512918587637e-07,3.827406046966712e-06,no_nsga2,nsga2
0,562,562,train,2.508807957172394,0.23828125,0.638671875,8,64,512,446.7484999913722,74.16271245379781,2.207855178601675,41.17841173830742,37.24350000265986,6.337384955996568,12.941245737908453,19.278630693905022,0.007599985110573471,0.0,11.360275754996533,7.910754953797914,0,17.907126924942276,1146.0561231963056,2097152.0,2,0.5,0.5,0.0,0.0,0.0,75.79768622883975,0.006000016583129764,0.0,56.874037705608174,18.917648506648447,0,0,0,17.60456317023232,58.19312305860743,0.0,1048576,1048576,0,8,4,0.25,2,0.5,0,1,1.0,0.17369072493825644,3,3,0,1.0,0.0,0.0,1.0,0,0.5,0.5,0.0,0.955078125,0.044921875,0.0,256,1024,0,0.0,470.1959174828276,267.9210000351304,0.0,189.7946521918366,12.48026525586062,0,506.1226555037865,0,59.37415551241429,1.4832542490759564e-06,8.831420714406703e-07,1.7052479384759815e-06,3.1686924779982845e-08,7.764747442745071e-08,7.931859886288622e-07,4.974164646828904e-06,no_nsga2,nsga2
0,563,563,train,2.5279273986816406,0.265625,0.642578125,8,64,512,457.0562000008067,74.24009635571124,2.053824031241102,40.304991735803256,38.70960000494961,5.990132581666646,11.902876053222588,17.893008634889235,0.006499991286545992,0.0,11.13476781737035,6.751740826232338,0,17.50327967699859,1120.2098993279099,2097152.0,2,0.5,0.5,0.0,0.0,0.0,80.4212712962881,0.006400005077011883,0.0,62.454916136974525,17.95995515423657,0,0,0,16.70037336954789,63.720897926740214,0.0,1048576,1048576,0,8,4,0.25,2,0.5,0,1,1.0,0.13364216641330787,3,0,3,0.0,2.0,0.5,2.0,3,0.5,0.5,0.0,0.9482421875,0.0517578125,0.0,256,1024,0,0.0,466.3956484910225,269.5069000183139,0.0,185.26139089421258,11.627357578495966,0,507.8367415034882,0,50.7805415026815,1.484801927114225e-06,8.215296124964407e-07,1.665770221628168e-06,2.995066290833324e-08,7.141725631933552e-08,8.376134597019768e-07,4.911083140168479e-06,no_nsga2,nsga2
0,564,564,train,2.5515065789222717,0.2578125,0.6484375,8,64,512,417.0903000049293,70.95710976729669,2.150045642651017,40.20966565343336,37.89020000840537,6.821222736324809,12.933690716398633,19.754913452723443,0.007199996616691351,0.0,12.068320184156939,7.679393271949813,0,19.180452816698537,1227.5489802687064,2097152.0,2,0.5,0.5,0.0,0.0,0.0,82.19570264553548,0.005500012775883079,0.0,64.00157065968848,18.188631973071118,0,0,0,16.802714750671505,65.39298789486398,0.0,1048576,1048576,0,8,4,0.25,2,0.5,0,1,1.0,0.2201412464909665,3,3,0,1.0,0.0,0.0,1.0,0,0.5,0.5,0.0,0.947265625,0.052734375,0.0,256,1024,0,0.0,453.2672842535243,256.0663999756798,0.0,184.38928015797805,12.811604119866388,0,507.8367415034882,0,90.74644149855891,1.4191421953459337e-06,8.600182570604068e-07,1.663795072486511e-06,3.410611368162404e-08,7.760214429839179e-08,8.555624559566979e-07,4.910226238829566e-06,no_nsga2,nsga2
0,565,565,train,2.197231113910675,0.3203125,0.736328125,8,64,512,165.45460000634193,22.020447637275716,2.114072668713241,39.964898458942976,38.872799996170215,6.717649857244431,12.802757994811746,19.520407852056177,0.006599992047995329,0.0,13.036697839888728,6.477110020119453,0,48.35134017641808,3094.485771290757,2097152.0,2,0.5,0.5,0.0,0.0,0.0,78.1185025120281,0.006599992047995329,0.0,61.28829791174514,16.82360460823496,0,0,0,16.41012549799389,61.708377014034205,0.0,1048576,1048576,0,8,4,0.25,2,0.5,0,1,1.0,0.1859599251701455,3,0,3,0.0,2.0,0.5,2.0,3,0.5,0.5,0.0,0.9619140625,0.0380859375,0.0,256,1024,0,0.0,256.3976750597277,60.38300000363961,0.0,184.78732218069877,11.227352875389371,0,507.8367415034882,0,342.3821414971463,4.404089527455144e-07,8.456290674852964e-07,1.6528756784871707e-06,3.358824928622216e-08,7.681654796887046e-08,8.140052761162688e-07,3.8633237720893435e-06,no_nsga2,nsga2
0,566,566,train,2.2050021290779114,0.318359375,0.71875,8,64,512,174.99869999301154,21.894399369841523,2.215361565846383,40.719275554080504,36.514199993689544,6.385998569147388,12.944259968279283,19.330258537426673,0.006499991286545992,0.0,12.082943075672777,7.240815470467348,0,45.71436408359256,2925.7193013499236,2097152.0,2,0.5,0.0,0.5,0.0,0.0,40.517467711544846,0.006300004315562546,0.0,23.887357909680965,16.62380979754832,0,0,0,15.80264387729845,0.0,24.714823834246396,1048576,0,1048576,8,4,0.25,2,0.5,0,1,1.0,0.25097720212391433,3,3,0,1.0,0.0,0.0,1.0,0,0.5,0.5,0.0,0.9404296875,0.0595703125,0.0,256,1024,0,0.0,259.31614595907365,59.046399997896515,0.0,188.3999893626803,11.869756598496824,0,507.8367415034882,0,332.83804151047667,4.3788798739683045e-07,8.861446263385534e-07,1.68399036868106e-06,3.192999284573694e-08,7.766555980967569e-08,4.367799648700453e-07,3.5543984999419015e-06,no_nsga2,nsga2
0,567,567,train,2.202759027481079,0.314453125,0.71875,8,64,512,178.24569999356754,22.95472178238532,2.269679551212336,40.47233350017757,41.2919999944279,6.043485549677026,13.588780539380412,19.63226608905744,0.006600006599910557,0.0,11.761973478630395,7.863692603827133,0,44.881616323268254,2872.4234446891683,2097152.0,2,0.5,0.0,0.5,0.0,0.0,42.43883194082544,0.005900015821680427,0.0,24.15500353333708,18.277928391666673,0,0,0,17.341393280942214,0.0,25.097438659883224,1048576,0,1048576,8,4,0.25,2,0.5,0,1,1.0,0.2307606527190679,3,0,3,0.0,2.0,0.5,2.0,3,0.5,0.5,0.0,0.943359375,0.056640625,0.0,256,1024,0,0.0,262.7869393351009,65.94430001860019,0.0,185.08286649661176,11.759772819888953,0,507.8367415034882,0,329.5910415099207,4.590944356477065e-07,9.078718204849347e-07,1.675581704713451e-06,3.0217427748385133e-08,8.153268323628246e-08,4.5907110597013884e-07,3.6133691778008988e-06,no_nsga2,nsga2
0,568,568,train,2.3448374271392822,0.302734375,0.689453125,8,64,512,181.2760999891907,22.011991473147297,2.2335901539165803,40.304197242773554,42.645099994842894,7.0182717118538935,13.511644805944014,20.529916517797908,0.008200004231184721,0.0,12.950504449021604,7.571212064545119,0,44.13133264199962,2824.4052890879757,2097152.0,2,0.5,0.5,0.0,0.0,0.0,75.27193732357102,0.006000002031214535,0.0,57.54525824659221,17.720679074947594,0,0,0,16.0994093815859,59.17252794198512,0.0,1048576,1048576,0,8,4,0.25,2,0.5,0,1,1.0,0.19776869931901056,3,3,0,1.0,0.0,0.0,1.0,0,0.5,0.5,0.0,0.9521484375,0.0478515625,0.0,256,1024,0,0.0,258.19911547934976,60.3106999915326,0.0,184.21141460820493,13.677000879612184,0,507.8367415034882,0,326.5606415142975,4.40239829462946e-07,8.934360615666322e-07,1.6656075309243279e-06,3.509135855926947e-08,8.106986883566408e-08,7.84918191998882e-07,3.900362841347722e-06,no_nsga2,nsga2
0,569,569,train,2.163458377122879,0.349609375,0.712890625,8,64,512,229.14500000479165,24.615560273208786,2.8671308147906287,41.70595436860238,54.72800000279676,6.661949677655369,18.162233938716057,24.824183616371425,0.006999995093792677,0.0,12.330337628270245,12.486845993007389,0,34.91223935758299,2234.3833188853114,2097152.0,2,0.5,0.5,0.0,0.0,0.0,74.31777800922823,0.006300004315562546,0.0,56.22958283507318,18.081895169839484,0,0,0,17.186871078150887,57.13090693107735,0.0,1048576,1048576,0,8,4,0.25,2,0.5,0,1,1.0,0.25097720212391433,3,0,3,0.0,2.0,0.5,2.0,3,0.5,0.5,0.0,0.9423828125,0.0576171875,0.0,256,1024,0,0.0,276.7545818264072,70.26960000803228,0.0,187.4447605230868,19.040221295288088,0,507.8367415034882,0,278.69174149869656,4.923112054641758e-07,1.1468523259162516e-06,1.7278472473338978e-06,3.330974838827685e-08,1.0897340363229633e-07,7.775515222485841e-07,4.286845452983483e-06,no_nsga2,nsga2
0,570,570,train,2.3649210929870605,0.240234375,0.685546875,8,64,512,740.9000999905402,52.63720616581067,16.977961955330418,41.13287461834698,97.15149999829009,11.83812522866919,130.7480793775797,142.58620460624888,0.007800015737302601,0.0,12.56552273071353,130.01288185979806,0,10.797662468178471,691.0503979634221,2097152.0,2,0.5,0.5,0.0,0.0,0.0,75.16294344809106,0.008500006515532732,0.0,56.41988645655919,18.734556985016336,0,0,0,16.831765180346892,58.331178267744164,0.0,1048576,1048576,0,8,4,0.25,2,0.5,0,1,1.0,0.2201412853775118,3,3,0,1.0,0.0,0.0,1.0,0,0.5,0.5,0.0,0.955078125,0.044921875,0.0,256,1024,0,0.0,442.9921709579522,172.6992999901995,0.0,182.86242343468257,87.43044753307018,0,678.6395879968032,1,-62.26051199373694,1.0527441233162132e-06,6.791184782132166e-06,1.7044818638141188e-06,5.919062614334595e-08,7.844884762654781e-07,7.852929648416043e-07,1.1177382836512927e-05,no_nsga2,nsga2
0,571,571,train,2.462713658809662,0.255859375,0.65625,8,64,512,2289.0265000023646,479.37802198755656,2.403177375663253,64.43962165802759,51.73849999846425,6.36595174081439,16.136502911276754,22.502454652091146,0.005900001269765198,0.0,11.648899857526288,10.847654793295089,0,3.4949339839699327,223.6757749740757,2097152.0,2,0.5,0.5,0.0,0.0,0.0,80.21112920493007,0.005599998985417187,0.0,62.17268870403124,18.03284050191342,0,0,0,16.331041210312137,63.88008799461794,0.0,1048576,1048576,0,8,4,0.25,2,0.5,0,1,1.0,0.2201412464909665,3,0,3,0.0,2.0,0.5,2.0,3,0.5,0.5,0.0,0.9541015625,0.0458984375,0.0,256,1024,0,0.0,2184.8832840849896,1888.96709997789,0.0,188.11664817078338,107.79953593631619,0,1751.6065819967432,1,-537.4199180056214,9.58756043975113e-06,9.612709502653012e-07,2.821586968370552e-06,3.1829758704071954e-08,9.68190174676605e-08,8.34773374469925e-07,1.4333840509028642e-05,no_nsga2,nsga2
0,572,572,train,2.569436550140381,0.2421875,0.642578125,8,64,512,107.73489999701269,13.70138036773968,2.197625319380154,47.5532156582782,36.71559999929741,6.566704093461333,12.665639017737133,19.232343111198468,0.006699992809444666,0.0,12.682835261541513,6.54280785684751,0,74.25565665875372,4752.362026160238,2097152.0,2,0.5,0.5,0.0,0.0,0.0,75.46843461419093,0.006600006599910557,0.0,58.06014544031271,17.401689167278306,0,0,0,17.90647577446706,57.56195883972386,0.0,1048576,1048576,0,8,4,0.25,2,0.5,0,1,1.0,0.16091838189257093,3,3,0,1.0,0.0,0.0,1.0,0,0.5,0.5,0.0,0.9462890625,0.0537109375,0.0,256,1024,0,0.0,253.80888538159212,56.93269999756012,0.0,184.6494236831009,12.226761700931114,0,1751.6065819967432,0,1643.8716819997305,2.7402760735479365e-07,8.790501277520615e-07,1.9551162991332007e-06,3.2833520467306675e-08,7.59938341064228e-08,7.904972976908433e-07,4.007518686504629e-06,no_nsga2,nsga2
0,573,573,train,2.2372500896453857,0.322265625,0.712890625,8,64,512,486.9055000017397,77.30398662524357,2.2335057595169303,39.93867870987982,39.03490000811871,6.013936014445061,14.366195369110923,20.380131383555984,0.006799993570894003,0.0,11.787518224317735,8.585813165667354,0,16.43025919754905,1051.536588643139,2097152.0,2,0.5,0.5,0.0,0.0,0.0,75.59547601200136,0.005599984433501959,0.0,56.530316271811415,19.059559755756442,0,0,0,16.78729408288294,58.80818192911842,0.0,1048576,1048576,0,8,4,0.25,2,0.5,0,1,1.0,0.2201412464909665,3,0,3,0.0,2.0,0.5,2.0,3,0.5,0.5,0.0,0.947265625,0.052734375,0.0,256,1024,0,0.0,477.9046843785612,282.64009999111295,0.0,181.20382857898198,14.060755808466352,0,1751.6065819967432,0,1264.7010819950035,1.5460797325048715e-06,8.934023038067722e-07,1.6544115761703972e-06,3.006968007222531e-08,8.619717221466552e-08,7.895293482857796e-07,4.9996898130547115e-06,no_nsga2,nsga2
0,574,574,train,2.3970839977264404,0.283203125,0.677734375,8,64,512,177.6019999961136,22.832026545288066,2.1469550980821124,40.93316167650421,37.87980000197422,5.857945372097585,12.44587796187513,18.303823333972716,0.006599992047995329,0.0,11.38790874393788,6.909314597986839,0,45.04428416285232,2882.8341864225486,2097152.0,2,0.5,0.5,0.0,0.0,0.0,77.8163392542537,0.006299989763647318,0.0,59.312695421945634,18.497343842544414,0,0,0,17.170187702450228,60.64615155180347,0.0,1048576,1048576,0,8,4,0.25,2,0.5,0,1,1.0,0.19776865982085054,3,3,0,1.0,0.0,0.0,1.0,0,0.5,0.5,0.0,0.9423828125,0.0576171875,0.0,256,1024,0,0.0,263.64857327949755,63.33049999375362,0.0,185.96577433715015,14.35229894859376,0,1751.6065819967432,0,1574.0045820006296,4.5664053090576135e-07,8.58782039232845e-07,1.6953959258391588e-06,2.9289726860487925e-08,7.467526777125078e-08,8.125037679474374e-07,3.927287258556941e-06,no_nsga2,nsga2
0,575,575,train,2.5714414715766907,0.275390625,0.646484375,8,64,512,184.36709999514278,22.635288756557145,2.1792926695483477,40.268759970694404,36.48740000789985,6.7158919685949074,13.032134307291482,19.74802627588639,0.006699992809444666,0.0,12.372861175465504,7.36846510761144,0,43.39145437963922,2777.05308029691,2097152.0,2,0.0,0.5,0.5,0.0,0.0,89.34480366171508,0.005999987479299307,0.0,70.91681241396589,18.4219912602699,0,0,0,0.0,64.80823859966455,24.536565062050535,0,1048576,1048576,8,4,0.25,2,0.5,0,1,1.0,0.2201412464909665,3,0,3,0.0,2.0,0.5,2.0,3,0.5,0.5,0.0,0.9443359375,0.0556640625,0.0,256,1024,0,0.0,260.3333655871996,62.4888999882387,0.0,184.71156028854918,13.13290531041173,0,1751.6065819967432,0,1567.2394820016004,4.52705775131143e-07,8.71717067819339e-07,1.6694954668850539e-06,3.357945984297454e-08,7.819280584374889e-08,9.425211667412519e-07,4.048211742263511e-06,no_nsga2,nsga2
0,576,576,train,2.5115930438041687,0.27734375,0.666015625,8,64,512,452.44509998883586,74.68295266838743,2.068077865011238,40.658353904374216,36.0309999960009,6.558102102892685,12.836724669926141,19.394826772818828,0.006399990525096655,0.0,12.10260002079774,7.285826761495992,0,17.681664180987305,1131.6265075831875,2097152.0,2,0.0,0.5,0.5,0.0,0.0,85.53977567861494,0.006200003554113209,0.0,67.45085513944491,18.082720535615916,0,0,0,0.0,58.012594088736094,27.52718158987885,0,1048576,1048576,8,4,0.25,2,0.5,0,1,1.0,0.17369072493825644,3,3,0,1.0,0.0,0.0,1.0,0,0.5,0.5,0.0,0.9560546875,0.0439453125,0.0,256,1024,0,0.0,469.63753775109154,271.7075000255136,0.0,186.44992131888895,11.480116406689007,0,1751.6065819967432,0,1299.1614820079074,1.4936590533677487e-06,8.272311460044952e-07,1.6810336554176286e-06,3.279051051446343e-08,7.702034801955684e-08,9.104521199659071e-07,5.0221868332898e-06,no_nsga2,nsga2
0,577,577,train,2.465519964694977,0.2734375,0.654296875,8,64,512,181.7280999966897,22.083132417262092,2.12837257660259,39.78761245041029,40.39819999889005,6.620771926925579,12.647336388293596,19.268108315219173,0.006900008884258568,0.0,12.844347553294558,6.416860753040359,0,44.02156836822349,2817.3803755663034,2097152.0,2,0.5,0.5,0.0,0.0,0.0,78.64048544887217,0.006099988240748644,0.0,61.496602142066074,17.13778331856535,0,0,0,17.329543164786536,61.31094228408564,0.0,1048576,1048576,0,8,4,0.25,2,0.5,0,1,1.0,0.18595995617580352,3,0,3,0.0,2.0,0.5,2.0,3,0.5,0.5,0.0,0.9580078125,0.0419921875,0.0,256,1024,0,0.0,255.9964697770999,60.365099998307414,0.0,185.018395354316,10.6129744244765,0,689.2627829951373,0,507.5346829984476,4.4166264834524186e-07,8.513490306410359e-07,1.6447621772328792e-06,3.3103859634627896e-08,7.588401832976157e-08,8.210639408182948e-07,3.867825675001841e-06,no_nsga2,nsga2
0,578,578,train,2.5313737988471985,0.28515625,0.625,8,64,512,461.8248000042513,74.84710429971142,2.261484860560329,40.20994168161823,35.66750000754837,5.830168943009702,14.106526887930094,19.936695830939797,0.007000009645707905,0.0,11.669961081239137,8.25973474005495,0,17.322548891652126,1108.643129065736,2097152.0,2,0.0,0.5,0.5,0.0,0.0,87.89253875179777,0.006099988240748644,0.0,68.45220823936327,19.43423052419375,0,0,0,0.0,59.916179477352415,27.976359274445354,0,1048576,1048576,8,4,0.25,2,0.5,0,1,1.0,0.13364216641330787,3,3,0,1.0,0.0,0.0,1.0,0,0.5,0.5,0.0,0.9619140625,0.0380859375,0.0,256,1024,0,0.0,469.2741233675599,270.1792999432655,0.0,185.23305193261206,13.86177149168235,0,689.2627829951373,0,227.43798299088598,1.4969420859942283e-06,9.045939442241317e-07,1.66468440324156e-06,2.9150844715048512e-08,8.463916132758057e-08,9.348781060668684e-07,5.114888545569418e-06,no_nsga2,nsga2
0,579,579,train,2.4126029014587402,0.3203125,0.6875,8,64,512,419.7656000033021,71.28645443316373,2.2261017634566853,41.26268746200914,39.830800000345334,6.425490920777902,13.02010017277059,19.445591093548494,0.007499998901039362,0.0,11.39252746902675,8.045563625620701,0,19.05820996700802,1219.7254378885132,2097152.0,2,0.5,0.5,0.0,0.0,0.0,76.56213012550253,0.006300004315562546,0.0,59.02031868783564,17.53551143335133,0,0,0,16.979839807597884,59.58229031790465,0.0,1048576,1048576,0,8,4,0.25,2,0.5,0,1,1.0,0.16091838189257093,3,0,3,0.0,2.0,0.5,2.0,3,0.5,0.5,0.0,0.9541015625,0.0458984375,0.0,256,1024,0,0.0,459.10097463451825,257.40780000342056,0.0,187.54010372576923,14.153070905328484,0,689.2627829951373,0,269.4971829918352,1.4257290886632745e-06,8.904407053826742e-07,1.710194282599579e-06,3.212745460388951e-08,7.812060103662353e-08,7.995809808702211e-07,4.936193113156262e-06,no_nsga2,nsga2
0,580,580,train,2.453402578830719,0.2890625,0.697265625,8,64,512,420.9203999926103,71.61418448600179,2.1983180001891403,40.80301763484508,35.9662999981083,6.955494026433703,13.378301305327664,20.333795331761365,0.006800008122809231,0.0,13.074374729155,7.252620594483557,0,19.00592367159391,1216.3791149820102,2097152.0,2,0.5,0.5,0.0,0.0,0.0,77.3504496120993,0.006400005077011883,0.0,59.654906965020416,17.689142642001865,0,0,0,16.395948426644882,60.95450118545442,0.0,1048576,1048576,0,8,4,0.25,2,0.5,0,1,1.0,0.14759070521249812,3,3,0,1.0,0.0,0.0,1.0,0,0.5,0.5,0.0,0.962890625,0.037109375,0.0,256,1024,0,0.0,458.46208048414405,258.0662999971537,0.0,188.81757832230684,11.578202164683505,0,689.2627829951373,0,268.34238300252696,1.432283689720036e-06,8.793272000756561e-07,1.6878078651931114e-06,3.477747013216852e-08,8.026980783196598e-08,8.062963929742828e-07,4.920762425927221e-06,no_nsga2,nsga2
0,581,581,train,2.619388520717621,0.24609375,0.6171875,8,64,512,178.5636999993585,19.20334165874771,2.103201791688843,40.43928279712367,38.26800000388175,6.0980763386760275,12.546635166149688,18.644711504825715,0.00750001345295459,0.0,11.938372074897234,6.698839416475525,0,44.8016881277696,2867.3080401772545,2097152.0,2,0.5,0.5,0.0,0.0,0.0,79.77928571426729,0.006200003554113209,0.0,61.816610097159085,17.956475613554083,0,0,0,17.272051409903266,62.50723430436402,0.0,1048576,1048576,0,8,4,0.25,2,0.5,0,1,1.0,0.19776865982085054,3,0,3,0.0,2.0,0.5,2.0,3,0.5,0.5,0.0,0.9560546875,0.0439453125,0.0,256,1024,0,0.0,246.98330499024087,47.80989998835139,0.0,187.64994666742336,11.523458334466103,0,689.2627829951373,0,510.6990829957788,3.840668331749542e-07,8.412807166755372e-07,1.6721092205255404e-06,3.049038169338014e-08,7.527981099689812e-08,8.323369599624794e-07,3.83556392302879e-06,no_nsga2,nsga2
0,582,582,train,2.4056490063667297,0.28515625,0.67578125,8,64,512,194.61520000186283,26.795470674774734,2.3258961275638685,40.26069618021013,36.60049999598414,6.770855400379391,14.574550463966306,21.345405864345697,0.006599992047995329,0.0,12.752169842936972,8.58663602936073,0,41.10654714213629,2630.8190170967227,2097152.0,2,0.5,0.5,0.0,0.0,0.0,80.02246950847623,0.006699992809444666,0.0,62.64764696674972,17.368122548917075,0,0,0,16.419426345656063,63.60304316282017,0.0,1048576,1048576,0,8,4,0.25,2,0.5,0,1,1.0,0.2307606527190679,3,3,0,1.0,0.0,0.0,1.0,0,0.5,0.5,0.0,0.953125,0.046875,0.0,256,1024,0,0.0,277.5282519301949,77.90310002746992,0.0,185.099499464439,14.525652438286036,0,689.2627829951373,0,494.64758299327445,5.359094134954948e-07,9.303584510255474e-07,1.6675994223834435e-06,3.3854277001896956e-08,8.744730278379782e-08,8.330635477760745e-07,4.0882324144662545e-06,no_nsga2,nsga2
0,583,583,train,2.5979397892951965,0.251953125,0.626953125,8,64,512,177.91549999674316,21.730839070335826,2.360891802084896,40.68478452274026,44.93180000281427,5.9806545847322665,14.325869071486018,20.306523656218285,0.007199996616691351,0.0,11.372189800627705,8.927133858973889,0,44.964913316901146,2877.7544522816734,2097152.0,2,0.5,0.5,0.0,0.0,0.0,78.60501162973031,0.006400019628927112,0.0,61.91401724201087,16.684594368090526,0,0,0,16.696048729959685,61.908962899770636,0.0,1048576,1048576,0,8,4,0.25,2,0.5,0,1,1.0,0.17369072493825644,3,0,3,0.0,2.0,0.5,2.0,3,0.5,0.5,0.0,0.94921875,0.05078125,0.0,256,1024,0,0.0,259.10606158064394,59.345800007577054,0.0,186.22674069176165,13.533520881305202,0,689.2627829951373,0,511.3472829983941,4.3461678140671656e-07,9.443567208339584e-07,1.680990257268825e-06,2.990327292366133e-08,8.59552144289161e-08,8.194422137572226e-07,3.9952644606193e-06,no_nsga2,nsga2
0,584,584,train,2.5522208213806152,0.26171875,0.65625,8,64,512,284.86049998900853,45.150846271240006,2.161288883902473,39.71511986320455,41.69749999709893,5.463439503500253,12.611248100547584,18.07468760404784,0.006500020390376449,0.0,10.626078838196074,7.442108745461387,0,28.08382319235377,1797.3646843106412,2097152.0,2,0.5,0.5,0.0,0.0,0.0,74.64092876383262,0.005900001269765198,0.0,56.69604101513789,17.93898774742496,0,0,0,17.299565560430818,57.3413632034018,0.0,1048576,1048576,0,8,4,0.25,2,0.5,0,1,1.0,0.14759070521249812,3,3,0,1.0,0.0,0.0,1.0,0,0.5,0.5,0.0,0.9541015625,0.0458984375,0.0,256,1024,0,0.0,348.10902007338814,154.64279998559505,0.0,182.1283188867345,11.337901201058584,0,689.2627829951373,0,404.40228300612876,9.030169254248001e-07,8.645155535609892e-07,1.641396274963196e-06,2.731719751750127e-08,7.56674886032855e-08,7.810084187591879e-07,4.29292185882896e-06,no_nsga2,nsga2
0,585,585,train,2.85551118850708,0.23046875,0.587890625,8,64,512,355.52639998786617,55.37729697632042,2.125972197670539,40.585347549668526,40.02549999859184,5.689991498400869,12.212338569192847,17.902330067593716,0.006600006599910557,0.0,11.473180907167453,6.422549153826351,0,22.501781860618994,1440.1140390796156,2097152.0,2,0.5,0.0,0.5,0.0,0.0,44.25421688829799,0.005699999746866524,0.0,25.66138544233729,18.58713144621383,0,0,0,17.678011029273925,0.0,26.576205859024068,1048576,0,1048576,8,4,0.25,2,0.5,0,1,1.0,0.241032865595602,3,0,3,0.0,2.0,0.5,2.0,3,0.5,0.5,0.0,0.9375,0.0625,0.0,256,1024,0,0.0,392.3544668946379,193.51640000240877,0.0,187.48702191949647,11.351044972732666,0,689.2627829951373,0,333.7363830072711,1.1075459395264084e-06,8.503888790682155e-07,1.6778621967196923e-06,2.8449957492004348e-08,7.327403141515707e-08,4.778981909415277e-07,4.215419195163006e-06,no_nsga2,nsga2
0,586,586,train,2.5642309188842773,0.2890625,0.638671875,8,64,512,163.95159999956377,21.768598724257103,2.1276372203011116,39.45433883900884,38.560200002393685,6.15378573717083,11.527889047331486,17.681674784502317,0.006599992047995329,0.0,11.032918670341793,6.64215612211253,0,48.7945906318124,3122.8538004359934,2097152.0,2,0.0,0.5,0.5,0.0,0.0,82.62576813539104,0.006300004315562546,0.0,64.08979936450896,18.529668766566523,0,0,0,0.0,57.57039756360624,25.0553705717848,0,1048576,1048576,8,4,0.25,2,0.5,0,1,1.0,0.24103284089209526,3,3,0,1.0,0.0,0.0,1.0,0,0.5,0.5,0.0,0.951171875,0.048828125,0.0,256,1024,0,0.0,253.40229913426825,59.07790003402624,0.0,183.8528574290175,10.471541671224522,0,689.2627829951373,0,525.3111829955735,4.353719744851421e-07,8.510548881204447e-07,1.6300984986264606e-06,3.076892868585416e-08,6.916733428398891e-08,8.7636842249748e-07,3.892830046699371e-06,no_nsga2,nsga2
0,587,587,train,2.5425110459327698,0.25390625,0.6484375,8,64,512,467.5828999897931,76.04757562045614,2.3844846789098257,41.356976572136674,54.94360000011511,6.254748810433736,14.955354462823681,21.210103273257417,0.007700000423938036,0.0,12.128966597891992,9.073436674941487,0,17.109228953722813,1094.99065303826,2097152.0,2,0.5,0.5,0.0,0.0,0.0,80.08405815442717,0.005900015821680427,0.0,62.68166127018284,17.396496868422638,0,0,0,16.337385125683603,63.74667302874356,0.0,1048576,1048576,0,8,4,0.25,2,0.5,0,1,1.0,0.18595995617580352,3,0,3,0.0,2.0,0.5,2.0,3,0.5,0.5,0.0,0.9599609375,0.0400390625,0.0,256,1024,0,0.0,479.1561474860106,276.47179999621585,0.0,188.14658364094467,14.53776384885006,0,689.2627829951373,0,221.6798830053442,1.520951512409123e-06,9.537938715639304e-07,1.7118825452747658e-06,3.1273744052168684e-08,8.973212677694208e-08,8.335153517956388e-07,5.141149151872568e-06,no_nsga2,nsga2
0,588,588,train,2.604889988899231,0.265625,0.638671875,8,64,512,191.28610000188928,26.54758535525601,2.0887220009059955,40.902430668851615,35.66950000822544,7.7304164719028865,11.516358464668507,19.24677493657139,0.006399990525096655,0.0,11.386488568368796,7.853886377677499,0,41.821952446981456,2676.604956606813,2097152.0,2,0.5,0.5,0.0,0.0,0.0,81.60902027038107,0.00580001506023109,0.0,63.33385184240095,18.269368412919885,0,0,0,17.36801765061678,64.24100261976429,0.0,1048576,1048576,0,8,4,0.25,2,0.5,0,1,1.0,0.19776865982085054,3,3,0,1.0,0.0,0.0,1.0,0,0.5,0.5,0.0,0.94921875,0.05078125,0.0,256,1024,0,0.0,278.1549521000545,77.14760000817478,0.0,185.26074049033,15.746611601549716,0,689.2627829951373,0,497.976682993248,5.309517071051203e-07,8.354888003623981e-07,1.6918482264877663e-06,3.865208235951444e-08,6.909815078801103e-08,8.508262380050441e-07,4.016865205107854e-06,no_nsga2,nsga2
0,589,589,train,2.532909572124481,0.267578125,0.623046875,8,64,512,378.85090000054333,62.965573759023016,2.0760516406678162,40.946502378988754,39.111400008550845,6.004085214190041,12.170977308653999,18.17506252284404,0.007399998139590025,0.0,11.433392137211474,6.734270387492978,0,21.116430985270306,1351.4515830572996,2097152.0,2,0.5,0.5,0.0,0.0,0.0,79.67758642162191,0.00650000583846122,0.0,60.9009588882457,18.770127527537742,0,0,0,15.719864006080813,63.95772241554109,0.0,1048576,1048576,0,8,4,0.25,2,0.5,0,1,1.0,0.16091838189257093,3,0,3,0.0,2.0,0.5,2.0,3,0.5,0.5,0.0,0.9541015625,0.0458984375,0.0,256,1024,0,0.0,423.9525111147184,223.96610003488604,0.0,187.9489132797288,12.037497800103505,0,689.2627829951373,0,310.41188299459395,1.2593114751804606e-06,8.304206562671267e-07,1.690663385808414e-06,3.002042607095021e-08,7.3025863851924e-08,8.282155922283807e-07,4.711657399407256e-06,no_nsga2,nsga2
0,590,590,train,2.5704630613327026,0.2265625,0.634765625,8,64,512,182.68739999621175,22.160669122108633,2.042356412097198,40.59769042384366,40.701200006878935,7.249612030280737,12.724706246800995,19.974318277081732,0.006999995093792677,0.0,12.28076554149749,7.686552740490451,0,43.790410338948114,2802.5862616926793,2097152.0,2,0.5,0.5,0.0,0.0,0.0,72.99254496666124,0.00650000583846122,0.0,55.99101274689653,16.99503221392625,0,0,0,16.00692278731351,56.985622179347736,0.0,1048576,1048576,0,8,4,0.25,2,0.5,0,1,1.0,0.19776865982085054,3,3,0,1.0,0.0,0.0,1.0,0,0.5,0.5,0.0,0.96484375,0.03515625,0.0,256,1024,0,0.0,259.202863832198,58.75480000395328,0.0,187.69789836977566,12.75016545846904,0,689.2627829951373,0,506.57538299892553,4.432133824421727e-07,8.169425648388794e-07,1.678647981423346e-06,3.6248060151403686e-08,7.634823748080596e-08,7.619392952412395e-07,3.8133395215778472e-06,no_nsga2,nsga2
0,591,591,train,2.56065034866333,0.28125,0.634765625,8,64,512,2894.906900008209,181.69690491847533,3.0297365388756297,113.37135847686284,129.01969999074936,7.785137970359735,21.67505063946167,29.460188609821405,0.00890000956133008,0.0,12.762940956019733,16.68834764424034,0,2.763473062468521,176.86227599798534,2097152.0,2,0.5,0.5,0.0,0.0,0.0,75.20749371154551,0.010200004908256233,0.0,56.913622917455655,18.283670789181606,0,0,0,16.42600956223662,58.781484149308895,0.0,1048576,1048576,0,8,4,0.25,2,0.5,0,1,1.0,0.19776865982085054,3,0,3,0.0,2.0,0.5,2.0,3,0.5,0.5,0.0,0.953125,0.046875,0.0,256,1024,0,0.0,1192.3919997368553,695.0435999897309,0.0,185.74867552040607,311.59972422671825,0,1751.6065819967432,1,-1143.3003180114658,3.6339380983695067e-06,1.211894615550252e-06,4.632565317734438e-06,3.892568985179868e-08,1.3005030383677e-07,7.849269562399284e-07,1.0432300981582694e-05,no_nsga2,nsga2
0,592,592,train,2.4713135361671448,0.310546875,0.666015625,8,64,512,364.44289999781176,62.05797805364872,2.4232800009745303,41.08752732165553,38.949699999648146,6.709733572248232,15.325781938955135,22.035515511203368,0.00689999433234334,0.0,11.647560939450893,10.38105457742013,0,21.951252305356284,1404.8801475428022,2097152.0,2,0.5,0.5,0.0,0.0,0.0,74.19624425706384,0.006099988240748644,0.0,56.17741484932184,18.012729419501248,0,0,0,15.64928805119752,58.54695620586632,0.0,1048576,1048576,0,8,4,0.25,2,0.5,0,1,1.0,0.26061071707684524,3,3,0,1.0,0.0,0.0,1.0,0,0.5,0.5,0.0,0.9501953125,0.0498046875,0.0,256,1024,0,0.0,422.2751415051151,219.32639999431558,0.0,186.47222743052453,16.47651408027501,0,1751.6065819967432,0,1387.1636819989315,1.2411595610729745e-06,9.69312000389812e-07,1.7046113326467247e-06,3.3548667861241165e-08,9.195469163373079e-08,7.732610186730334e-07,4.813847272277517e-06,no_nsga2,nsga2
0,593,593,train,2.6269667744636536,0.236328125,0.6171875,8,64,512,466.779200010933,74.5088711955976,2.2021435805429665,40.126696158208354,37.84340000129305,6.496172691309266,13.954293482848236,20.4504661741575,0.00650000583846122,0.0,12.65466717676384,7.789298991555201,0,17.13868754461441,1096.8760028553222,2097152.0,2,0.5,0.5,0.0,0.0,0.0,72.13970651693148,0.006299989763647318,0.0,55.516924225875755,16.61648230129208,0,0,0,15.214381039801266,56.925325477130215,0.0,1048576,1048576,0,8,4,0.25,2,0.5,0,1,1.0,0.17369072493825644,3,0,3,0.0,2.0,0.5,2.0,3,0.5,0.5,0.0,0.9580078125,0.0419921875,0.0,256,1024,0,0.0,467.35084373739573,272.16330000374,0.0,182.60301771227495,12.584526021380729,0,1751.6065819967432,0,1284.8273819858102,1.4901774239119522e-06,8.808574322171867e-07,1.6603799087333317e-06,3.2480863456546336e-08,8.372576089708941e-08,7.518258272489174e-07,4.899447216465024e-06,no_nsga2,nsga2
0,594,594,train,2.594574511051178,0.263671875,0.6328125,8,64,512,179.90849999478087,21.840163338150642,2.1734097194052358,40.191479020138566,35.9284000005573,5.771607970598731,12.55691779936509,18.32852576996382,0.007099995855242014,0.0,11.268282489075386,7.053143285033193,0,44.4668013653091,2845.8752873797825,2097152.0,2,0.5,0.0,0.5,0.0,0.0,40.090768634870756,0.006100002792663872,0.0,22.403838479982795,17.680830152095293,0,0,0,17.314174855239138,0.0,22.776593779631614,1048576,0,1048576,8,4,0.25,2,0.5,0,1,1.0,0.16091838189257093,3,3,0,1.0,0.0,0.0,1.0,0,0.5,0.5,0.0,0.974609375,0.025390625,0.0,256,1024,0,0.0,256.8202083107778,59.92099996365141,0.0,185.13188488334526,11.767323463781114,0,1751.6065819967432,0,1571.6980820019623,4.3680326676301287e-07,8.693638877620944e-07,1.6636248124776858e-06,2.8858039852993656e-08,7.534150679619053e-08,4.3553603605918575e-07,3.509527549711163e-06,no_nsga2,nsga2
0,595,595,train,2.656054735183716,0.275390625,0.5703125,8,64,512,182.58729999070056,22.095965033623884,2.328755109436596,40.88566715723587,36.14260000176728,6.526834855193078,13.121929439317773,19.64876429451085,0.008699993486516178,0.0,12.3056088016367,7.334455499387635,0,43.814417464905745,2804.1227177539677,2097152.0,2,0.5,0.5,0.0,0.0,0.0,77.54612036411442,0.006000002031214535,0.0,59.94877275827936,17.591347603803847,0,0,0,16.988940750970777,60.557179613143646,0.0,1048576,1048576,0,8,4,0.25,2,0.5,0,1,1.0,0.19776865982085054,3,0,3,0.0,2.0,0.5,2.0,3,0.5,0.5,0.0,0.94921875,0.05078125,0.0,256,1024,0,0.0,261.2415492011854,60.33349997596815,0.0,187.82302803975745,13.0850211854598,0,1751.6065819967432,0,1569.0192820060427,4.4191930067247775e-07,9.315020437746383e-07,1.69285055038103e-06,3.2634174275965394e-08,7.873157663590663e-08,8.094390851430857e-07,3.987076730883104e-06,no_nsga2,nsga2
0,596,596,train,2.48700350522995,0.25,0.654296875,8,64,512,352.44719999900553,60.434695531749675,1.9970976651239198,40.05427665466433,40.71050000493415,6.606355735629373,12.009927940626381,18.616283676255755,0.007100010407157242,0.0,11.491455269501198,7.117728396347399,0,22.69837099472369,1452.695743662316,2097152.0,2,0.5,0.5,0.0,0.0,0.0,80.70231991322879,0.005900015821680427,0.0,62.7335205314654,17.962899365941716,0,0,0,17.541924033361585,63.16039587986721,0.0,1048576,1048576,0,8,4,0.25,2,0.5,0,1,1.0,0.2091524583687337,3,3,0,1.0,0.0,0.0,1.0,0,0.5,0.5,0.0,0.955078125,0.044921875,0.0,256,1024,0,0.0,409.9442794061517,214.99249996850267,0.0,182.43420916251998,12.517570275129028,0,1751.6065819967432,0,1399.1593819977377,1.2086939106349936e-06,7.988390660495679e-07,1.657683726636549e-06,3.303177867814687e-08,7.205956764375828e-08,8.421070471990112e-07,4.612415096842027e-06,no_nsga2,nsga2
0,597,597,train,2.5638872385025024,0.259765625,0.619140625,8,64,512,444.73249999282416,74.92481080988813,2.111364346312547,39.767377526651494,38.006100003258325,5.8429141069710715,12.296942385826108,18.13985649279718,0.007000009645707905,0.0,10.857086384486124,7.2757700986653475,0,17.988300859119185,1151.2512549836279,2097152.0,2,0.5,0.5,0.0,0.0,0.0,78.81287417338899,0.005799985956400633,0.0,60.99294073385897,17.81413345357363,0,0,0,15.720840505816007,63.09203366757299,0.0,1048576,1048576,0,8,4,0.25,2,0.5,0,1,1.0,0.18595995617580352,3,0,3,0.0,2.0,0.5,2.0,3,0.5,0.5,0.0,0.9501953125,0.0498046875,0.0,256,1024,0,0.0,467.2142107314087,272.2681999875931,0.0,183.59340435941337,11.352606384402206,0,1751.6065819967432,0,1306.874082003919,1.4984962161977629e-06,8.445457385250189e-07,1.6441703632305632e-06,2.9214570534855357e-08,7.378165431495665e-08,8.19570422745522e-07,4.909778965548679e-06,no_nsga2,nsga2
0,598,598,train,2.5400477051734924,0.2578125,0.640625,8,64,512,449.44070000201464,75.5975323787012,2.175654464234714,40.183436468578634,38.50059999967925,6.272122484115307,13.886667960735313,20.15879044485062,0.007299997378140688,0.0,12.379185307361745,7.772305140110737,0,17.799861472498304,1139.1911342398914,2097152.0,2,0.5,0.5,0.0,0.0,0.0,73.57672566134381,0.006000002031214535,0.0,56.93964669645927,16.63107896285333,0,0,0,16.51547513056712,57.0612505307767,0.0,1048576,1048576,0,8,4,0.25,2,0.5,0,1,1.0,0.17369072493825644,3,3,0,1.0,0.0,0.0,1.0,0,0.5,0.5,0.0,0.953125,0.046875,0.0,256,1024,0,0.0,471.82649324605825,274.62019998347387,0.0,184.8212194618673,12.385073800717072,0,1751.6065819967432,0,1302.1658819947286,1.5119506475740242e-06,8.702617856938857e-07,1.6595617407934868e-06,3.136061242057654e-08,8.332000776441186e-08,7.687982068745724e-07,4.925253001120957e-06,no_nsga2,nsga2
0,599,599,train,2.4858407378196716,0.25390625,0.6640625,8,64,512,436.27350000315346,72.93460342705255,2.2101250986695606,40.20005873851774,38.88210000877734,5.801275818413482,13.09084052572987,18.892116344143354,0.007499984349124134,0.0,11.47785026622736,7.406766093566869,0,18.337079063622042,1173.5730600718107,2097152.0,2,0.5,0.5,0.0,0.0,0.0,79.38074035525584,0.005800000508315861,0.0,61.53485928254752,17.8400810722,0,0,0,16.76608447388905,62.61465588136679,0.0,1048576,1048576,0,8,4,0.25,2,0.5,0,1,1.0,0.2091524583687337,3,0,3,0.0,2.0,0.5,2.0,3,0.5,0.5,0.0,0.955078125,0.044921875,0.0,256,1024,0,0.0,461.3791490569595,263.1453000358306,0.0,186.87104462565446,11.362804395474374,0,1751.6065819967432,0,1315.3330819935898,1.4586920685410513e-06,8.840500394678244e-07,1.662665043451558e-06,2.9006379092067416e-08,7.854504315437921e-08,8.273395725003365e-07,4.940298146207218e-06,no_nsga2,nsga2
0,600,600,val,2.4787421822547913,0.26953125,0.66015625,8,64,512,340.7355999952415,62.21336004491158,2.2453281087790353,90.82741699235818,0.0,0.0,0.0,0.0,0.0,0.0,0.0,0.0,0,23.47854618526957,1502.6269558572524,0.0,0,0.0,0.0,0.0,0.0,0.0,0.0,0.0,0.0,0.0,0.0,0,0,0,0.0,0.0,0.0,0,0,0,8,4,0.25,2,0.5,2,1,1.0,0.2091524583687337,0,0,0,0.0,0.0,0.0,0.0,0,0.5,0.5,0.0,0.9501953125,0.0498046875,0.0,256,1024,0,0.0,621.1444205841952,220.08340002503246,210.0,175.74023833366334,15.320782225499425,0,1625.8792550022863,0,1285.1436550070448,1.2442672008982318e-06,8.981312435116141e-07,3.6330966796943276e-06,0.0,0.0,0.0,5.775495124104174e-06,no_nsga2,nsga2
0,600,600,train,2.596397340297699,0.232421875,0.625,8,64,512,1918.4468999883393,448.6179227491455,77.27190668219737,140.87404734848081,49.42080000182614,5.701662373363501,234.63044312544184,240.33210549880533,0.006300004315562546,220.0,11.37572581249519,8.9500796819946,0,4.170037664326785,266.88241051691426,2097152.0,2,0.5,0.5,0.0,0.0,0.0,75.14292365401268,0.007099995855242014,0.0,54.30668820658041,20.829135451577024,0,0,0,17.42737550577982,57.715548148232855,0.0,1048576,1048576,0,8,4,0.25,2,0.5,0,1,1.0,0.2307606527190679,3,3,0,1.0,0.0,0.0,1.0,0,0.5,0.5,0.0,0.9443359375,0.0556640625,0.0,256,1024,0,0.0,2667.055507119295,1565.381599997636,910.0,176.30826984552624,15.365637276132647,0,1401.678596993802,1,-516.7683029945372,8.972358454982912e-06,3.0908762672878935e-05,5.634961893939233e-06,2.8508311866817506e-08,1.407782658752651e-06,7.514292365401267e-07,4.770380322896067e-05,no_nsga2,nsga2
0,601,601,train,2.6038169860839844,0.279296875,0.62890625,8,64,512,449.56149999052286,74.7273376154589,2.2345406833956574,39.368352411648104,38.02790000918321,6.914901346666039,15.36550177145143,22.28040311811747,0.006900008884258568,0.0,13.003467051884083,9.270036057349127,0,17.795078548964042,1138.8850271336987,2097152.0,2,0.5,0.5,0.0,0.0,0.0,74.95863048029089,0.008099988917820156,0.0,54.46506886638326,20.48546162498981,0,0,0,17.43508196940486,57.52354851088604,0.0,1048576,1048576,0,8,4,0.25,2,0.5,0,1,1.0,0.2091524583687337,3,0,3,0.0,2.0,0.5,2.0,3,0.5,0.5,0.0,0.9482421875,0.0517578125,0.0,256,1024,0,0.0,465.3209228420106,270.9391999815125,0.0,179.25247831848338,15.129244542014742,0,1401.678596993802,0,952.1170970032792,1.494546752309178e-06,8.938162733582631e-07,1.5747340964659244e-06,3.45745067333302e-08,9.219301062870857e-08,7.495863048029091e-07,4.839450944298313e-06,no_nsga2,nsga2
0,602,602,train,2.7024593353271484,0.23046875,0.61328125,8,64,512,417.929200004437,71.70122843121685,2.132537492346962,38.231004676648396,37.95230000105221,6.465419543140682,12.335959076101584,18.801378619242264,0.007300011930055916,0.0,12.174464319533834,6.619614287778377,0,19.141952411945983,1225.084954364543,2097152.0,2,0.0,0.5,0.5,0.0,0.0,84.04300682479203,0.005799985956400633,0.0,62.919087465575245,21.11811937326039,0,0,0,0.0,59.48391149089618,24.55909533389585,0,1048576,1048576,8,4,0.25,2,0.5,0,1,1.0,0.11898847320993522,3,3,0,1.0,0.0,0.0,1.0,0,0.5,0.5,0.0,0.94921875,0.05078125,0.0,256,1024,0,0.0,448.2590824008488,259.856100048637,0.0,175.01138264619624,13.391599706015544,0,1392.1139099878885,0,974.1847099834515,1.434024568624337e-06,8.530149969387847e-07,1.529240187065936e-06,3.232709771570341e-08,7.40157544566095e-08,8.404300682479205e-07,4.7630526730492905e-06,no_nsga2,nsga2
0,603,603,train,2.648228347301483,0.21875,0.595703125,8,64,512,296.0542999935569,49.64115502088566,2.155137648167787,39.34681613742204,36.67880001012236,5.871840900947276,12.873502036205887,18.74534293715316,0.007199996616691351,0.0,11.96588716062289,6.772255779913581,0,27.02197866470928,1729.406634541394,2097152.0,2,0.5,0.5,0.0,0.0,0.0,79.91239200687201,0.00650000583846122,0.0,59.06777827367982,20.838113727353722,0,0,0,18.311511565720593,61.60088044115141,0.0,1048576,1048576,0,8,4,0.25,2,0.5,0,1,1.0,0.2877900422484528,3,0,3,0.0,2.0,0.5,2.0,3,0.5,0.5,0.0,0.94140625,0.05859375,0.0,256,1024,0,0.0,364.5724352259019,171.96669997065328,0.0,179.28238835200986,13.323346903238775,0,1392.1139099878885,0,1096.0596099943316,9.928231004177134e-07,8.620550592671149e-07,1.5738726454968819e-06,2.9359204504736382e-08,7.724101221723531e-08,7.991239200687202e-07,4.334474941972402e-06,no_nsga2,nsga2
0,604,604,train,2.603666841983795,0.291015625,0.64453125,8,64,512,179.7791999997571,22.964283058129617,2.2619620432640204,39.23656087733334,35.45670000312384,6.345252152088624,13.357496375073614,19.70274852716224,0.006600006599910557,0.0,11.821537850720699,7.874610669841628,0,44.49878240212664,2847.922073736105,2097152.0,2,0.5,0.0,0.5,0.0,0.0,43.12758085878116,0.005799985956400633,0.0,23.566957385774124,19.554823487050633,0,0,0,16.731393175274285,0.0,26.396187683506874,1048576,0,1048576,8,4,0.25,2,0.5,0,1,1.0,0.2201412464909665,3,3,0,1.0,0.0,0.0,1.0,0,0.5,0.5,0.0,0.9501953125,0.0498046875,0.0,256,1024,0,0.0,257.8512239149079,64.71789994975552,0.0,178.83679441225718,14.296529552895219,0,1392.1139099878885,0,1212.3347099881314,4.5928566116259244e-07,9.047848173056082e-07,1.5694624350933337e-06,3.1726260760443124e-08,8.014497825044168e-08,4.3127580858781166e-07,3.476679961160231e-06,no_nsga2,nsga2
0,605,605,train,2.5761762857437134,0.265625,0.6328125,8,64,512,179.90129999816418,22.780417777425576,2.1658560046120954,39.490545984874046,37.5311999960104,6.060981349887075,12.91389085889373,18.974872208780805,0.007299997378140688,0.0,12.064413401500445,6.9031588099022185,0,44.46858100247543,2845.9891841584276,2097152.0,2,0.0,0.5,0.5,0.0,0.0,85.14521999512942,0.006000002031214535,0.0,65.19768384117589,19.94153615192232,0,0,0,0.0,59.44776299943681,25.69745699569261,0,1048576,1048576,8,4,0.25,2,0.5,0,1,1.0,0.18595995617580352,3,0,3,0.0,2.0,0.5,2.0,3,0.5,0.5,0.0,0.955078125,0.044921875,0.0,256,1024,0,0.0,257.74727906764684,64.87020004715305,0.0,176.54049135389997,16.33658766659383,0,1392.1139099878885,0,1212.2126099897243,4.556083555485115e-07,8.663424018448382e-07,1.5796218393949617e-06,3.030490674943538e-08,7.748334515336237e-08,8.514521999512943e-07,3.860813048642403e-06,no_nsga2,nsga2
0,606,606,train,2.600003659725189,0.259765625,0.62890625,8,64,512,460.1113999960944,75.79642746786007,2.1870373247456416,38.36702367583774,37.374999999883585,6.549704946431608,12.919622578166432,19.46932752459804,0.006900008884258568,0.0,11.755104645666677,7.707322870047104,0,17.387055858672593,1112.771574955046,2097152.0,2,0.5,0.5,0.0,0.0,0.0,75.59664998285828,0.005799985956400633,0.0,54.55327747778872,21.03757251911317,0,0,0,17.604149859468436,57.99250012338985,0.0,1048576,1048576,0,8,4,0.25,2,0.5,0,1,1.0,0.25097720212391433,3,3,0,1.0,0.0,0.0,1.0,0,0.5,0.5,0.0,0.947265625,0.052734375,0.0,256,1024,0,0.0,465.40195387377383,275.4221999493893,0.0,176.22626543976395,13.753488484620595,0,1392.1139099878885,0,932.0025099917941,1.5159285493572017e-06,8.748149298982565e-07,1.53468094703351e-06,3.2748524732158046e-08,7.751773546899858e-08,7.559664998285828e-07,4.791657186318708e-06,no_nsga2,nsga2
0,607,607,train,2.5190168023109436,0.28515625,0.66015625,8,64,512,464.4750000006752,76.79678729687302,2.144176944048355,38.76199958230881,37.23970000282861,5.809967692678819,13.20373592146931,19.013703614148127,0.007199996616691351,0.0,12.23842339323072,6.768080224300716,0,17.2237101593804,1102.3174502003455,2097152.0,2,0.5,0.5,0.0,0.0,0.0,79.2464329977752,0.006100002792663872,0.0,59.423988122461495,19.816344872521043,0,0,0,18.499854608008054,60.74657838976715,0.0,1048576,1048576,0,8,4,0.25,2,0.5,0,1,1.0,0.18595995617580352,3,0,3,0.0,2.0,0.5,2.0,3,0.5,0.5,0.0,0.958984375,0.041015625,0.0,256,1024,0,0.0,470.8118552929207,279.2434000148205,0.0,178.069379882072,13.49907539602821,0,1392.1139099878885,0,927.6389099872133,1.5359357459374606e-06,8.57670777619342e-07,1.5504799832923525e-06,2.9049838463394097e-08,7.922241552881585e-08,7.924643299777521e-07,4.844823090819117e-06,no_nsga2,nsga2
0,608,608,train,2.510146737098694,0.220703125,0.65234375,8,64,512,446.1870999948587,75.37253476772278,2.1471375469595753,38.75967303013614,37.46990000945516,6.528885279478119,12.662203706134413,19.19108898561253,0.006999995093792677,0.0,11.746767374181868,7.437321616336869,0,17.929657918021977,1147.4981067534065,2097152.0,2,0.5,0.5,0.0,0.0,0.0,74.83814026709561,0.006299989763647318,0.0,55.80358434251655,19.028255934815412,0,0,0,17.746330587237775,57.09180967985783,0.0,1048576,1048576,0,8,4,0.25,2,0.5,0,1,1.0,0.18595995617580352,3,3,0,1.0,0.0,0.0,1.0,0,0.5,0.5,0.0,0.951171875,0.048828125,0.0,256,1024,0,0.0,465.117381379274,272.8488999855472,0.0,179.51864934427144,12.749832049455339,0,1392.1139099878885,0,945.9268099930298,1.5074506953544557e-06,8.5885501878383e-07,1.5503869212054458e-06,3.26444263973906e-08,7.597322223680647e-08,7.483814026709562e-07,4.773691686648885e-06,no_nsga2,nsga2
0,609,609,train,2.5102672576904297,0.244140625,0.671875,8,64,512,434.93580000358634,72.8510564676792,2.414729719278594,39.089530634821266,135.66090000676923,6.273109633036068,14.276080013217715,20.549189646253783,0.008399991202168167,0.0,12.25130836123288,8.289481293818737,0,18.393476937187277,1177.1825239799857,2097152.0,2,0.5,0.5,0.0,0.0,0.0,78.60612435712,0.007599999662488699,0.0,57.90119731180428,20.697327045653225,0,0,0,18.919416744991334,59.68670761212866,0.0,1048576,1048576,0,8,4,0.25,2,0.5,0,1,1.0,0.2091524583687337,3,0,3,0.0,2.0,0.5,2.0,3,0.5,0.5,0.0,0.9404296875,0.0595703125,0.0,256,1024,0,0.0,457.4212672871162,264.09260006039403,0.0,177.8952464821926,15.433420744529574,0,1392.1139099878885,0,957.1781099843022,1.457021129353584e-06,9.658918877114376e-07,1.5635812253928508e-06,3.1365548165180344e-08,8.565648007930628e-08,7.860612435711999e-07,4.8895775142735596e-06,no_nsga2,nsga2
0,610,610,train,2.5086286664009094,0.3125,0.6484375,8,64,512,3642.9746999929193,383.2673379424471,93.01277497272605,41.6091298923876,68.96319999941625,6.6296235287929,658.965892136552,665.5955156653449,0.00960000033956021,0.0,11.290453694540862,654.2954619704645,0,2.1960069621149403,140.54444557535618,2097152.0,2,0.5,0.5,0.0,0.0,0.0,75.79125630732779,0.006199989002197981,0.0,55.357199880598046,20.427856437727534,0,0,0,18.47067112362087,57.32058518370691,0.0,1048576,1048576,0,8,4,0.25,2,0.5,0,1,1.0,0.1859599251701455,3,3,0,1.0,0.0,0.0,1.0,0,0.5,0.5,0.0,0.9580078125,0.0419921875,0.0,256,1024,0,0.0,2071.556971230243,1503.837600001134,0.0,176.45074723557315,391.26862399353587,0,2701.0498899991917,1,-941.9248099937276,7.665346758848944e-06,3.720510998909042e-05,1.664365195695504e-06,3.31481176439645e-08,3.9537953528193115e-06,7.579125630732778e-07,5.127967797717142e-05,no_nsga2,nsga2
0,611,611,train,2.46810644865036,0.27734375,0.6796875,8,64,512,465.4800999996951,76.71151074061285,2.3606314658495746,38.49835294166341,40.74380001111422,5.876334463567509,14.643963198263954,20.520297661831464,0.007000009645707905,0.0,11.936005205557844,8.577292446627911,0,17.186519495647065,1099.9372477214122,2097152.0,2,0.5,0.5,0.0,0.0,0.0,75.80087179470924,0.006500020390376449,0.0,57.2302772585282,18.564094515790664,0,0,0,17.04763226174992,58.75323953295932,0.0,1048576,1048576,0,8,4,0.25,2,0.5,0,1,1.0,0.2201412464909665,3,0,3,0.0,2.0,0.5,2.0,3,0.5,0.5,0.0,0.9423828125,0.0576171875,0.0,256,1024,0,0.0,470.2819805925034,280.374900001334,0.0,175.7435696423948,14.163510948774531,0,2701.0498899991917,0,2235.5697899994966,1.5342302148122571e-06,9.442525863398299e-07,1.5399341176665364e-06,2.9381672317837545e-08,8.786377918958371e-08,7.580087179470925e-07,4.893671088273137e-06,no_nsga2,nsga2
0,612,612,train,2.520067274570465,0.267578125,0.646484375,8,64,512,352.61970000283327,59.86948407709926,2.1608482814088896,38.699954847109126,41.86159999517258,5.69644547184562,13.26185057031157,18.95829604215719,0.00689999433234334,0.0,11.284828210214563,7.666567837610283,0,22.68726708311713,1451.9850933194964,2097152.0,2,0.5,0.5,0.0,0.0,0.0,77.3599884998627,0.006100002792663872,0.0,57.16975952542394,20.18412897164609,0,0,0,19.262539024654625,58.09744947520807,0.0,1048576,1048576,0,8,4,0.25,2,0.5,0,1,1.0,0.26994862967019156,3,3,0,1.0,0.0,0.0,1.0,0,0.5,0.5,0.0,0.9501953125,0.0498046875,0.0,256,1024,0,0.0,402.9211488224691,212.7972000016598,0.0,176.77006713032512,13.353881690484155,0,2701.0498899991917,0,2348.4301899963584,1.1973896815419854e-06,8.64339312563556e-07,1.5479981938843652e-06,2.8482227359228105e-08,7.95711034218694e-08,7.73599884998627e-07,4.491380403769631e-06,no_nsga2,nsga2
0,613,613,train,2.5135558247566223,0.2734375,0.673828125,8,64,512,355.0154999975348,55.36775451107584,2.3316852352310313,39.377300309644795,42.95139999885578,6.1284648100045676,14.013708251235876,20.14217306124044,0.007199996616691351,0.0,11.965430976292364,8.169542088331388,0,22.53416390521441,1442.1864899337222,2097152.0,2,0.5,0.5,0.0,0.0,0.0,77.16761639723615,0.023900007363408804,0.0,57.59848385436313,19.545232535509598,0,0,0,18.682678113496394,58.484938283739744,0.0,1048576,1048576,0,8,4,0.25,2,0.5,0,1,1.0,0.19776865982085054,3,0,3,0.0,2.0,0.5,2.0,3,0.5,0.5,0.0,0.953125,0.046875,0.0,256,1024,0,0.0,388.30696022380664,196.20540000323672,0.0,177.29391858115747,14.807641639412479,0,2701.0498899991917,0,2346.034390001657,1.1073550902215168e-06,9.326740940924128e-07,1.575092012385792e-06,3.064232405002284e-08,8.408224950741525e-08,7.716761639723614e-07,4.501521934229521e-06,no_nsga2,nsga2
0,614,614,train,2.570547342300415,0.2578125,0.63671875,8,64,512,419.9921999970684,71.49128235027969,2.237601311186484,37.61855895691252,36.28780000144616,6.4831396145804625,12.366902910252541,18.850042524833004,0.007299997378140688,0.0,11.794931662578804,7.047810864876058,0,19.047927442767744,1219.0673563371356,2097152.0,2,0.5,0.5,0.0,0.0,0.0,77.24850388416071,0.006299989763647318,0.0,57.48203884672803,19.760165047669034,0,0,0,17.98110340913223,59.26740047502848,0.0,1048576,1048576,0,8,4,0.25,2,0.5,0,1,1.0,0.18595995617580352,3,3,0,1.0,0.0,0.0,1.0,0,0.5,0.5,0.0,0.9423828125,0.0576171875,0.0,256,1024,0,0.0,445.3897704735148,258.5511000070255,0.0,173.84575833486707,12.992912131622171,0,2701.0498899991917,0,2281.0576900021233,1.429825647005594e-06,8.950405244745936e-07,1.504742358276501e-06,3.241569807290231e-08,7.420141746151524e-08,7.724850388416071e-07,4.708710684132714e-06,no_nsga2,nsga2
0,615,615,train,2.4691132307052612,0.294921875,0.658203125,8,64,512,470.20399999746587,76.44837461455369,2.1478363183070597,38.62401602839038,36.23499999230262,5.830422007694913,14.282872766174933,20.113294773869846,0.006499991286545992,0.0,12.184969639157178,7.9218251434261235,0,17.01385565879375,1088.8867621628,2097152.0,2,0.5,0.5,0.0,0.0,0.0,79.67988905504718,0.007100010407157242,0.0,59.3987910025157,20.27399804212432,0,0,0,17.126462193246223,62.55342686180096,0.0,1048576,1048576,0,8,4,0.25,2,0.5,0,1,1.0,0.25097720212391433,3,0,3,0.0,2.0,0.5,2.0,3,0.5,0.5,0.0,0.9443359375,0.0556640625,0.0,256,1024,0,0.0,468.88090784500446,277.1723000187194,0.0,177.1737074064108,14.534900419874287,0,2701.0498899991917,0,2230.845890001726,1.5289674922910739e-06,8.59134527322824e-07,1.5449606411356154e-06,2.9152110038474563e-08,8.569723659704958e-08,7.967988905504718e-07,4.844710897935509e-06,no_nsga2,nsga2
0,616,616,train,2.691384196281433,0.26171875,0.61328125,8,64,512,353.16049998800736,61.091196174262954,2.3047091611599893,38.37854063378845,38.540300010936335,6.209361594271918,14.183195350121165,20.392556944393085,0.007099995855242014,0.0,12.294907153969806,8.090549794568037,0,22.652525828188136,1449.7616530040407,2097152.0,2,0.5,0.5,0.0,0.0,0.0,76.66095144938089,0.006100017344579101,0.0,57.46460416044728,19.19024727158903,0,0,0,17.535902304347978,59.12504914503292,0.0,1048576,1048576,0,8,4,0.25,2,0.5,0,1,1.0,0.19776865982085054,3,3,0,1.0,0.0,0.0,1.0,0,0.5,0.5,0.0,0.9560546875,0.0439453125,0.0,256,1024,0,0.0,407.0977838768456,216.6412000224227,0.0,175.54241403226678,14.914169822156127,0,2701.0498899991917,0,2347.8893900111843,1.2218239234852592e-06,9.218836644639958e-07,1.5351416253515382e-06,3.104680797135959e-08,8.509917210072699e-08,7.66609514493809e-07,4.561604707866688e-06,no_nsga2,nsga2
0,617,617,train,2.425910472869873,0.3046875,0.67578125,8,64,512,400.4102999897441,62.63718805806078,2.413834221255341,39.215615142865914,47.120100003667176,6.7802128746881305,13.514167666061653,20.294380540749785,0.006900008884258568,0.0,12.147833870038884,8.13964666182664,0,19.979456124751994,1278.6851919841276,2097152.0,2,0.5,0.5,0.0,0.0,0.0,73.22796994895968,0.006799993570894003,0.0,54.19440556855526,19.02676438683352,0,0,0,16.17334386814954,57.05462608081014,0.0,1048576,1048576,0,8,4,0.25,2,0.5,0,1,1.0,0.17369072493825644,3,0,3,0.0,2.0,0.5,2.0,3,0.5,0.5,0.0,0.951171875,0.048828125,0.0,256,1024,0,0.0,417.0665496887281,223.2263000041712,0.0,177.63441793888978,16.205831745667123,0,2701.0498899991917,0,2300.6395900094476,1.2527437611612157e-06,9.655336885021365e-07,1.5686246057146363e-06,3.3901064373440654e-08,8.10850059963699e-08,7.322796994895969e-07,4.634167825237396e-06,no_nsga2,nsga2
0,618,618,train,2.534705698490143,0.267578125,0.634765625,8,64,512,419.81760000635404,72.63743152057395,2.3508451064101052,39.62120116418126,39.20199999993201,5.807755757206699,13.984378956699938,19.792134713906638,0.007300011930055916,0.0,11.803654513648222,7.98118018832836,0,19.05584935941123,1219.5743590023187,2097152.0,2,0.5,0.5,0.0,0.0,0.0,76.52395813696774,0.00589998671784997,0.0,55.50506791823583,21.012990232014054,0,0,0,17.812096324863674,58.711861812104054,0.0,1048576,1048576,0,8,4,0.25,2,0.5,0,1,1.0,0.25097720212391433,3,3,0,1.0,0.0,0.0,1.0,0,0.5,0.5,0.0,0.951171875,0.048828125,0.0,256,1024,0,0.0,458.4379111646613,261.19590002053883,0.0,181.86698970185446,15.375021442267995,0,2701.0498899991917,0,2281.2322899928377,1.4527486304114794e-06,9.403380425640422e-07,1.5848480465672504e-06,2.90387787860335e-08,8.390627374019961e-08,7.652395813696774e-07,4.856119353438683e-06,no_nsga2,nsga2
0,619,619,train,2.554377853870392,0.26953125,0.65625,8,64,512,449.1974999982631,74.65969610225477,2.092659409181363,38.98503898358726,48.291300001437776,5.707295044376068,12.086507857970654,17.793802902346723,0.00689999433234334,0.0,10.844884188738963,6.942018719275416,0,17.809498473460916,1139.8079023014986,2097152.0,2,0.5,0.5,0.0,0.0,0.0,80.47474310065829,0.005900015821680427,0.0,59.222013169675485,21.246829915161115,0,0,0,18.93491211276416,61.53983098789412,0.0,1048576,1048576,0,8,4,0.25,2,0.5,0,1,1.0,0.2201412464909665,3,0,3,0.0,2.0,0.5,2.0,3,0.5,0.5,0.0,0.9521484375,0.0478515625,0.0,256,1024,0,0.0,462.9495779800935,272.8948000003584,0.0,176.81220053874756,13.242577440987585,0,2701.0498899991917,0,2251.8523900009286,1.4931939220450957e-06,8.370637636725451e-07,1.5594015593434902e-06,2.8536475221880344e-08,7.251904714782391e-08,8.047474310065828e-07,4.795462198437418e-06,no_nsga2,nsga2
0,620,620,train,2.6093801259994507,0.234375,0.654296875,8,64,512,415.25109999929555,69.75431804921953,2.2292984074477626,38.1387064779246,42.538999987300485,6.0757744202541835,13.079707451317454,19.155481871571638,0.006799993570894003,0.0,11.850715099636396,7.297966778364348,0,19.265405280343128,1232.9859379419602,2097152.0,2,0.5,0.5,0.0,0.0,0.0,74.83917485327613,0.006200003554113209,0.0,55.206829328314406,19.626145521407622,0,0,0,18.007697243368597,56.83147760990754,0.0,1048576,1048576,0,8,4,0.25,2,0.5,0,1,1.0,0.13364216641330787,3,3,0,1.0,0.0,0.0,1.0,0,0.5,0.5,0.0,0.9580078125,0.0419921875,0.0,256,1024,0,0.0,440.48929173836757,250.25090004783124,0.0,177.224134868851,13.014256821685317,0,1393.4113544916866,0,978.160254492391,1.3950863609843908e-06,8.917193629791051e-07,1.525548259116984e-06,3.0378872101270924e-08,7.847824470790471e-08,7.483917485327614e-07,4.669602848422417e-06,no_nsga2,nsga2
0,621,621,train,2.675932466983795,0.240234375,0.626953125,8,64,512,431.85650001396425,72.70601451273654,2.0352561492119037,39.261717734171256,38.80809999827761,6.220467230624335,12.387041878111978,18.607509108736313,0.006800008122809231,0.0,11.911567608762576,6.689141491850927,0,18.524629072648544,1185.5762606495068,2097152.0,2,0.5,0.5,0.0,0.0,0.0,75.90612534760567,0.006400019628927112,0.0,54.432502910403734,21.467222417573005,0,0,0,17.66904510168353,58.23708024592214,0.0,1048576,1048576,0,8,4,0.25,2,0.5,0,1,1.0,0.19776865982085054,3,0,3,0.0,2.0,0.5,2.0,3,0.5,0.5,0.0,0.947265625,0.052734375,0.0,256,1024,0,0.0,456.01195358447876,262.503000034485,0.0,179.60239716951492,13.906556380478852,0,1393.4113544916866,0,961.5548544777223,1.4541202902547309e-06,8.141024596847615e-07,1.5704687093668503e-06,3.110233615312168e-08,7.432225126867186e-08,7.590612534760567e-07,4.703177300204194e-06,no_nsga2,nsga2
0,622,622,train,2.4278348684310913,0.275390625,0.669921875,8,64,512,447.000999993179,75.67035648418269,2.142546435227824,38.40807912584803,37.62069999356754,5.67830489661058,13.52147013830055,19.19977503491113,0.007100010407157242,0.0,11.3871993027118,7.805475721792175,0,17.89701164675343,1145.4087453922195,2097152.0,2,0.5,0.5,0.0,0.0,0.0,77.26744892991604,0.006400005077011883,0.0,57.431940207573035,19.829108717266003,0,0,0,18.02510006811145,59.2423488618046,0.0,1048576,1048576,0,8,4,0.25,2,0.5,0,1,1.0,0.14759070521249812,3,3,0,1.0,0.0,0.0,1.0,0,0.5,0.5,0.0,0.962890625,0.037109375,0.0,256,1024,0,0.0,464.8839281810342,275.11990000493824,0.0,176.37626602023275,13.387762155863204,0,1393.4113544916866,0,946.4103544985076,1.513407129683654e-06,8.570185740911294e-07,1.5363231650339214e-06,2.8391524483052905e-08,8.11288208298033e-08,7.726744892991605e-07,4.788943703420721e-06,no_nsga2,nsga2
0,623,623,train,2.562251329421997,0.26171875,0.640625,8,64,512,434.9468000000343,73.15787513444654,2.1334029416243223,38.91851534808936,54.74860001413617,5.8042941554068,13.573006013145545,19.377300168552345,0.007700000423938036,0.0,11.83326749010836,7.536332678020045,0,18.393011759110795,1177.152752583091,2097152.0,2,0.5,0.5,0.0,0.0,0.0,75.55627605173181,0.0092999980552122,0.0,55.56355546974396,19.983420583932638,0,0,0,18.76035705685123,56.79591899488058,0.0,1048576,1048576,0,8,4,0.25,2,0.5,0,1,1.0,0.2091524583687337,3,0,3,0.0,2.0,0.5,2.0,3,0.5,0.5,0.0,0.9580078125,0.0419921875,0.0,256,1024,0,0.0,456.83917369664096,265.80530001956504,0.0,178.01087121124152,13.023002465834358,0,1393.4113544916866,0,958.4645544916523,1.463157502688931e-06,8.533611766497288e-07,1.5567406139235748e-06,2.9021470777034002e-08,8.143803607887325e-08,7.555627605173182e-07,4.739281560635461e-06,no_nsga2,nsga2
0,624,624,train,2.5595234632492065,0.236328125,0.646484375,8,64,512,208.2430000009481,34.86617780879202,2.2767388219946505,39.46701808741341,39.56000000471249,6.865462712084893,13.97712859635439,20.84259130843928,0.007399998139590025,0.0,12.503253336224605,8.331937974075089,0,38.41647298344047,2458.65427094019,2097152.0,2,0.0,0.5,0.5,0.0,0.0,80.82646639476079,0.005700014298781753,0.0,60.77108654471462,20.04967983574738,0,0,0,0.0,56.310369722855356,24.51609667190543,0,1048576,1048576,8,4,0.25,2,0.5,0,1,1.0,0.17369072493825644,3,3,0,1.0,0.0,0.0,1.0,0,0.5,0.5,0.0,0.947265625,0.052734375,0.0,256,1024,0,0.0,306.4397388728003,112.36279999138787,0.0,177.53419417947603,16.542744701936403,0,1393.4113544916866,0,1185.1683544907385,6.973235561758404e-07,9.106955287978602e-07,1.5786807234965365e-06,3.4327313560424464e-08,8.386277157812633e-08,8.082646639476079e-07,4.113154557556396e-06,no_nsga2,nsga2
0,625,625,train,2.5413615107536316,0.251953125,0.640625,8,64,512,421.95730000094045,72.4243952787889,2.3461425061027894,39.10152890561242,38.12579999794252,5.776588241560628,14.089172798979606,19.865761040540235,0.007099995855242014,0.0,10.584687664924584,9.273973379760406,0,18.959219429934596,1213.390043515814,2097152.0,2,0.5,0.5,0.0,0.0,0.0,77.4457813818997,0.005999987479299307,0.0,57.19570222911738,20.24407916530302,0,0,0,17.88807226572412,59.55770911617558,0.0,1048576,1048576,0,8,4,0.25,2,0.5,0,1,1.0,0.24103284089209526,3,0,3,0.0,2.0,0.5,2.0,3,0.5,0.5,0.0,0.9326171875,0.0673828125,0.0,256,1024,0,0.0,455.48826676201634,260.58189998730086,0.0,180.41890604045398,14.487460734261575,0,1393.4113544916866,0,971.4540544907461,1.448487905575778e-06,9.384570024411159e-07,1.5640611562244973e-06,2.8882941207803138e-08,8.453503679387763e-08,7.74457813818997e-07,4.838881856062069e-06,no_nsga2,nsga2
0,626,626,train,2.5547810196876526,0.2578125,0.642578125,8,64,512,447.2384999971837,75.62562844274619,2.192072682037041,38.218037773030524,36.66630000225268,6.525412821777208,13.650416098624795,20.175828920402004,0.007399998139590025,0.0,12.392411120818121,7.776017801444293,0,17.88750770012572,1144.800492808046,2097152.0,2,0.5,0.5,0.0,0.0,0.0,76.25096005346752,0.006000016583129764,0.0,56.471625637202706,19.773334399681694,0,0,0,17.198501309757663,59.05245874370986,0.0,1048576,1048576,0,8,4,0.25,2,0.5,0,1,1.0,0.241032865595602,3,3,0,1.0,0.0,0.0,1.0,0,0.5,0.5,0.0,0.947265625,0.052734375,0.0,256,1024,0,0.0,464.14295559125503,274.9303000018699,0.0,176.34504563889084,12.867609950494273,0,1393.4113544916866,0,946.1728544945029,1.512512568854924e-06,8.768290728148165e-07,1.528721510921221e-06,3.2627064108886044e-08,8.190249659174877e-08,7.625096005346754e-07,4.795102313826272e-06,no_nsga2,nsga2
0,627,627,train,2.497514009475708,0.28125,0.646484375,8,64,512,330.77299999422394,53.55111234800822,2.432962166826895,39.14411771167427,36.18860000278801,6.018021501260782,14.98217472090062,21.000196222161403,0.006800008122809231,0.0,11.728072242720632,9.26532397131796,0,24.185697788035633,1547.8846584342805,2097152.0,2,0.5,0.5,0.0,0.0,0.0,74.92376617724011,0.005900001269765198,0.0,55.03325080081726,19.884615375153086,0,0,0,18.102960211266954,56.82080596597316,0.0,1048576,1048576,0,8,4,0.25,2,0.5,0,1,1.0,0.2307606527190679,3,0,3,0.0,2.0,0.5,2.0,3,0.5,0.5,0.0,0.9501953125,0.0498046875,0.0,256,1024,0,0.0,380.51276890603754,187.38309998298064,0.0,176.32567397077224,16.8039949522847,0,1393.4113544916866,0,1062.6383544974626,1.0710222469601644e-06,9.73184866730758e-07,1.5657647084669712e-06,3.009010750630391e-08,8.98930483254037e-08,7.492376617724012e-07,4.479192639762002e-06,no_nsga2,nsga2
0,628,628,train,2.512984335422516,0.234375,0.6484375,8,64,512,367.00900000869296,55.77696985843716,3.414059242257689,39.405382004053315,67.39300000481308,6.642042561744331,21.575776354126383,28.217818915870716,0.007599999662488699,0.0,12.596989162136666,15.61322975407156,0,21.79777117738076,1395.0573553523686,2097152.0,2,0.5,0.5,0.0,0.0,0.0,81.25755515226629,0.007199996616691351,0.0,60.375670809901465,20.87468434574815,0,0,0,19.005314708294797,62.2522404439715,0.0,1048576,1048576,0,8,4,0.25,2,0.5,0,1,1.0,0.25097720212391433,3,3,0,1.0,0.0,0.0,1.0,0,0.5,0.5,0.0,0.9404296875,0.0595703125,0.0,256,1024,0,0.0,394.3856444189927,194.57509998755995,0.0,177.59812789666938,22.212416534763335,0,1393.4113544916866,0,1026.4023544829936,1.1155393971687432e-06,1.3656236969030757e-06,1.5762152801621327e-06,3.321021280872165e-08,1.2945465812475829e-07,8.12575551522663e-07,5.0326187966900946e-06,no_nsga2,nsga2
0,629,629,train,2.490505337715149,0.251953125,0.6328125,8,64,512,3307.2692999994615,119.148400130872,7.089760819564396,348.18985854190385,62.046499995631166,5.805868045827075,59.19724946890148,65.00311751472856,0.00859999272506684,0.0,12.116235332896203,52.87828218910729,0,2.4189132651181557,154.81044896756197,2097152.0,2,0.5,0.5,0.0,0.0,0.0,75.32960157161452,0.00790000194683671,0.0,55.26452440327038,20.0571771663973,0,0,0,16.611638386369414,58.717963185245104,0.0,1048576,1048576,0,8,4,0.25,2,0.5,0,1,1.0,0.2307606527190679,3,0,3,0.0,2.0,0.5,2.0,3,0.5,0.5,0.0,0.955078125,0.044921875,0.0,256,1024,0,0.0,1897.7120779693612,448.0970000149682,0.0,175.86674425163332,1273.7483337027597,0,2950.529141993898,1,-356.74015800556344,2.38296800261744e-06,2.8359043278257584e-06,1.3927594341676158e-05,2.902934022913538e-08,3.551834968134088e-07,7.532960157161453e-07,2.0283975524878046e-05,no_nsga2,nsga2
0,630,630,train,2.5768638849258423,0.25,0.64453125,8,64,512,197.50930000736844,27.17119747854336,2.7151387946659007,39.41958695099533,52.24119999911636,6.240289598088186,17.246099783079625,23.48638938116781,0.006999995093792677,0.0,11.331768901157634,12.147620484916386,0,40.504216740603134,2592.2698713986006,2097152.0,2,0.5,0.5,0.0,0.0,0.0,76.33348653806438,0.007200011168606579,0.0,56.96984514382451,19.356441383071257,0,0,0,17.92202321070918,58.41146332735519,0.0,1048576,1048576,0,8,4,0.25,2,0.5,0,1,1.0,0.16091838189257093,3,3,0,1.0,0.0,0.0,1.0,0,0.5,0.5,0.0,0.9501953125,0.0498046875,0.0,256,1024,0,0.0,277.2236928968184,81.34220000647474,0.0,175.5208824023432,20.360610488000376,0,2233.648906498411,0,2036.1396064910427,5.434239495708673e-07,1.0860555178663605e-06,1.5767834780398134e-06,3.1201447990440935e-08,1.0347659869847775e-07,7.633348653806438e-07,4.104275857546604e-06,no_nsga2,nsga2
0,631,631,train,2.507946729660034,0.251953125,0.65625,8,64,512,467.2660999931395,76.23583735400652,2.216305515538831,37.334663662704656,41.25309998926241,6.510858918090128,13.246972890077036,19.757831808167165,0.006699992809444666,0.0,12.14118608635316,7.609945729004558,0,17.120828751087885,1095.7330400696246,2097152.0,2,0.5,0.5,0.0,0.0,0.0,74.7490473116811,0.005999987479299307,0.0,55.256303560432286,19.486743763769507,0,0,0,17.39559772623507,57.35344958544603,0.0,1048576,1048576,0,8,4,0.25,2,0.5,0,1,1.0,0.18595995617580352,3,0,3,0.0,2.0,0.5,2.0,3,0.5,0.5,0.0,0.9462890625,0.0537109375,0.0,256,1024,0,0.0,463.14722612900005,278.72219994605985,0.0,172.26885110043585,12.156175082504355,0,2233.648906498411,0,1766.3828065052717,1.5247167470801307e-06,8.865222062155323e-07,1.4933865465081864e-06,3.255429459045064e-08,7.948183734046221e-08,7.47490473116811e-07,4.764152104851572e-06,no_nsga2,nsga2
0,632,632,train,2.5993939638137817,0.244140625,0.611328125,8,64,512,445.6257999991067,73.7508115235921,2.1920820148696283,39.00775577565269,38.26909999770578,6.736303936281199,13.214620027064024,19.950923963345222,0.007199996616691351,0.0,11.822576921782474,8.121147044946058,0,17.95224165157041,1148.9434657005063,2097152.0,2,0.5,0.5,0.0,0.0,0.0,80.24845246925082,0.006399990525096655,0.0,60.25992553291493,19.982126945810794,0,0,0,17.388903726195508,62.85954874305531,0.0,1048576,1048576,0,8,4,0.25,2,0.5,0,1,1.0,0.18595995617580352,3,3,0,1.0,0.0,0.0,1.0,0,0.5,0.5,0.0,0.9619140625,0.0380859375,0.0,256,1024,0,0.0,459.8025972564577,267.00869998603594,0.0,179.09343392572518,13.700463344696608,0,2233.648906498411,0,1788.0231064993045,1.4750162304718423e-06,8.768328059478514e-07,1.5603102310261073e-06,3.3681519681405996e-08,7.928772016238414e-08,8.024845246925082e-07,4.827613031982099e-06,no_nsga2,nsga2
0,633,633,train,2.582161605358124,0.23828125,0.634765625,8,64,512,419.2453999858117,71.57903014136699,2.2011924280202173,38.67671942225112,36.54570000071544,6.813797549458874,13.354697804552181,20.168495354011057,0.007399998139590025,0.0,12.680704082317138,7.480391273554327,0,19.08185735231296,1221.2388705480294,2097152.0,2,0.5,0.5,0.0,0.0,0.0,75.08911441086275,0.006200003554113209,0.0,54.402407388848964,20.68050701845968,0,0,0,17.696737161195212,57.39237724966754,0.0,1048576,1048576,0,8,4,0.25,2,0.5,0,1,1.0,0.17369070345169255,3,0,3,0.0,2.0,0.5,2.0,3,0.5,0.5,0.0,0.943359375,0.056640625,0.0,256,1024,0,0.0,449.8277679665533,259.0510999580147,0.0,176.87889652453063,13.897771484008018,0,2233.648906498411,0,1814.4035065125995,1.43158060282734e-06,8.804769712080869e-07,1.5470687768900449e-06,3.406898774729437e-08,8.012818682731307e-08,7.508911441086276e-07,4.724214669608707e-06,no_nsga2,nsga2
0,634,634,train,2.5694408416748047,0.224609375,0.6171875,8,64,512,444.52849999652244,76.1078455849052,2.217339268543139,38.87577310418942,36.686199993710034,5.460421168737483,13.997165688419766,19.45758685715725,0.007800001185387373,0.0,11.86339383581075,7.586393020161109,0,17.996555909253683,1151.7795781922357,2097152.0,2,0.5,0.5,0.0,0.0,0.0,80.71777957743822,0.006100002792663872,0.0,60.13649739525688,20.575182179388676,0,0,0,17.46534359300885,63.252435984429376,0.0,1048576,1048576,0,8,4,0.25,2,0.5,0,1,1.0,0.2790043706260659,3,3,0,1.0,0.0,0.0,1.0,0,0.5,0.5,0.0,0.9365234375,0.0634765625,0.0,256,1024,0,0.0,468.8038318305511,276.87129996775184,0.0,178.8516494728161,13.080882389983206,0,2233.648906498411,0,1789.1204065018887,1.5221569116981043e-06,8.869357074172555e-07,1.5550309241675773e-06,2.7302105843687418e-08,8.398299413051859e-08,8.071777957743824e-07,4.882586439031526e-06,no_nsga2,nsga2
0,635,635,train,2.5128421783447266,0.2578125,0.630859375,8,64,512,437.53139999171253,73.68146454480592,2.446391027324832,38.271697833065616,42.020299995783716,5.905691551337737,14.072219506632202,19.97791105796994,0.007499998901039362,0.0,11.652770611084215,8.317640447984687,0,18.284360198585365,1170.1990527094633,2097152.0,2,0.5,0.5,0.0,0.0,0.0,79.80045256009771,0.005800000508315861,0.0,60.39479698753549,19.3998555720539,0,0,0,18.876240865827786,60.92421169426993,0.0,1048576,1048576,0,8,4,0.25,2,0.5,0,1,1.0,0.13364216641330787,3,0,3,0.0,2.0,0.5,2.0,3,0.5,0.5,0.0,0.9541015625,0.0458984375,0.0,256,1024,0,0.0,457.5982136207855,267.2603000246454,0.0,176.79617381802512,13.541739778114962,0,2233.648906498411,0,1796.1175065066986,1.4736292908961186e-06,9.785564109299328e-07,1.5308679133226247e-06,2.9528457756688686e-08,8.44333170397932e-08,7.980045256009772e-07,4.8950199155461356e-06,no_nsga2,nsga2
0,636,636,train,2.4613956809043884,0.2578125,0.6796875,8,64,512,450.25429999805056,74.50343679004995,2.2637387959721225,39.041008259418966,34.87899999890942,6.428296683394593,12.441143797483882,18.869440480878474,0.006999995093792677,0.0,11.50648536051665,7.35595512526803,0,17.76769757076627,1137.1326445290413,2097152.0,2,0.5,0.5,0.0,0.0,0.0,76.87520431922485,0.006600006599910557,0.0,57.232810642469246,19.635793670155692,0,0,0,17.750871077243207,59.12433324198164,0.0,1048576,1048576,0,8,4,0.25,2,0.5,0,1,1.0,0.2091524583687337,3,3,0,1.0,0.0,0.0,1.0,0,0.5,0.5,0.0,0.94921875,0.05078125,0.0,256,1024,0,0.0,463.23273538176414,270.75489998969715,0.0,178.80404789724872,13.673787494818235,0,2233.648906498411,0,1783.3946065003606,1.490068735800999e-06,9.054955183888491e-07,1.5616403303767588e-06,3.214148341697297e-08,7.464686278490329e-08,7.687520431922485e-07,4.832744973960732e-06,no_nsga2,nsga2
0,637,637,train,2.5567328333854675,0.265625,0.6171875,8,64,512,146.43490000162274,18.958291761617396,2.153253532081968,38.9241061109411,38.70889999961946,6.146323947715413,13.140978997317355,19.287302945032767,0.006699992809444666,0.0,12.36083563424916,6.919767317974161,0,54.631412105305785,3496.41037473957,2097152.0,2,0.5,0.5,0.0,0.0,0.0,79.37339136881319,0.006299989763647318,0.0,60.07694109787696,19.290150281172576,0,0,0,18.411020370410206,60.96237099840298,0.0,1048576,1048576,0,8,4,0.25,2,0.5,0,1,1.0,0.17369072493825644,3,0,3,0.0,2.0,0.5,2.0,3,0.5,0.5,0.0,0.94921875,0.05078125,0.0,256,1024,0,0.0,240.14260561856187,50.09420000715181,0.0,175.99255755486283,14.055848056547214,0,2233.648906498411,0,2087.2140064967884,3.7916583523234797e-07,8.613014128327874e-07,1.5569642444376441e-06,3.073161973857706e-08,7.884587398390412e-08,7.937339136881319e-07,3.7007428999133923e-06,no_nsga2,nsga2
0,638,638,train,2.4811970591545105,0.228515625,0.662109375,8,64,512,181.80229999416042,22.442549481244207,2.39572882520562,38.88503831718046,38.29490000498481,6.4928198406713475,13.932426786778198,20.425246627449546,0.006900008884258568,0.0,11.864792112054124,8.553554506511162,0,44.00360169621213,2816.2305085575763,2097152.0,2,0.5,0.0,0.5,0.0,0.0,41.50366762673458,0.006400005077011883,0.0,22.48750909039482,19.00975853126275,0,0,0,17.205904424850672,0.0,24.29776320188391,1048576,0,1048576,8,4,0.25,2,0.5,0,1,1.0,0.2201412464909665,3,3,0,1.0,0.0,0.0,1.0,0,0.5,0.5,0.0,0.9375,0.0625,0.0,256,1024,0,0.0,254.89326649452116,60.63389994960744,0.0,180.09861185181379,14.16075469309991,0,2233.648906498411,0,2051.8466065042508,4.488509896248842e-07,9.582915300822481e-07,1.5554015326872186e-06,3.2464099203356736e-08,8.359456072066918e-08,4.150366762673459e-07,3.493639388585723e-06,no_nsga2,nsga2
0,639,639,train,2.4124109148979187,0.25,0.708984375,8,64,512,303.1124999979511,48.70830409085879,2.0937466297302167,38.709840194380625,37.046199999167584,7.552175406715662,13.360532216249148,20.91270762296481,0.007499998901039362,0.0,12.872629273988728,8.03257835007504,0,26.392753869603556,1689.1362476546276,2097152.0,2,0.5,0.5,0.0,0.0,0.0,78.00402753176431,0.006200003554113209,0.0,57.11399883583883,20.883828692371367,0,0,0,19.35069744278203,58.65333008898227,0.0,1048576,1048576,0,8,4,0.25,2,0.5,0,1,1.0,0.25097720212391433,3,0,3,0.0,2.0,0.5,2.0,3,0.5,0.5,0.0,0.9384765625,0.0615234375,0.0,256,1024,0,0.0,358.0475636598785,164.22240002430044,0.0,179.01396055252707,14.811203083050996,0,2233.648906498411,0,1930.53640650046,9.74166081817176e-07,8.374986518920867e-07,1.5483936077752254e-06,3.776087703357831e-08,8.016319329749489e-08,7.800402753176431e-07,4.258022687133204e-06,no_nsga2,nsga2
0,640,640,train,2.5600359439849854,0.25390625,0.625,8,64,512,414.0212999918731,70.06737714443346,2.270685057062875,38.55863587355413,39.912899999762885,6.763031110737111,13.785862928365974,20.548894039103086,0.006999995093792677,0.0,11.39636448967831,9.145529554330983,0,19.322630689595787,1236.6483641341304,2097152.0,2,0.5,0.5,0.0,0.0,0.0,80.12060169703204,0.005399997462518513,0.0,58.80038691748318,21.314814782086344,0,0,0,17.800082950977487,62.32051874605456,0.0,1048576,1048576,0,8,4,0.25,2,0.5,0,1,1.0,0.18595995617580352,3,3,0,1.0,0.0,0.0,1.0,0,0.5,0.5,0.0,0.9580078125,0.0419921875,0.0,256,1024,0,0.0,443.58679230020186,250.5537999822991,0.0,176.7057708319244,16.32722148597839,0,515.7701394950709,0,101.74883950319781,1.4013475428886696e-06,9.082740228251502e-07,1.5423454349421652e-06,3.3815155553685554e-08,8.271517757019584e-08,8.012060169703205e-07,4.7697033507501865e-06,no_nsga2,nsga2
0,641,641,train,2.5363129377365112,0.265625,0.6484375,8,64,512,448.3593000040855,76.06991508013142,2.303379245390393,38.705611275689826,39.2755000066245,6.751927935102237,13.27092071787187,20.02284865297411,0.007199996616691351,0.0,12.450561430003551,7.565087226353865,0,17.842792950060705,1141.9387488038851,2097152.0,2,0.0,0.5,0.5,0.0,0.0,85.45773590113706,0.006099988240748644,0.0,64.72901720293996,20.722618709956354,0,0,0,0.0,61.38670674606358,24.071029155073482,0,1048576,1048576,8,4,0.25,2,0.5,0,1,1.0,0.14759070521249812,3,0,3,0.0,2.0,0.5,2.0,3,0.5,0.5,0.0,0.951171875,0.048828125,0.0,256,1024,0,0.0,468.3156224048465,278.5398999985773,0.0,174.7857787277547,14.989943678514557,0,515.7701394950709,0,67.41083949098538,1.5213983016026286e-06,9.213516981561573e-07,1.5482244510275927e-06,3.3759639675511184e-08,7.96255243072312e-08,8.545773590113706e-07,4.958936973780492e-06,no_nsga2,nsga2
0,642,642,train,2.6185426115989685,0.21484375,0.634765625,8,64,512,467.09229999396484,76.0844213988786,2.3643532139056913,38.46884678044844,37.120699998922646,5.984639079472341,14.081313203262004,20.065952282734344,0.006499991286545992,0.0,11.663669648004078,8.395782643443722,0,17.127199212883948,1096.1407496245727,2097152.0,2,0.5,0.5,0.0,0.0,0.0,76.12577551058013,0.006299989763647318,0.0,56.65324682730434,19.46622869351213,0,0,0,17.53512668116475,58.59064882941537,0.0,1048576,1048576,0,8,4,0.25,2,0.5,0,1,1.0,0.2201412464909665,3,3,0,1.0,0.0,0.0,1.0,0,0.5,0.5,0.0,0.94921875,0.05078125,0.0,256,1024,0,0.0,467.67048557293094,276.54409999377094,0.0,177.3070962532344,13.819289325925592,0,515.7701394950709,0,48.677839501106064,1.5216884279775722e-06,9.457412855622764e-07,1.5387538712179376e-06,2.9923195397361706e-08,8.448787921957202e-08,7.612577551058013e-07,4.881852414480521e-06,no_nsga2,nsga2
0,643,643,train,2.6074896454811096,0.23046875,0.626953125,8,64,512,168.39299999992363,21.99519671214008,2.2046211307240577,38.532310846415285,37.55510000337381,6.343221719069876,12.406826590530521,18.7500483096004,0.007199996616691351,0.0,11.432118782824254,7.31072953015945,0,47.50763091323698,3040.4883784471667,2097152.0,2,0.0,0.5,0.5,0.0,0.0,84.31349948814184,0.006999995093792677,0.0,63.362717343866194,20.943782149181864,0,0,0,0.0,59.112461459423116,25.201038028718735,0,1048576,1048576,8,4,0.25,2,0.5,0,1,1.0,0.19776865982085054,3,0,3,0.0,2.0,0.5,2.0,3,0.5,0.5,0.0,0.9443359375,0.0556640625,0.0,256,1024,0,0.0,250.92851475711768,60.05889999505598,0.0,177.90053204791758,12.969082714144122,0,515.7701394950709,0,347.3771394951473,4.3990393424280156e-07,8.818484522896232e-07,1.5412924338566116e-06,3.171610859534938e-08,7.444095954318311e-08,8.431349948814186e-07,3.8123368834089873e-06,no_nsga2,nsga2
0,644,644,train,2.537167727947235,0.279296875,0.623046875,8,64,512,451.7290000076173,74.26706397696051,2.215232475417714,39.51967399388566,42.136999996728264,5.76617746316067,13.484047051023758,19.250224514184428,0.007100010407157242,0.0,11.956823204529535,7.286301299247737,0,17.70969384336905,1133.4204059756191,2097152.0,2,0.5,0.5,0.0,0.0,0.0,79.38439577749195,0.006500020390376449,0.0,59.19850522753155,20.179390529570014,0,0,0,18.572861299789576,60.81153447770237,0.0,1048576,1048576,0,8,4,0.25,2,0.5,0,1,1.0,0.3045938747931645,3,3,0,1.0,0.0,0.0,1.0,0,0.5,0.5,0.0,0.9306640625,0.0693359375,0.0,256,1024,0,0.0,464.00788178505553,269.649500012747,0.0,179.61484158529277,14.743540187015757,0,515.7701394950709,0,64.04113948745362,1.4853412795392103e-06,8.860929901670856e-07,1.5807869597554265e-06,2.883088731580335e-08,8.090428230614253e-08,7.938439577749194e-07,4.8558003568585875e-06,no_nsga2,nsga2
0,645,645,train,2.5138278007507324,0.2890625,0.63671875,8,64,512,433.6622999981046,73.31276998007269,2.3761064166836916,38.953065281199045,37.926899996818975,5.778126156221753,13.768006573718548,19.5461327299403,0.007199996616691351,0.0,11.039462842939766,8.499469890383843,0,18.447491406432054,1180.6394500116514,2097152.0,2,0.5,0.5,0.0,0.0,0.0,79.82100764787035,0.00689999433234334,0.0,60.689277880680635,19.124829772857368,0,0,0,17.518812540570885,62.30219510729947,0.0,1048576,1048576,0,8,4,0.25,2,0.5,0,1,1.0,0.16091842229213763,3,0,3,0.0,2.0,0.5,2.0,3,0.5,0.5,0.0,0.955078125,0.044921875,0.0,256,1024,0,0.0,458.5677667118217,264.83169999846723,0.0,178.4868626457117,15.249204067642806,0,513.906678992862,0,80.24437899475743,1.466255399601454e-06,9.504425666734767e-07,1.558122611247962e-06,2.8890630781108768e-08,8.260803944231128e-08,7.982100764787036e-07,4.8845293242250165e-06,no_nsga2,nsga2
0,646,646,train,2.525986611843109,0.279296875,0.6640625,8,64,512,178.2837000064319,21.12791905184582,2.1011513454225197,38.18818272153667,39.00499999872409,6.059284337877481,11.308221418346951,17.367505756224432,0.007400012691505253,0.0,11.238593226766387,6.121512516766542,0,44.872050151871626,2871.811209719784,2097152.0,2,0.5,0.5,0.0,0.0,0.0,73.0413426534929,0.006699992809444666,0.0,54.78153758610013,18.253105074583324,0,0,0,16.599180243844604,56.4421624096483,0.0,1048576,1048576,0,8,4,0.25,2,0.5,0,1,1.0,0.25097720212391433,3,3,0,1.0,0.0,0.0,1.0,0,0.5,0.5,0.0,0.9404296875,0.0595703125,0.0,256,1024,0,0.0,245.66901247522003,57.225399985327385,0.0,175.79453381425083,12.649078675641855,0,513.906678992862,0,335.6229789864301,4.225583810369164e-07,8.404605381690081e-07,1.527527308861467e-06,3.029642168938741e-08,6.78493285100817e-08,7.304134265349291e-07,3.61910540480179e-06,no_nsga2,nsga2
0,647,647,train,2.464576780796051,0.2734375,0.673828125,8,64,512,181.30769999697804,21.763821411003924,2.1940050688831274,38.4357003224313,39.55349999887403,6.081861359087155,12.234812499080459,18.31667385816761,0.007199996616691351,0.0,11.643839965422789,6.665633896128135,0,44.123641061533945,2823.9130279381725,2097152.0,2,0.5,0.5,0.0,0.0,0.0,80.17824208278671,0.006099988240748644,0.0,59.580737542569615,20.591404551976343,0,0,0,18.598146005666766,61.58009607711994,0.0,1048576,1048576,0,8,4,0.25,2,0.5,0,1,1.0,0.18595995617580352,3,0,3,0.0,2.0,0.5,2.0,3,0.5,0.5,0.0,0.95703125,0.04296875,0.0,256,1024,0,0.0,249.57410720927342,60.481099993921816,0.0,175.81805710630286,13.274950109048735,0,513.906678992862,0,332.59897899588395,4.352764282200786e-07,8.77602027553251e-07,1.5374280128972523e-06,3.040930679543578e-08,7.340887499448275e-08,8.017824208278671e-07,3.7559070712883675e-06,no_nsga2,nsga2
0,648,648,train,2.4496217370033264,0.283203125,0.673828125,8,64,512,417.92950000672136,70.96651829743826,2.0604228690793738,38.28117067724769,37.76039999502245,6.296443733598221,12.310215831075855,18.606659564674075,0.017499987734481692,0.0,11.175352671105117,7.413806905834478,0,19.14193867131339,1225.084074964057,2097152.0,2,0.5,0.5,0.0,0.0,0.0,78.01155689604572,0.006199989002197981,0.0,57.590032404406784,20.415324502636736,0,0,0,18.307997063584516,59.7035598324612,0.0,1048576,1048576,0,8,4,0.25,2,0.5,0,1,1.0,0.1859599251701455,3,3,0,1.0,0.0,0.0,1.0,0,0.5,0.5,0.0,0.9541015625,0.0458984375,0.0,256,1024,0,0.0,445.23244737506127,254.28180002199952,0.0,177.81817098654338,13.13247636651837,0,513.906678992862,0,95.97717898614064,1.419330365948765e-06,8.241691476317497e-07,1.5312468270899074e-06,3.148221866799111e-08,7.386129498645512e-08,7.801155689604572e-07,4.660205423285326e-06,no_nsga2,nsga2
0,649,649,train,2.508794367313385,0.259765625,0.65234375,8,64,512,399.6135999914259,66.6256531787019,2.3045326567757454,38.738128088193825,42.18439999385737,6.4798736780864195,14.086677385424206,20.566551063510627,0.006800008122809231,0.0,12.154579431299371,8.405171624088446,0,20.01928858498075,1281.234469438768,2097152.0,2,0.5,0.5,0.0,0.0,0.0,78.13482120405946,0.007099995855242014,0.0,58.5952420375399,19.532479170664324,0,0,0,17.5383255963899,60.59649560766956,0.0,1048576,1048576,0,8,4,0.25,2,0.5,0,1,1.0,0.2877900422484528,3,0,3,0.0,2.0,0.5,2.0,3,0.5,0.5,0.0,0.9443359375,0.0556640625,0.0,256,1024,0,0.0,430.67325569468585,239.98279999068473,0.0,176.55156090324041,14.138894800760713,0,513.906678992862,0,114.29307900143613,1.332513063574038e-06,9.218130627102983e-07,1.5495251235277531e-06,3.23993683904321e-08,8.452006431254523e-08,7.813482120405947e-07,4.702118894555662e-06,no_nsga2,nsga2
0,650,650,train,2.5889657735824585,0.248046875,0.642578125,8,64,512,178.33330000576098,19.893233084211978,2.6019228377568595,38.53072660876889,53.52620000485331,5.87910930425644,16.615437333611613,22.494546637868055,0.00859999272506684,0.0,11.81174602145429,10.674200623688696,0,44.859569918639124,2871.012474792904,2097152.0,2,0.5,0.5,0.0,0.0,0.0,80.76013486037544,0.007399998139590025,0.0,59.78052860726419,20.97220625497166,0,0,0,17.537465690416475,63.22266916995896,0.0,1048576,1048576,0,8,4,0.25,2,0.5,0,1,1.0,0.2509772150348662,3,3,0,1.0,0.0,0.0,1.0,0,0.5,0.5,0.0,0.95703125,0.04296875,0.0,256,1024,0,0.0,244.10353012295093,50.804900034563616,0.0,174.46750098227523,18.831129106112083,0,513.906678992862,0,335.573378987101,3.9786466168423963e-07,1.0407691351027438e-06,1.5412290643507556e-06,2.9395546521282202e-08,9.969262400166968e-08,8.076013486037544e-07,3.916552380264445e-06,no_nsga2,nsga2
0,651,651,train,2.521841585636139,0.23046875,0.623046875,8,64,512,3059.2349999933504,559.1535061155239,27.995849696195993,73.86929601870536,43.90259999490809,6.308793829967008,230.13310324324388,236.4418970732109,0.0069999805418774486,0.0,12.432155886735494,224.00274120593352,0,2.615031988384482,167.36204725660684,2097152.0,2,0.5,0.5,0.0,0.0,0.0,78.40576136258588,0.006000002031214535,0.0,58.44124085808143,19.95852050247324,0,0,0,17.63755283374809,60.768208528837796,0.0,1048576,1048576,0,8,4,0.25,2,0.5,0,1,1.0,0.26994862967019156,3,0,3,0.0,2.0,0.5,2.0,3,0.5,0.5,0.0,0.94921875,0.05078125,0.0,256,1024,0,0.0,2644.074607321701,2209.362199966563,0.0,173.36804852217313,261.3443588329648,0,2082.1338944925733,1,-977.1011055007771,1.118307012231048e-05,1.1198339878478397e-05,2.954771840748214e-06,3.154396914983504e-08,1.380798619459463e-06,7.840576136258589e-07,2.753258204377225e-05,no_nsga2,nsga2
0,652,652,train,2.497494101524353,0.2578125,0.66796875,8,64,512,350.4298000043491,61.81786782128975,2.358327662904251,39.56660883398389,36.30720000364818,6.016949394493976,14.553641884366645,20.57059127886062,0.007600014214403927,0.0,11.938596284347135,8.624394980299082,0,22.829043565521967,1461.058788193406,2097152.0,2,0.0,0.5,0.5,0.0,0.0,81.21956907940304,0.007099995855242014,0.0,62.87478905907399,18.33768002447381,0,0,0,0.0,57.30842183892892,23.911147240474115,0,1048576,1048576,8,4,0.25,2,0.5,0,1,1.0,0.26994862967019156,3,3,0,1.0,0.0,0.0,1.0,0,0.5,0.5,0.0,0.9404296875,0.0595703125,0.0,256,1024,0,0.0,414.97121727271156,219.2658999701962,0.0,178.91541183549944,16.789905467015974,0,2082.1338944925733,0,1731.7040944882242,1.236357356425795e-06,9.433310651617004e-07,1.582664353359356e-06,3.008474697246988e-08,8.732185130619986e-08,8.121956907940304e-07,4.691955064019552e-06,no_nsga2,nsga2
0,653,653,train,2.4305354356765747,0.26953125,0.7109375,8,64,512,174.40229999192525,22.746677838563976,2.239994112502867,38.67533184922783,38.666200009174645,6.164857889063731,14.877810234621615,21.042668123685345,0.006799993570894003,0.0,12.21763534543101,8.818232784683442,0,45.87069166908192,2935.724266821243,2097152.0,2,0.5,0.5,0.0,0.0,0.0,80.2172983567601,0.006499991286545992,0.0,58.82869144008886,21.382106925384697,0,0,0,19.089574569538136,61.12772378722197,0.0,1048576,1048576,0,8,4,0.25,2,0.5,0,1,1.0,0.14759070521249812,3,0,3,0.0,2.0,0.5,2.0,3,0.5,0.5,0.0,0.9609375,0.0390625,0.0,256,1024,0,0.0,254.64801520117868,62.068899991572835,0.0,178.69669572741898,13.882419482186886,0,2082.1338944925733,0,1907.731594500648,4.5493355677127955e-07,8.959976450011467e-07,1.5470132739691134e-06,3.082428944531865e-08,8.926686140772969e-08,8.021729835676012e-07,3.820208610162189e-06,no_nsga2,nsga2
0,654,654,train,2.4846089482307434,0.232421875,0.64453125,8,64,512,436.7864000087138,72.4507466905662,2.247908270558068,37.98379685424619,37.1006000059424,6.138784488778678,13.935381580074566,20.074166068853245,0.006800008122809231,0.0,12.162008858554032,7.905357202176403,0,18.315546647729313,1172.194985454676,2097152.0,2,0.5,0.5,0.0,0.0,0.0,76.29054685001442,0.006300004315562546,0.0,54.9827677501041,21.301479095594754,0,0,0,18.713175679003218,57.57737117101121,0.0,1048576,1048576,0,8,4,0.25,2,0.5,0,1,1.0,0.19776865982085054,3,3,0,1.0,0.0,0.0,1.0,0,0.5,0.5,0.0,0.94921875,0.05078125,0.0,256,1024,0,0.0,450.7298072614818,261.3714000035543,0.0,175.27756098755322,14.080846270374398,0,2082.1338944925733,0,1645.3474944838595,1.4490149338113245e-06,8.991633082232275e-07,1.5193518741698474e-06,3.06939224438934e-08,8.361228948044738e-08,7.629054685001442e-07,4.744741796628885e-06,no_nsga2,nsga2
0,655,655,train,2.6216335892677307,0.22265625,0.63671875,8,64,512,470.31770000467077,77.90256397341713,2.164205243907652,39.43155227844615,35.76250000332948,6.671701082256478,14.144293080247143,20.81599416250362,0.007399998139590025,0.0,12.971132084177516,7.837462080186515,0,17.00974254249417,1088.6235227196269,2097152.0,2,0.5,0.5,0.0,0.0,0.0,74.27020074108526,0.006000002031214535,0.0,53.69223782748328,20.57196291157076,0,0,0,17.91833382594411,56.351866915141144,0.0,1048576,1048576,0,8,4,0.25,2,0.5,0,1,1.0,0.11898847320993522,3,0,3,0.0,2.0,0.5,2.0,3,0.5,0.5,0.0,0.95703125,0.04296875,0.0,256,1024,0,0.0,477.99328598308375,284.15799999493174,0.0,180.28939656580206,13.545889422349948,0,2083.6444364982813,0,1613.3267364936105,1.5580512794683429e-06,8.656820975630606e-07,1.577262091137846e-06,3.335850541128239e-08,8.486575848148285e-08,7.427020074108527e-07,4.8619217394728665e-06,no_nsga2,nsga2
0,656,656,train,2.5134189128875732,0.22265625,0.6484375,8,64,512,350.1860999967903,63.22360558412653,2.087667586312619,38.20976015429903,41.921299998648465,6.041774651724764,12.723241532393391,18.765016184118156,0.006700007361359894,0.0,12.339544763235448,6.418771413521348,0,22.84493061016047,1462.0755590502702,2097152.0,2,0.0,0.5,0.5,0.0,0.0,83.90967130557553,0.00580001506023109,0.0,63.60800328173701,20.295868008778285,0,0,0,0.0,56.38334817031969,27.526323135255836,0,1048576,1048576,8,4,0.25,2,0.5,0,1,1.0,0.25097716417141425,3,3,0,1.0,0.0,0.0,1.0,0,0.5,0.5,0.0,0.94921875,0.05078125,0.0,256,1024,0,0.0,414.0841332989527,223.2005000114441,0.0,178.02781973053877,12.855813556969846,0,2083.6444364982813,0,1733.458336501491,1.2644721116825308e-06,8.350670345250476e-07,1.5283904061719614e-06,3.020887325862382e-08,7.633944919436033e-08,8.390967130557554e-07,4.573574587888279e-06,no_nsga2,nsga2
0,657,657,train,2.5702291131019592,0.228515625,0.638671875,8,64,512,388.11850000638515,64.03871181348364,2.302001108454201,38.33923000565147,37.37370000453666,5.753831843881532,14.19401791750633,19.94784976138786,0.007200011168606579,0.0,11.5160006584583,8.424649091760955,0,20.612208353015987,1319.1813345930232,2097152.0,2,0.5,0.5,0.0,0.0,0.0,77.93006893634214,0.005799985956400633,0.0,57.219894208067856,20.704374742317874,0,0,0,17.802707727209395,60.127361209132744,0.0,1048576,1048576,0,8,4,0.25,2,0.5,0,1,1.0,0.2091524583687337,3,0,3,0.0,2.0,0.5,2.0,3,0.5,0.5,0.0,0.9521484375,0.0478515625,0.0,256,1024,0,0.0,418.71977171035724,227.30610000144225,0.0,177.62578608560682,13.787885623308203,0,2083.6444364982813,0,1695.5259364918961,1.280774236269673e-06,9.208004433816802e-07,1.5335692002260592e-06,2.876915921940766e-08,8.516410750503797e-08,7.793006893634215e-07,4.62837783596528e-06,no_nsga2,nsga2
0,658,658,train,2.517255127429962,0.232421875,0.6484375,8,64,512,421.33090000425,72.47758198220693,2.4244787217611066,38.360413000973054,39.061599993146956,6.354194594638117,14.675663488871013,21.02985808350913,0.006600006599910557,0.0,12.070911732820939,8.952346344088282,0,18.98740636519405,1215.1940073724193,2097152.0,2,0.5,0.5,0.0,0.0,0.0,81.9929108216998,0.005900001269765198,0.0,60.92513245720191,21.061878363228118,0,0,0,18.52649448346373,63.466416338236066,0.0,1048576,1048576,0,8,4,0.25,2,0.5,0,1,1.0,0.2201412464909665,3,3,0,1.0,0.0,0.0,1.0,0,0.5,0.5,0.0,0.9560546875,0.0439453125,0.0,256,1024,0,0.0,453.04989481976435,261.2630000076024,0.0,177.38386890065829,14.403025911503704,0,2083.6444364982813,0,1662.3135364940313,1.4495516396441386e-06,9.697914887044426e-07,1.5344165200389223e-06,3.177097297319059e-08,8.805398093322608e-08,8.19929108216998e-07,4.893513710510917e-06,no_nsga2,nsga2
0,659,659,train,2.5161147117614746,0.2734375,0.646484375,8,64,512,181.8980000098236,22.444384119452202,2.099086959622464,38.91670729818704,37.04270000162069,6.522185870317948,13.178626807137114,19.700812677455062,0.00689999433234334,0.0,12.325360036959253,7.368552646163467,0,43.98045068729324,2814.7488439867675,2097152.0,2,0.5,0.5,0.0,0.0,0.0,77.72395099173252,0.006100002792663872,0.0,57.30752440928318,20.41032657965667,0,0,0,17.418536112441735,60.30541487929078,0.0,1048576,1048576,0,8,4,0.25,2,0.5,0,1,1.0,0.2790043706260659,3,0,3,0.0,2.0,0.5,2.0,3,0.5,0.5,0.0,0.947265625,0.052734375,0.0,256,1024,0,0.0,253.8407135090468,62.12320001213811,0.0,177.59826798009834,14.11924551681037,0,515.8389279994299,0,333.9409279896063,4.4888768238904403e-07,8.396347838489858e-07,1.556668291927482e-06,3.261092935158974e-08,7.907176084282268e-08,7.772395099173253e-07,3.7341129582772497e-06,no_nsga2,nsga2
0,660,660,train,2.505592465400696,0.275390625,0.646484375,8,64,512,180.80689999624155,25.830743439525424,2.025024386667838,39.19788184519138,38.2170000084443,6.098065763031637,11.508587606388481,17.60665336942012,0.007699985872022808,0.0,11.559200396330294,6.039752987217801,0,44.24585430263996,2831.7346753689576,2097152.0,2,0.5,0.5,0.0,0.0,0.0,80.60559073980708,0.006800008122809231,0.0,60.20040235905467,20.398388372629604,0,0,0,17.503329909342316,63.102260830464765,0.0,1048576,1048576,0,8,4,0.25,2,0.5,0,1,1.0,0.2091524583687337,3,3,0,1.0,0.0,0.0,1.0,0,0.5,0.5,0.0,0.9541015625,0.0458984375,0.0,256,1024,0,0.0,268.2145986855386,76.28620002651587,0.0,178.44016384482825,13.48823481419448,0,515.8389279994299,0,335.0320280031883,5.166148687905085e-07,8.100097546671352e-07,1.5679152738076553e-06,3.0490328815158187e-08,6.905152563833088e-08,8.060559073980708e-07,3.800137659116859e-06,no_nsga2,nsga2
0,661,661,train,2.5161259174346924,0.26953125,0.6484375,8,64,512,418.68309999699704,71.18323591112906,2.251068876820285,38.5273586796538,38.10440000961535,6.788788338556447,13.101112710025884,19.88990104858233,0.006999995093792677,0.0,12.714462579804845,7.168438473683693,0,19.107484616820603,1222.8790154765186,2097152.0,2,0.5,0.5,0.0,0.0,0.0,78.99810806040752,0.005699985194951296,0.0,59.051477887202154,19.940930188010405,0,0,0,17.035890287783,61.96221777262451,0.0,1048576,1048576,0,8,4,0.25,2,0.5,0,1,1.0,0.2201412464909665,3,0,3,0.0,2.0,0.5,2.0,3,0.5,0.5,0.0,0.9453125,0.0546875,0.0,256,1024,0,0.0,447.84665387041264,256.5634000056889,0.0,177.54859279586458,13.734661068859149,0,515.7528969998384,0,97.06979700284137,1.4236647182225814e-06,9.00427550728114e-07,1.5410943471861523e-06,3.394394169278224e-08,7.860667626015529e-08,7.899810806040751e-07,4.767718314693861e-06,no_nsga2,nsga2
0,662,662,train,2.5019087195396423,0.28515625,0.677734375,8,64,512,433.01249999785796,71.58692342811109,2.1633186488285876,39.432889053843375,39.35629999614321,5.583916925751149,13.480037158530983,19.06395408428213,0.007299997378140688,0.0,11.606406464231977,7.450247622672016,0,18.47517456162354,1182.4111719439065,2097152.0,2,0.5,0.5,0.0,0.0,0.0,80.9543396989301,0.00580001506023109,0.0,60.46712282195843,20.48141686191144,0,0,0,17.460107246079666,63.49423245285043,0.0,1048576,1048576,0,8,4,0.25,2,0.5,0,1,1.0,0.2307606527190679,3,3,0,1.0,0.0,0.0,1.0,0,0.5,0.5,0.0,0.9384765625,0.0615234375,0.0,256,1024,0,0.0,452.7325245231322,259.6759999723872,0.0,179.9388828701963,13.117641680548706,0,515.7528969998384,0,82.74039700198045,1.431738468562222e-06,8.653274595314351e-07,1.5773155621537352e-06,2.7919584628755747e-08,8.08802229511859e-08,8.09543396989301e-07,4.792724694816635e-06,no_nsga2,nsga2
0,663,663,train,2.4789990186691284,0.224609375,0.650390625,8,64,512,436.05119999847375,72.15544458204194,2.2600122805353315,38.70168889363109,41.93720000330359,5.526835262672832,13.382498535093863,18.909333797766696,0.006900008884258568,0.0,10.781516850602515,8.12091693827992,0,18.34642733147087,1174.1713492141357,2097152.0,2,0.5,0.5,0.0,0.0,0.0,79.206595326652,0.005699985194951296,0.0,59.37129317756162,19.82960216389543,0,0,0,19.112797755299084,60.093797571352916,0.0,1048576,1048576,0,8,4,0.25,2,0.5,0,1,1.0,0.2877900162133832,3,0,3,0.0,2.0,0.5,2.0,3,0.5,0.5,0.0,0.9423828125,0.0576171875,0.0,256,1024,0,0.0,452.46858302483344,259.6692999941297,0.0,178.45846399045396,14.340819040249812,0,515.7528969998384,0,79.70169700136466,1.4431088916408388e-06,9.040049122141327e-07,1.548067555745244e-06,2.7634176313364164e-08,8.029499121056317e-08,7.9206595326652e-07,4.795176480390662e-06,no_nsga2,nsga2
0,664,664,train,2.5030070543289185,0.2578125,0.658203125,8,64,512,365.54030000115745,62.25651917300781,2.074638418343519,38.15651104446956,39.831499991123565,5.7205439035363845,12.791213435673855,18.51175733921024,0.006700021913275123,0.0,11.552112269956869,6.952945047340096,0,21.885351942378794,1400.6625243122428,2097152.0,2,0.5,0.5,0.0,0.0,0.0,82.0192086343962,0.00589998671784997,0.0,61.57543374761978,20.43787490005855,0,0,0,18.113651263015846,63.90555737138034,0.0,1048576,1048576,0,8,4,0.25,2,0.5,0,1,1.0,0.17369072493825644,3,3,0,1.0,0.0,0.0,1.0,0,0.5,0.5,0.0,0.9521484375,0.0478515625,0.0,256,1024,0,0.0,409.9506745432835,220.32530000433326,0.0,177.5948238721489,12.030550666801396,0,515.7528969998384,0,150.21259699868097,1.2451303834601563e-06,8.298553673374076e-07,1.5262604417787827e-06,2.8602719517681925e-08,7.674728061404313e-08,8.20192086343962e-07,4.526788279052034e-06,no_nsga2,nsga2
0,665,665,train,2.5246944427490234,0.220703125,0.65625,8,64,512,180.026000001817,22.948884451154843,2.2404966872919623,38.726805102839435,37.51629999896977,5.823234902695789,12.95415747208085,18.77739237477664,0.007499984349124134,0.0,11.306358099428103,7.4635342909994105,0,44.43777877717929,2844.0178417394745,2097152.0,2,0.5,0.5,0.0,0.0,0.0,74.70416742099171,0.006200003554113209,0.0,54.93244946906723,19.765517948370373,0,0,0,17.11661889911036,57.58754852188135,0.0,1048576,1048576,0,8,4,0.25,2,0.5,0,1,1.0,0.2307606527190679,3,0,3,0.0,2.0,0.5,2.0,3,0.5,0.5,0.0,0.951171875,0.048828125,0.0,256,1024,0,0.0,255.66474496514502,64.80150000425056,0.0,175.38145607902374,15.481788881870662,0,515.7528969998384,0,335.7268969980214,4.5897768902309693e-07,8.961986749167849e-07,1.5490722041135777e-06,2.9116174513478946e-08,7.772494483248509e-08,7.470416742099172e-07,3.758131361609341e-06,no_nsga2,nsga2
0,666,666,train,2.4306960105895996,0.2734375,0.697265625,8,64,512,421.8398000084562,71.71633148392448,2.133094342170751,38.35618969377555,39.35020000790246,6.076137435418282,12.668434999415712,18.744572434833994,0.00689999433234334,0.0,12.452849973771194,6.284822466730459,0,18.96450035141132,1213.7280224903245,2097152.0,2,0.5,0.5,0.0,0.0,0.0,80.36361335655445,0.006699992809444666,0.0,60.32789470646133,20.02901865728369,0,0,0,16.60104188092273,63.76257147563173,0.0,1048576,1048576,0,8,4,0.25,2,0.5,0,1,1.0,0.16091838189257093,3,3,0,1.0,0.0,0.0,1.0,0,0.5,0.5,0.0,0.9609375,0.0390625,0.0,256,1024,0,0.0,448.82246207948305,259.3912000011187,0.0,175.8611121372403,13.570149941124052,0,515.7528969998384,0,93.91309699138219,1.4343266296784898e-06,8.532377368683004e-07,1.5342475877510218e-06,3.038068717709141e-08,7.601060999649427e-08,8.036361335655446e-07,4.731839385036942e-06,no_nsga2,nsga2
0,667,667,train,2.4809324145317078,0.2421875,0.6640625,8,64,512,184.11589998868294,22.685069443608953,2.1079950391038365,39.24837898294261,36.19670000625774,5.492515713138186,12.710151525324136,18.202667238462322,0.007100010407157242,0.0,11.745521384942709,6.450045843112456,0,43.45065553727949,2780.841954385887,2097152.0,2,0.5,0.5,0.0,0.0,0.0,74.36191263215864,0.005699985194951296,0.0,55.19390335648632,19.162309290477367,0,0,0,18.159948518690797,56.20196411346784,0.0,1048576,1048576,0,8,4,0.25,2,0.5,0,1,1.0,0.20915249756217386,3,0,3,0.0,2.0,0.5,2.0,3,0.5,0.5,0.0,0.9580078125,0.0419921875,0.0,256,1024,0,0.0,256.1657738626216,62.24850002035964,0.0,179.28168449730293,14.63558934495904,0,515.7528969998384,0,331.6369970111555,4.5370138887217913e-07,8.431980156415346e-07,1.5699351593177049e-06,2.746257856569093e-08,7.62609091519448e-08,7.436191263215864e-07,3.714177177870641e-06,no_nsga2,nsga2
0,668,668,train,2.4554378390312195,0.28125,0.6640625,8,64,512,449.1391999908956,73.7781756659233,2.1425223174417964,38.89314951617215,36.269799995352514,6.489916282153709,12.285418999193306,18.775335281347015,0.007399983587674797,0.0,11.362466599916862,7.405468697842478,0,17.811810210179733,1139.955853451503,2097152.0,2,0.5,0.5,0.0,0.0,0.0,78.08400066123261,0.006100002792663872,0.0,58.57153546135986,19.506365197080097,0,0,0,16.307962742089757,61.77603791914286,0.0,1048576,1048576,0,8,4,0.25,2,0.5,0,1,1.0,0.19776865982085054,3,3,0,1.0,0.0,0.0,1.0,0,0.5,0.5,0.0,0.951171875,0.048828125,0.0,256,1024,0,0.0,459.25538999814904,268.9440999820363,0.0,173.65718429916845,16.654105716944315,0,515.7528969998384,0,66.61369700894284,1.4755635133184662e-06,8.570089269767186e-07,1.5557259806468865e-06,3.2449581410768547e-08,7.371251399515982e-08,7.808400066123261e-07,4.775300522960326e-06,no_nsga2,nsga2
0,669,669,train,2.4429497122764587,0.27734375,0.658203125,8,64,512,421.09410000557546,72.32500200903493,2.1816874417771657,38.9077479398197,41.30979999899864,6.416239042735655,12.990950946416191,19.407189989151846,0.006999995093792677,0.0,12.156708739694263,7.24348125436379,0,18.9980838055206,1215.8773635533184,2097152.0,2,0.5,0.0,0.5,0.0,0.0,42.8023730294079,0.006399990525096655,0.0,23.363117144945715,19.43285589393709,0,0,0,16.97672601274226,0.0,25.82564701666564,1048576,0,1048576,8,4,0.25,2,0.5,0,1,1.0,0.14759070521249812,3,0,3,0.0,2.0,0.5,2.0,3,0.5,0.5,0.0,0.96484375,0.03515625,0.0,256,1024,0,0.0,453.6577495625272,261.01139999809675,0.0,178.67605608436787,13.970293480062605,0,515.7528969998384,0,94.65879699426296,1.4465000401806988e-06,8.726749767108662e-07,1.5563099175927885e-06,3.2081195213678276e-08,7.794570567849714e-08,4.2802373029407906e-07,4.413535565670608e-06,no_nsga2,nsga2
0,670,670,train,2.4436386823654175,0.28515625,0.671875,8,64,512,175.9953000000678,21.12499953474156,2.1629515355962106,38.83432874794276,37.97029999259394,6.001237046766761,11.541432843619983,17.542669890386744,0.006999995093792677,0.0,10.819622300861383,6.71604759443157,0,45.45550105312963,2909.1520674002963,2097152.0,2,0.5,0.0,0.5,0.0,0.0,43.03634648630218,0.0068999797804281116,0.0,24.001564430147845,19.0278820763739,0,0,0,17.53620945712268,0.0,25.500137029179495,1048576,0,1048576,8,4,0.25,2,0.5,0,1,1.0,0.16091838189257093,3,3,0,1.0,0.0,0.0,1.0,0,0.5,0.5,0.0,0.9609375,0.0390625,0.0,256,1024,0,0.0,248.48911927312213,56.974399980390444,0.0,178.69749188523372,12.81722740749795,0,515.7528969998384,0,339.7575969997706,4.2249999069483123e-07,8.651806142384841e-07,1.5533731499177104e-06,3.000618523383381e-08,6.92485970617199e-08,4.3036346486302177e-07,3.370672002009601e-06,no_nsga2,nsga2
0,671,671,train,2.5210463404655457,0.236328125,0.671875,8,64,512,419.3049000023166,70.72875893043533,2.2232432582911565,38.553863567455025,38.35770000296179,5.6329256175012805,12.800291624108489,18.433217241609768,0.00790000194683671,0.0,11.483123546516065,6.9421936931468675,0,19.079149613577588,1221.0655752689656,2097152.0,2,0.0,0.5,0.5,0.0,0.0,83.44894231921428,0.006199989002197981,0.0,65.18169123752337,18.26105109268871,0,0,0,0.0,58.447043318370795,25.001899000843483,0,1048576,1048576,8,4,0.25,2,0.5,0,1,1.0,0.25097720212391433,3,0,3,0.0,2.0,0.5,2.0,3,0.5,0.5,0.0,0.9443359375,0.0556640625,0.0,256,1024,0,0.0,446.0234630247261,255.22379999165423,0.0,178.0714755451438,12.72818748792804,0,515.7528969998384,0,96.44799699752184,1.414575178608707e-06,8.892973033164627e-07,1.5421545426982013e-06,2.8164628087506406e-08,7.680174974465093e-08,8.344894231921428e-07,4.785482825647671e-06,no_nsga2,nsga2
0,672,672,train,2.510513484477997,0.25,0.6640625,8,64,512,458.8626999902772,75.23616626108388,2.386092142307805,39.84583311944569,79.23570000275504,5.6226435306188876,14.167360002786156,19.79000353340504,0.008100003469735384,0.0,10.555812896012714,9.226090633922594,0,17.434371034731036,1115.7997462227863,2097152.0,2,0.5,0.5,0.0,0.0,0.0,81.09459956233485,0.007099995855242014,0.0,59.76378480063895,21.32371476584065,0,0,0,18.515226523004294,62.57937303933055,0.0,1048576,1048576,0,8,4,0.25,2,0.5,0,1,1.0,0.19776869099157482,3,3,0,1.0,0.0,0.0,1.0,0,0.5,0.5,0.0,0.9541015625,0.0458984375,0.0,256,1024,0,0.0,469.87236609134953,274.0154000057373,0.0,180.24426766794932,15.612698417662882,0,511.679244998013,0,52.81654500773584,1.5047233252216778e-06,9.544368569231221e-07,1.5938333247778279e-06,2.811321765309444e-08,8.500416001671692e-08,8.109459956233485e-07,4.977056880215788e-06,no_nsga2,nsga2
0,673,673,train,2.5972325801849365,0.248046875,0.638671875,8,64,512,633.6068999953568,100.68103801241222,2.8805404320628,40.853048638096325,404.8785000049975,7.793445253921904,17.385308803408527,25.17875405733043,0.009199997293762863,0.0,11.664793159012458,13.504760901024211,0,12.626105198591471,808.0707327098542,2097152.0,2,0.5,0.5,0.0,0.0,0.0,76.1863579569431,0.009199982741847634,0.0,57.008434232414736,19.168723741786522,0,0,0,17.738328279090197,58.4480296778529,0.0,1048576,1048576,0,8,4,0.25,2,0.5,0,1,1.0,0.18595995617580352,3,0,3,0.0,2.0,0.5,2.0,3,0.5,0.5,0.0,0.953125,0.046875,0.0,256,1024,0,0.0,577.6585083302853,372.0045999798458,0.0,180.04007483282186,25.61383351761768,0,616.1394359995024,1,-17.46746399585436,2.0136207602482446e-06,1.15221617282512e-06,1.6341219455238533e-06,3.896722626960952e-08,1.0431185282045114e-07,7.618635795694311e-07,5.705101537256708e-06,no_nsga2,nsga2
0,674,674,train,2.504824697971344,0.265625,0.65625,8,64,512,991.1619000049541,49.41636572081235,35.93750678580342,40.150670507283444,53.88669999956619,7.236271403646678,256.08965595790846,263.32592736155516,0.008099988917820156,0.0,12.252923116301126,251.0649042563362,0,8.071327124895427,516.5649359933074,2097152.0,2,0.5,0.5,0.0,0.0,0.0,78.34761717479377,0.0092999980552122,0.0,58.544988475708685,19.79332870102988,0,0,0,16.90170938067391,61.44590779411986,0.0,1048576,1048576,0,8,4,0.25,2,0.5,0,1,1.0,0.2091524583687337,3,3,0,1.0,0.0,0.0,1.0,0,0.5,0.5,0.0,0.947265625,0.052734375,0.0,256,1024,0,0.0,502.0181720555969,168.7196999846492,0.0,180.968451756286,152.33002031466165,0,913.2883650006978,1,-77.87353500425627,9.88327314416247e-07,1.4375002714321368e-05,1.606026820291338e-06,3.618135701823339e-08,1.5365379357474506e-06,7.834761717479378e-07,1.9325552313542573e-05,no_nsga2,nsga2
0,675,675,train,2.5357786417007446,0.21875,0.681640625,8,64,512,948.8642999931471,177.06883934918244,16.90661972625475,40.93698941732927,52.94179999327753,6.100096394061488,149.84453268621485,155.94462908027634,0.007099995855242014,0.0,11.806629371860879,144.1308997125602,0,8.431122942379469,539.591868312286,2097152.0,2,0.5,0.5,0.0,0.0,0.0,76.67229926948987,0.006300004315562546,0.0,56.85652682860197,19.809472436572335,0,0,0,17.754289884287378,58.918009385202495,0.0,1048576,1048576,0,8,4,0.25,2,0.5,0,1,1.0,0.19776865982085054,3,0,3,0.0,2.0,0.5,2.0,3,0.5,0.5,0.0,0.951171875,0.048828125,0.0,256,1024,0,0.0,939.6497939710658,679.996899998514,0.0,173.43200623034127,86.22088774221058,0,1069.340777999605,0,120.47647800645791,3.5413767869836487e-06,6.7626478905019e-06,1.6374795766931711e-06,3.050048197030744e-08,8.990671961172889e-07,7.667229926948988e-07,1.3637794924961215e-05,no_nsga2,nsga2
0,676,676,train,2.4661960005760193,0.275390625,0.669921875,8,64,512,421.7880000069272,70.71185545844098,2.182169334600065,38.52822780213529,37.57820000464562,7.8163050452689475,13.23891236924799,21.05521741451694,0.014800010831095278,0.0,12.28892759730292,8.751489806382923,0,18.966829385945612,1213.8770807005192,2097152.0,2,0.5,0.5,0.0,0.0,0.0,77.24654434557263,0.00650000583846122,0.0,56.40882929466784,20.831215045066322,0,0,0,17.269266943376195,59.97727740219643,0.0,1048576,1048576,0,8,4,0.25,2,0.5,0,1,1.0,0.16091838189257093,3,3,0,1.0,0.0,0.0,1.0,0,0.5,0.5,0.0,0.9580078125,0.0419921875,0.0,256,1024,0,0.0,445.6890103807054,255.56720003078226,0.0,174.43486040143145,15.686949948491655,0,1069.340777999605,0,647.5527779926779,1.4142371091688198e-06,8.728677338400262e-07,1.5411291120854115e-06,3.908152522634474e-08,7.943347421548793e-08,7.724654434557263e-07,4.719214397991817e-06,no_nsga2,nsga2
0,677,677,train,2.381067395210266,0.318359375,0.703125,8,64,512,415.5068000109168,71.50198583890966,2.1083033486120986,38.10819267467835,36.203900002874434,5.544364064555692,12.129564121688055,17.67392818624375,0.006699992809444666,0.0,10.91040033707337,6.756827856360935,0,19.253549511681403,1232.2271687476098,2097152.0,2,0.5,0.5,0.0,0.0,0.0,74.57853956679088,0.006300004315562546,0.0,55.31740912311603,19.25483043935929,0,0,0,17.145596012467415,57.432943554323465,0.0,1048576,1048576,0,8,4,0.25,2,0.5,0,1,1.0,0.241032865595602,3,0,3,0.0,2.0,0.5,2.0,3,0.5,0.5,0.0,0.9453125,0.0546875,0.0,256,1024,0,0.0,446.8739274488004,258.62079999933485,0.0,175.73340962276035,12.519717826705174,0,1069.340777999605,0,653.8339779886883,1.4300397167781932e-06,8.433213394448395e-07,1.524327706987134e-06,2.7721820322778462e-08,7.277738473012833e-08,7.457853956679088e-07,4.643973363930982e-06,no_nsga2,nsga2
0,678,678,train,2.5453497171401978,0.2265625,0.662109375,8,64,512,429.1994000086561,71.93105725701756,2.2638508032597757,38.35667639945444,39.68430000531953,5.844564498995329,13.528677679518239,19.373242178513568,0.006600006599910557,0.0,11.505595054386195,7.861047117527464,0,18.639311612567596,1192.9159432043261,2097152.0,2,0.5,0.5,0.0,0.0,0.0,77.49712693531245,0.006699992809444666,0.0,57.2837973393905,20.20662960311252,0,0,0,18.794289848182082,58.702837087130376,0.0,1048576,1048576,0,8,4,0.25,2,0.5,0,1,1.0,0.2201412464909665,3,3,0,1.0,0.0,0.0,1.0,0,0.5,0.5,0.0,0.95703125,0.04296875,0.0,256,1024,0,0.0,450.2063378389271,260.53409998712596,0.0,176.8980055662246,12.774232285576506,0,1069.340777999605,0,640.141377990949,1.4386211451403513e-06,9.055403213039103e-07,1.534267055978178e-06,2.9222822494976646e-08,8.117206607710943e-08,7.749712693531246e-07,4.7637946803476505e-06,no_nsga2,nsga2
0,679,679,train,2.5181460976600647,0.244140625,0.650390625,8,64,512,419.6399999927962,70.94651681296887,2.1365757495959112,39.05187451883114,35.87669999978971,6.4581181055052586,12.591135893661656,19.049253999166915,0.006600006599910557,0.0,11.806843298773533,7.235810693793472,0,19.06391415552182,1220.0905059533966,2097152.0,2,0.5,0.5,0.0,0.0,0.0,80.32021219127644,0.006300018867477775,0.0,59.8093980232081,20.504514149200865,0,0,0,18.318596813839477,62.00161537743696,0.0,1048576,1048576,0,8,4,0.25,2,0.5,0,1,1.0,0.2091524583687337,3,0,3,0.0,2.0,0.5,2.0,3,0.5,0.5,0.0,0.95703125,0.04296875,0.0,256,1024,0,0.0,448.5398683255836,257.2992999921553,0.0,176.41393968367987,14.826628649748503,0,1069.340777999605,0,649.7007780068088,1.4189303362593774e-06,8.546302998383647e-07,1.5620749807532458e-06,3.22905905275263e-08,7.554681536196993e-08,8.032021219127645e-07,4.746675144653249e-06,no_nsga2,nsga2
0,680,680,train,2.4922932386398315,0.236328125,0.662109375,8,64,512,418.12050000589807,70.32116776099375,2.6439932339254146,38.3643050894245,37.47910000674892,6.583656886258755,16.871244485668605,23.45490137192736,0.006900008884258568,0.0,12.110777507690903,11.337223855352196,0,19.133194537681394,1224.5244504116092,2097152.0,2,0.5,0.0,0.5,0.0,0.0,42.05273836689651,0.007200011168606579,0.0,22.032288051735364,20.013250303992542,0,0,0,16.814902265574162,0.0,25.23783610132235,1048576,0,1048576,8,4,0.25,2,0.5,0,1,1.0,0.19776865982085054,3,3,0,1.0,0.0,0.0,1.0,0,0.5,0.5,0.0,0.947265625,0.052734375,0.0,256,1024,0,0.0,445.31786433737466,252.26670001575258,0.0,177.96193381754836,15.0892305040737,0,1069.340777999605,0,651.220277993707,1.4064233552198753e-06,1.057597293570166e-06,1.5345722035769804e-06,3.291828443129378e-08,1.0122746691401161e-07,4.205273836689652e-07,4.5532659873812915e-06,no_nsga2,nsga2
0,681,681,train,2.4908944368362427,0.228515625,0.650390625,8,64,512,337.8101999987848,55.81206581848441,2.3170687852679968,38.121680730032864,37.996400002157316,6.808077801654655,12.93407335553026,19.742151157184914,0.008100003469735384,0.0,11.725294987471425,8.008756166243755,0,23.68186726795553,1515.6395051491538,2097152.0,2,0.5,0.0,0.5,0.0,0.0,42.24503618564337,0.005699999746866524,0.0,22.461060879276353,19.778275306620152,0,0,0,18.19047010143358,0.0,24.054566084209792,1048576,0,1048576,8,4,0.25,2,0.5,0,1,1.0,0.14759070521249812,3,0,3,0.0,2.0,0.5,2.0,3,0.5,0.5,0.0,0.96875,0.03125,0.0,256,1024,0,0.0,385.003261335141,195.93840000743512,0.0,175.0285896327148,14.03627169499112,0,887.6983169935547,0,549.8881169947699,1.1162413163696883e-06,9.268275141071988e-07,1.5248672292013146e-06,3.4040389008273276e-08,7.760444013318154e-08,4.2245036185643376e-07,4.102031250676089e-06,no_nsga2,nsga2
0,682,682,train,2.528219759464264,0.23828125,0.642578125,8,64,512,145.7693999982439,18.331880569545703,2.17844421740325,39.0990123676897,38.17289999278728,5.858897200314993,12.123345169151568,17.98224236946656,0.007599999662488699,0.0,11.356529760000072,6.618112609804001,0,54.88082628638171,3512.3728823284296,2097152.0,2,0.5,0.5,0.0,0.0,0.0,74.56456456253028,0.006699992809444666,0.0,54.23284194405042,20.325022625670417,0,0,0,17.082548476732335,57.48201608579795,0.0,1048576,1048576,0,8,4,0.25,2,0.5,0,1,1.0,0.241032865595602,3,3,0,1.0,0.0,0.0,1.0,0,0.5,0.5,0.0,0.9482421875,0.0517578125,0.0,256,1024,0,0.0,238.4373486185546,45.65760004334152,0.0,179.78979409110767,12.989954484105438,0,887.6983169935547,0,741.9289169953108,3.6663761139091414e-07,8.713776869612998e-07,1.563960494707588e-06,2.929448600157497e-08,7.27400710149094e-08,7.456456456253029e-07,3.6496559957015895e-06,no_nsga2,nsga2
0,683,683,train,2.475861966609955,0.244140625,0.642578125,8,64,512,181.25660000077914,22.3971655105789,2.3429670330305594,38.290094432736325,38.2370000006631,6.579633429371315,14.781594813275062,21.361228242646376,0.007399998139590025,0.0,12.274112820773976,9.07971542373281,0,44.13608036278541,2824.709143218266,2097152.0,2,0.5,0.5,0.0,0.0,0.0,80.86420300825645,0.007000009645707905,0.0,59.11437978011852,21.742823218492223,0,0,0,18.13906378735063,62.72513922090582,0.0,1048576,1048576,0,8,4,0.25,2,0.5,0,1,1.0,0.18595995617580352,3,0,3,0.0,2.0,0.5,2.0,3,0.5,0.5,0.0,0.9658203125,0.0341796875,0.0,256,1024,0,0.0,252.12090790538315,63.21450002724305,0.0,172.64531368375017,16.261094194389933,0,887.6983169935547,0,706.4417169927756,4.4794331021157805e-07,9.371868132122237e-07,1.531603777309453e-06,3.289816714685658e-08,8.868956887965036e-08,8.086420300825646e-07,3.846963666842326e-06,no_nsga2,nsga2
0,684,684,train,2.436263859272003,0.25390625,0.650390625,8,64,512,405.7239999965532,70.06774835682383,2.216415779032964,38.134111999200066,37.211299990303814,6.197767728784151,11.774685701172231,17.97245342995638,0.007100010407157242,0.0,11.538767799150953,6.426585620398272,0,19.717789143059868,1261.9385051558315,2097152.0,2,0.5,0.5,0.0,0.0,0.0,80.38261485032658,0.005800000508315861,0.0,60.16597747229763,20.210837377520626,0,0,0,16.300938463426398,64.08167638690017,0.0,1048576,1048576,0,8,4,0.25,2,0.5,0,1,1.0,0.18595995617580352,3,3,0,1.0,0.0,0.0,1.0,0,0.5,0.5,0.0,0.9501953125,0.0498046875,0.0,256,1024,0,0.0,441.6731045402274,253.31819998973515,0.0,175.86868679459738,12.486217755894888,0,887.6983169935547,0,481.97431699700155,1.4013549671364768e-06,8.865663116131857e-07,1.5253644799680026e-06,3.0988838643920755e-08,7.064811420703338e-08,8.038261485032657e-07,4.718748860071884e-06,no_nsga2,nsga2
0,685,685,train,2.332994759082794,0.33203125,0.689453125,8,64,512,405.54370000609197,65.01096234894976,2.1375776227526497,38.22249825816983,38.136500006658025,6.248421462831919,12.619539318013581,18.8679607808455,0.006999995093792677,0.0,11.943636256151713,6.917324529599996,0,19.726555420104926,1262.4995468867153,2097152.0,2,0.0,0.5,0.5,0.0,0.0,83.58843053755525,0.006799993570894003,0.0,63.118144680591186,20.463485863393167,0,0,0,0.0,56.67247026184148,26.915960275713772,0,1048576,1048576,8,4,0.25,2,0.5,0,1,1.0,0.2201412464909665,3,0,3,0.0,2.0,0.5,2.0,3,0.5,0.5,0.0,0.947265625,0.052734375,0.0,256,1024,0,0.0,421.4841529194889,233.09340000560042,0.0,175.45150189591334,12.939251017975183,0,887.6983169935547,0,482.15461698746276,1.3002192469789952e-06,8.5503104910106e-07,1.5288999303267932e-06,3.12421073141596e-08,7.571723590808148e-08,8.358843053755526e-07,4.626993875004642e-06,no_nsga2,nsga2
0,686,686,train,2.3650299310684204,0.279296875,0.673828125,8,64,512,416.73169999558013,71.33231255169134,2.257678690190116,38.798880160435466,37.292200009687804,6.108651243658393,13.450398995925024,19.559050239583417,0.007700000423938036,0.0,12.161035207830189,7.39031503132929,0,19.196957666352674,1228.6052906465711,2097152.0,2,0.5,0.5,0.0,0.0,0.0,75.23499792659538,0.006100017344579101,0.0,55.925062321177954,19.30383558807285,0,0,0,17.371203701110744,57.86379422548464,0.0,1048576,1048576,0,8,4,0.25,2,0.5,0,1,1.0,0.17369070345169255,3,3,0,1.0,0.0,0.0,1.0,0,0.5,0.5,0.0,0.943359375,0.056640625,0.0,256,1024,0,0.0,449.55548560926775,257.88189997547306,0.0,177.9338932065187,13.739692427275969,0,887.6983169935547,0,470.9666169979746,1.426646251033827e-06,9.030714760760465e-07,1.5519552064174187e-06,3.054325621829197e-08,8.070239397555013e-08,7.523499792659539e-07,4.7452685629870875e-06,no_nsga2,nsga2
0,687,687,train,2.4689478874206543,0.263671875,0.662109375,8,64,512,443.55550000909716,74.40825010819661,2.2147566588349026,38.86173506461781,37.37160000309814,6.912059294773023,12.348891084497325,19.260950379270348,0.007499998901039362,0.0,11.702921259494431,7.550529120874877,0,18.036033740540212,1154.3061593945736,2097152.0,2,0.5,0.5,0.0,0.0,0.0,75.25776947921881,0.006000002031214535,0.0,55.2024218746689,20.049347602518694,0,0,0,17.94014136054331,57.3176281186755,0.0,1048576,1048576,0,8,4,0.25,2,0.5,0,1,1.0,0.13364216641330787,3,0,3,0.0,2.0,0.5,2.0,3,0.5,0.5,0.0,0.94921875,0.05078125,0.0,256,1024,0,0.0,461.9389673265973,269.86059999035206,0.0,177.18851101283502,14.889856323410228,0,887.6983169935547,0,444.14281698445757,1.4881650021639323e-06,8.85902663533961e-07,1.5544694025847126e-06,3.456029647386512e-08,7.409334650698395e-08,7.525776947921882e-07,4.7897684060556435e-06,no_nsga2,nsga2
0,688,688,train,2.4182037711143494,0.298828125,0.65625,8,64,512,290.5417000001762,46.912926702850946,2.1359058898647367,37.97913185203058,37.15299999748822,6.148947559228534,12.082390509525073,18.231338068753608,0.006599992047995329,0.0,11.667671092350236,6.557066984355377,0,27.53467906781051,1762.2194603398727,2097152.0,2,0.5,0.5,0.0,0.0,0.0,78.89248146780264,0.005800000508315861,0.0,60.59399448808525,18.292686979209066,0,0,0,17.25754759811003,61.6349338696926,0.0,1048576,1048576,0,8,4,0.25,2,0.5,0,1,1.0,0.19776865982085054,3,3,0,1.0,0.0,0.0,1.0,0,0.5,0.5,0.0,0.94140625,0.05859375,0.0,256,1024,0,0.0,348.11185777898504,159.842299981392,0.0,175.89973726114,12.36982053645308,0,887.6983169935547,0,597.1566169933785,9.382585340570191e-07,8.54362355945895e-07,1.5191652740812233e-06,3.074473779614267e-08,7.249434305715043e-08,7.889248146780264e-07,4.203950059615457e-06,no_nsga2,nsga2
0,689,689,train,2.493204712867737,0.265625,0.666015625,8,64,512,168.046199993114,22.268113748652482,2.1836685748960285,38.788887439891525,37.63510000135284,6.394821978059339,13.135112718556734,19.529934696616074,0.006900008884258568,0.0,12.300772326084655,7.222262361647158,0,47.605672693908694,3046.7630524101564,2097152.0,2,0.5,0.0,0.5,0.0,0.0,45.094208936067886,0.005900001269765198,0.0,24.739234820973564,20.34907411382456,0,0,0,18.93912027919209,0.0,26.1550886568758,1048576,0,1048576,8,4,0.25,2,0.5,0,1,1.0,0.19776865982085054,3,0,3,0.0,2.0,0.5,2.0,3,0.5,0.5,0.0,0.951171875,0.048828125,0.0,256,1024,0,0.0,252.96267905376016,62.278700061142445,0.0,176.43242782116033,14.251551171457358,0,887.6983169935547,0,719.6521170004407,4.453622749730497e-07,8.734674299584114e-07,1.5515554975956614e-06,3.1974109890296694e-08,7.88106763113404e-08,4.509420893606789e-07,3.4321120780894383e-06,no_nsga2,nsga2
0,690,690,train,2.554858982563019,0.228515625,0.6484375,8,64,512,350.3253999951994,61.18586326742593,2.2960181383260005,38.78346760612507,44.807300000684336,7.0909417737650084,14.550313990560703,21.641255764325713,0.0070999813033267856,0.0,12.560391779068791,9.073764003953592,0,22.835846799183923,1461.494195147771,2097152.0,2,0.5,0.5,0.0,0.0,0.0,75.47735140373211,0.006400005077011883,0.0,55.14341381447914,20.327537584175957,0,0,0,18.028593836818196,57.44875756691391,0.0,1048576,1048576,0,8,4,0.25,2,0.5,0,1,1.0,0.2201412464909665,3,3,0,1.0,0.0,0.0,1.0,0,0.5,0.5,0.0,0.947265625,0.052734375,0.0,256,1024,0,0.0,409.061396047508,217.18259998306166,0.0,176.86565501740975,15.013141047036594,0,887.6983169935547,0,537.3729169983553,1.223717265348519e-06,9.184072553304002e-07,1.551338704245003e-06,3.545470886882505e-08,8.730188394336421e-08,7.547735140373211e-07,4.570993331773433e-06,no_nsga2,nsga2
0,691,691,train,2.5894473791122437,0.21875,0.662109375,8,64,512,445.26770000811666,75.06609213391332,2.264209676729341,39.174597147403645,39.53699998965021,6.051610944723959,15.069421630826458,21.121032575550416,0.007199996616691351,0.0,12.313607606369267,8.80022497256446,0,17.966679445139913,1149.8674844889545,2097152.0,2,0.5,0.5,0.0,0.0,0.0,74.53814809217472,0.006200003554113209,0.0,55.994389017389054,18.537559071231563,0,0,0,16.375284003558317,58.16286408861641,0.0,1048576,1048576,0,8,4,0.25,2,0.5,0,1,1.0,0.25097720212391433,3,0,3,0.0,2.0,0.5,2.0,3,0.5,0.5,0.0,0.9443359375,0.0556640625,0.0,256,1024,0,0.0,466.01959583218525,272.4481999903219,0.0,177.37261355132947,16.198782290533916,0,887.6983169935547,0,442.43061698543806,1.5013218426782665e-06,9.056838706917364e-07,1.5669838858961461e-06,3.025805472361979e-08,9.041652978495874e-08,7.453814809217473e-07,4.840045664696475e-06,no_nsga2,nsga2
0,692,692,train,2.431749939918518,0.26171875,0.646484375,8,64,512,373.87609999859706,55.12535084715376,2.8629287096113423,38.009935622407255,71.24789999215864,5.929249334410742,16.837072261688864,22.766321596099605,0.009000010322779417,0.0,11.028665801085825,11.728655784691,0,21.397405725116677,1369.4339664074673,2097152.0,2,0.5,0.5,0.0,0.0,0.0,76.43692906224553,0.00890000956133008,0.0,55.87404627761823,20.553982775065972,0,0,0,18.76524428583992,57.67168477640561,0.0,1048576,1048576,0,8,4,0.25,2,0.5,0,1,1.0,0.2201412464909665,3,3,0,1.0,0.0,0.0,1.0,0,0.5,0.5,0.0,0.955078125,0.044921875,0.0,256,1024,0,0.0,383.9928607166894,193.65219995961525,0.0,174.9313611463137,15.4092996107605,0,887.6983169935547,0,513.8222169949577,1.1025070169430753e-06,1.1451714838445368e-06,1.52039742489629e-06,2.9646246672053713e-08,1.0102243357013316e-07,7.643692906224553e-07,4.663113896548545e-06,no_nsga2,nsga2
0,693,693,train,2.5428375601768494,0.24609375,0.6484375,8,64,512,4625.952799993684,518.9111541008915,105.05186357480184,148.08835973002894,51.766599994152784,7.033700833232126,854.3773331046517,861.4110339378839,0.007100010407157242,0.0,12.43925362978468,848.964680297692,0,1.7293730862618912,110.67987752076104,2097152.0,2,0.0,0.5,0.5,0.0,0.0,82.84382477508777,0.005999987479299307,0.0,62.55522285197749,20.282601935630993,0,0,0,0.0,56.545401477233085,26.29842329785469,0,1048576,1048576,8,4,0.25,2,0.5,0,1,1.0,0.18595995617580352,3,0,3,0.0,2.0,0.5,2.0,3,0.5,0.5,0.0,0.953125,0.046875,0.0,256,1024,0,0.0,3088.2055096228887,2049.004899978172,0.0,178.9400949177381,860.2605147269787,0,1069.340777999605,1,-3556.6120219940785,1.0378223082017829e-05,4.2020745429920726e-05,5.923534389201158e-06,3.516850416616063e-08,5.126263998627909e-06,8.284382477508779e-07,6.431237365168467e-05,no_nsga2,nsga2
0,694,694,train,2.628148317337036,0.2265625,0.6171875,8,64,512,420.1867000083439,73.02821738378711,2.24733456529583,38.900200807954214,39.70199999457691,5.847976495276395,13.709737490809452,19.557713986085847,0.006699992809444666,0.0,12.312094756288472,7.23891923698793,0,19.039110378150383,1218.5030642016245,2097152.0,2,0.5,0.5,0.0,0.0,0.0,74.0464327908532,0.006900023436173797,0.0,53.84670769258016,20.192825074836875,0,0,0,16.965981803061016,57.08045098779219,0.0,1048576,1048576,0,8,4,0.25,2,0.5,0,1,1.0,0.2307606527190679,3,3,0,1.0,0.0,0.0,1.0,0,0.5,0.5,0.0,0.943359375,0.056640625,0.0,256,1024,0,0.0,456.7030110281486,264.96529998257756,0.0,177.3691708014693,14.368540244101727,0,1069.340777999605,0,649.1540779912611,1.4605643476757421e-06,8.989338261183321e-07,1.5560080323181688e-06,2.9239882476381978e-08,8.22584249448567e-08,7.404643279085321e-07,4.767468841442014e-06,no_nsga2,nsga2
0,695,695,train,2.420967698097229,0.279296875,0.681640625,8,64,512,179.27869998675305,22.11711805843431,2.203273998364863,39.135864061734225,37.997099992935546,6.408957878975145,12.344851498223761,18.753809377198905,0.007700000423938036,0.0,11.52960559624758,7.216503780527388,0,44.62301086286467,2855.8726952233387,2097152.0,2,0.0,0.5,0.5,0.0,0.0,82.55253132237367,0.006499991286545992,0.0,63.89335227613131,18.652679054955808,0,0,0,0.0,57.212537835735304,25.339993486638363,0,1048576,1048576,8,4,0.25,2,0.5,0,1,1.0,0.2091524583687337,3,0,3,0.0,2.0,0.5,2.0,3,0.5,0.5,0.0,0.955078125,0.044921875,0.0,256,1024,0,0.0,253.82502447413358,61.70139997266233,0.0,178.1375219769639,13.986102524507366,0,1069.340777999605,0,890.062078012852,4.423423611686862e-07,8.813095993459451e-07,1.5654345624693692e-06,3.204478939487573e-08,7.406910898934256e-08,8.255253132237368e-07,3.820725734591956e-06,no_nsga2,nsga2
0,696,696,train,2.7007789611816406,0.240234375,0.599609375,8,64,512,417.65259999374393,70.86375345661074,2.1504962433162333,38.59969012685039,39.89200000069104,6.122813115192742,12.696501276399704,18.819314391592446,0.007499998901039362,0.0,12.522666337308042,6.289148055383365,0,19.154629578482822,1225.8962930229006,2097152.0,2,0.5,0.5,0.0,0.0,0.0,74.45247039371705,0.006000002031214535,0.0,54.81405194575262,19.632418445933208,0,0,0,17.38572657902222,57.066743814694824,0.0,1048576,1048576,0,8,4,0.25,2,0.5,0,1,1.0,0.20915249756217386,3,3,0,1.0,0.0,0.0,1.0,0,0.5,0.5,0.0,0.9521484375,0.0478515625,0.0,256,1024,0,0.0,446.4557593071095,256.46549998782575,0.0,177.27845975234166,12.71179956694209,0,1069.340777999605,0,651.6881780058611,1.4172750691322151e-06,8.601984973264933e-07,1.543987605074016e-06,3.061406557596371e-08,7.617900765839822e-08,7.445247039371706e-07,4.672778948704256e-06,no_nsga2,nsga2
0,697,697,train,2.6373863220214844,0.22265625,0.6328125,8,64,512,336.3727999967523,53.93548790041848,2.266199514063355,39.12628925800177,41.8675999972038,6.652117013300927,13.748389597720589,20.400506611021516,0.007800015737302601,0.0,12.685655606565716,7.707050988718499,0,23.78306514977457,1522.1161695855724,2097152.0,2,0.5,0.5,0.0,0.0,0.0,79.56005517336422,0.00589998671784997,0.0,58.306125791727816,21.248029394918557,0,0,0,18.812666979961804,60.747388193402415,0.0,1048576,1048576,0,8,4,0.25,2,0.5,0,1,1.0,0.2091524583687337,3,0,3,0.0,2.0,0.5,2.0,3,0.5,0.5,0.0,0.9443359375,0.0556640625,0.0,256,1024,0,0.0,381.31190668993446,188.85740003315732,0.0,179.18017754403948,13.274329112737647,0,1069.340777999605,0,732.9679780028528,1.0787097580083697e-06,9.064798056253418e-07,1.565051570320071e-06,3.326058506650464e-08,8.249033758632352e-08,7.956005517336423e-07,4.461592608340252e-06,no_nsga2,nsga2
0,698,698,train,2.509667754173279,0.271484375,0.66015625,8,64,512,332.2775999986334,53.25153408909118,2.1946656038125374,38.19396949560111,38.413399990531616,6.0906083483218785,12.9191488681369,19.00975721645878,0.007299997378140688,0.0,11.171284028719969,7.831173190360669,0,24.076181854723426,1540.8756387022993,2097152.0,2,0.5,0.5,0.0,0.0,0.0,75.94645357981258,0.006200003554113209,0.0,56.46335462448356,19.47689895177491,0,0,0,18.128376370556367,57.81807720925621,0.0,1048576,1048576,0,8,4,0.25,2,0.5,0,1,1.0,0.241032865595602,3,3,0,1.0,0.0,0.0,1.0,0,0.5,0.5,0.0,0.947265625,0.052734375,0.0,256,1024,0,0.0,374.5606767540193,185.51740000839345,0.0,174.04002064579709,15.00325609982875,0,1069.340777999605,0,737.0631780009717,1.0650306817818239e-06,8.77866241525015e-07,1.5277587798240446e-06,3.045304174160939e-08,7.75148932088214e-08,7.594645357981258e-07,4.33808817387944e-06,no_nsga2,nsga2
0,699,699,train,2.6349762082099915,0.234375,0.626953125,8,64,512,464.11909999733325,78.44131036634043,2.5216580329450053,38.53955216048293,35.690300006535836,6.327583461590626,15.3419504751724,21.669533936763024,0.006900008884258568,0.0,12.092077445039596,9.57055648283917,0,17.236917772029194,1103.1627374098684,2097152.0,2,0.5,0.5,0.0,0.0,0.0,77.17509944036769,0.006000002031214535,0.0,57.987343993928775,19.181755444407692,0,0,0,18.36710718863644,58.80799225173125,0.0,1048576,1048576,0,8,4,0.25,2,0.5,0,1,1.0,0.25097720212391433,3,0,3,0.0,2.0,0.5,2.0,3,0.5,0.5,0.0,0.951171875,0.048828125,0.0,256,1024,0,0.0,478.0100822390734,284.4868999818573,0.0,177.98632393618607,15.536858321030099,0,1069.340777999605,0,605.2216780022718,1.568826207326809e-06,1.0086632131780023e-06,1.5415820864193171e-06,3.1637917307953133e-08,9.205170285103438e-08,7.717509944036769e-07,5.014512121486793e-06,no_nsga2,nsga2
0,700,700,val,2.716880738735199,0.248046875,0.611328125,8,64,512,324.75800000247546,50.39553778209334,2.259951652132796,103.49175681810394,0.0,0.0,0.0,0.0,0.0,0.0,0.0,0.0,0,24.633651415169467,1576.553690570846,0.0,0,0.0,0.0,0.0,0.0,0.0,0.0,0.0,0.0,0.0,0.0,0,0,0,0.0,0.0,0.0,0,0,0,8,4,0.25,2,0.5,2,1,1.0,0.18595995617580352,0,0,0,0.0,0.0,0.0,0.0,0,0.5,0.5,0.0,0.9580078125,0.0419921875,0.0,256,1024,0,0.0,624.5889850093204,174.86920004012063,250.0,185.4533287139808,14.266456255218882,0,1069.340777999605,0,744.5827779971296,1.0079107556418668e-06,9.039806608531183e-07,4.139670272724157e-06,0.0,0.0,0.0,6.051561689219143e-06,no_nsga2,nsga2
0,700,700,train,2.541853129863739,0.251953125,0.650390625,8,64,512,282.1243999933358,44.279955929243336,2.121793055537259,40.87787517510354,37.863000005017966,5.862251747525355,13.567538027165398,19.429789774690754,0.00689999433234334,0.0,12.233264563973309,7.189625216385101,0,28.356184874488335,1814.7958319672534,2097152.0,2,0.5,0.0,0.5,0.0,0.0,44.147106594418496,0.005699999746866524,0.0,24.46679834661578,19.674608248055854,0,0,0,17.65509966306766,0.0,26.492006931350836,1048576,0,1048576,8,4,0.25,2,0.5,0,1,1.0,0.16091838189257093,3,3,0,1.0,0.0,0.0,1.0,0,0.5,0.5,0.0,0.9462890625,0.0537109375,0.0,256,1024,0,0.0,349.11849663953654,150.32169998448808,0.0,186.6063434678092,12.190453187239267,0,1069.340777999605,0,787.2163780062692,8.855991185848668e-07,8.487172222149037e-07,1.6351150070041417e-06,2.9311258737626777e-08,8.140522816299238e-08,4.4147106594418497e-07,3.9216189006487165e-06,no_nsga2,nsga2
0,701,701,train,2.6695538759231567,0.2421875,0.623046875,8,64,512,355.6200000020908,56.50220266110868,2.193598764519617,40.78060720500825,34.82400000211783,5.605349968829373,12.259655940111077,17.86500590894045,0.006700007361359894,0.0,11.283779498377054,6.574526403202036,0,22.495859355755048,1439.734998768323,2097152.0,2,0.5,0.5,0.0,0.0,0.0,83.91136642367493,0.009199997293762863,0.0,62.947839268793615,20.954327157587564,0,0,0,17.41644727306998,66.49491915060496,0.0,1048576,1048576,0,8,4,0.25,2,0.5,0,1,1.0,0.19776865982085054,3,0,3,0.0,2.0,0.5,2.0,3,0.5,0.5,0.0,0.9501953125,0.0498046875,0.0,256,1024,0,0.0,397.90563452254617,199.43609995243605,0.0,186.24513905478332,12.224395515326822,0,1069.340777999605,0,713.7207779975142,1.130044053222174e-06,8.774395058078468e-07,1.6312242882003304e-06,2.8026749844146864e-08,7.355793564066645e-08,8.391136642367495e-07,4.579406196951914e-06,no_nsga2,nsga2
0,702,702,train,2.646998405456543,0.25,0.640625,8,64,512,196.48420000157785,26.92338594230781,2.049040904688968,41.40537731265126,35.522299993317574,6.536183229023206,12.950452371639315,19.48663560066252,0.006499991286545992,0.0,12.716714556281456,6.763421053094518,0,40.715534808401635,2605.7942277377047,2097152.0,2,0.5,0.5,0.0,0.0,0.0,79.12622628841518,0.005500012775883079,0.0,59.54654439175921,19.574181883880073,0,0,0,17.37872199270837,61.747504295706804,0.0,1048576,1048576,0,8,4,0.25,2,0.5,0,1,1.0,0.19776869931901056,3,3,0,1.0,0.0,0.0,1.0,0,0.5,0.5,0.0,0.9541015625,0.0458984375,0.0,256,1024,0,0.0,281.51121663859215,80.65480001096148,0.0,187.68804766503126,13.168368962599411,0,1069.340777999605,0,872.8565779980272,5.384677188461563e-07,8.196163618755872e-07,1.6562150925060505e-06,3.2680916145116033e-08,7.770271422983589e-08,7.912622628841518e-07,3.915945066486898e-06,no_nsga2,nsga2
0,703,703,train,2.5477010011672974,0.248046875,0.62890625,8,64,512,289.4132999936119,48.695406736550964,2.23164507395233,41.89532251441673,35.860799995134585,6.167161358194982,11.77456608877773,17.941727446972713,0.006400005077011883,0.0,10.66364411243585,7.271683329459849,0,27.64203427465948,1769.0901935782067,2097152.0,2,0.5,0.5,0.0,0.0,0.0,79.64356782706307,0.006499991286545992,0.0,58.26467586685578,21.37239196892073,0,0,0,18.427846981900196,61.21572084516286,0.0,1048576,1048576,0,8,4,0.25,2,0.5,0,1,1.0,0.20915249756217386,3,0,3,0.0,2.0,0.5,2.0,3,0.5,0.5,0.0,0.943359375,0.056640625,0.0,256,1024,0,0.0,371.2894972996801,166.88520000025164,0.0,189.53232732155075,14.871969977877715,0,803.8018559945325,0,514.3885560009206,9.739081347310193e-07,8.926580295809321e-07,1.6758129005766697e-06,3.0835806790974914e-08,7.064739653266637e-08,7.964356782706307e-07,4.440297946482893e-06,no_nsga2,nsga2
0,704,704,train,2.6441240906715393,0.18359375,0.615234375,8,64,512,323.0076000036206,51.76647622821538,2.2697339074627223,41.395522489136326,36.38869999849703,6.3082433673959075,14.318323334934883,20.62656670233079,0.008000002708286047,0.0,12.412540322942926,8.206026376679578,0,24.76714242255571,1585.0971150435655,2097152.0,2,0.0,0.5,0.5,0.0,0.0,89.04888504687,0.006000002031214535,0.0,69.23618751445875,19.806697530380035,0,0,0,0.0,63.66937649011704,25.379508556752956,0,1048576,1048576,8,4,0.25,2,0.5,0,1,1.0,0.19776865982085054,3,3,0,1.0,0.0,0.0,1.0,0,0.5,0.5,0.0,0.9541015625,0.0458984375,0.0,256,1024,0,0.0,381.7269304992577,178.5169999639038,0.0,190.050593216283,13.159337319070948,0,501.19956700240436,0,178.19196699878376,1.0353295245643078e-06,9.07893562985089e-07,1.655820899565453e-06,3.154121683697954e-08,8.590994000960928e-08,8.904888504687002e-07,4.606983994430139e-06,no_nsga2,nsga2
0,705,705,train,2.631758749485016,0.19140625,0.625,8,64,512,404.3357000045944,67.60343188584234,2.1748408112405158,41.7537937182263,48.235800000838935,6.123316051584074,12.475865364385182,18.599181415969255,0.006699992809444666,0.0,11.901818435271267,6.690662987888545,0,19.785490656448196,1266.2714020126846,2097152.0,2,0.5,0.5,0.0,0.0,0.0,77.63234202881901,0.006799993570894003,0.0,57.798102910154455,19.827439125093658,0,0,0,17.488593153494847,60.143748875324164,0.0,1048576,1048576,0,8,4,0.25,2,0.5,0,1,1.0,0.2307606527190679,3,0,3,0.0,2.0,0.5,2.0,3,0.5,0.5,0.0,0.947265625,0.052734375,0.0,256,1024,0,0.0,446.1282656612366,243.83900001703296,0.0,188.9189968224347,13.370268821768938,0,501.19956700240436,0,96.86386699780996,1.352068637716847e-06,8.699363244962063e-07,1.6701517487290518e-06,3.0616580257920375e-08,7.485519218631109e-08,7.763234202881902e-07,4.773951903674526e-06,no_nsga2,nsga2
0,706,706,train,2.454818546772003,0.27734375,0.671875,8,64,512,285.50900000846013,48.11757831846037,2.1127491055629717,40.297517098590205,36.12340000108816,7.982481416061589,12.053695304803345,20.036176720864933,0.006700007361359894,0.0,11.906355859082755,8.123120854420819,0,28.02003432371177,1793.2821967175532,2097152.0,2,0.0,0.5,0.5,0.0,0.0,85.16717870952405,0.009200011845678091,0.0,66.70944378850285,18.448534909175528,0,0,0,0.0,60.58996801680844,24.577210692715617,0,1048576,1048576,8,4,0.25,2,0.5,0,1,1.0,0.2790043706260659,3,3,0,1.0,0.0,0.0,1.0,0,0.5,0.5,0.0,0.9453125,0.0546875,0.0,256,1024,0,0.0,362.1113780904542,160.84189996763598,0.0,185.82753874771853,15.441939375099679,0,501.19956700240436,0,215.69056699394423,9.623515663692074e-07,8.450996422251885e-07,1.6119006839436083e-06,3.991240708030795e-08,7.232217182882006e-08,8.516717870952407e-07,4.383258258542373e-06,no_nsga2,nsga2
0,707,707,train,2.5291978120803833,0.2421875,0.66796875,8,64,512,291.5387999964878,50.38616250797921,2.2232522500950753,41.244063555419466,36.354099996970035,6.251693885491937,12.933498039410747,19.185191924902682,0.006900008884258568,0.0,11.966801030632691,7.211490885385734,0,27.440507265547886,1756.1924649950647,2097152.0,2,0.5,0.5,0.0,0.0,0.0,78.37635367311066,0.006000002031214535,0.0,59.93769241810482,18.432661252974622,0,0,0,16.414956475708195,61.96139719740246,0.0,1048576,1048576,0,8,4,0.25,2,0.5,0,1,1.0,0.2201412464909665,3,0,3,0.0,2.0,0.5,2.0,3,0.5,0.5,0.0,0.9501953125,0.0498046875,0.0,256,1024,0,0.0,375.413913253975,174.08260006050114,0.0,186.86394602764338,14.46736716583052,0,501.19956700240436,0,209.66076700591657,1.0077232501595844e-06,8.893009000380303e-07,1.649762542216779e-06,3.1258469427459685e-08,7.760098823646447e-08,7.837635367311066e-07,4.439409686809425e-06,no_nsga2,nsga2
0,708,708,train,2.651278853416443,0.240234375,0.611328125,8,64,512,338.0567999993218,56.25118454534742,2.1609233641348347,41.276392900660426,37.18579999986105,5.855468352357511,12.92058127283947,18.776049625196983,0.006100002792663872,0.0,11.668756782308346,7.101192840095971,0,23.664592267996923,1514.533905151803,2097152.0,2,0.5,0.5,0.0,0.0,0.0,78.93156842385505,0.006100002792663872,0.0,58.160085995152265,20.765382425910136,0,0,0,17.9555158276956,60.97605259615946,0.0,1048576,1048576,0,8,4,0.25,2,0.5,0,1,1.0,0.18595995617580352,3,3,0,1.0,0.0,0.0,1.0,0,0.5,0.5,0.0,0.9501953125,0.0498046875,0.0,256,1024,0,0.0,398.7540032405707,196.7910999956075,0.0,189.19847190551593,12.764431339447334,0,501.19956700240436,0,163.14276700308255,1.1250236909069487e-06,8.643693456539338e-07,1.6510557160264173e-06,2.927734176178756e-08,7.752348763703681e-08,7.893156842385507e-07,4.536565266224675e-06,no_nsga2,nsga2
0,709,709,train,2.564714729785919,0.228515625,0.6328125,8,64,512,340.5717999994522,55.85417618847486,2.255672270882055,40.78000833438471,36.36489999189507,6.779367764717627,11.956421401126192,18.73578916584382,0.007099995855242014,0.0,11.778565986891863,6.950123183096714,0,23.489838295990957,1503.3496509434212,2097152.0,2,0.5,0.5,0.0,0.0,0.0,79.76520045204794,0.005900001269765198,0.0,59.93070558127188,19.828594869506297,0,0,0,17.718194698823318,62.047005753224624,0.0,1048576,1048576,0,8,4,0.25,2,0.5,0,1,1.0,0.2201412464909665,3,0,3,0.0,2.0,0.5,2.0,3,0.5,0.5,0.0,0.943359375,0.056640625,0.0,256,1024,0,0.0,395.55942717496646,195.1254999730736,0.0,186.6215908862221,13.812336315670773,0,501.19956700240436,0,160.62776700295217,1.1170835237694972e-06,9.022689083528219e-07,1.631200333375388e-06,3.389683882358814e-08,7.173852840675715e-08,7.976520045204795e-07,4.553840137248532e-06,no_nsga2,nsga2
0,710,710,train,2.4920254349708557,0.263671875,0.64453125,8,64,512,408.3781999943312,71.20377984013949,2.1334472073435857,41.84903070375657,37.16310000163503,6.773634261448942,12.448611513593741,19.222245775042683,0.007199996616691351,0.0,12.45737499922794,6.757670779198053,0,19.589636299084404,1253.7367231414019,2097152.0,2,0.5,0.5,0.0,0.0,0.0,79.92380176874413,0.006299989763647318,0.0,59.91501023445763,20.002491544522844,0,0,0,19.108152799151398,60.81564896959273,0.0,1048576,1048576,0,8,4,0.25,2,0.5,0,1,1.0,0.17369072493825644,3,3,0,1.0,0.0,0.0,1.0,0,0.5,0.5,0.0,0.9599609375,0.0400390625,0.0,256,1024,0,0.0,460.74503100495855,256.70369998260867,0.0,189.31504181139826,14.726289210951663,0,501.19956700240436,0,92.82136700807314,1.42407559680279e-06,8.533788829374343e-07,1.6739612281502632e-06,3.386817130724471e-08,7.469166908156244e-08,7.992380176874413e-07,4.859213565966736e-06,no_nsga2,nsga2
0,711,711,train,2.503994882106781,0.265625,0.650390625,8,64,512,407.90360000391956,63.504189657457495,2.731942396021938,44.6443656420922,73.5430000058841,5.868309437402372,17.673078596838444,23.541388034240818,0.007199996616691351,0.0,11.947840986996615,11.586347050627511,0,19.61242898443197,1255.195455003646,2097152.0,2,0.5,0.5,0.0,0.0,0.0,85.81761047428625,0.015199999324977398,0.0,64.13398892614153,21.668421548819737,0,0,0,19.12260255057631,66.69500792370994,0.0,1048576,1048576,0,8,4,0.25,2,0.5,0,1,1.0,0.2307606527190679,3,0,3,0.0,2.0,0.5,2.0,3,0.5,0.5,0.0,0.947265625,0.052734375,0.0,256,1024,0,0.0,443.52199078228654,224.53340004722122,0.0,185.7691593754172,33.21943135964812,0,501.19956700240436,0,93.2959669984848,1.2700837931491501e-06,1.0927769584087751e-06,1.7857746256836878e-06,2.9341547187011865e-08,1.0603847158103066e-07,8.581761047428625e-07,5.142191500752518e-06,no_nsga2,nsga2
0,712,712,train,2.510426640510559,0.26953125,0.646484375,8,64,512,3637.029599995003,213.18584792834397,4.049039798231839,381.1775212170339,60.0447000033455,6.796151749822978,26.204668440830574,33.00082019065355,0.008100003469735384,0.0,11.836191566314378,21.156528620869437,0,2.1995965609997867,140.77417990398635,2097152.0,2,0.5,0.5,0.0,0.0,0.0,77.59549621596696,0.006399990525096655,0.0,58.12567519178898,19.463421033652885,0,0,0,17.429692277849945,60.16580393811702,0.0,1048576,1048576,0,8,4,0.25,2,0.5,0,1,1.0,0.16091838189257093,3,3,0,1.0,0.0,0.0,1.0,0,0.5,0.5,0.0,0.9580078125,0.0419921875,0.0,256,1024,0,0.0,2393.649635774439,825.5956000066362,0.0,188.08928533864878,1379.9647504291538,0,2430.141862495647,1,-1206.8877374993563,4.26371695856688e-06,1.619615919292736e-06,1.5247100848681356e-05,3.3980758749114894e-08,1.5722801064498342e-07,7.759549621596697e-07,2.209759745809474e-05,no_nsga2,nsga2
0,713,713,train,2.467622995376587,0.244140625,0.6484375,8,64,512,343.44330000749324,58.95100280378936,2.4054173516439135,41.818510617784526,37.51800001191441,7.030947149233523,14.628399352942118,21.65934650217564,0.006400005077011883,0.0,13.079633181051122,8.573313316047507,0,23.293442342253044,1490.7803099041948,2097152.0,2,0.0,0.5,0.5,0.0,0.0,83.15575262634208,0.005699985194951296,0.0,63.37055824665414,19.77949439449298,0,0,0,0.0,58.85187830756645,24.303874318775623,0,1048576,1048576,8,4,0.25,2,0.5,0,1,1.0,0.2201412464909665,3,0,3,0.0,2.0,0.5,2.0,3,0.5,0.5,0.0,0.93359375,0.06640625,0.0,256,1024,0,0.0,412.6997230928712,209.09489998302888,0.0,188.32092754537922,15.283895564463112,0,2430.141862495647,0,2086.6985624881536,1.1790200560757874e-06,9.621669406575655e-07,1.6727404247113808e-06,3.515473574616761e-08,8.77703961176527e-08,8.315575262634209e-07,4.768410079571975e-06,no_nsga2,nsga2
0,714,714,train,2.5416932106018066,0.234375,0.666015625,8,64,512,361.1310999986017,61.70108718811588,2.126708910802125,41.59847764751847,37.62930000084452,6.449549829646191,13.0060705376598,19.45562036730599,0.007299997378140688,0.0,11.850587118887425,7.597733251040426,0,22.1525585790656,1417.7637490601985,2097152.0,2,0.5,0.5,0.0,0.0,0.0,78.16982762002243,0.006100017344579101,0.0,58.43732573048338,19.726401872194476,0,0,0,17.14443627015862,61.02539134986381,0.0,1048576,1048576,0,8,4,0.25,2,0.5,0,1,1.0,0.18595995617580352,3,3,0,1.0,0.0,0.0,1.0,0,0.5,0.5,0.0,0.9501953125,0.0498046875,0.0,256,1024,0,0.0,421.70509498574586,219.1540000058012,0.0,188.6532169204288,13.89787805951589,0,2430.141862495647,0,2069.010762497045,1.2340217437623177e-06,8.506835643208501e-07,1.6639391059007388e-06,3.224774914823096e-08,7.80364232259588e-08,7.816982762002244e-07,4.640626862558321e-06,no_nsga2,nsga2
0,715,715,train,2.5566638708114624,0.275390625,0.642578125,8,64,512,395.9156999917468,65.98851353372788,2.181539153313803,41.857579571666456,35.91069999674801,5.679659243891034,12.24172912381196,17.921388367702992,0.00650000583846122,0.0,11.68843801909773,6.226450342766802,0,20.206270662911585,1293.2013224263414,2097152.0,2,0.5,0.5,0.0,0.0,0.0,81.77402100539537,0.005699999746866524,0.0,61.520773055304005,20.247547950344494,0,0,0,17.19317439497607,64.5808466104193,0.0,1048576,1048576,0,8,4,0.25,2,0.5,0,1,1.0,0.18595995617580352,3,0,3,0.0,2.0,0.5,2.0,3,0.5,0.5,0.0,0.939453125,0.060546875,0.0,256,1024,0,0.0,440.11052903483255,236.5282999962801,0.0,190.79841914837607,12.783809890176387,0,2430.141862495647,0,2034.2261625039,1.3197702706745578e-06,8.726156613255211e-07,1.6743031828666586e-06,2.8398296219455168e-08,7.345037474287175e-08,8.177402100539537e-07,4.7862779958830184e-06,no_nsga2,nsga2
0,716,716,train,2.5272611379623413,0.26953125,0.630859375,8,64,512,212.1725999895716,33.29743470762268,2.1913309535726038,40.96055536096348,38.6791000055382,6.0135122541205925,12.16794252238008,18.181454776500672,0.007200011168606579,0.0,11.960823041289839,6.213431724042228,0,37.704973664929106,2413.118314555463,2097152.0,2,0.5,0.5,0.0,0.0,0.0,83.7266764463402,0.009099981980398297,0.0,62.468197346283404,21.24937911807641,0,0,0,18.765094859193386,64.96158158714682,0.0,1048576,1048576,0,8,4,0.25,2,0.5,0,1,1.0,0.16091838189257093,3,3,0,1.0,0.0,0.0,1.0,0,0.5,0.5,0.0,0.9609375,0.0390625,0.0,256,1024,0,0.0,305.7972840886351,105.16099995584227,0.0,187.3229260642263,13.313358068566515,0,2430.141862495647,0,2217.969262506075,6.659486941524536e-07,8.765323814290415e-07,1.6384222144385396e-06,3.006756127060296e-08,7.300765513428048e-08,8.372667644634021e-07,4.12124527088832e-06,no_nsga2,nsga2
0,717,717,train,2.4853225350379944,0.255859375,0.681640625,8,64,512,286.7114999971818,46.61720343781383,2.259808122013932,41.514940197549585,37.94559999369085,6.273688528561433,12.81208345720707,19.085771985768503,0.007099995855242014,0.0,11.75100899436403,7.327662995549231,0,27.90251558644508,1785.7609975324851,2097152.0,2,0.0,0.5,0.5,0.0,0.0,82.57856408942196,0.005600013537332416,0.0,63.2142000176614,19.358764058223223,0,0,0,0.0,59.098899510641075,23.479664578780884,0,1048576,1048576,8,4,0.25,2,0.5,0,1,1.0,0.17369070345169255,3,0,3,0.0,2.0,0.5,2.0,3,0.5,0.5,0.0,0.9521484375,0.0478515625,0.0,256,1024,0,0.0,361.56780702950937,157.37209997314494,0.0,191.3455970642333,12.85010999213114,0,2430.141862495647,0,2143.430362498465,9.323440687562766e-07,9.039232488055728e-07,1.6605976079019833e-06,3.1368442642807165e-08,7.68725007432424e-08,8.257856408942197e-07,4.430891509744102e-06,no_nsga2,nsga2
0,718,718,train,2.5482706427574158,0.24609375,0.638671875,8,64,512,348.56119999312796,61.708404842660514,2.0675837364867684,41.81975502772241,37.04390001075808,6.450281623972316,12.511911697614845,18.96219332158716,0.006800008122809231,0.0,11.402499355019389,7.552893958444962,0,22.95142732102828,1468.89134854581,2097152.0,2,0.0,0.0,1.0,0.0,0.0,47.540515450322076,0.005599998985417187,0.0,28.356964472848457,19.177950978488198,0,0,0,0.0,0.0,23.770257725161038,0,0,2097152,8,4,0.25,2,0.5,0,1,1.0,0.2307606527190679,3,3,0,1.0,0.0,0.0,1.0,0,0.5,0.5,0.0,0.9521484375,0.0478515625,0.0,256,1024,0,0.0,422.38297442747876,219.12150002026465,0.0,188.33234336548395,14.929131041730143,0,2430.141862495647,0,2081.580662502519,1.2341680968532104e-06,8.270334945947074e-07,1.6727902011088963e-06,3.225140811986158e-08,7.507147018568906e-08,4.7540515450322084e-07,4.316719825365585e-06,no_nsga2,nsga2
0,719,719,train,2.5079872608184814,0.275390625,0.66015625,8,64,512,352.98570001032203,56.57394098423768,2.2329406963697003,40.870736938895426,37.73679998994339,5.807556976584518,12.47788414432064,18.28544112090516,0.007599999662488699,0.0,11.806175956087582,6.4716651651550885,0,22.66374342083162,1450.4795789332236,2097152.0,2,0.5,0.5,0.0,0.0,0.0,80.67685285426964,0.005900015821680427,0.0,60.17898555495108,20.49196728349689,0,0,0,18.661300696247345,62.0155521580223,0.0,1048576,1048576,0,8,4,0.25,2,0.5,0,1,1.0,0.2201412464909665,3,0,3,0.0,2.0,0.5,2.0,3,0.5,0.5,0.0,0.94921875,0.05078125,0.0,256,1024,0,0.0,398.7104744780113,197.82240001950413,0.0,188.46538386943075,12.42269058907636,0,2430.141862495647,0,2077.156162485325,1.1314788196847537e-06,8.931762785478801e-07,1.6348294775558172e-06,2.9037784882922592e-08,7.486730486592383e-08,8.067685285426966e-07,4.570158194079994e-06,no_nsga2,nsga2
0,720,720,train,2.5654134154319763,0.23828125,0.6171875,8,64,512,330.20810000016354,52.587200926673304,2.2553587254521585,42.15434338174399,34.98409999883734,6.755853023944444,14.255142093809598,21.010995117754042,0.00650000583846122,0.0,12.8452315304828,8.15926358143278,0,24.227073087919255,1550.5326776268323,2097152.0,2,0.5,0.5,0.0,0.0,0.0,83.9913448563815,0.005599998985417187,0.0,62.917056345279406,21.06868851211668,0,0,0,17.184562656643294,66.80678219973821,0.0,1048576,1048576,0,8,4,0.25,2,0.5,0,1,1.0,0.2307606527190679,3,3,0,1.0,0.0,0.0,1.0,0,0.5,0.5,0.0,0.943359375,0.056640625,0.0,256,1024,0,0.0,387.9876121354778,183.5006000183057,0.0,190.25210825024925,14.234903866922927,0,2430.141862495647,0,2099.9337624954833,1.0517440185334663e-06,9.021434901808635e-07,1.6861737352697598e-06,3.377926511972222e-08,8.553085256285757e-08,8.399134485638151e-07,4.599284810230484e-06,no_nsga2,nsga2
0,721,721,train,2.4538570642471313,0.294921875,0.66015625,8,64,512,392.6128000020981,67.83375242242668,2.1605060357064705,41.29070240493838,43.24559999804478,5.7068921740509415,12.066914762643847,17.77380693669479,0.01309998333454132,0.0,11.494746760331052,6.265960193029196,0,20.376257788078895,1304.0804984370493,2097152.0,2,0.5,0.5,0.0,0.0,0.0,78.35561889923648,0.011199997970834374,0.0,56.62878988267619,21.715629018589464,0,0,0,17.47103708144524,60.88458181779124,0.0,1048576,1048576,0,8,4,0.25,2,0.5,0,1,1.0,0.18595995617580352,3,0,3,0.0,2.0,0.5,2.0,3,0.5,0.5,0.0,0.9482421875,0.0517578125,0.0,256,1024,0,0.0,445.1398434522862,242.8082000114955,0.0,190.07591425965956,12.255729181131075,0,2430.141862495647,0,2037.5290624935487,1.3566750484485338e-06,8.642024142825883e-07,1.6516280961975353e-06,2.8534460870254713e-08,7.240148857586308e-08,7.835561889923648e-07,4.75699769736714e-06,no_nsga2,nsga2
0,722,722,train,2.5631587505340576,0.25,0.638671875,8,64,512,291.493900003843,50.1157117397528,2.138179163130737,40.322183608266656,37.15849999571219,6.07851361821993,13.96742878236977,20.045942400589702,0.006799993570894003,0.0,12.10379155070472,7.935350856314087,0,27.444734024144267,1756.4629775452331,2097152.0,2,0.5,0.5,0.0,0.0,0.0,76.93782580934706,0.006300004315562546,0.0,57.242481137384914,19.68904466764659,0,0,0,17.26399693886956,59.6738288704775,0.0,1048576,1048576,0,8,4,0.25,2,0.5,0,1,1.0,0.14759070521249812,3,3,0,1.0,0.0,0.0,1.0,0,0.5,0.5,0.0,0.951171875,0.048828125,0.0,256,1024,0,0.0,370.3042980446007,171.29499997827224,0.0,184.26195591574424,14.747342150584295,0,488.78447200251674,0,197.29057199867373,1.002314234795056e-06,8.552716652522948e-07,1.6128873443306665e-06,3.039256809109966e-08,8.38045726942186e-08,7.693782580934707e-07,4.354048643256806e-06,no_nsga2,nsga2
0,723,723,train,2.443879246711731,0.2734375,0.669921875,8,64,512,382.73840000329074,66.93854617290516,2.165133595443827,41.75358855467399,38.685400009853765,6.248885985313597,12.030529091669889,18.279415076983486,0.007099995855242014,0.0,12.19171959543597,6.080595485692274,0,20.901950517587732,1337.7248331256149,2097152.0,2,0.5,0.5,0.0,0.0,0.0,78.73315254030828,0.006300004315562546,0.0,59.11126748330447,19.615585052688253,0,0,0,16.925595091385187,61.80755744892309,0.0,1048576,1048576,0,8,4,0.25,2,0.5,0,1,1.0,0.17369072493825644,3,0,3,0.0,2.0,0.5,2.0,3,0.5,0.5,0.0,0.9462890625,0.0537109375,0.0,256,1024,0,0.0,443.42907329209197,239.98229995777365,0.0,190.9266687275224,12.52010460679585,0,487.53009249528975,0,104.79169249199902,1.3387709234581035e-06,8.660534381775309e-07,1.6701435421869597e-06,3.124442992656799e-08,7.218317455001932e-08,7.873315254030828e-07,4.765727033702263e-06,no_nsga2,nsga2
0,724,724,train,2.6488046646118164,0.224609375,0.61328125,8,64,512,288.4974000044167,48.89819843677188,2.1628035062094613,42.68450571957464,37.28199999022763,6.547805723409271,12.549376859689604,19.097182583098874,0.008200004231184721,0.0,11.787964922008758,7.301017656858932,0,27.729789835498313,1774.706549471892,2097152.0,2,0.5,0.5,0.0,0.0,0.0,80.08554611585129,0.006299989763647318,0.0,59.04870858573749,21.03053754035016,0,0,0,18.005686982300848,62.07985913355044,0.0,1048576,1048576,0,8,4,0.25,2,0.5,0,1,1.0,0.1859599251701455,3,3,0,1.0,0.0,0.0,1.0,0,0.5,0.5,0.0,0.9365234375,0.0634765625,0.0,256,1024,0,0.0,374.9820306502239,169.10569998435676,0.0,193.83579800538553,12.040532660481585,0,487.53009249528975,0,199.03269249087305,9.779639687354376e-07,8.651214024837845e-07,1.7073802287829856e-06,3.273902861704635e-08,7.529626115813762e-08,8.00855461158513e-07,4.459356350935905e-06,no_nsga2,nsga2
0,725,725,train,2.513436734676361,0.25390625,0.65625,8,64,512,373.1896999961464,64.15374373762322,2.077819931219355,41.22013990650687,34.96029999223538,5.6114877935100465,11.439169238751704,17.05065703226175,0.007099995855242014,0.0,10.762357593720232,6.281199442686277,0,21.4367614200531,1371.9527308833983,2097152.0,2,0.0,0.5,0.5,0.0,0.0,86.04933395504811,0.005999987479299307,0.0,67.04266192898528,19.00067203858353,0,0,0,0.0,62.33132418392228,23.718009771125836,0,1048576,1048576,8,4,0.25,2,0.5,0,1,1.0,0.25097720212391433,3,0,3,0.0,2.0,0.5,2.0,3,0.5,0.5,0.0,0.953125,0.046875,0.0,256,1024,0,0.0,429.80681430139776,226.98560000571888,0.0,189.58397404920197,13.237240246476953,0,482.9392644955804,0,109.74956449943403,1.2830748747524644e-06,8.31127972487742e-07,1.6488055962602748e-06,2.8057438967550236e-08,6.863501543251022e-08,8.604933395504811e-07,4.7201942374510225e-06,no_nsga2,nsga2
0,726,726,train,2.500243127346039,0.26171875,0.677734375,8,64,512,308.041600001161,50.7549659998197,2.2833984427144145,40.51878008030347,39.79769999568816,5.893393780600286,14.398235535270219,20.291629315870505,0.007299997378140688,0.0,11.406621066325743,8.877708252166622,0,25.970433959360975,1662.1077733991024,2097152.0,2,0.5,0.5,0.0,0.0,0.0,82.76214934119338,0.009199997293762863,0.0,62.19846733032755,20.554482013572056,0,0,0,18.22257750695277,64.5395718342406,0.0,1048576,1048576,0,8,4,0.25,2,0.5,0,1,1.0,0.19776865982085054,3,3,0,1.0,0.0,0.0,1.0,0,0.5,0.5,0.0,0.9423828125,0.0576171875,0.0,256,1024,0,0.0,374.2285780913504,174.51430000073742,0.0,185.9462861962318,13.767991894381158,0,482.9392644955804,0,174.89766449441942,1.015099319996394e-06,9.133593770857658e-07,1.6207512032121387e-06,2.946696890300143e-08,8.63894132116213e-08,8.27621493411934e-07,4.492687775820856e-06,no_nsga2,nsga2
0,727,727,train,2.528767704963684,0.2578125,0.619140625,8,64,512,291.9495999958599,49.627623618526314,2.046991259104168,41.32307003117487,36.505800002487376,5.848695480157019,10.998818362720138,16.847513842877156,0.007399998139590025,0.0,10.848422645198735,5.991691199538832,0,27.401896074587437,1753.721348773596,2097152.0,2,0.5,0.5,0.0,0.0,0.0,82.10163985265422,0.006000016583129764,0.0,61.85515195205553,20.240487884015565,0,0,0,16.86292589740495,65.23871395524927,0.0,1048576,1048576,0,8,4,0.25,2,0.5,0,1,1.0,0.17369072493825644,3,0,3,0.0,2.0,0.5,2.0,3,0.5,0.5,0.0,0.9482421875,0.0517578125,0.0,256,1024,0,0.0,371.9907396352214,171.52519997034688,0.0,187.34473709128127,13.12080257359326,0,482.9392644955804,0,190.9896644997205,9.925524723705263e-07,8.187965036416672e-07,1.652922801246995e-06,2.92434774007851e-08,6.599291017632083e-08,8.210163985265422e-07,4.380524563362837e-06,no_nsga2,nsga2
0,728,728,train,2.4425914883613586,0.2890625,0.650390625,8,64,512,287.6915000088047,49.354286799603805,2.0507888132210415,41.9678655247355,38.28899998916313,6.051628355953373,12.33333171908997,18.38496007504334,0.00650000583846122,0.0,11.991893387118976,6.386566682085904,0,27.8074680422853,1779.6779547062592,2097152.0,2,0.5,0.5,0.0,0.0,0.0,83.62485506941695,0.005599998985417187,0.0,63.129794078228166,20.489460992203377,0,0,0,17.50824815952759,66.11660690988937,0.0,1048576,1048576,0,8,4,0.25,2,0.5,0,1,1.0,0.2091524583687337,3,3,0,1.0,0.0,0.0,1.0,0,0.5,0.5,0.0,0.9599609375,0.0400390625,0.0,256,1024,0,0.0,373.4917645502414,170.18170001392718,0.0,190.75928174134793,12.550782794966256,0,448.98109299851063,0,161.2895929897059,9.870857359920762e-07,8.203155252884168e-07,1.6787146209894198e-06,3.0258141779766865e-08,7.399999031453981e-08,8.362485506941696e-07,4.426622565058389e-06,no_nsga2,nsga2
0,729,729,train,2.4311442971229553,0.26953125,0.66796875,8,64,512,198.7228999932995,28.015097284563332,2.1359947916171986,42.05209781149936,37.93220000807196,6.220045049181078,13.665848187016051,19.885893236197127,0.006699992809444666,0.0,12.39385139479058,7.485341848597104,0,40.25685888949312,2576.4389689275595,2097152.0,2,0.5,0.5,0.0,0.0,0.0,79.4861106992833,0.005900001269765198,0.0,60.05095282585716,19.42925787215637,0,0,0,17.737463076022422,61.74864762326087,0.0,1048576,1048576,0,8,4,0.25,2,0.5,0,1,1.0,0.17369070345169255,3,0,3,0.0,2.0,0.5,2.0,3,0.5,0.5,0.0,0.9580078125,0.0419921875,0.0,256,1024,0,0.0,288.81275955071953,84.69440002227202,0.0,189.52028309967352,14.598076428773975,0,448.98109299851063,0,250.25819300521113,5.603019456912668e-07,8.543979166468794e-07,1.6820839124599743e-06,3.1100225245905393e-08,8.19950891220963e-08,7.94861106992833e-07,4.004740196158955e-06,no_nsga2,nsga2
0,730,730,train,2.4793911576271057,0.2578125,0.6484375,8,64,512,283.29459999804385,46.582392383290895,2.203672817833086,40.60020781943029,37.275000009685755,7.873727073662829,12.959892856212804,20.83361992987563,0.00689999433234334,0.0,12.550372047074816,8.276347888468473,0,28.239054895505756,1807.2995133123684,2097152.0,2,0.5,0.5,0.0,0.0,0.0,83.88469300629575,0.005999987479299307,0.0,63.42448277271115,20.4542102461053,0,0,0,17.837678926066076,66.04701408022967,0.0,1048576,1048576,0,8,4,0.25,2,0.5,0,1,1.0,0.2877900422484528,3,3,0,1.0,0.0,0.0,1.0,0,0.5,0.5,0.0,0.943359375,0.056640625,0.0,256,1024,0,0.0,357.5450920822171,156.21500002453104,0.0,185.7709974624832,15.559094595202836,0,448.98109299851063,0,165.68649300046678,9.31647847665818e-07,8.814691271332344e-07,1.6240083127772113e-06,3.936863536831415e-08,7.775935713727682e-08,8.388469300629575e-07,4.393100210144812e-06,no_nsga2,nsga2
0,731,731,train,2.5114115476608276,0.248046875,0.64453125,8,64,512,453.71779998822603,75.04207592276879,2.1649024604839657,41.385847997548915,35.325799995916896,6.578519730432026,13.55106804962514,20.129587780057165,0.008400005754083395,0.0,12.481681352877937,7.639506421425147,0,17.632066381661065,1128.4522484263082,2097152.0,2,0.5,0.5,0.0,0.0,0.0,79.4865986979626,0.00820001878309995,0.0,60.70344444830799,18.774954230871515,0,0,0,16.453687879391424,63.03291081857118,0.0,1048576,1048576,0,8,4,0.25,2,0.5,0,1,1.0,0.2091524583687337,3,0,3,0.0,2.0,0.5,2.0,3,0.5,0.5,0.0,0.94921875,0.05078125,0.0,256,1024,0,0.0,474.37130552320673,271.9710000237683,0.0,187.04797066343653,15.352334836001859,0,476.6464779900706,0,22.92867800184456,1.500841518455376e-06,8.659609841935862e-07,1.6554339199019567e-06,3.289259865216013e-08,8.130640829775083e-08,7.948659869796261e-07,4.931301416480456e-06,no_nsga2,nsga2
0,732,732,train,2.5449753403663635,0.279296875,0.63671875,8,64,512,290.422000005492,49.63177607414295,2.073561331047833,41.297712133415814,39.19750000932254,6.517223652364951,11.889318560507746,18.406542212872697,0.006400005077011883,0.0,12.0087254162975,6.391416791498185,0,27.546027690123434,1762.9457721678998,2097152.0,2,0.5,0.5,0.0,0.0,0.0,81.72099196730959,0.005999987479299307,0.0,62.16785306152064,19.547138918309656,0,0,0,16.84425023692842,64.87674173038117,0.0,1048576,1048576,0,8,4,0.25,2,0.5,0,1,1.0,0.20915249756217386,3,3,0,1.0,0.0,0.0,1.0,0,0.5,0.5,0.0,0.951171875,0.048828125,0.0,256,1024,0,0.0,372.01219815442636,171.52329998498317,0.0,187.79333528484278,12.695562884600434,0,476.6464779900706,0,186.22447798457858,9.92635521482859e-07,8.294245324191332e-07,1.6519084853366325e-06,3.2586118261824756e-08,7.133591136304647e-08,8.17209919673096e-07,4.395100488536592e-06,no_nsga2,nsga2
0,733,733,train,2.540949821472168,0.244140625,0.669921875,8,64,512,303.89139999169856,50.41121399072964,2.249546955877552,41.95002352295448,53.79830001038499,6.378170278425738,13.76465962816274,20.142829906588478,0.013800017768517137,0.0,12.186694946476752,7.942334942343209,0,26.325107176811716,1684.8068593159499,2097152.0,2,0.5,0.5,0.0,0.0,0.0,81.11222838167788,0.006200003554113209,0.0,61.518854066199296,19.58717431192448,0,0,0,17.068277683427137,64.04395069825074,0.0,1048576,1048576,0,8,4,0.25,2,0.5,0,1,1.0,0.18595995617580352,3,0,3,0.0,2.0,0.5,2.0,3,0.5,0.5,0.0,0.943359375,0.056640625,0.0,256,1024,0,0.0,378.4431378782467,175.17750000115484,0.0,186.99439766588657,16.27124021120533,0,476.6464779900706,0,172.75507799837203,1.0082242798145929e-06,8.998187823510209e-07,1.6780009409181798e-06,3.1890851392128695e-08,8.258795776897643e-08,8.111222838167788e-07,4.511645096061678e-06,no_nsga2,nsga2
0,734,734,train,2.4837709069252014,0.240234375,0.669921875,8,64,512,831.0043000092264,30.519397562929484,2.989266973297206,168.80669304749802,77.56960000551771,6.591786899951285,19.978398437161076,26.57018533711236,0.007399983587674797,0.0,11.303779304908636,15.259006048616051,0,9.626894076260617,616.1212208806795,2097152.0,2,0.5,0.5,0.0,0.0,0.0,79.12391044057654,0.012400007108226418,0.0,59.19750094163096,19.914009491837355,0,0,0,16.51542145171556,62.608488988860984,0.0,1048576,1048576,0,8,4,0.25,2,0.5,0,1,1.0,0.17369072493825644,3,3,0,1.0,0.0,0.0,1.0,0,0.5,0.5,0.0,0.9521484375,0.0478515625,0.0,256,1024,0,0.0,809.2614303348988,93.27470001881011,0.0,191.34384734221845,524.6428829738703,0,727.3479124997527,1,-103.65638750947369,6.103879512585898e-07,1.1957067893188825e-06,6.7522677218999215e-06,3.295893449975643e-08,1.1987039062296643e-07,7.912391044057654e-07,9.502430892005883e-06,no_nsga2,nsga2
0,735,735,train,2.5422770380973816,0.232421875,0.62109375,8,64,512,5138.793500009342,957.972551617438,2.453616390831346,181.8493690052709,50.06170000706334,8.69345297642147,14.911575085179907,23.605028061601377,0.006699992809444666,0.0,11.456928685459662,12.14139938333227,0,1.5567853511140515,99.6342624712993,2097152.0,2,0.5,0.5,0.0,0.0,0.0,78.34436775380897,0.006499991286545992,0.0,58.86339061657851,19.474477145943908,0,0,0,16.756561833967766,61.5878059198412,0.0,1048576,1048576,0,8,4,0.25,2,0.5,0,1,1.0,0.2091524583687337,3,0,3,0.0,2.0,0.5,2.0,3,0.5,0.5,0.0,0.9443359375,0.0556640625,0.0,256,1024,0,0.0,4569.10214805416,3797.9491999867605,0.0,191.1397334596802,580.0132146077202,0,2611.7500365015353,1,-2527.043463507807,1.9159451032348762e-05,9.814465563325385e-07,7.273974760210838e-06,4.346726488210736e-08,8.946945051107943e-08,7.834436775380897e-07,2.8331252741823415e-05,no_nsga2,nsga2
0,736,736,train,2.4572858214378357,0.28125,0.677734375,8,64,512,289.96539999207016,49.080636185010526,2.2934553607647086,41.82821305677723,36.247600000933744,5.612033549556938,13.076408962004503,18.68844251156144,0.007700014975853264,0.0,11.63090431649086,7.04983818009473,0,27.58940346267285,1765.7218216110623,2097152.0,2,0.5,0.5,0.0,0.0,0.0,81.25744532989197,0.008700008038431406,0.0,61.08418608225793,20.164559239595597,0,0,0,17.288290598278472,63.969154731613486,0.0,1048576,1048576,0,8,4,0.25,2,0.5,0,1,1.0,0.2201412464909665,3,3,0,1.0,0.0,0.0,1.0,0,0.5,0.5,0.0,0.9541015625,0.0458984375,0.0,256,1024,0,0.0,372.80921841020984,168.72080002212897,0.0,190.74511317959588,13.343305208484974,0,2611.7500365015353,0,2321.784636509465,9.816127237002105e-07,9.173821443058834e-07,1.6731285222710893e-06,2.8060167747784692e-08,7.8458453772027e-08,8.125744532989197e-07,4.491216465095915e-06,no_nsga2,nsga2
0,737,737,train,2.4235517382621765,0.30078125,0.66796875,8,64,512,386.35729999805335,63.38677717757935,2.180702630386371,41.893573345551836,36.627499997848645,6.565535350702187,12.613002452680341,19.17853780338253,0.006900008884258568,0.0,12.148685308423694,7.022952486074575,0,20.7061683417706,1325.1947738733184,2097152.0,2,0.0,0.5,0.5,0.0,0.0,87.80242228970769,0.005999987479299307,0.0,68.87860601880608,18.917816283422304,0,0,0,0.0,64.19654990105019,23.605872388657502,0,1048576,1048576,8,4,0.25,2,0.5,0,1,1.0,0.2091524583687337,3,0,3,0.0,2.0,0.5,2.0,3,0.5,0.5,0.0,0.9423828125,0.0576171875,0.0,256,1024,0,0.0,429.8442126140702,226.77130001829937,0.0,189.94546147102628,13.127451124744566,0,2611.7500365015353,0,2225.392736503482,1.2677355435515872e-06,8.722810521545483e-07,1.6757429338220737e-06,3.282767675351094e-08,7.567801471608203e-08,8.780242228970769e-07,4.80228944389488e-06,no_nsga2,nsga2
0,738,738,train,2.5535175800323486,0.25390625,0.654296875,8,64,512,246.46030001167674,39.57449679096305,2.2134025482879096,41.19531101859327,42.19190000731032,6.392849729109821,12.958885786017103,19.351735515126926,0.006799993570894003,0.0,11.83349446299334,7.511441058562689,0,32.45945712215662,2077.4052558180238,2097152.0,2,0.5,0.5,0.0,0.0,0.0,85.11457724513895,0.006399990525096655,0.0,63.97206386193572,21.136113392678133,0,0,0,18.717375419541277,66.39720182559768,0.0,1048576,1048576,0,8,4,0.25,2,0.5,0,1,1.0,0.14759070521249812,3,3,0,1.0,0.0,0.0,1.0,0,0.5,0.5,0.0,0.9482421875,0.0517578125,0.0,256,1024,0,0.0,331.9328414313769,130.48319998779334,0.0,186.9141066233514,14.535534820232252,0,2611.7500365015353,0,2365.2897364898586,7.914899358192612e-07,8.85361019315164e-07,1.6478124407437313e-06,3.196424864554911e-08,7.77533147161026e-08,8.511457724513896e-07,4.285526731691198e-06,no_nsga2,nsga2
0,739,739,train,2.4785525798797607,0.28125,0.634765625,8,64,512,373.6254999967059,60.2377000474106,2.0331256520889163,42.36186809909826,36.80780000286177,6.051455139314215,11.904515969273234,17.95597110858745,0.007200011168606579,0.0,11.079693591688425,6.869077505730417,0,21.411757463859047,1370.352477686979,2097152.0,2,0.5,0.5,0.0,0.0,0.0,80.6305941453407,0.005900001269765198,0.0,60.5518384798222,20.072855664248728,0,0,0,16.94984082098557,63.68075332435512,0.0,1048576,1048576,0,8,4,0.25,2,0.5,0,1,1.0,0.241032865595602,3,0,3,0.0,2.0,0.5,2.0,3,0.5,0.5,0.0,0.9453125,0.0546875,0.0,256,1024,0,0.0,418.53077519439114,212.72650003083982,0.0,192.96902534845873,12.835249815092592,0,2611.7500365015353,0,2238.1245365048294,1.2047540009482122e-06,8.132502608355668e-07,1.6944747239639304e-06,3.025727569657108e-08,7.14270958156394e-08,8.06305941453407e-07,4.620469298713327e-06,no_nsga2,nsga2
0,740,740,train,2.4975719451904297,0.234375,0.654296875,8,64,512,371.5024000121048,63.25028492353355,2.2430087034912605,41.05305277757806,36.44930000882596,6.688930973948305,14.169398257706543,20.85832923165485,0.007299997378140688,0.0,13.036390630826624,7.814638603450085,0,21.534123240162366,1378.1838873703914,2097152.0,2,0.5,0.5,0.0,0.0,0.0,80.6766588685856,0.006499991286545992,0.0,61.3512673781895,19.318891499109554,0,0,0,17.25778845645573,63.41887041212987,0.0,1048576,1048576,0,8,4,0.25,2,0.5,0,1,1.0,0.13364220740348268,3,3,0,1.0,0.0,0.0,1.0,0,0.5,0.5,0.0,0.96484375,0.03515625,0.0,256,1024,0,0.0,426.1853856184115,223.7016999424668,0.0,189.70020539912665,12.783480276818038,0,2611.7500365015353,0,2240.2476364894305,1.265005698470671e-06,8.972034813965043e-07,1.6421221111031226e-06,3.3444654869741525e-08,8.501638954623925e-08,8.067665886858561e-07,4.729558924072134e-06,no_nsga2,nsga2
0,741,741,train,2.482443869113922,0.26953125,0.681640625,8,64,512,341.0915999993449,56.60518640210894,2.1590612425794014,41.96866559696093,38.58419999596663,5.952561213949422,12.906366407090196,18.85892762103962,0.007599999662488699,0.0,11.356408150951744,7.494919470425385,0,23.454041512525823,1501.0586568016527,2097152.0,2,0.5,0.5,0.0,0.0,0.0,76.2175268714712,0.00960000033956021,0.0,57.333102123262165,18.874824747869475,0,0,0,16.633089683557728,59.58443718791347,0.0,1048576,1048576,0,8,4,0.25,2,0.5,0,1,1.0,0.241032865595602,3,0,3,0.0,2.0,0.5,2.0,3,0.5,0.5,0.0,0.947265625,0.052734375,0.0,256,1024,0,0.0,402.93165296659714,199.4845000153873,0.0,188.66106248401562,14.78609046719421,0,2611.7500365015353,0,2270.6584365021904,1.132103728042179e-06,8.636244970317608e-07,1.6787466238784375e-06,2.9762806069747112e-08,7.743819844254116e-08,7.621752687147121e-07,4.543851122179377e-06,no_nsga2,nsga2
0,742,742,train,2.391623854637146,0.275390625,0.697265625,8,64,512,291.9652999989921,50.33249333278073,2.1338874066126596,42.25516203072577,36.67069999210071,5.960651480046768,11.640025192582556,17.600676672629323,0.007300011930055916,0.0,10.821893849794073,6.771482810905195,0,27.400422583111876,1753.62704531916,2097152.0,2,0.0,0.5,0.5,0.0,0.0,89.22929193342857,0.006399990525096655,0.0,69.4712592032605,19.75163273964297,0,0,0,0.0,62.881233206228735,26.34805872719983,0,1048576,1048576,8,4,0.25,2,0.5,0,1,1.0,0.17369072493825644,3,3,0,1.0,0.0,0.0,1.0,0,0.5,0.5,0.0,0.9501953125,0.0498046875,0.0,256,1024,0,0.0,378.88617108047663,175.59690000780392,0.0,188.81728281888215,14.471988253790585,0,727.3479124997527,0,435.3826125007606,1.0066498666556146e-06,8.535549626450638e-07,1.690206481229031e-06,2.980325740023384e-08,6.984015115549533e-08,8.922929193342857e-07,4.542347638419724e-06,no_nsga2,nsga2
0,743,743,train,2.529483139514923,0.232421875,0.65625,8,64,512,333.93449999857694,54.774125457504596,2.1234186546794804,41.42046814517327,37.53599998890422,5.749619558033075,11.5129793443401,17.262598902373174,0.007399983587674797,0.0,10.847410886611238,6.4077880321742615,0,23.95672218148143,1533.2302196148116,2097152.0,2,0.5,0.5,0.0,0.0,0.0,76.7002588211359,0.005600013537332416,0.0,56.84408894981091,19.85056985778766,0,0,0,16.91181171894757,59.788447102188336,0.0,1048576,1048576,0,8,4,0.25,2,0.5,0,1,1.0,0.2201412464909665,3,0,3,0.0,2.0,0.5,2.0,3,0.5,0.5,0.0,0.9482421875,0.0517578125,0.0,256,1024,0,0.0,393.27204902942935,191.33010001678485,0.0,189.69127781873968,12.250671193904822,0,727.3479124997527,0,393.4134125011758,1.095482509150092e-06,8.493674618717921e-07,1.656818725806931e-06,2.8748097790165377e-08,6.907787606604058e-08,7.670025882113592e-07,4.466497258896381e-06,no_nsga2,nsga2
0,744,744,train,2.5699912905693054,0.2578125,0.6328125,8,64,512,338.46420000190847,53.85814099607775,2.1938848205800943,41.247759458408915,46.00360000040382,5.610729443531659,13.382089495332954,18.992818938864612,0.006400019628927112,0.0,11.780619911205482,7.205799008030203,0,23.63610793651723,1512.7109079371028,2097152.0,2,0.5,0.5,0.0,0.0,0.0,83.16198308130126,0.005599998985417187,0.0,61.82797587874706,21.328407203568784,0,0,0,17.838846488190562,65.3231365931107,0.0,1048576,1048576,0,8,4,0.25,2,0.5,0,1,1.0,0.241032865595602,3,3,0,1.0,0.0,0.0,1.0,0,0.5,0.5,0.0,0.9453125,0.0546875,0.0,256,1024,0,0.0,389.199141100267,187.95110000064597,0.0,189.12443964892816,12.123601450692913,0,727.3479124997527,0,388.8837124978443,1.077162819921555e-06,8.775539282320377e-07,1.6499103783363566e-06,2.8053647217658295e-08,8.02925369719977e-08,8.316198308130128e-07,4.544593141492618e-06,no_nsga2,nsga2
0,745,745,train,2.5699198842048645,0.240234375,0.63671875,8,64,512,147.71820000896696,26.92879582498255,2.2294126612689578,42.05980689965352,37.547699990682304,6.185565749061438,13.229638280773008,19.415204029834445,0.007099995855242014,0.0,11.83030730955301,7.577796724426193,0,54.15680561169014,3466.035559148169,2097152.0,2,0.5,0.0,0.5,0.0,0.0,42.02414370309077,0.005599984433501959,0.0,23.07904045557823,18.93950326307904,0,0,0,17.675405330246317,0.0,24.34873837284446,1048576,0,1048576,8,4,0.25,2,0.5,0,1,1.0,0.2307606283979408,3,0,3,0.0,2.0,0.5,2.0,3,0.5,0.5,0.0,0.95703125,0.04296875,0.0,256,1024,0,0.0,284.87206154362013,79.04870000493247,0.0,191.62189658259035,14.201464956097329,0,727.3479124997527,0,579.6297124907858,5.385759164996511e-07,8.917650645075833e-07,1.6823922759861414e-06,3.09278287453072e-08,7.937782968463803e-08,4.202414370309078e-07,3.6432803524542293e-06,no_nsga2,nsga2
0,746,746,train,2.5902950167655945,0.244140625,0.65234375,8,64,512,191.96670000383165,25.57904861676783,2.2041088835340723,41.89434716707647,39.298200004850514,6.735191614123232,13.164209511719424,19.899401125842655,0.006700007361359894,0.0,12.13610420461556,7.756596913865734,0,41.67367739385491,2667.115353206714,2097152.0,2,0.5,0.5,0.0,0.0,0.0,79.47756832781292,0.009700001101009548,0.0,57.787375162779774,21.680493163932134,0,0,0,18.91530625417776,60.562262073635154,0.0,1048576,1048576,0,8,4,0.25,2,0.5,0,1,1.0,0.08706732569954011,3,3,0,1.0,0.0,0.0,1.0,0,0.5,0.5,0.0,0.9541015625,0.0458984375,0.0,256,1024,0,0.0,278.7100186695135,73.63030001579318,0.0,190.09308985172655,14.98662880199376,0,727.3479124997527,0,535.3812124959211,5.115809723353567e-07,8.816435534136289e-07,1.675773886683059e-06,3.367595807061616e-08,7.898525707031653e-08,7.947756832781292e-07,3.976435310851107e-06,no_nsga2,nsga2
0,747,747,train,2.5584194660186768,0.27734375,0.642578125,8,64,512,370.83119999442715,63.691678368881014,2.2009082146784977,41.96944730667979,38.754499997594394,5.750223062569666,13.770094873586777,19.52031793615644,0.00689999433234334,0.0,11.741931768521598,7.771486173302502,0,21.573099639460178,1380.6783769254514,2097152.0,2,0.5,0.5,0.0,0.0,0.0,81.35411705380713,0.005900001269765198,0.0,62.52086716922578,18.827349883311562,0,0,0,16.328308015117067,65.02580903869006,0.0,1048576,1048576,0,8,4,0.25,2,0.5,0,1,1.0,0.19776865982085054,3,0,3,0.0,2.0,0.5,2.0,3,0.5,0.5,0.0,0.9443359375,0.0556640625,0.0,256,1024,0,0.0,431.4481355609572,227.37969999434426,0.0,190.2849110054146,13.783524561198334,0,727.3479124997527,0,356.5167125053256,1.2738335673776205e-06,8.803632858713991e-07,1.6787778922671917e-06,2.8751115312848334e-08,8.262056924152064e-08,8.135411705380713e-07,4.757887600608652e-06,no_nsga2,nsga2
0,748,748,train,2.5569008588790894,0.24609375,0.65234375,8,64,512,290.5623000115156,50.39104466727744,2.006221583782329,41.9798306288971,40.355799996177666,6.307769667036861,12.055626100098,18.36339576713486,0.006400005077011883,0.0,11.404298261945994,6.952697500111853,0,27.53272694687507,1762.0945246000044,2097152.0,2,0.5,0.5,0.0,0.0,0.0,77.65013814741116,0.011500000255182385,0.0,57.124076516713515,20.514561630442444,0,0,0,17.58825835688344,60.06187979052771,0.0,1048576,1048576,0,8,4,0.25,2,0.5,0,1,1.0,0.24103284089209526,3,3,0,1.0,0.0,0.0,1.0,0,0.5,0.5,0.0,0.951171875,0.048828125,0.0,256,1024,0,0.0,377.50838751982747,173.9880999957677,0.0,190.9825084645377,12.537779059522087,0,727.3479124997527,0,436.7856124882371,1.0078208933455488e-06,8.024886335129317e-07,1.679193225155884e-06,3.153884833518431e-08,7.233375660058799e-08,7.765013814741116e-07,4.369876738424249e-06,no_nsga2,nsga2
0,749,749,train,2.561421573162079,0.248046875,0.650390625,8,64,512,355.96640000585467,56.452581244079894,2.315897342788224,42.771475199274306,36.51829999580514,6.5497273496054,12.282931545881544,18.832658895486944,0.006799993570894003,0.0,11.415683528332872,7.4101753735831775,0,22.473968121430286,1438.3339597715383,2097152.0,2,0.5,0.5,0.0,0.0,0.0,82.35874300224667,0.005599984433501959,0.0,61.9366329925155,20.416510025297672,0,0,0,16.977512368188787,65.38123063405789,0.0,1048576,1048576,0,8,4,0.25,2,0.5,0,1,1.0,0.17369072493825644,3,0,3,0.0,2.0,0.5,2.0,3,0.5,0.5,0.0,0.955078125,0.044921875,0.0,256,1024,0,0.0,406.15981514456973,197.52280003740452,0.0,192.5250754833216,16.111939623843625,0,727.3479124997527,0,371.3815124938981,1.129051624881598e-06,9.263589371152896e-07,1.7108590079709726e-06,3.2748636748027e-08,7.369758927528925e-08,8.235874300224669e-07,4.696303226013644e-06,no_nsga2,nsga2
0,750,750,train,2.572466790676117,0.248046875,0.6484375,8,64,512,380.0158999947598,57.27992359432022,2.637608136846931,42.236105856271884,51.18609999772161,6.401203699301045,16.645882676098623,23.04708637539967,0.00890000956133008,0.0,11.181484871053158,11.85670149478518,0,21.051695332787347,1347.3085012983902,2097152.0,2,0.5,0.5,0.0,0.0,0.0,78.34198919712207,0.018999999156221747,0.0,58.93734195289367,19.385647245072175,0,0,0,17.831072064341836,60.510917132780236,0.0,1048576,1048576,0,8,4,0.25,2,0.5,0,1,1.0,0.19776865982085054,3,3,0,1.0,0.0,0.0,1.0,0,0.5,0.5,0.0,0.947265625,0.052734375,0.0,256,1024,0,0.0,408.61455034975614,201.128799963044,0.0,186.99009540708954,20.495654979622632,0,727.3479124997527,0,347.3320125049929,1.1455984718864045e-06,1.0550432547387724e-06,1.6894442342508755e-06,3.200601849650523e-08,9.987529605659173e-08,7.834198919712208e-07,4.805387167400371e-06,no_nsga2,nsga2
0,751,751,train,2.5134031176567078,0.279296875,0.681640625,8,64,512,4580.921300002956,800.6571479398804,2.6029825408929392,453.0445778696036,36.88210000109393,7.237335439692895,16.311482675918967,23.548818115611862,0.006200003554113209,0.0,11.215248765087651,12.327369346970096,0,1.7463732139693435,111.76788569403799,2097152.0,2,0.5,0.5,0.0,0.0,0.0,82.77184508600297,0.007700014975853264,0.0,61.523442314495036,21.240702756532084,0,0,0,18.83000704093748,63.941838045065495,0.0,1048576,1048576,0,8,4,0.25,2,0.5,0,1,1.0,0.25097720212391433,3,0,3,0.0,2.0,0.5,2.0,3,0.5,0.5,0.0,0.9453125,0.0546875,0.0,256,1024,0,0.0,5025.218833401507,3173.573700027191,0.0,189.86334635199324,1661.7817870223232,0,3182.8045150063435,1,-1398.1167849966123,1.601314295879761e-05,1.0411930163571757e-06,1.8121783114784145e-05,3.6186677198464476e-08,9.786889605551378e-08,8.277184508600299e-07,3.613789311405293e-05,no_nsga2,nsga2
0,752,752,train,2.3772210478782654,0.294921875,0.6875,8,64,512,461.0376000055112,76.61689963426855,2.2737569871762875,42.21148310858175,39.66230001242366,5.842737325357467,13.519098946134795,19.361836271492262,0.006499991286545992,0.0,11.45677575250226,7.898560527703455,0,17.352126264274553,1110.5360809135714,2097152.0,2,0.0,0.5,0.5,0.0,0.0,90.78015067577107,0.008600007276982069,0.0,70.18129634692303,20.590254321571052,0,0,0,0.0,67.12367670443366,23.656473971337405,0,1048576,1048576,8,4,0.25,2,0.5,0,1,1.0,0.2201412464909665,3,3,0,1.0,0.0,0.0,1.0,0,0.5,0.5,0.0,0.951171875,0.048828125,0.0,256,1024,0,0.0,484.4085589201063,278.3849999832455,0.0,193.13678395419896,12.886774982661915,0,3182.8045150063435,0,2721.7669150008323,1.5323379926853713e-06,9.09502794870515e-07,1.6884593243432701e-06,2.9213686626787333e-08,8.111459367680876e-08,9.078015067577108e-07,5.148429898960463e-06,no_nsga2,nsga2
0,753,753,train,2.473816215991974,0.228515625,0.66796875,8,64,512,287.6354000036372,50.49968043220575,2.2556018527548116,41.57590599640591,39.197299993247725,6.454383950181043,13.547083153976441,20.001467104157484,0.007299997378140688,0.0,11.883696084773348,8.110471022005997,0,27.812891553012207,1780.0250593927813,2097152.0,2,0.5,0.5,0.0,0.0,0.0,81.54305882154937,0.006400005077011883,0.0,61.115137116700566,20.421521699771795,0,0,0,18.738389932091707,62.80466888945766,0.0,1048576,1048576,0,8,4,0.25,2,0.5,0,1,1.0,0.2201412464909665,3,0,3,0.0,2.0,0.5,2.0,3,0.5,0.5,0.0,0.9501953125,0.0498046875,0.0,256,1024,0,0.0,377.32475312546586,173.43669998808764,0.0,188.44346021043225,15.44459292694597,0,3182.8045150063435,0,2895.1691150027063,1.009993608644115e-06,9.022407411019246e-07,1.6630362398562364e-06,3.227191975090522e-08,8.128249892385863e-08,8.154305882154937e-07,4.504255596492534e-06,no_nsga2,nsga2
0,754,754,train,2.500075876712799,0.25,0.666015625,8,64,512,285.1233000110369,49.204393084962994,2.1971523144096956,41.71210416330791,37.58720000041649,6.052779148597133,14.164111046485253,20.216890195082385,0.006800008122809231,0.0,11.9103122766498,8.299777910309777,0,28.0579382384817,1795.7080472628288,2097152.0,2,0.5,0.5,0.0,0.0,0.0,80.37039058156621,0.006700021913275123,0.0,61.11087917796522,19.25281138168772,0,0,0,16.500573807845058,63.869816773721155,0.0,1048576,1048576,0,8,4,0.25,2,0.5,0,1,1.0,0.241032865595602,3,3,0,1.0,0.0,0.0,1.0,0,0.5,0.5,0.0,0.9560546875,0.0439453125,0.0,256,1024,0,0.0,372.45459825072237,168.12299999583047,0.0,190.362411907804,13.969186347087962,0,3182.8045150063435,0,2897.6812149953066,9.8408786169926e-07,8.788609257638784e-07,1.668484166532317e-06,3.0263895742985665e-08,8.498466627891151e-08,8.037039058156621e-07,4.450385421833015e-06,no_nsga2,nsga2
0,755,755,train,2.4976066946983337,0.287109375,0.642578125,8,64,512,384.1443999990588,64.34310683716873,2.3808229152793587,41.41478678282568,36.051200004294515,6.605769164948155,15.16565117263081,21.771420337578967,0.006799993570894003,0.0,12.806639739459474,8.957980604548597,0,20.82544786432325,1332.828663316688,2097152.0,2,0.5,0.5,0.0,0.0,0.0,85.98635577977117,0.0053000112529844046,0.0,64.20932928427622,21.771726484241952,0,0,0,18.95176864784312,67.03458713192805,0.0,1048576,1048576,0,8,4,0.25,2,0.5,0,1,1.0,0.16091838189257093,3,0,3,0.0,2.0,0.5,2.0,3,0.5,0.5,0.0,0.953125,0.046875,0.0,256,1024,0,0.0,432.554866141095,230.48789997119457,0.0,189.21478889323748,12.852177276663,0,3182.8045150063435,0,2798.6601150072847,1.2868621367433745e-06,9.523291661117435e-07,1.6565914713130274e-06,3.302884582474078e-08,9.099390703578485e-08,8.598635577977118e-07,4.879669084826383e-06,no_nsga2,nsga2
0,756,756,train,2.465784430503845,0.2734375,0.6796875,8,64,512,282.02620000229217,46.12556240207806,2.026605703883238,40.979249561210885,39.218000005348586,6.545353416469234,13.233779583477208,19.77913299994644,0.007200011168606579,0.0,12.756328525081287,7.015604463696548,0,28.36605830903892,1815.4277317784909,2097152.0,2,0.5,0.5,0.0,0.0,0.0,81.0976753710148,0.009400013368576765,0.0,60.61991356788922,20.468361789757004,0,0,0,17.88222928586828,63.215446085146525,0.0,1048576,1048576,0,8,4,0.25,2,0.5,0,1,1.0,0.17369072493825644,3,3,0,1.0,0.0,0.0,1.0,0,0.5,0.5,0.0,0.9560546875,0.0439453125,0.0,256,1024,0,0.0,356.5256706686887,156.35800000745803,0.0,187.8464481912783,12.3212224699524,0,3182.8045150063435,0,2900.7783150040514,9.225112480415614e-07,8.106422815532951e-07,1.6391699824484354e-06,3.272676708234617e-08,7.940267750086324e-08,8.109767537101481e-07,4.29542971033665e-06,no_nsga2,nsga2
0,757,757,train,2.447955906391144,0.248046875,0.6796875,8,64,512,289.3527999985963,48.567926784826724,2.283291354188891,42.27731869018801,39.706300012767315,6.392314225931032,14.048197951635323,20.440512177566355,0.006299989763647318,0.0,11.903306291019563,8.530905896783144,0,27.647813852933016,1769.460086587713,2097152.0,2,0.5,0.5,0.0,0.0,0.0,84.02816150533343,0.006000002031214535,0.0,63.56721142289955,20.454950080402668,0,0,0,18.74525191226874,65.28290959306469,0.0,1048576,1048576,0,8,4,0.25,2,0.5,0,1,1.0,0.2509772150348662,3,0,3,0.0,2.0,0.5,2.0,3,0.5,0.5,0.0,0.9482421875,0.0517578125,0.0,256,1024,0,0.0,372.5141473168145,166.8417000619229,0.0,190.4100643819274,15.262382872964135,0,3182.8045150063435,0,2893.451715007747,9.713585356965344e-07,9.133165416755564e-07,1.6910927476075202e-06,3.1961571129655165e-08,8.428918770981193e-08,8.402816150533342e-07,4.5323001988724125e-06,no_nsga2,nsga2
0,758,758,train,2.529574155807495,0.240234375,0.66015625,8,64,512,278.34260000963695,46.12778123744236,2.0769883495272543,41.741556330436175,39.5388000033563,6.1109110800157245,12.21730909509452,18.328220175110243,0.006699992809444666,0.0,11.835737914540937,6.485782267759862,0,28.741454805222826,1839.4531075342609,2097152.0,2,0.0,0.5,0.5,0.0,0.0,88.9756750306604,0.005599998985417187,0.0,69.11462521636423,19.855449815310763,0,0,0,0.0,64.73029614568756,24.245378884972844,0,1048576,1048576,8,4,0.25,2,0.5,0,1,1.0,0.26994862967019156,3,3,0,1.0,0.0,0.0,1.0,0,0.5,0.5,0.0,0.9375,0.0625,0.0,256,1024,0,0.0,359.7853036696231,157.05449997039977,0.0,189.62823290062195,13.102570798601452,0,3182.8045150063435,0,2904.4619149967066,9.225556247488472e-07,8.307953398109018e-07,1.669662253217447e-06,3.055455540007862e-08,7.330385457056712e-08,8.897567503066041e-07,4.416628378054446e-06,no_nsga2,nsga2
0,759,759,train,2.460630774497986,0.29296875,0.6796875,8,64,512,213.20019999984652,27.60244691353702,2.2493083212019904,41.39136026444527,52.054799991310574,6.120930122257767,12.27108940852304,18.392019530780807,0.006800008122809231,0.0,11.730185477584218,6.655034045073779,0,37.52324095739498,2401.487421273279,2097152.0,2,0.5,0.5,0.0,0.0,0.0,82.52666634289749,0.006100002792663872,0.0,61.180269689937724,21.340296650167094,0,0,0,18.66557213379908,63.861094209098404,0.0,1048576,1048576,0,8,4,0.25,2,0.5,0,1,1.0,0.19776865982085054,3,0,3,0.0,2.0,0.5,2.0,3,0.5,0.5,0.0,0.958984375,0.041015625,0.0,256,1024,0,0.0,284.9724619967371,82.52750000974629,0.0,189.51275537318708,12.932206613803718,0,3182.8045150063435,0,2969.604315006497,5.520489382707405e-07,8.997233284807961e-07,1.6556544105778108e-06,3.060465061128884e-08,7.362653645113823e-08,8.252666634289749e-07,4.0369245278207495e-06,no_nsga2,nsga2
0,760,760,train,2.579098343849182,0.2421875,0.62109375,8,64,512,287.48060000361875,48.74242203312362,2.0554836562098755,41.2973313765785,41.02120001334697,6.107111110770551,12.103532015115631,18.210643125886183,0.007900016498751938,0.0,11.757664803899921,6.44507830548751,0,27.827867939719617,1780.9835481420555,2097152.0,2,0.5,0.5,0.0,0.0,0.0,82.53529205773833,0.006000002031214535,0.0,61.99501220637083,20.53427984933628,0,0,0,18.6003838487573,63.93490820898103,0.0,1048576,1048576,0,8,4,0.25,2,0.5,0,1,1.0,0.25097720212391433,3,3,0,1.0,0.0,0.0,1.0,0,0.5,0.5,0.0,0.9423828125,0.0576171875,0.0,256,1024,0,0.0,368.38094826364795,168.3028999977978,0.0,187.4214042664418,12.656643999408361,0,3182.8045150063435,0,2895.323915002725,9.748484406624724e-07,8.221934624839502e-07,1.6518932550631402e-06,3.053555555385276e-08,7.262119209069378e-08,8.253529205773833e-07,4.3774448264314925e-06,no_nsga2,nsga2
0,761,761,train,2.505050480365753,0.259765625,0.64453125,8,64,512,211.55549999093637,27.916005390529413,2.402117184565019,42.595628677568435,38.623100001132116,5.875580495762621,13.895187650733497,19.770768146496117,0.00689999433234334,0.0,10.714015248043534,9.049852904120243,0,37.814957235266895,2420.1572630570813,2097152.0,2,0.5,0.0,0.5,0.0,0.0,47.08106473542743,0.009000010322779417,0.0,25.847842630786772,21.224222094317874,0,0,0,18.694805262751593,0.0,28.386259472675835,1048576,0,1048576,8,4,0.25,2,0.5,0,1,1.0,0.19776865982085054,3,0,3,0.0,2.0,0.5,2.0,3,0.5,0.5,0.0,0.953125,0.046875,0.0,256,1024,0,0.0,291.6550050106515,83.36499998404179,0.0,193.44871421520438,14.841290811405308,0,3182.8045150063435,0,2971.249015015407,5.583201078105883e-07,9.608468738260075e-07,1.7038251471027376e-06,2.937790247881311e-08,8.337112590440097e-08,4.7081064735427437e-07,3.8065518044768217e-06,no_nsga2,nsga2
0,762,762,train,2.5319626331329346,0.28515625,0.654296875,8,64,512,368.83410000882577,63.40382664033983,2.1376433338594336,41.499881860132255,38.03310000512283,6.368014361520499,12.662119709037167,19.030134070557665,0.006900023436173797,0.0,12.615218491409253,6.408015555712239,0,21.689909663718474,1388.1542184779823,2097152.0,2,0.5,0.5,0.0,0.0,0.0,79.17365117549548,0.006800008122809231,0.0,60.37453818334952,18.79231298402314,0,0,0,16.842957192240707,62.33069398325477,0.0,1048576,1048576,0,8,4,0.25,2,0.5,0,1,1.0,0.241032865595602,3,3,0,1.0,0.0,0.0,1.0,0,0.5,0.5,0.0,0.947265625,0.052734375,0.0,256,1024,0,0.0,428.1654073373261,224.89599999971688,0.0,190.05682704335177,13.21258029425745,0,3182.8045150063435,0,2813.9704149975178,1.2680765328067965e-06,8.550573335437735e-07,1.6599952744052904e-06,3.18400718076025e-08,7.597271825422299e-08,7.917365117549548e-07,4.6826784425726404e-06,no_nsga2,nsga2
0,763,763,train,2.4724925756454468,0.263671875,0.6640625,8,64,512,290.04899998835754,50.60058322012914,2.1166980806372564,41.12068096490416,35.96389999438543,6.40238089107852,12.411781711812697,18.814162602891216,0.007499998901039362,0.0,11.7412000111257,7.065462592864477,0,27.58145147499092,1765.212894399419,2097152.0,2,0.5,0.5,0.0,0.0,0.0,81.39070157933018,0.02130000211764127,0.0,59.750376029056866,21.619025548155673,0,0,0,17.797612114490747,63.59308946483944,0.0,1048576,1048576,0,8,4,0.25,2,0.5,0,1,1.0,0.2307606527190679,3,0,3,0.0,2.0,0.5,2.0,3,0.5,0.5,0.0,0.9541015625,0.0458984375,0.0,256,1024,0,0.0,375.3518490626822,174.67629996826872,0.0,187.4915945387151,13.183954555698378,0,3182.8045150063435,0,2892.755515017986,1.0120116644025829e-06,8.466792322549025e-07,1.6448272385961664e-06,3.2011904455392605e-08,7.447069027087618e-08,8.139070157933018e-07,4.423907745773222e-06,no_nsga2,nsga2
0,764,764,train,2.4832380414009094,0.275390625,0.671875,8,64,512,283.8352999970084,48.27785272561417,2.393466334336264,41.71129466062446,52.98619999666698,6.255651399308837,13.524135609829951,19.779787009138786,0.007100010407157242,0.0,11.470460315642502,8.302226683089128,0,28.185260307030212,1803.8566596499336,2097152.0,2,0.5,0.5,0.0,0.0,0.0,84.67493324150136,0.006399990525096655,0.0,63.87153814198591,20.79699510899036,0,0,0,18.31804535649998,66.35688788500138,0.0,1048576,1048576,0,8,4,0.25,2,0.5,0,1,1.0,0.30459390115263907,3,3,0,1.0,0.0,0.0,1.0,0,0.5,0.5,0.0,0.94140625,0.05859375,0.0,256,1024,0,0.0,369.5304548822996,165.99740002129693,0.0,190.05945212038495,13.4736027406177,0,2999.6709985045036,0,2715.835698507495,9.655570545122834e-07,9.573865337345056e-07,1.6684517864249789e-06,3.127825699654419e-08,8.11448136589797e-08,8.467493324150136e-07,4.550567777742305e-06,no_nsga2,nsga2
0,765,765,train,2.459181785583496,0.28515625,0.6875,8,64,512,322.3911999957636,53.62730733044581,2.2603927505483967,42.14407169587093,39.45019999810029,6.253156871286114,13.133496398743716,19.386653270029832,0.00689999433234334,0.0,11.712411268549143,7.667342007148344,0,24.814496132676673,1588.127752491307,2097152.0,2,0.5,0.5,0.0,0.0,0.0,81.27179383332604,0.006199989002197981,0.0,61.74744794677267,19.518145897551186,0,0,0,16.838640401776228,64.43315343154981,0.0,1048576,1048576,0,8,4,0.25,2,0.5,0,1,1.0,0.2091524583687337,3,0,3,0.0,2.0,0.5,2.0,3,0.5,0.5,0.0,0.9560546875,0.0439453125,0.0,256,1024,0,0.0,392.1270871074605,186.87250000948552,0.0,190.79152635887039,14.46306073910463,0,470.17461150237045,0,147.78341150660685,1.0725461466089163e-06,9.041571002193587e-07,1.685762867834837e-06,3.126578435643057e-08,7.880097839246229e-08,8.127179383332606e-07,4.585250815745266e-06,no_nsga2,nsga2
0,766,766,train,2.4897250533103943,0.279296875,0.63671875,8,64,512,206.6393999994034,27.506979687135633,2.065277785135439,41.79059508412577,36.66179999709129,5.705389258812035,11.55430045352432,17.259689712336353,0.006400005077011883,0.0,10.851956254944737,6.401333452314607,0,38.71459791997643,2477.7342668784913,2097152.0,2,0.5,0.5,0.0,0.0,0.0,76.25080996946855,0.008100003469735384,0.0,56.546236807794024,19.69647315820479,0,0,0,16.82125131700397,59.429558652464586,0.0,1048576,1048576,0,8,4,0.25,2,0.5,0,1,1.0,0.26994862967019156,3,3,0,1.0,0.0,0.0,1.0,0,0.5,0.5,0.0,0.943359375,0.056640625,0.0,256,1024,0,0.0,285.4514102255873,82.61980004317593,0.0,189.95539414414569,12.876216038265728,0,470.17461150237045,0,263.53521150296706,5.501395937427127e-07,8.261111140541757e-07,1.6716238033650308e-06,2.8526946294060177e-08,6.932580272114591e-08,7.625080996946857e-07,3.9082353598718105e-06,no_nsga2,nsga2
0,767,767,train,2.4128013849258423,0.263671875,0.677734375,8,64,512,404.320400004508,68.82757326530816,2.2489844636192498,41.699605018756614,37.29010000824928,5.606078889715992,12.667236006742655,18.273314896458647,0.007099995855242014,0.0,10.824803550008962,7.441411350594443,0,19.786239362820776,1266.3193192205297,2097152.0,2,0.5,0.5,0.0,0.0,0.0,81.803126178772,0.005700014298781753,0.0,61.188643547009846,20.608782617463373,0,0,0,18.0090665808861,63.7940595978859,0.0,1048576,1048576,0,8,4,0.25,2,0.5,0,1,1.0,0.25097720212391433,3,0,3,0.0,2.0,0.5,2.0,3,0.5,0.5,0.0,0.94140625,0.05859375,0.0,256,1024,0,0.0,451.1046509907361,249.57659999199677,0.0,188.56196380003672,12.96608719870255,0,479.06634600556555,0,74.74594600105758,1.3765514653061631e-06,8.995937854477e-07,1.6679842007502645e-06,2.803039444857996e-08,7.600341604045592e-08,8.180312617877199e-07,4.866194523780884e-06,no_nsga2,nsga2
0,768,768,train,2.429818570613861,0.271484375,0.671875,8,64,512,213.2945000048494,27.3347287674276,2.1193580229209505,41.811729380133094,37.720699998317286,6.555993331316227,13.241105925739749,19.797099257055976,0.007099995855242014,0.0,12.70955624969896,7.0804430115017745,0,37.506651569386676,2400.4257004407473,2097152.0,2,0.5,0.5,0.0,0.0,0.0,80.72104677656765,0.005900015821680427,0.0,60.82848248387338,19.88666427687258,0,0,0,17.46622185508989,63.25482492147775,0.0,1048576,1048576,0,8,4,0.25,2,0.5,0,1,1.0,0.14759070521249812,3,3,0,1.0,0.0,0.0,1.0,0,0.5,0.5,0.0,0.9560546875,0.0439453125,0.0,256,1024,0,0.0,285.06326468192657,83.40590007719584,0.0,187.23860524520015,14.418759359530565,0,479.06634600556555,0,265.77184600071615,5.46694575348552e-07,8.477432091683803e-07,1.6724691752053237e-06,3.277996665658114e-08,7.944663555443847e-08,8.072104677656764e-07,3.986344029698953e-06,no_nsga2,nsga2
0,769,769,train,2.5036609172821045,0.279296875,0.640625,8,64,512,370.8570000017062,59.530462342647134,2.3018807378685207,42.78969984702409,38.82070000690874,6.503046387557297,14.573174762663108,21.076221150220405,0.006400005077011883,0.0,12.781875005131958,8.287946140011433,0,21.57159883287726,1380.5823253041447,2097152.0,2,0.5,0.5,0.0,0.0,0.0,80.83607639156821,0.005599998985417187,0.0,61.324224611719316,19.506251780863487,0,0,0,16.95519813786477,63.88087825370345,0.0,1048576,1048576,0,8,4,0.25,2,0.5,0,1,1.0,0.17369072493825644,3,0,3,0.0,2.0,0.5,2.0,3,0.5,0.5,0.0,0.9482421875,0.0517578125,0.0,256,1024,0,0.0,418.488171710159,212.22209997358732,0.0,189.6697705872767,16.59630114929495,0,479.06634600556555,0,108.20934600385937,1.1906092468529429e-06,9.207522951474082e-07,1.7115879938809634e-06,3.251523193778649e-08,8.743904857597864e-08,8.083607639156822e-07,4.7512645803107616e-06,no_nsga2,nsga2
0,770,770,train,2.5200347304344177,0.26171875,0.634765625,8,64,512,288.6932999972487,49.09088343365973,2.190614835390785,41.823449781832096,41.95800000161398,6.82329441953434,14.107135431376939,20.93042985091128,0.00650000583846122,0.0,12.694291007652236,8.229638837420582,0,27.710973164611293,1773.5022825351227,2097152.0,2,0.5,0.5,0.0,0.0,0.0,82.91129706881048,0.005599984433501959,0.0,62.72147603029292,20.184221054084063,0,0,0,17.5960134758083,65.31528359300218,0.0,1048576,1048576,0,8,4,0.25,2,0.5,0,1,1.0,0.19776865982085054,3,3,0,1.0,0.0,0.0,1.0,0,0.5,0.5,0.0,0.9638671875,0.0361328125,0.0,256,1024,0,0.0,372.41979220353045,169.68769994855393,0.0,188.74860363561373,13.98348861936276,0,479.06634600556555,0,190.37304600831686,9.818176686731947e-07,8.76245934156314e-07,1.6729379912732837e-06,3.4116472097671704e-08,8.464281258826162e-08,8.291129706881049e-07,4.47887384947683e-06,no_nsga2,nsga2
0,771,771,train,2.5281038880348206,0.2734375,0.62890625,8,64,512,399.7091999917757,67.7093922194594,2.4193271340364055,42.04942759893788,60.530399990966544,6.707365246841292,15.192859280664639,21.90022452750593,0.006499991286545992,0.0,12.034379693344524,9.85934484287486,0,20.01450050602813,1280.9280323858004,2097152.0,2,0.5,0.5,0.0,0.0,0.0,79.75132051525092,0.02059999678749591,0.0,61.4856083334044,18.24511218505903,0,0,0,17.427177414870343,62.32414310038058,0.0,1048576,1048576,0,8,4,0.25,2,0.5,0,1,1.0,0.19776865982085054,3,0,3,0.0,2.0,0.5,2.0,3,0.5,0.5,0.0,0.9501953125,0.0498046875,0.0,256,1024,0,0.0,448.71258780973477,243.40550000488292,0.0,188.52441269319607,16.782675111655788,0,479.06634600556555,0,79.35714601378987,1.3541878443891884e-06,9.677308536145623e-07,1.6819771039575155e-06,3.3536826234206465e-08,9.115715568398782e-08,7.975132051525093e-07,4.9261029890319694e-06,no_nsga2,nsga2
0,772,772,train,2.511555790901184,0.236328125,0.638671875,8,64,512,583.6581000039587,88.74037610697182,3.9596260467708375,44.16257450100096,371.83199998980854,8.566163814555047,25.77133196092933,34.33749577548438,0.009800001862458885,0.0,12.154724368166962,22.172971405454955,0,13.706631148123519,877.2243934799052,2097152.0,2,0.5,0.5,0.0,0.0,0.0,78.4208662200509,0.008899995009414852,0.0,59.16790664514605,19.24405957989543,0,0,0,17.271031407627916,61.149834812422974,0.0,1048576,1048576,0,8,4,0.25,2,0.5,0,1,1.0,0.2091524583687337,3,3,0,1.0,0.0,0.0,1.0,0,0.5,0.5,0.0,0.9521484375,0.0478515625,0.0,256,1024,0,0.0,547.4503066189744,324.3233999819495,0.0,186.46206444579514,36.664842191229845,0,581.3267625051227,1,-2.3313374988359783,1.7748075221394366e-06,1.5838504187083352e-06,1.766502980040039e-06,4.283081907277524e-08,1.5462799176557595e-07,7.842086622005089e-07,6.106828393926671e-06,no_nsga2,nsga2
0,773,773,train,2.5361945033073425,0.26171875,0.638671875,8,64,512,467.5277000060305,77.2370654837395,2.560189553164503,41.54686056857238,36.37879999587312,6.597793590608491,16.229592116963733,22.827385707572226,0.00750001345295459,0.0,11.367008472988166,11.452877221131105,0,17.111248999038587,1095.1199359384696,2097152.0,2,0.5,0.5,0.0,0.0,0.0,81.70920263564733,0.006399990525096655,0.0,60.7995392253137,20.903263419808525,0,0,0,18.232039346599556,63.47716328904777,0.0,1048576,1048576,0,8,4,0.25,2,0.5,0,1,1.0,0.25097720212391433,3,0,3,0.0,2.0,0.5,2.0,3,0.5,0.5,0.0,0.9462890625,0.0537109375,0.0,256,1024,0,0.0,485.37646242190544,279.5806000212906,0.0,186.33988418308192,19.455978217532966,0,584.5393620053798,0,117.01166199934926,1.54474130967479e-06,1.0240758212658012e-06,1.6618744227428952e-06,3.298896795304246e-08,9.73775527017824e-08,8.170920263564735e-07,5.178150100694784e-06,no_nsga2,nsga2
0,774,774,train,2.480681598186493,0.255859375,0.640625,8,64,512,230.13060000084806,34.42233319615946,2.5554590861429025,41.31884268233378,35.52859999763314,6.484480833401083,15.708665192458817,22.1931460258599,0.007000009645707905,0.0,12.335967064270399,9.850178951943791,0,34.76271837492339,2224.813975995097,2097152.0,2,0.5,0.5,0.0,0.0,0.0,78.69906618160931,0.005999987479299307,0.0,58.88057239589345,19.812493798236552,0,0,0,17.419211254795936,61.27985492681337,0.0,1048576,1048576,0,8,4,0.25,2,0.5,0,1,1.0,0.25097720212391433,3,3,0,1.0,0.0,0.0,1.0,0,0.5,0.5,0.0,0.951171875,0.048828125,0.0,256,1024,0,0.0,313.18653985854456,109.49780001828913,0.0,187.02041173702392,16.668328103231495,0,584.5393620053798,0,354.4087620045317,6.884466639231893e-07,1.0221836344571611e-06,1.6527537072933512e-06,3.242240416700542e-08,9.425199115475289e-08,7.869906618160931e-07,4.277049062811553e-06,no_nsga2,nsga2
0,775,775,train,2.3711710572242737,0.291015625,0.69140625,8,64,512,181.55599999590777,27.04144536476842,2.1683598881225525,40.645197154317394,38.8051999907475,5.716528144881392,12.3041846939235,18.02071283880489,0.006799993570894003,0.0,10.855087510416539,7.15882533481746,0,44.063296927027416,2820.0510033297546,2097152.0,2,0.5,0.0,0.5,0.0,0.0,42.68316681609576,0.006400005077011883,0.0,23.191525877806164,19.48524093321259,0,0,0,17.769917766666644,0.0,24.91324904942912,1048576,0,1048576,8,4,0.25,2,0.5,0,1,1.0,0.20915249756217386,3,0,3,0.0,2.0,0.5,2.0,3,0.5,0.5,0.0,0.9423828125,0.0576171875,0.0,256,1024,0,0.0,279.4200096288335,80.5856999795651,0.0,185.3546446189095,13.479665030358875,0,584.5393620053798,0,402.983362009472,5.408289072953686e-07,8.673439552490209e-07,1.625807886172696e-06,2.858264072440696e-08,7.382510816354099e-08,4.2683166816095763e-07,3.5632201657659908e-06,no_nsga2,nsga2
0,776,776,train,2.4795172810554504,0.25,0.62890625,8,64,512,357.55470000731293,59.02135796881725,2.3638804853336985,41.91831557263224,36.242400004994124,6.2584427790145964,14.504913586330176,20.763356365344773,0.00650000583846122,0.0,11.686686917831453,9.070169441674858,0,22.3741363928372,1431.9447291415809,2097152.0,2,0.5,0.5,0.0,0.0,0.0,83.2651096973386,0.008699993486516178,0.0,62.896157223304215,20.360252480547878,0,0,0,17.966001575874394,65.2991081214642,0.0,1048576,1048576,0,8,4,0.25,2,0.5,0,1,1.0,0.2201412464909665,3,3,0,1.0,0.0,0.0,1.0,0,0.5,0.5,0.0,0.9453125,0.0546875,0.0,256,1024,0,0.0,413.21421610713276,208.98490001854952,0.0,189.76321391520736,14.466102173375866,0,584.5393620053798,0,226.98466199806683,1.1804271593763451e-06,9.455521941334795e-07,1.67673262290529e-06,3.129221389507298e-08,8.702948151798104e-08,8.32651096973386e-07,4.753684768801554e-06,no_nsga2,nsga2
0,777,777,train,2.5474244356155396,0.25,0.630859375,8,64,512,195.3913999896031,27.70553915570254,2.2896034018070965,42.468431384194474,36.374199989950284,6.097026218653256,13.141840533742204,19.23886675239546,0.006799993570894003,0.0,11.095680549207156,8.136386209617408,0,40.94325060967409,2620.3680390191416,2097152.0,2,0.5,0.5,0.0,0.0,0.0,81.40970523907194,0.006100002792663872,0.0,62.587653764941656,18.815951471337627,0,0,0,17.41288237248526,63.99682286658668,0.0,1048576,1048576,0,8,4,0.25,2,0.5,0,1,1.0,0.18595995617580352,3,0,3,0.0,2.0,0.5,2.0,3,0.5,0.5,0.0,0.9560546875,0.0439453125,0.0,256,1024,0,0.0,289.85429576681645,81.46919995488133,0.0,194.1822633565003,14.202832455434788,0,584.5393620053798,0,389.14796201577667,5.541107831140508e-07,9.158413607228387e-07,1.6987372553677792e-06,3.0485131093266285e-08,7.885104320245322e-08,8.140970523907195e-07,4.092122625891108e-06,no_nsga2,nsga2
0,778,778,train,2.509397804737091,0.255859375,0.62890625,8,64,512,356.403899990255,55.793471898186915,2.0902899218033246,40.7240873648016,37.75849999510683,5.978432078500147,12.505416464120106,18.48384854262025,0.007299997378140688,0.0,11.825456242259458,6.651092302982655,0,22.44638050772798,1436.5683524945907,2097152.0,2,0.5,0.5,0.0,0.0,0.0,77.44483892982967,0.006099988240748644,0.0,58.01033447741885,19.428404464170065,0,0,0,17.65766862594819,59.787170303881474,0.0,1048576,1048576,0,8,4,0.25,2,0.5,0,1,1.0,0.19776865982085054,3,3,0,1.0,0.0,0.0,1.0,0,0.5,0.5,0.0,0.955078125,0.044921875,0.0,256,1024,0,0.0,394.4313967391674,194.61499998578802,0.0,187.7046028268694,12.111793926509925,0,584.5393620053798,0,228.13546201512474,1.1158694379637386e-06,8.361159687213299e-07,1.6289634945920639e-06,2.989216039250073e-08,7.503249878472064e-08,7.744483892982968e-07,4.46032194975265e-06,no_nsga2,nsga2
0,779,779,train,2.490636646747589,0.26171875,0.642578125,8,64,512,405.5934000061825,68.33739561062929,2.204010348005559,41.91625873328944,36.75440000370145,6.624798464630609,11.895119724109211,18.51991818873982,0.006999995093792677,0.0,11.635437034203504,6.877481159442524,0,19.724138202790908,1262.344844978618,2097152.0,2,0.5,0.5,0.0,0.0,0.0,77.55553716916651,0.006099988240748644,0.0,58.09653277882238,19.452904402103393,0,0,0,17.314971043280522,60.240566125886,0.0,1048576,1048576,0,8,4,0.25,2,0.5,0,1,1.0,0.2201412464909665,3,0,3,0.0,2.0,0.5,2.0,3,0.5,0.5,0.0,0.9423828125,0.0576171875,0.0,256,1024,0,0.0,449.8306587676971,244.9206999881426,0.0,191.55395764478072,13.356001134773852,0,584.5393620053798,0,178.94596199919727,1.3667479122125857e-06,8.816041392022234e-07,1.6766503493315776e-06,3.3123992323153045e-08,7.137071834465525e-08,7.755553716916652e-07,4.805052483105859e-06,no_nsga2,nsga2
0,780,780,train,2.5514625310897827,0.234375,0.62890625,8,64,512,290.0923999986844,49.885834772580665,2.2017409122401004,40.68293224824359,39.77149999991525,6.55687159850795,13.718843479314803,20.275715077822753,0.007099995855242014,0.0,11.874653608308245,8.393961473659264,0,27.577325096111394,1764.9488061511292,2097152.0,2,0.5,0.5,0.0,0.0,0.0,79.19815219763476,0.005900001269765198,0.0,59.06186337998704,20.13038881637795,0,0,0,16.854435113884207,62.34371708375054,0.0,1048576,1048576,0,8,4,0.25,2,0.5,0,1,1.0,0.2091524583687337,3,3,0,1.0,0.0,0.0,1.0,0,0.5,0.5,0.0,0.951171875,0.048828125,0.0,256,1024,0,0.0,371.0820317322574,170.87120001087897,0.0,185.67634141247316,14.53449030890528,0,584.5393620053798,0,294.44696200669534,9.977166954516135e-07,8.806963648960401e-07,1.6273172899297434e-06,3.2784357992539757e-08,8.23130608758888e-08,7.919815219763475e-07,4.412809291122173e-06,no_nsga2,nsga2
0,781,781,train,2.4787551760673523,0.259765625,0.638671875,8,64,512,340.82939999643713,55.79028303377015,2.2427722829069947,40.971439431519336,52.69070000213105,6.362950453272236,12.818396362197543,19.18134681546978,0.007299997378140688,0.0,12.135112385825234,7.038934432266406,0,23.472084649971446,1502.2134175981726,2097152.0,2,0.5,0.5,0.0,0.0,0.0,79.00263875704455,0.010399991879239678,0.0,60.18896839390197,18.803270371263338,0,0,0,16.350647735605477,62.65199102143907,0.0,1048576,1048576,0,8,4,0.25,2,0.5,0,1,1.0,0.14759074590838162,3,0,3,0.0,2.0,0.5,2.0,3,0.5,0.5,0.0,0.947265625,0.052734375,0.0,256,1024,0,0.0,396.0179789927859,194.8498999408912,0.0,188.03047542977927,13.137603622115485,0,511.06787050637655,0,170.23847050993942,1.115805660675403e-06,8.971089131627979e-07,1.6388575772607735e-06,3.181475226636119e-08,7.691037817318526e-08,7.900263875704455e-07,4.550523669108967e-06,no_nsga2,nsga2
0,782,782,train,2.5174609422683716,0.244140625,0.638671875,8,64,512,194.70540000475012,26.77566539761427,2.2984991482078314,40.80231558537844,42.37290000310168,5.640191332833433,13.39849182709749,19.038683159930926,0.00650000583846122,0.0,11.241542797599323,7.790640356493142,0,41.08750405638864,2629.600259608873,2097152.0,2,0.5,0.5,0.0,0.0,0.0,78.76283458129907,0.006200003554113209,0.0,59.42681975565859,19.329814822086362,0,0,0,17.69831732150962,61.06451725978945,0.0,1048576,1048576,0,8,4,0.25,2,0.5,0,1,1.0,0.14759070521249812,3,3,0,1.0,0.0,0.0,1.0,0,0.5,0.5,0.0,0.951171875,0.048828125,0.0,256,1024,0,0.0,279.50592052480215,79.11959997727536,0.0,186.78442650038363,13.601894047143134,0,483.6229915067086,0,288.9175915019585,5.355133079522854e-07,9.193996592831327e-07,1.6320926234151374e-06,2.820095666416717e-08,8.039095096258494e-08,7.876283458129907e-07,3.983225844090298e-06,no_nsga2,nsga2
0,783,783,train,2.4882936477661133,0.240234375,0.6484375,8,64,512,307.47949999931734,51.877667297113646,2.0688773546601222,41.168991975196306,38.62220000883099,6.026034232995663,12.309297762130726,18.33533199512639,0.006800008122809231,0.0,12.139829639686475,6.188702347317106,0,26.017910078908294,1665.1462450501308,2097152.0,2,0.5,0.5,0.0,0.0,0.0,80.2624682208731,0.006400005077011883,0.0,60.122937306366815,20.133130909429283,0,0,0,17.510595447820798,62.75187277305231,0.0,1048576,1048576,0,8,4,0.25,2,0.5,0,1,1.0,0.19776865982085054,3,0,3,0.0,2.0,0.5,2.0,3,0.5,0.5,0.0,0.9462890625,0.0537109375,0.0,256,1024,0,0.0,380.46214650788033,178.35599998943508,0.0,189.5015543408511,12.604592177594153,0,483.6229915067086,0,176.14349150739127,1.037553345942273e-06,8.275509418640489e-07,1.6467596790078524e-06,3.013017116497832e-08,7.385578657278434e-08,8.026246822087313e-07,4.418474606760668e-06,no_nsga2,nsga2
0,784,784,train,2.45602947473526,0.2421875,0.66015625,8,64,512,366.8909999978496,61.950416136280005,2.26191270364201,41.30117390016433,37.86709999258164,6.9191607946529325,12.998787668585633,19.917948463238567,0.007000009645707905,0.0,12.074847809118783,7.836100644474076,0,21.804781788774054,1395.5060344815395,2097152.0,2,0.5,0.5,0.0,0.0,0.0,82.94732155576446,0.00589998671784997,0.0,62.2720526557951,20.669368913251525,0,0,0,18.177857050196003,64.76946450556846,0.0,1048576,1048576,0,8,4,0.25,2,0.5,0,1,1.0,0.16091838189257093,3,3,0,1.0,0.0,0.0,1.0,0,0.5,0.5,0.0,0.9541015625,0.0458984375,0.0,256,1024,0,0.0,422.0540109603454,220.42349996627308,0.0,186.3691486323408,15.261362361731507,0,483.6229915067086,0,116.73199150885904,1.2390083227256002e-06,9.047650814568041e-07,1.6520469560065735e-06,3.459580397326467e-08,7.799272601151379e-08,8.294732155576448e-07,4.737882105731401e-06,no_nsga2,nsga2
0,785,785,train,2.497444748878479,0.263671875,0.62109375,8,64,512,383.2113999960711,65.78133478545291,2.251513207345427,41.926349252252436,36.4728999993531,6.045893052784236,13.238372192916653,19.28426524570089,0.006600006599910557,0.0,12.50990975097269,6.767755488128289,0,20.876151189476175,1336.0736761264752,2097152.0,2,0.5,0.5,0.0,0.0,0.0,80.64686395970354,0.006099988240748644,0.0,62.15305164569356,18.48771232576923,0,0,0,17.080244112813325,63.56661984689021,0.0,1048576,1048576,0,8,4,0.25,2,0.5,0,1,1.0,0.19776865982085054,3,0,3,0.0,2.0,0.5,2.0,3,0.5,0.5,0.0,0.9541015625,0.0458984375,0.0,256,1024,0,0.0,439.83678898020304,234.64949998015072,0.0,191.7414955470863,13.44579345296605,0,483.6229915067086,0,100.41159151063749,1.3156266957090582e-06,9.00605282938171e-07,1.6770539700900973e-06,3.0229465263921184e-08,7.943023315749992e-08,8.064686395970355e-07,4.8094142867557825e-06,no_nsga2,nsga2
0,786,786,train,2.5184863805770874,0.251953125,0.658203125,8,64,512,308.8558000017656,51.51633900286829,2.1349569308572907,40.91909088814917,36.87389999686275,6.474779459692839,12.554817099842733,19.029596559535573,0.00689999433234334,0.0,12.113996933866709,6.90869963133652,0,25.901971398895114,1657.7261695292873,2097152.0,2,0.5,0.0,0.5,0.0,0.0,43.07093156489039,0.010199990356341004,0.0,23.599090700912637,19.461640873621405,0,0,0,16.651700708934495,0.0,26.419230855955888,1048576,0,1048576,8,4,0.25,2,0.5,0,1,1.0,0.2201412464909665,3,3,0,1.0,0.0,0.0,1.0,0,0.5,0.5,0.0,0.951171875,0.048828125,0.0,256,1024,0,0.0,378.28154728749905,178.5925999720348,0.0,186.43906008828736,13.249887227176846,0,483.6229915067086,0,174.767191504943,1.030326780057366e-06,8.539827723429164e-07,1.6367636355259669e-06,3.23738972984642e-08,7.532890259905639e-08,4.3070931564890387e-07,4.059485303472674e-06,no_nsga2,nsga2
0,787,787,train,2.363106071949005,0.2890625,0.697265625,8,64,512,307.1312999963993,50.63738740359916,2.2161634905430745,41.17497611952681,39.36380000959616,5.643484411849871,12.539459941883814,18.182944353733685,0.006499991286545992,0.0,11.102062743358754,7.074381619088384,0,26.047406932106423,1667.034043654811,2097152.0,2,0.5,0.5,0.0,0.0,0.0,83.61913577774752,0.005700014298781753,0.0,62.78133441947746,20.83210134397128,0,0,0,18.243666273264004,65.37546950448352,0.0,1048576,1048576,0,8,4,0.25,2,0.5,0,1,1.0,0.10351650354811201,3,0,3,0.0,2.0,0.5,2.0,3,0.5,0.5,0.0,0.96484375,0.03515625,0.0,256,1024,0,0.0,376.1141080546762,175.4077999648871,0.0,188.02426225024993,12.682045839539168,0,483.6229915067086,0,176.4916915103093,1.0127477480719832e-06,8.864653962172299e-07,1.6469990447810728e-06,2.8217422059249355e-08,7.523675965130288e-08,8.361913577774753e-07,4.485857728558314e-06,no_nsga2,nsga2
0,788,788,train,2.439406454563141,0.28515625,0.6953125,8,64,512,384.6290999936173,67.029514751095,2.184157280732741,40.97033297823759,37.396500003524125,6.707265921505946,14.026798679930952,20.7340646014369,0.006900008884258568,0.0,13.077193951853667,7.649970640698973,0,20.7992042227916,1331.1490702586625,2097152.0,2,0.5,0.5,0.0,0.0,0.0,81.55431032266473,0.005900015821680427,0.0,63.02978222923327,18.518628077609783,0,0,0,17.529872366992322,64.02443795567241,0.0,1048576,1048576,0,8,4,0.25,2,0.5,0,1,1.0,0.2201412464909665,3,3,0,1.0,0.0,0.0,1.0,0,0.5,0.5,0.0,0.9462890625,0.0537109375,0.0,256,1024,0,0.0,440.73602004026134,240.57490000268444,0.0,187.2701802993803,12.89093973819654,0,483.6229915067086,0,98.99389151309134,1.3405902950219002e-06,8.736629122930963e-07,1.638813319129504e-06,3.3536329607529735e-08,8.41607920795857e-08,8.155431032266473e-07,4.7863067513582634e-06,no_nsga2,nsga2
0,789,789,train,2.5057477355003357,0.255859375,0.69921875,8,64,512,340.68069999921136,57.38053375241946,2.3205300388071506,41.71369311334398,36.33560000162106,6.1566191051352055,13.949032686649996,20.105651791785203,0.007399998139590025,0.0,11.802051722991724,8.296200070653889,0,23.482329693724434,1502.8691003983638,2097152.0,2,0.5,0.5,0.0,0.0,0.0,79.69786477806623,0.006600021151825786,0.0,59.96074479766271,19.730519959251694,0,0,0,16.74508017641621,62.95278460165002,0.0,1048576,1048576,0,8,4,0.25,2,0.5,0,1,1.0,0.13364216641330787,3,0,3,0.0,2.0,0.5,2.0,3,0.5,0.5,0.0,0.9697265625,0.0302734375,0.0,256,1024,0,0.0,405.6590276182824,202.11700000800192,0.0,188.68622817465135,14.855799435629095,0,483.6229915067086,0,142.94229150749726,1.1476106750483894e-06,9.282120155228603e-07,1.6685477245337592e-06,3.078309552567603e-08,8.369419611989997e-08,7.969786477806624e-07,4.655826354531247e-06,no_nsga2,nsga2
0,790,790,train,2.453600585460663,0.30078125,0.67578125,8,64,512,338.6337999982061,55.26001435229695,2.1069535044503476,40.85948138532744,37.323800002923235,6.742619629141143,12.290171373566123,19.032791002707267,0.006399990525096655,0.0,12.489270991653116,6.537120020529053,0,23.624270157828967,1511.9532901010539,2097152.0,2,0.5,0.5,0.0,0.0,0.0,77.4621988460701,0.006300004315562546,0.0,57.312743954211626,20.143154887542906,0,0,0,17.877783907580284,59.584414938489815,0.0,1048576,1048576,0,8,4,0.25,2,0.5,0,1,1.0,0.13364216641330787,3,3,0,1.0,0.0,0.0,1.0,0,0.5,0.5,0.0,0.9560546875,0.0439453125,0.0,256,1024,0,0.0,392.9057969682989,193.96130004315637,0.0,185.72944549894564,13.215051426196915,0,483.6229915067086,0,144.98919150850253,1.1052002870459392e-06,8.42781401780139e-07,1.6343792554130973e-06,3.371309814570572e-08,7.374102824139673e-08,7.74621988460701e-07,4.464437059086979e-06,no_nsga2,nsga2
0,791,791,train,2.655975639820099,0.271484375,0.6640625,8,64,512,464.8393999959808,74.7940411197045,2.2839659530394467,41.57632054437761,36.35519999079406,6.647046598477756,14.444306800504968,21.091353398982726,0.007299997378140688,0.0,13.084433188918275,7.999620212686307,0,17.210208062959182,1101.4533160293877,2097152.0,2,0.5,0.5,0.0,0.0,0.0,84.3508283960328,0.009199997293762863,0.0,63.129800865104485,21.21182753363454,0,0,0,18.321883779689422,66.02894461634337,0.0,1048576,1048576,0,8,4,0.25,2,0.5,0,1,1.0,0.18595995617580352,3,0,3,0.0,2.0,0.5,2.0,3,0.5,0.5,0.0,0.947265625,0.052734375,0.0,256,1024,0,0.0,474.61731046848627,273.639499937417,0.0,187.01024787032082,13.967562660748435,0,512.9497615016589,0,48.110361505678156,1.4958808223940902e-06,9.135863812157787e-07,1.6630528217751045e-06,3.323523299238878e-08,8.66658408030298e-08,8.43508283960328e-07,5.03592938314072e-06,no_nsga2,nsga2
0,792,792,train,2.4832634925842285,0.27734375,0.671875,8,64,512,336.5699999994831,56.61132565258776,2.232529723719059,40.26830302660383,36.5447999938624,6.176421666897465,12.645096241090016,18.82151790798748,0.006999995093792677,0.0,11.707329344354964,7.1071885685387235,0,23.769130436110913,1521.2243479110984,2097152.0,2,0.5,0.5,0.0,0.0,0.0,81.43446956045918,0.00650000583846122,0.0,61.980192214002315,19.447777340618394,0,0,0,16.72305390174693,64.71141565871224,0.0,1048576,1048576,0,8,4,0.25,2,0.5,0,1,1.0,0.241032865595602,3,3,0,1.0,0.0,0.0,1.0,0,0.5,0.5,0.0,0.94140625,0.05859375,0.0,256,1024,0,0.0,396.4486336116426,197.94919999549165,0.0,185.99690000397635,12.502533612174599,0,512.9497615016589,0,176.37976150217582,1.1322265130517553e-06,8.930118894876236e-07,1.6107321210641537e-06,3.088210833448733e-08,7.587057744654009e-08,8.143446956045918e-07,4.557067904989151e-06,no_nsga2,nsga2
0,793,793,train,2.5016379952430725,0.25,0.69140625,8,64,512,213.73960000346415,27.674398090642924,2.189226823979766,40.52060098366768,37.78639998927247,5.942357991083595,12.114399354530544,18.056757345614137,0.00689999433234334,0.0,11.120819958757629,6.929037392524168,0,37.42854656471602,2395.4269801418254,2097152.0,2,0.5,0.5,0.0,0.0,0.0,81.51845883068785,0.005499983672052622,0.0,61.764420805516636,19.748538041499152,0,0,0,15.959697617797001,65.55876121289084,0.0,1048576,1048576,0,8,4,0.25,2,0.5,0,1,1.0,0.18595995617580352,3,0,3,0.0,2.0,0.5,2.0,3,0.5,0.5,0.0,0.9619140625,0.0380859375,0.0,256,1024,0,0.0,281.53690359316147,84.61700000043493,0.0,184.60739244816034,12.31251114456623,0,512.9497615016589,0,299.2101614981948,5.534879618128585e-07,8.756907295919064e-07,1.6208240393467074e-06,2.9711789955417977e-08,7.268639612718325e-08,8.151845883068785e-07,3.9675855051409515e-06,no_nsga2,nsga2
0,794,794,train,2.6334263682365417,0.240234375,0.630859375,8,64,512,359.89899998821784,56.49701247475994,2.312125826072121,41.23864996415718,37.140100001124665,5.58886428268499,13.617501241988975,19.206365524673966,0.007099995855242014,0.0,11.812945116560083,7.386320412258639,0,22.22839677761017,1422.6173937670508,2097152.0,2,0.5,0.5,0.0,0.0,0.0,81.83412106265803,0.006800008122809231,0.0,60.8684225393968,20.95889851513842,0,0,0,17.562201589397375,64.27191947326065,0.0,1048576,1048576,0,8,4,0.25,2,0.5,0,1,1.0,0.26994862967019156,3,3,0,1.0,0.0,0.0,1.0,0,0.5,0.5,0.0,0.9375,0.0625,0.0,256,1024,0,0.0,400.191153059957,197.8578000125708,0.0,188.62360093351282,13.709752113873384,0,512.9497615016589,0,153.0507615134411,1.129940249495199e-06,9.248503304288484e-07,1.6495459985662875e-06,2.794432141342495e-08,8.170500745193384e-08,8.183412106265804e-07,4.632327117982274e-06,no_nsga2,nsga2
0,795,795,train,2.64045250415802,0.234375,0.626953125,8,64,512,594.3576999998186,90.07462835281919,6.001182308314375,46.267431446078646,95.22639999340754,6.919253582864265,48.72353192650744,55.642785509371706,0.00790000194683671,0.0,11.804853437699037,43.83003206972583,0,13.459885419364504,861.4326668393282,2097152.0,2,0.5,0.5,0.0,0.0,0.0,74.97351533973095,0.006299989763647318,0.0,56.598768222345484,18.368447127621813,0,0,0,16.408992009665386,58.56452333006556,0.0,1048576,1048576,0,8,4,0.25,2,0.5,0,1,1.0,0.25097720212391433,3,0,3,0.0,2.0,0.5,2.0,3,0.5,0.5,0.0,0.9453125,0.0546875,0.0,256,1024,0,0.0,569.3729684288488,331.6272999654757,0.0,188.23793201916368,49.507736444209435,0,584.5393620053798,1,-9.81833799443882,1.8014925670563839e-06,2.4004729233257497e-06,1.850697257843146e-06,3.459626791432133e-08,2.923411915590446e-07,7.497351533973095e-07,7.129335361095956e-06,no_nsga2,nsga2
0,796,796,train,2.5412607192993164,0.291015625,0.66796875,8,64,512,1777.6327000028687,177.9657732791949,2.4090860732285746,116.62278018417742,1079.7896000003675,6.557963972835072,14.947040642616482,21.505004615451554,0.008800008799880743,0.0,11.815403803770327,9.680800802881349,0,4.500364726426536,288.0233424912983,2097152.0,2,0.5,0.5,0.0,0.0,0.0,82.50109934951286,0.011500000255182385,0.0,63.62563416488283,18.863965184374848,0,0,0,15.892621792010576,66.60847755750228,0.0,1048576,1048576,0,8,4,0.25,2,0.5,0,1,1.0,0.25097720212391433,3,3,0,1.0,0.0,0.0,1.0,0,0.5,0.5,0.0,0.9462890625,0.0537109375,0.0,256,1024,0,0.0,1187.9905581464036,684.5378000143683,0.0,189.05325980238854,314.39949832964686,0,648.4971680018498,1,-1129.1355320010189,3.5593154655838984e-06,9.636344292914298e-07,4.664911207367098e-06,3.278981986417536e-08,8.968224385569888e-08,8.250109934951286e-07,1.013534415945743e-05,no_nsga2,nsga2
0,797,797,train,2.638762652873993,0.21484375,0.61328125,8,64,512,242.46579999453388,38.449210441169335,2.484157566475464,41.90379607851451,44.93659999570809,5.915100529521475,16.695630212735743,22.610730742257218,0.008100003469735384,0.0,12.165347686936066,10.437283051851416,0,32.994207867552795,2111.629303523379,2097152.0,2,0.5,0.5,0.0,0.0,0.0,79.42019568438093,0.00549999822396785,0.0,58.15118478620023,21.263510899956728,0,0,0,17.993875289194786,61.42632039518614,0.0,1048576,1048576,0,8,4,0.25,2,0.5,0,1,1.0,0.16091838189257093,3,0,3,0.0,2.0,0.5,2.0,3,0.5,0.5,0.0,0.9423828125,0.0576171875,0.0,256,1024,0,0.0,331.3486563446372,127.34280001313891,0.0,187.5227499499943,16.483106381504022,0,648.4971680018498,0,406.0313680073159,7.689842088233868e-07,9.936630265901855e-07,1.6761518431405806e-06,2.957550264760738e-08,1.0017378127641444e-07,7.942019568438093e-07,4.362750319321984e-06,no_nsga2,nsga2
0,798,798,train,2.4319621324539185,0.302734375,0.69140625,8,64,512,288.022099994123,50.14802656821517,1.9997910041534608,39.97669289019831,37.97029999259394,6.671332372564745,13.006579462715251,19.677911835279996,0.006499991286545992,0.0,12.983677357045622,6.6877344869478295,0,27.77554994777585,1777.6351966576544,2097152.0,2,0.5,0.5,0.0,0.0,0.0,81.54271484005517,0.006299989763647318,0.0,62.02626269066438,19.51015215962714,0,0,0,17.448314019049743,64.09440082100542,0.0,1048576,1048576,0,8,4,0.25,2,0.5,0,1,1.0,0.16091838189257093,3,3,0,1.0,0.0,0.0,1.0,0,0.5,0.5,0.0,0.9443359375,0.0556640625,0.0,256,1024,0,0.0,368.4980418502678,171.68679999304004,0.0,184.43030229033212,12.38093956689561,0,648.4971680018498,0,360.4750680077268,1.0029605313643036e-06,7.999164016613843e-07,1.5990677156079324e-06,3.3356661862823726e-08,7.803947677629149e-08,8.154271484005518e-07,4.328767935673286e-06,no_nsga2,nsga2
0,799,799,train,2.4844680428504944,0.22265625,0.671875,8,64,512,347.13160000683274,54.33380003004121,2.1797215729571233,41.88052282819021,43.24050000286661,6.021032232807218,13.248429290752068,19.269461523559286,0.006600006599910557,0.0,10.840073339249122,8.422788177710254,0,23.04594843538905,1474.9406998648992,2097152.0,2,0.5,0.5,0.0,0.0,0.0,81.20810016182524,0.006299989763647318,0.0,61.00540060127024,20.196399570791357,0,0,0,17.949888913998528,63.258211247826715,0.0,1048576,1048576,0,8,4,0.25,2,0.5,0,1,1.0,0.17369072493825644,3,0,3,0.0,2.0,0.5,2.0,3,0.5,0.5,0.0,0.9580078125,0.0419921875,0.0,256,1024,0,0.0,393.5761777247542,189.8694999545114,0.0,188.16668843851758,15.539989331725199,0,648.4971680018498,0,301.36556799501705,1.0866760006008243e-06,8.718886291828492e-07,1.6752209131276085e-06,3.0105161164036095e-08,7.94905757445124e-08,8.120810016182525e-07,4.555462281438083e-06,no_nsga2,nsga2
0,800,800,val,2.6132983565330505,0.25390625,0.638671875,8,64,512,289.4355999887921,50.05838576760921,2.266401165745477,82.82114574864235,0.0,0.0,0.0,0.0,0.0,0.0,0.0,0.0,0,27.639904560479863,1768.9538918707112,0.0,0,0.0,0.0,0.0,0.0,0.0,0.0,0.0,0.0,0.0,0.0,0,0,0,0.0,0.0,0.0,0,0,0,8,4,0.25,2,0.5,2,1,1.0,0.241032865595602,0,0,0,0.0,0.0,0.0,0.0,0,0.5,0.5,0.0,0.947265625,0.052734375,0.0,256,1024,0,0.0,540.5837307279882,172.84469999140128,150.0,202.9607101085517,14.778320628035178,0,648.4971680018498,0,359.0615680130577,1.0011677153521842e-06,9.065604662981907e-07,3.9205902673516345e-06,0.0,0.0,0.0,5.828318449002009e-06,no_nsga2,nsga2
