epoch,step,step_in_epoch,phase,loss,acc_top1,acc_top5,batch_size,seq_len,tokens,step_time_ms,pre_fwd_ms,post_fwd_ms,expert_comm_ms,bwd_total_ms,pre_bwd_ms,post_bwd_ms,bwd_inv_total_ms,bwd_inv_queue_ms,bwd_inv_cold_ms,bwd_inv_net_ms,bwd_inv_compute_ms,bwd_inv_retry_cnt,samples_per_s,tokens_per_s,grad_bytes,grad_total,grad_mode_hot_frac,grad_mode_cold_frac,grad_mode_http_frac,grad_mode_local_frac,grad_mode_fallback_frac,grad_inv_total_ms,grad_inv_queue_ms,grad_inv_cold_ms,grad_inv_net_ms,grad_inv_compute_ms,grad_inv_retry_cnt,grad_nsga2_feasible,grad_fallback_cnt,grad_lat_hot_ms,grad_lat_cold_ms,grad_lat_http_ms,grad_bytes_hot,grad_bytes_cold,grad_bytes_http,dispatch_count,expert_inst_cnt,hot_ratio,active_expert_cnt,active_hot_ratio,hot_flip_cnt,hot_set_size,hot_set_jaccard,expert_load_entropy,cold_total_cnt,cold_skipped_cnt,cold_updated_cnt,cold_skip_ratio,cold_apply_steps_avg,cold_grad_scale_avg,cold_pending_steps_avg,cold_update_hit_cnt,fwd_mode_hot_frac,fwd_mode_cold_frac,fwd_mode_local_frac,fwd_mode_hot_frac_tok,fwd_mode_cold_frac_tok,fwd_mode_local_frac_tok,capacity,overflow_total_assignments,overflow_dropped_assignments,overflow_drop_ratio,inv_total_ms,inv_queue_ms,inv_cold_ms,inv_net_ms,inv_compute_ms,inv_retry_cnt,deadline_ms,deadline_miss,deadline_slack_ms,cost_usd_pre_fwd,cost_usd_post_fwd,cost_usd_expert_fwd,cost_usd_pre_bwd,cost_usd_post_bwd,cost_usd_grad_apply,cost_usd_step,ablation_mode,grad_selector
0,0,0,train,7.641397476196289,0.0,0.0,8,64,512,4900.6580999994185,562.7955983032757,399.4648506260529,151.93955665008804,150.3839000070002,8.443379300579283,391.0183401580704,399.46171945864967,0.009700001101009548,0.0,11.446106494678222,388.0059129628704,0,1.6324334822638344,104.4757428648854,2097152.0,2,0.0,0.0,1.0,0.0,0.0,55.054864736957725,0.006200018106028438,0.0,37.33801226706537,17.710652451786324,0,1,0,0.0,0.0,27.527432368478863,0,0,2097152,8,4,0.0,2,0.0,0,0,1.0,0.0,4,4,0,1.0,0.0,0.0,1.0,0,0.0,1.0,0.0,0.0,1.0,0.0,256,1024,0,0.0,4456.800022317667,2581.5387000184273,820.0,127.50557873110583,927.7557435681337,0,200.0,1,-4700.6580999994185,1.1255911966065517e-05,9.58715641502527e-06,6.494595959857406e-06,4.221689650289642e-08,2.346110040948422e-06,6.055205665248685e-07,3.0331511844924377e-05,no_hotcold,nsga2
0,1,1,train,7.387756943702698,0.0,0.005859375,8,64,512,92.98089999356307,14.26780424048965,12.095513212831191,21.18853819024342,38.53009999147616,6.792071439919896,14.63491022516683,21.42698166508673,0.007099995855242014,0.0,12.00201672375804,9.417864945473445,0,86.03825046115236,5506.448029513751,2097152.0,2,0.0,0.0,1.0,0.0,0.0,50.36107417295391,0.006200003554113209,0.0,33.80864439254219,16.54622977685761,0,1,0,0.0,0.0,25.180537086476956,0,0,2097152,8,4,0.0,2,0.0,0,0,1.0,0.0,4,0,0,0.0,0.0,0.0,2.0,4,0.0,1.0,0.0,0.0,1.0,0.0,256,1024,0,0.0,190.207422574257,30.181500042090192,0.0,133.80839165972634,26.21753087244049,0,200.0,0,107.01910000643693,2.85356084809793e-07,2.902923171079486e-07,9.224148206108504e-07,3.396035719959948e-08,8.780946135100097e-08,5.561862328504218e-07,2.1760192739296144e-06,no_hotcold,nsga2
0,2,2,train,6.315855383872986,0.146484375,0.3515625,8,64,512,417.74390000500716,71.26245785882513,11.404575099441903,21.245037976961605,41.749600000912324,6.303334812405778,14.266513326062814,20.569848138468593,0.007599999662488699,0.0,12.236712676551619,8.325535462254486,0,19.150443248748484,1225.628367919903,2097152.0,2,0.0,0.0,1.0,0.0,0.0,50.79155570674876,0.006399990525096655,0.0,33.91586661705199,16.869289099171677,0,1,0,0.0,0.0,25.39577785337438,0,0,2097152,8,4,0.0,2,0.0,0,0,1.0,0.0,4,4,0,1.0,0.0,0.0,3.0,0,0.0,1.0,0.0,0.0,1.0,0.0,256,1024,0,0.0,415.64828374091456,258.56620000558905,0.0,129.76136386213804,27.320719873187493,0,200.0,1,-217.74390000500716,1.4252491571765029e-06,2.7370980238660564e-07,9.229106026314989e-07,3.151667406202889e-08,8.559907995637687e-08,5.561435889051417e-07,3.2951289051181545e-06,no_hotcold,nsga2
0,3,3,train,5.989890694618225,0.171875,0.416015625,8,64,512,735.6312999909278,73.42088953818836,84.00560141354703,20.478983820771496,56.29659999976866,5.452824091724704,14.815598887385738,20.26842297911044,0.007499998901039362,0.0,11.807326531273414,8.453596448935988,0,10.87499828392345,695.9998901711008,2097152.0,2,0.0,0.0,1.0,0.0,0.0,52.00377964439012,0.006699992809444666,0.0,34.989189460071245,17.007890191509425,0,1,0,0.0,0.0,26.00188982219506,0,0,2097152,8,4,0.0,2,0.0,0,0,1.0,0.0,4,0,0,0.0,0.0,0.0,4.0,4,0.0,1.0,0.0,0.0,1.0,0.0,256,1024,0,0.0,711.6218990900275,265.3887999767903,300.0,124.47367657320973,21.75942254002745,0,200.0,1,-535.6312999909278,1.4684177907637672e-06,3.0419613741641406e-05,8.905069184327797e-07,2.726412045862352e-08,8.889359332431442e-08,5.721726489040729e-07,3.346686881352496e-05,no_hotcold,nsga2
0,4,4,train,5.385592460632324,0.1640625,0.48046875,8,64,512,338.21119999629445,58.441722393685005,2.3222753757147236,19.697009486424506,37.430299998959526,5.927687892071017,12.703009501860334,18.63069739393135,0.007099995855242014,0.0,11.191900484531551,7.431696913544557,0,23.6537889528753,1513.8424929840191,2097152.0,2,0.0,0.0,1.0,0.0,0.0,50.58483580707814,0.008000002708286047,0.0,33.238557189336014,17.338278615033843,0,1,0,0.0,0.0,25.29241790353907,0,0,2097152,8,4,0.0,2,0.0,0,0,1.0,0.0,4,4,0,1.0,0.0,0.0,5.0,0,0.0,1.0,0.0,0.0,1.0,0.0,256,1024,0,0.0,321.8440290232969,205.09170000150334,0.0,103.42006053543736,13.332268486356236,0,200.0,1,-138.21119999629445,1.1688344478737001e-06,9.289101502858895e-07,8.555463916832705e-07,2.9638439460355086e-08,7.6218057011162e-08,5.555955469582147e-07,3.614743033272592e-06,no_hotcold,nsga2
0,5,5,train,5.0328205823898315,0.181640625,0.537109375,8,64,512,335.9790999966208,59.07197552111148,2.3384441430578793,20.439019825576217,36.59489999699872,5.878286115580806,13.393533381240855,19.271819496821664,0.007700000423938036,0.0,11.443510252114493,7.820609244283231,0,23.81093404067819,1523.8997786034042,2097152.0,2,0.0,0.0,1.0,0.0,0.0,53.128401654720676,0.006499991286545992,0.0,35.615396077446036,17.506505585988094,0,1,0,0.0,0.0,26.564200827360338,0,0,2097152,8,4,0.0,2,0.0,0,0,1.0,0.0,4,0,0,0.0,0.0,0.0,6.0,4,0.0,1.0,0.0,0.0,1.0,0.0,256,1024,0,0.0,327.3977579589823,209.17029997508507,0.0,103.70516307335114,14.522294910546103,0,200.0,1,-135.9790999966208,1.1814395104222296e-06,9.353776572231516e-07,8.875796249579316e-07,2.9391430577904034e-08,8.036120028744513e-08,5.824836381167064e-07,3.6966330615853687e-06,no_hotcold,nsga2
0,6,6,train,4.529197931289673,0.18359375,0.54296875,8,64,512,496.9647999969311,86.28809069841944,2.193299689456275,20.842351604585676,37.00139999273233,5.70040853090956,12.024745594171176,17.725154125080735,0.006999995093792677,0.0,10.782620719807195,6.93553341017975,0,16.09768720513444,1030.2519811286043,2097152.0,2,0.0,0.0,1.0,0.0,0.0,55.9749943116162,0.006799993570894003,0.0,37.62733487953149,18.34085943851381,0,1,0,0.0,0.0,27.9874971558081,0,0,2097152,8,4,0.0,2,0.0,0,0,1.0,0.0,4,4,0,1.0,0.0,0.0,7.0,0,0.0,1.0,0.0,0.0,1.0,0.0,256,1024,0,0.0,437.2949679698456,318.19969999196474,0.0,104.43262647537722,14.662641502503623,0,200.0,1,-296.9647999969311,1.7257618139683892e-06,8.773198757825099e-07,9.065849363136192e-07,2.8502042654547803e-08,7.214847356502704e-08,6.142786416079194e-07,4.224595783892012e-06,no_hotcold,nsga2
0,7,7,train,4.289526104927063,0.216796875,0.5390625,8,64,512,100.37060000468045,16.27200499586573,2.346891110928136,20.965849067106255,50.879199989140034,6.1132461003893255,14.137249142600846,20.25049524299017,0.006100002792663872,0.0,12.228836029076657,8.01555921112085,0,79.7038205989239,5101.044518331129,2097152.0,2,0.0,0.0,1.0,0.0,0.0,51.02431468743133,0.006699992809444666,0.0,33.30975093904671,17.707863755575175,0,1,0,0.0,0.0,25.512157343715664,0,0,2097152,8,4,0.0,2,0.0,0,0,1.0,0.0,4,0,0,0.0,0.0,0.0,8.0,4,0.0,1.0,0.0,0.0,1.0,0.0,256,1024,0,0.0,158.33898069560047,36.946599997463636,0.0,105.94447756291899,15.44790313521786,0,200.0,0,99.62939999531955,3.2544009991731463e-07,9.387564443712543e-07,9.1355728340013e-07,3.056623050194663e-08,8.482349485560506e-08,5.61694303646091e-07,2.8548378566923417e-06,no_hotcold,nsga2
0,8,8,train,4.018719434738159,0.23046875,0.53515625,8,64,512,294.84790000424255,49.272060821483514,2.4543292232564395,20.279994845328,37.039399991044775,5.678751308168002,14.41197633849524,20.090727646663243,0.007300011930055916,0.0,10.621180813290529,9.462246821442656,0,27.13254144711033,1736.4826526150612,2097152.0,2,0.0,0.0,1.0,0.0,0.0,49.26097674660642,0.008799994247965515,0.0,31.82840650166066,17.423770250697793,0,1,0,0.0,0.0,24.63048837330321,0,0,2097152,8,4,0.0,2,0.0,0,0,1.0,0.0,4,4,0,1.0,0.0,0.0,9.0,0,0.0,1.0,0.0,0.0,1.0,0.0,256,1024,0,0.0,288.0255395602718,169.3340000056196,0.0,102.66636275209694,16.02517680255528,0,200.0,1,-94.84790000424255,9.854412164296705e-07,9.81731689302576e-07,8.80032579194231e-07,2.8393756540840014e-08,8.647185803097144e-08,5.420658069848371e-07,3.5041369064831263e-06,no_hotcold,nsga2
0,9,9,train,3.758854031562805,0.232421875,0.55859375,8,64,512,1709.9721999984467,356.64925733686005,3.0752794773913443,22.07868363785768,39.963400005945005,9.422017130634412,21.2843412050987,30.70635833573311,0.007499998901039362,0.0,11.731700948051895,18.967157388780173,0,4.678435895958643,299.41989734135313,2097152.0,2,0.0,0.0,1.0,0.0,0.0,51.51106492989471,0.006500020390376449,0.0,32.47445309628522,19.030111813219115,0,1,0,0.0,0.0,25.755532464947354,0,0,2097152,8,4,0.0,2,0.0,0,0,1.0,0.0,4,0,0,0.0,0.0,0.0,10.0,4,0.0,1.0,0.0,0.0,1.0,0.0,256,1024,0,0.0,1527.2128818084361,1394.7723999881418,0.0,103.27096857786235,29.169513242432096,0,200.0,1,-1509.9721999984467,7.132985146737201e-06,1.2301117909565379e-06,9.595068808894412e-07,4.711008565317207e-08,1.2770604723059218e-07,5.657578568113679e-07,1.0063177808278313e-05,no_hotcold,nsga2
0,10,10,train,3.6825453639030457,0.220703125,0.541015625,8,64,512,83.93120000255294,16.48269841416567,2.4077839169834916,21.276734588440736,38.87119999853894,6.139443296479457,13.656334831337544,19.795778127817,0.015300000086426735,0.0,11.486752033539961,8.293726094190612,0,95.31502807929098,6100.161797074623,2097152.0,2,0.0,0.0,1.0,0.0,0.0,52.72532536991078,0.006099988240748644,0.0,34.44875615360026,18.270469228069764,0,1,0,0.0,0.0,26.36266268495539,0,0,2097152,8,4,0.0,2,0.0,0,0,1.0,0.0,4,4,0,1.0,0.0,0.0,11.0,0,0.0,1.0,0.0,0.0,1.0,0.0,256,1024,0,0.0,160.66886767835962,37.573299996438436,0.0,107.49845190820253,15.597115773718611,0,200.0,0,116.06879999744706,3.2965396828331345e-07,9.631135667933967e-07,9.261024561524939e-07,3.069721648239729e-08,8.193800898802525e-08,5.756279131099832e-07,2.9071331298096092e-06,no_hotcold,nsga2
0,11,11,train,3.2816144227981567,0.26171875,0.61328125,8,64,512,387.9258000088157,66.02264370740355,2.376799761404877,21.288690129778832,38.083799998275936,5.482418432511364,14.286731192009773,19.769149624521138,0.006900008884258568,0.0,11.28739932122722,8.474850294409658,0,20.62244732722307,1319.8366289422765,2097152.0,2,0.0,0.0,1.0,0.0,0.0,52.709431623375956,0.006699992809444666,0.0,34.8979691818337,17.80476244873281,0,1,0,0.0,0.0,26.354715811687978,0,0,2097152,8,4,0.0,2,0.0,0,0,1.0,0.0,4,0,0,0.0,0.0,0.0,12.0,4,0.0,1.0,0.0,0.0,1.0,0.0,256,1024,0,0.0,358.7525343943491,236.45410004246514,0.0,106.84088533538309,15.457549016500835,0,200.0,1,-187.9258000088157,1.3204528741480711e-06,9.507199045619509e-07,9.240981001547914e-07,2.741209216255682e-08,8.572038715205863e-08,5.805741309544407e-07,3.88897748913387e-06,no_hotcold,nsga2
0,12,12,train,3.3080650568008423,0.236328125,0.55859375,8,64,512,372.07719999423716,63.525119350733895,2.306487025030668,20.532327277258005,40.81710000173189,6.2544191935949005,14.559548972293122,20.81396816588802,0.007700000423938036,0.0,11.836831502740727,8.969436662723357,0,21.50085654070544,1376.054818605148,2097152.0,2,0.0,0.0,1.0,0.0,0.0,55.17323824136772,0.006300004315562546,0.0,37.41366795472972,17.753270282322433,0,1,0,0.0,0.0,27.58661912068386,0,0,2097152,8,4,0.0,2,0.0,0,0,1.0,0.0,4,4,0,1.0,0.0,0.0,13.0,0,0.0,1.0,0.0,0.0,1.0,0.0,256,1024,0,0.0,345.4557346120903,226.6712999989977,0.0,104.15705565445896,14.62737895863362,0,200.0,1,-172.07719999423716,1.270502387014678e-06,9.225948100122675e-07,8.917931650084078e-07,3.1272095967974506e-08,8.735729383375872e-08,6.073701302986301e-07,3.810889882135717e-06,no_hotcold,nsga2
0,13,13,train,3.0746248960494995,0.23828125,0.640625,8,64,512,501.60230000619777,89.06872469998478,2.231049252473972,20.40119503552581,38.10209999210201,6.656059560569778,13.645920268808993,20.301979829378773,0.007299997378140688,0.0,11.94070369581014,8.35397613619049,0,15.948858390487368,1020.7269369911916,2097152.0,2,0.0,0.0,1.0,0.0,0.0,51.4735205424081,0.006799993570894003,0.0,34.32029693432607,17.14642361451114,0,1,0,0.0,0.0,25.73676027120405,0,0,2097152,8,4,0.0,2,0.0,0,0,1.0,0.0,4,0,0,0.0,0.0,0.0,14.0,4,0.0,1.0,0.0,0.0,1.0,0.0,256,1024,0,0.0,446.80387595193827,329.52569994085934,0.0,103.90110558945152,13.37707042162741,0,200.0,1,-301.60230000619777,1.781374493999696e-06,8.924197009895889e-07,8.845178006164017e-07,3.328029780284889e-08,8.187552161285395e-08,5.65949061016995e-07,4.239416876038384e-06,no_hotcold,nsga2
0,14,14,train,3.0695303678512573,0.25,0.578125,8,64,512,335.57789999758825,60.61918071350329,2.263394333358485,20.68105835303374,38.8746000098763,6.230050039909478,12.911140957715208,19.141190997624687,0.008600007276982069,0.0,11.744167741742029,7.388423248605675,0,23.839401106736734,1525.721670831151,2097152.0,2,0.0,0.0,1.0,0.0,0.0,51.74280814134747,0.006600006599910557,0.0,33.92407805790356,17.812130076844007,0,1,0,0.0,0.0,25.871404070673734,0,0,2097152,8,4,0.0,2,0.0,0,0,1.0,0.0,4,4,0,1.0,0.0,0.0,15.0,0,0.0,1.0,0.0,0.0,1.0,0.0,256,1024,0,0.0,334.25453359958203,214.96009996917564,0.0,105.2036709273907,14.090762703015734,0,200.0,1,-135.57789999758825,1.212383614270066e-06,9.053577333433941e-07,9.009099906006149e-07,3.115025019954739e-08,7.746684574629124e-08,5.712698682899556e-07,3.698538302449869e-06,no_hotcold,nsga2
0,15,15,train,2.9139826893806458,0.251953125,0.634765625,8,64,512,193.20449999941047,38.56670623563842,2.330806072516675,19.986376348598018,41.006300001754425,6.407797385450588,14.147971310615784,20.555768696066373,0.007600014214403927,0.0,12.363256649490925,8.184912032361044,0,41.40668873310755,2650.0280789188832,2097152.0,2,0.0,0.0,1.0,0.0,0.0,50.60170522430204,0.006499991286545992,0.0,33.56226091144869,17.032944321566802,0,1,0,0.0,0.0,25.30085261215102,0,0,2097152,8,4,0.0,2,0.0,0,0,1.0,0.0,4,0,0,0.0,0.0,0.0,16.0,4,0.0,1.0,0.0,0.0,1.0,0.0,256,1024,0,0.0,243.53555462701246,127.1854000078747,0.0,101.13195714902713,15.21819747011063,0,200.0,0,6.795500000589527,7.713341247127685e-07,9.3232242900667e-07,8.680034237658495e-07,3.2038986927252945e-08,8.488782786369469e-08,5.527236712212651e-07,3.241310463497501e-06,no_hotcold,nsga2
0,16,16,train,2.950996518135071,0.2421875,0.603515625,8,64,512,527.5344000110636,89.33160666359319,2.3316497778125043,21.642122647354885,39.02840000228025,6.170777267156495,14.079247465100991,20.250024732257486,0.007000009645707905,0.0,11.88930879223874,8.353715930373038,0,15.164859078333365,970.5509810133353,2097152.0,2,0.0,0.0,1.0,0.0,0.0,55.72083110296862,0.007399998139590025,0.0,37.16933019109254,18.544100913736486,0,1,0,0.0,0.0,27.86041555148431,0,0,2097152,8,4,0.0,2,0.0,0,0,1.0,0.0,4,4,0,1.0,0.0,0.0,17.0,0,0.0,1.0,0.0,0.0,1.0,0.0,256,1024,0,0.0,453.22151635504235,328.76100002613384,0.0,109.380270451808,15.080245877100495,0,200.0,1,-327.53440001106355,1.786632133271864e-06,9.326599111250019e-07,9.422348226648971e-07,3.085388633578248e-08,8.447548479060593e-08,6.107384340939298e-07,4.387594672282082e-06,no_hotcold,nsga2
0,17,17,train,2.9960083961486816,0.2109375,0.556640625,8,64,512,348.30779999902006,60.21552166027024,2.2093306962048844,20.927604258004656,39.81529999873601,5.711213096397256,13.290665108200539,19.001878204597794,0.00790000194683671,0.0,10.993198029073358,8.0007801735776,0,22.96812483641673,1469.9599895306708,2097152.0,2,0.0,0.0,1.0,0.0,0.0,52.97799948085111,0.006399990525096655,0.0,35.2552294316456,17.716370058680415,0,1,0,0.0,0.0,26.488999740425555,0,0,2097152,8,4,0.0,2,0.0,0,0,1.0,0.0,4,0,0,0.0,0.0,0.0,18.0,4,0.0,1.0,0.0,0.0,1.0,0.0,256,1024,0,0.0,333.40982645791917,212.44940000178758,0.0,107.20979092710381,13.750635529027711,0,200.0,1,-148.30779999902006,1.2043104332054047e-06,8.837322784819536e-07,9.10741241252337e-07,2.8556065481986283e-08,7.974399064920322e-08,5.816512315134855e-07,3.6887352405843704e-06,no_hotcold,nsga2
0,18,18,train,2.8643296360969543,0.2578125,0.578125,8,64,512,387.5357999932021,66.11869278144977,2.311820660578269,20.594365819505413,44.48739999497775,6.428480026774415,13.880782738691503,20.309262765465917,0.008300004992634058,0.0,11.375889632971063,8.92507312750222,0,20.64320085251344,1321.1648545608602,2097152.0,2,0.0,0.0,1.0,0.0,0.0,53.10994770050779,0.011400014045648277,0.0,35.26306622924889,17.83548145721324,0,1,0,0.0,0.0,26.554973850253894,0,0,2097152,8,4,0.0,2,0.0,0,0,1.0,0.0,4,4,0,1.0,0.0,0.0,19.0,0,0.0,1.0,0.0,0.0,1.0,0.0,256,1024,0,0.0,356.0995170461338,237.46329998539295,0.0,104.32857106671612,14.307645994024726,0,200.0,1,-187.5357999932021,1.3223738556289956e-06,9.247282642313076e-07,8.952067796432397e-07,3.214240013387208e-08,8.328469643214901e-08,5.829197159840708e-07,3.840655712053635e-06,no_hotcold,nsga2
0,19,19,train,3.1943973898887634,0.220703125,0.53125,8,64,512,1056.386600001133,216.8740777729202,4.408205095217811,25.432940243149524,57.0980999909807,26.441457362250006,33.41559460505797,59.857051967307974,0.006400005077011883,0.0,11.427891158038008,48.422760804192954,0,7.572977948616038,484.67058871142643,2097152.0,2,0.0,0.0,1.0,0.0,0.0,52.391653711846786,0.006699992809444666,0.0,34.26611587864738,18.118837840389954,0,1,0,0.0,0.0,26.195826855923393,0,0,2097152,8,4,0.0,2,0.0,0,0,1.0,0.0,4,0,0,0.0,0.0,0.0,20.0,4,0.0,1.0,0.0,0.0,1.0,0.0,256,1024,0,0.0,986.8608924451503,793.8247999845771,0.0,108.93692200126728,84.09917045930578,0,200.0,1,-856.386600001133,4.337481555458405e-06,1.7632820380871247e-06,1.09015993883039e-06,1.3220728681125003e-07,2.004935676303478e-07,5.735617657578979e-07,8.097186152575414e-06,no_hotcold,nsga2
0,20,20,train,2.987244486808777,0.263671875,0.5859375,8,64,512,335.8058000012534,59.50563280372418,2.246272195376809,20.707185555648397,37.79909999866504,5.926478426089082,13.175158592880909,19.10163701896999,0.007599999662488699,0.0,11.400352966797646,7.693684052509854,0,23.823222162178197,1524.6862183794046,2097152.0,2,0.0,0.0,1.0,0.0,0.0,50.05812280215628,0.006199989002197981,0.0,31.782389958122366,18.26953285503171,0,1,0,0.0,0.0,25.02906140107814,0,0,2097152,8,4,0.0,2,0.0,0,0,1.0,0.0,4,4,0,1.0,0.0,0.0,21.0,0,0.0,1.0,0.0,0.0,1.0,0.0,256,1024,0,0.0,329.8363622189975,211.25050004047807,0.0,104.81779820935422,13.768063969165256,0,200.0,1,-135.80580000125337,1.1901126560744836e-06,8.985088781507238e-07,9.010976955478532e-07,2.963239213044541e-08,7.905095155728544e-08,5.514934895271953e-07,3.6498960629879867e-06,no_hotcold,nsga2
0,21,21,train,3.035861313343048,0.232421875,0.564453125,8,64,512,359.16459999862127,62.27273356885267,2.422477328088898,19.987097348679868,48.00239999894984,6.2085789143437,14.08849458275892,20.29707349710262,0.007299997378140688,0.0,11.673255763012538,8.616517736711941,0,22.27384805234886,1425.526275350327,2097152.0,2,0.0,0.0,1.0,0.0,0.0,48.97568580241929,0.007099995855242014,0.0,31.493284713607586,17.475301092956464,0,1,0,0.0,0.0,24.487842901209646,0,0,2097152,8,4,0.0,2,0.0,0,0,1.0,0.0,4,0,0,0.0,0.0,0.0,22.0,4,0.0,1.0,0.0,0.0,1.0,0.0,256,1024,0,0.0,338.72923298248577,221.2520999892149,0.0,103.94790930908903,13.529223684181789,0,200.0,1,-159.16459999862127,1.2454546713770535e-06,9.689909312355592e-07,8.705011452667678e-07,3.10428945717185e-08,8.453096749655351e-08,5.375994466642069e-07,3.7381200566118595e-06,no_hotcold,nsga2
0,22,22,train,3.240574538707733,0.22265625,0.533203125,8,64,512,339.1556999995373,63.112610967224185,2.2867151952268268,20.697003216232794,38.52950000145938,5.604800369537425,14.0077452839417,19.612545653479124,0.007399998139590025,0.0,10.605136545392998,9.000009109946538,0,23.587916735865498,1509.6266710953919,2097152.0,2,0.0,0.0,1.0,0.0,0.0,51.96822344476514,0.006400019628927112,0.0,33.85746899072082,18.10435443441539,0,1,0,0.0,0.0,25.98411172238257,0,0,2097152,8,4,0.0,2,0.0,0,0,1.0,0.0,4,4,0,1.0,0.0,0.0,23.0,0,0.0,1.0,0.0,0.0,1.0,0.0,256,1024,0,0.0,344.3853175147352,225.60959996189922,0.0,101.52843016194171,17.247287390894297,0,200.0,1,-139.15569999953732,1.2622522193444838e-06,9.146860780907306e-07,8.986753622311343e-07,2.8024001847687128e-08,8.404647170365019e-08,5.69607876247076e-07,3.757292009464762e-06,no_hotcold,nsga2
0,23,23,train,2.944709539413452,0.2265625,0.5703125,8,64,512,324.95720000588335,61.075361537790016,2.2272946862186456,20.185253011017927,40.157600000384264,5.529184889178975,14.07287240512958,19.602057294308555,0.007399998139590025,0.0,11.843063243037829,7.751594053131136,0,24.618550939336693,1575.5872601175483,2097152.0,2,0.0,0.0,1.0,0.0,0.0,53.2442981279116,0.007700000423938036,0.0,36.663817549927444,16.572780577560213,0,1,0,0.0,0.0,26.6221490639558,0,0,2097152,8,4,0.0,2,0.0,0,0,1.0,0.0,4,0,0,0.0,0.0,0.0,24.0,4,0.0,1.0,0.0,0.0,1.0,0.0,256,1024,0,0.0,333.95163694010637,217.38669996557292,0.0,102.3597669240366,14.205170050496852,0,200.0,1,-124.95720000588335,1.2215072307558006e-06,8.909178744874583e-07,8.773638597976742e-07,2.7645924445894876e-08,8.443723443077747e-08,5.856098224138309e-07,3.687481946331436e-06,no_hotcold,nsga2
0,24,24,train,2.8725834488868713,0.240234375,0.607421875,8,64,512,338.0414999992354,59.993835137648624,2.3341316214388357,20.594575992808892,36.925399996107444,6.21514994980347,13.963173317045811,20.178323266849283,0.007700000423938036,0.0,11.515862879843086,8.654760386582257,0,23.665663341201462,1514.6024538368936,2097152.0,2,0.0,0.0,1.0,0.0,0.0,53.331245833664674,0.006000002031214535,0.0,34.36285682696552,18.96238900466794,0,1,0,0.0,0.0,26.665622916832337,0,0,2097152,8,4,0.0,2,0.0,0,0,1.0,0.0,4,4,0,1.0,0.0,0.0,25.0,0,0.0,1.0,0.0,0.0,1.0,0.0,256,1024,0,0.0,331.69017100758543,213.29080003488343,0.0,104.34746426755832,14.05190670514365,0,200.0,1,-138.04149999923538,1.1998767027529726e-06,9.336526485755343e-07,8.963447109275775e-07,3.1075749749017354e-08,8.377903990227487e-08,5.862698287120789e-07,3.7309986806194553e-06,no_hotcold,nsga2
0,25,25,train,2.8040851354599,0.248046875,0.59765625,8,64,512,328.0115000088699,60.22565019958252,2.1704807665669774,20.36951781831116,39.310699998168275,5.714214736603408,13.7827926648626,19.497007401466007,0.006900008884258568,0.0,11.874078389959468,7.616029002622279,0,24.389314430955128,1560.9161235811282,2097152.0,2,0.0,0.0,1.0,0.0,0.0,55.136085592322985,0.006799993570894003,0.0,36.26556100872975,18.863724590022347,0,1,0,0.0,0.0,27.568042796161492,0,0,2097152,8,4,0.0,2,0.0,0,0,1.0,0.0,4,0,0,0.0,0.0,0.0,26.0,4,0.0,1.0,0.0,0.0,1.0,0.0,256,1024,0,0.0,331.06259513784266,213.30270000908058,0.0,103.9805252591743,13.77936986958774,0,200.0,1,-128.01150000886992,1.2045130039916506e-06,8.68192306626791e-07,8.848718977978544e-07,2.8571073683017043e-08,8.269675598917558e-08,6.056987733411235e-07,3.674543811429612e-06,no_hotcold,nsga2
0,26,26,train,2.7825528383255005,0.228515625,0.59765625,8,64,512,367.0440999994753,64.16869339102787,2.264252556625895,20.51369857046857,37.77399999671616,5.802808382756868,13.87775232708573,19.6805607098426,0.007699985872022808,0.0,12.083012989919103,7.589847734051472,0,21.795686688124803,1394.9239480399874,2097152.0,2,0.0,0.0,1.0,0.0,0.0,51.10471036620478,0.006600006599910557,0.0,32.64226503479436,18.45584532481051,0,1,0,0.0,0.0,25.55235518310239,0,0,2097152,8,4,0.0,2,0.0,0,0,1.0,0.0,4,4,0,1.0,0.0,0.0,27.0,0,0.0,1.0,0.0,0.0,1.0,0.0,256,1024,0,0.0,347.7865780724893,230.00929996487685,0.0,104.72741708286317,13.049861024749308,0,200.0,1,-167.0440999994753,1.2833738678205575e-06,9.057010226503581e-07,8.923178541267248e-07,2.901404191378434e-08,8.326651396251437e-08,5.622123585816033e-07,3.7558856590555426e-06,no_hotcold,nsga2
0,27,27,train,2.814210891723633,0.248046875,0.59765625,8,64,512,337.11680000124034,61.45072162067978,2.2374453928759577,21.503228428269118,40.82189999462571,5.567939169572881,13.882733017260467,19.450672186833348,0.00750001345295459,0.0,11.163573099552508,8.279599073827887,0,23.730577264002573,1518.7569448961647,2097152.0,2,0.0,0.0,1.0,0.0,0.0,50.29921628631246,0.006900008884258568,0.0,33.262338869221416,17.029977408206783,0,1,0,0.0,0.0,25.14960814315623,0,0,2097152,8,4,0.0,2,0.0,0,0,1.0,0.0,4,0,0,0.0,0.0,0.0,28.0,4,0.0,1.0,0.0,0.0,1.0,0.0,256,1024,0,0.0,340.7655817672994,216.7698999401182,0.0,109.95025345235143,14.045428374829784,0,200.0,1,-137.11680000124034,1.2290144324135959e-06,8.949781571503833e-07,9.359698380903402e-07,2.7839695847864408e-08,8.32963981035628e-08,5.532041041661109e-07,3.7243026257718572e-06,no_hotcold,nsga2
0,28,28,train,2.815374970436096,0.2421875,0.609375,8,64,512,362.3428999999305,62.09638331638679,2.2382265414976303,20.274655942860257,38.828500008094124,5.618621562120761,14.316214982417293,19.934836544538054,0.007800001185387373,0.0,11.47312947300411,8.453907070348556,0,22.07847296450012,1413.0222697280076,2097152.0,2,0.0,0.0,1.0,0.0,0.0,53.411044635434806,0.008700008038431406,0.0,35.099089247424686,18.303255379971688,0,1,0,0.0,0.0,26.705522317717403,0,0,2097152,8,4,0.0,2,0.0,0,0,1.0,0.0,4,4,0,1.0,0.0,0.0,29.0,0,0.0,1.0,0.0,0.0,1.0,0.0,256,1024,0,0.0,338.4370632029787,222.34249992470723,0.0,101.67597936574386,14.418583912527613,0,200.0,1,-162.34289999993052,1.2419276663277358e-06,8.952906165990522e-07,8.815828029212731e-07,2.8093107810603804e-08,8.589728989450374e-08,5.890629247882409e-07,3.7218544083414094e-06,no_hotcold,nsga2
0,29,29,train,2.6954057216644287,0.220703125,0.640625,8,64,512,6469.809899994289,1205.4281095897654,152.55118485341433,23.301365933457618,38.866900009452365,6.296067340865362,1237.5494236990558,1243.8454910399212,0.007299997378140688,0.0,11.953796939037801,1231.8843941035052,0,1.236512183069688,79.13677971646003,2097152.0,2,0.0,0.0,1.0,0.0,0.0,53.20547371581121,0.006799993570894003,0.0,34.95663520967212,18.24203851256819,0,1,0,0.0,0.0,26.602736857905604,0,0,2097152,8,4,0.0,2,0.0,0,0,1.0,0.0,4,0,0,0.0,0.0,0.0,30.0,4,0.0,1.0,0.0,0.0,1.0,0.0,256,1024,0,0.0,5525.1226415065485,4793.816200020956,0.0,106.71881451726436,624.5876269683284,0,3811.3343894988698,1,-2658.475510495419,2.4108562191795308e-05,6.1020473941365735e-05,1.0083383004472537e-06,3.148033670432681e-08,7.425296542194334e-06,5.852866370981771e-07,9.417943794960514e-05,no_hotcold,nsga2
0,30,30,train,2.81463086605072,0.251953125,0.623046875,8,64,512,345.74119999888353,61.893038002751105,2.384777679131038,21.093635820473047,37.83599998860154,6.635013526094244,15.28143273179277,21.916446257887014,0.00689999433234334,0.0,12.796763273859714,9.112782989694956,0,23.138627567088523,1480.8721642936655,2097152.0,2,0.0,0.0,1.0,0.0,0.0,54.172646335324345,0.006599992047995329,0.0,36.21896232749069,17.947084015785666,0,1,0,0.0,0.0,27.086323167662172,0,0,2097152,8,4,0.0,2,0.0,0,0,1.0,0.0,4,4,0,1.0,0.0,0.0,31.0,0,0.0,1.0,0.0,0.0,1.0,0.0,256,1024,0,0.0,341.48580600942074,218.32289996382315,0.0,108.83829518220467,14.324610863392941,0,1557.4445479996193,0,1211.7033480007358,1.237860760055022e-06,9.539110716524154e-07,9.177965269602481e-07,3.317506763047122e-08,9.168859639075661e-08,5.948454635442852e-07,3.829277486233198e-06,no_hotcold,nsga2
0,31,31,train,2.8289188742637634,0.23046875,0.6171875,8,64,512,467.62919999309815,85.33718515032774,2.4205271920724787,20.672685654299958,40.53679999196902,6.159921400312076,15.336735259299928,21.496656659612004,0.006700007361359894,0.0,11.926644491773558,9.563312160477086,0,17.10753497126164,1094.882238160745,2097152.0,2,0.0,0.0,1.0,0.0,0.0,51.280441781715126,0.006799993570894003,0.0,34.19117169796775,17.082470090176486,0,1,0,0.0,0.0,25.640220890857563,0,0,2097152,8,4,0.0,2,0.0,0,0,1.0,0.0,4,0,0,0.0,0.0,0.0,32.0,4,0.0,1.0,0.0,0.0,1.0,0.0,256,1024,0,0.0,433.7215919868007,314.19639999512583,0.0,105.33361962321895,14.191572368455972,0,1557.4445479996193,0,1089.8153480065212,1.7067437030065551e-06,9.682108768289915e-07,8.976926453356695e-07,3.079960700156038e-08,9.202041155579955e-08,5.61102594844431e-07,4.256569838573007e-06,no_hotcold,nsga2
0,32,32,train,3.21790474653244,0.21484375,0.515625,8,64,512,370.08419999619946,63.65567862819204,2.285058874529084,20.995686509257894,36.66630000225268,5.749383238666775,12.340796525259993,18.09017976392677,0.007499998901039362,0.0,10.938061066667796,7.144618698357931,0,21.61664395139864,1383.465212889513,2097152.0,2,0.0,0.0,1.0,0.0,0.0,52.602487918706665,0.006799993570894003,0.0,35.2595159175236,17.33617200761217,0,1,0,0.0,0.0,26.301243959353332,0,0,2097152,8,4,0.0,2,0.0,0,0,1.0,0.0,4,4,0,1.0,0.0,0.0,33.0,0,0.0,1.0,0.0,0.0,1.0,0.0,256,1024,0,0.0,347.74569604791606,227.04499997780658,0.0,106.2252096640511,14.475486406058382,0,1557.4445479996193,0,1187.3603480034199,1.2731135725638409e-06,9.140235498116338e-07,9.161555100967991e-07,2.8746916193333876e-08,7.404477915155995e-08,5.802646152872698e-07,3.7863489431044377e-06,no_hotcold,nsga2
0,33,33,train,3.01311331987381,0.21484375,0.56640625,8,64,512,386.9647000101395,65.69883624094535,2.2662478158344386,20.5847964498371,39.41940001095645,5.845711546281511,13.587712133516249,19.43342367979776,0.00729998282622546,0.0,11.669177685212027,7.7569460117595055,0,20.673666942032277,1323.1146842900657,2097152.0,2,0.0,0.0,1.0,0.0,0.0,50.326418793575655,0.006799993570894003,0.0,32.24567585817243,18.073942941832332,0,1,0,0.0,0.0,25.163209396787828,0,0,2097152,8,4,0.0,2,0.0,0,0,1.0,0.0,4,0,0,0.0,0.0,0.0,34.0,4,0.0,1.0,0.0,0.0,1.0,0.0,256,1024,0,0.0,354.1995220264676,234.01860005105846,0.0,105.69303568509564,14.487886290313506,0,1557.4445479996193,0,1170.4798479894798,1.313976724818907e-06,9.064991263337755e-07,8.959972259445529e-07,2.9228557731407558e-08,8.152627280109748e-08,5.518765739288878e-07,3.7791044815586284e-06,no_hotcold,nsga2
0,34,34,train,2.979899525642395,0.2265625,0.564453125,8,64,512,135.26789999741595,18.490234054201526,2.8133356658845696,21.977734950552453,65.47430000500754,6.586439986989768,19.0449678836308,25.631407870620567,0.008400005754083395,0.0,12.664322516045727,12.958685348820756,0,59.14145823728015,3785.0533271859294,2097152.0,2,0.0,0.0,1.0,0.0,0.0,53.067000992143576,0.006799993570894003,0.0,35.22593511059072,17.834265887981957,0,1,0,0.0,0.0,26.533500496071788,0,0,2097152,8,4,0.0,2,0.0,0,0,1.0,0.0,4,4,0,1.0,0.0,0.0,35.0,0,0.0,1.0,0.0,0.0,1.0,0.0,256,1024,0,0.0,173.1252186825542,45.712100007222034,0.0,105.29083481243154,22.12228386290062,0,1557.4445479996193,0,1422.1766480022034,3.698046810840305e-07,1.125334266353828e-06,9.467985179443571e-07,3.293219993494884e-08,1.1426980730178478e-07,5.805915636671005e-07,3.1697310362860496e-06,no_hotcold,nsga2
0,35,35,train,3.0256654620170593,0.23046875,0.544921875,8,64,512,100.28389999934006,17.23876294701956,2.364719061702405,20.32053791861194,1447.0185000100173,6.295350051224027,14.503617095298804,20.79896714652283,0.009400013368576765,0.0,12.475646336669781,8.31392079648447,0,79.7727274998793,5105.454559992275,2097152.0,2,0.0,0.0,1.0,0.0,0.0,53.48012254251846,0.007300011930055916,0.0,34.387794046449784,19.08502848413861,0,1,0,0.0,0.0,26.74006127125923,0,0,2097152,8,4,0.0,2,0.0,0,0,1.0,0.0,4,0,0,0.0,0.0,0.0,36.0,4,0.0,1.0,0.0,0.0,1.0,0.0,256,1024,0,0.0,159.6960797093356,40.15219998836983,0.0,105.557194856335,13.986684864630782,0,1557.4445479996193,0,1457.1606480002793,3.447752589403912e-07,9.45887624680962e-07,8.827977186012659e-07,3.1476750256120136e-08,8.702170257179281e-08,5.846816369532813e-07,2.8766406920038137e-06,no_hotcold,nsga2
0,36,36,train,2.950927197933197,0.23828125,0.544921875,8,64,512,260.0234999990789,51.24127218107286,2.3322618443114855,20.386067240261646,40.67149999900721,6.247215938271873,14.7832021370116,21.03041807528347,0.008400005754083395,0.0,12.298160079379254,8.723857990150133,0,30.76633163424346,1969.0452245915815,2097152.0,2,0.0,0.0,1.0,0.0,0.0,50.847177670611785,0.007000009645707905,0.0,33.08154360345621,17.758634057509866,0,1,0,0.0,0.0,25.423588835305893,0,0,2097152,8,4,0.0,2,0.0,0,0,1.0,0.0,4,4,0,1.0,0.0,0.0,37.0,0,0.0,1.0,0.0,0.0,1.0,0.0,256,1024,0,0.0,295.838405062584,176.5486999793211,0.0,103.49406713910702,15.795637944155827,0,1557.4445479996193,0,1297.4210480005404,1.024825443621457e-06,9.329047377245944e-07,8.915450584306373e-07,3.123607969135937e-08,8.869921282206958e-08,5.576040105270212e-07,3.526814542817139e-06,no_hotcold,nsga2
0,37,37,train,2.8362789154052734,0.240234375,0.603515625,8,64,512,187.61920000542887,33.0000446219034,2.3909617261720717,20.716568869973294,41.168499999912456,5.746940801809375,13.630737441106758,19.377678242916133,0.006800008122809231,0.0,10.982152028235415,8.388726206557909,0,42.63933201099091,2728.9172487034184,2097152.0,2,0.0,0.0,1.0,0.0,0.0,51.51891233024031,0.00580001506023109,0.0,33.338115810294426,18.174996504885655,0,1,0,0.0,0.0,25.759456165120156,0,0,2097152,8,4,0.0,2,0.0,0,0,1.0,0.0,4,0,0,0.0,0.0,0.0,38.0,4,0.0,1.0,0.0,0.0,1.0,0.0,256,1024,0,0.0,224.43030087219506,104.55349995754659,0.0,104.18488405760414,15.691916857044356,0,1557.4445479996193,0,1369.8253479941905,6.600008924380681e-07,9.56384690468829e-07,9.020838813516653e-07,2.8734704009046878e-08,8.178442464664053e-08,5.681332937791793e-07,3.197121886693429e-06,no_hotcold,nsga2
0,38,38,train,2.856240749359131,0.236328125,0.58203125,8,64,512,72.07120000384748,17.033018184818875,2.3157950431964704,20.79864872658942,44.33429999335203,5.897123728287152,14.79526652182805,20.692390250115203,0.006700007361359894,0.0,12.336376764736613,8.34931347801723,0,110.99980296942414,7103.987390043145,2097152.0,2,0.0,0.0,1.0,0.0,0.0,52.13886152024973,0.00790000194683671,0.0,34.08131238250721,18.049649135795686,0,1,0,0.0,0.0,26.069430760124867,0,0,2097152,8,4,0.0,2,0.0,0,0,1.0,0.0,4,4,0,1.0,0.0,0.0,39.0,0,0.0,1.0,0.0,0.0,1.0,0.0,256,1024,0,0.0,160.58984781841906,41.15359998831991,0.0,105.89871692608548,13.537530904013652,0,1557.4445479996193,0,1485.3733479957718,3.406603636963775e-07,9.263180172785882e-07,9.020082798519277e-07,2.948561864143576e-08,8.87715991309683e-08,5.710290422460536e-07,2.8582729208453506e-06,no_hotcold,nsga2
0,39,39,train,2.7002482414245605,0.23046875,0.6328125,8,64,512,203.08269999804907,35.7827902212245,2.3031724689719653,20.168645047415453,40.810699996654876,7.200445797290914,14.007242254176127,21.20768805146704,0.006600006599910557,0.0,11.918394994313504,9.282693050553629,0,39.39262481467913,2521.1279881394644,2097152.0,2,0.0,0.0,1.0,0.0,0.0,52.13599814802238,0.00650000583846122,0.0,33.9873262254854,18.14217191669853,0,1,0,0.0,0.0,26.06799907401119,0,0,2097152,8,4,0.0,2,0.0,0,0,1.0,0.0,4,0,0,0.0,0.0,0.0,40.0,4,0.0,1.0,0.0,0.0,1.0,0.0,256,1024,0,0.0,233.01843095044768,114.24989999795798,0.0,102.1338521900825,16.634678762407226,0,900.2434210061604,0,697.1607210081113,7.156558044244901e-07,9.212689875887862e-07,8.770672673609938e-07,3.600222898645458e-08,8.404345352505675e-08,5.75853117208726e-07,3.2098908590945072e-06,no_hotcold,nsga2
0,40,40,train,2.697102427482605,0.23046875,0.611328125,8,64,512,100.29519999807235,17.100927862859066,2.2332681537801324,21.693347077603974,65.44099999882746,6.070149219200197,12.701965978566356,18.772115197766553,0.006499991286545992,0.0,11.451978280734343,7.313636925745665,0,79.76373980423742,5104.879347471195,2097152.0,2,0.0,0.0,1.0,0.0,0.0,57.022573519623805,0.00829999044071883,0.0,37.841763236605594,19.172510292577485,0,1,0,0.0,0.0,28.511286759811902,0,0,2097152,8,4,0.0,2,0.0,0,0,1.0,0.0,4,4,0,1.0,0.0,0.0,41.0,0,0.0,1.0,0.0,0.0,1.0,0.0,256,1024,0,0.0,164.11017237697268,41.543999992427416,0.0,105.90386251328908,16.662309871256195,0,900.2434210061604,0,799.948221008088,3.420185572571813e-07,8.933072615120532e-07,9.416008544822703e-07,3.035074609600099e-08,7.621179587139812e-08,6.261098028225099e-07,2.9095990180414137e-06,no_hotcold,nsga2
0,41,41,train,2.701893150806427,0.267578125,0.626953125,8,64,512,386.3761999964481,65.12974630216243,2.3182715121433444,20.927264902388693,38.51260000374168,6.091021404390761,13.535826908091131,19.626848312481894,0.006799993570894003,0.0,11.508623889061884,8.111424429849114,0,20.70515548037913,1325.1299507442643,2097152.0,2,0.0,0.0,1.0,0.0,0.0,49.78179038034666,0.006499991286545992,0.0,31.23954798129883,18.53574240776129,0,1,0,0.0,0.0,24.89089519017333,0,0,2097152,8,4,0.0,2,0.0,0,0,1.0,0.0,4,0,0,0.0,0.0,0.0,42.0,4,0.0,1.0,0.0,0.0,1.0,0.0,256,1024,0,0.0,353.5011308667779,234.453900004155,0.0,104.36584738664862,14.681383475974249,0,900.2434210061604,0,513.8672210097122,1.3025949260432487e-06,9.273086048573378e-07,9.062082697129949e-07,3.045510702195381e-08,8.121496144854678e-08,5.476471656717535e-07,3.7954290347558352e-06,no_hotcold,nsga2
0,42,42,train,2.5847906470298767,0.271484375,0.6640625,8,64,512,359.2346999939764,61.660826712331676,2.4489690732436413,21.825443607733767,73.66850000107661,5.689839600426427,13.838824107751176,19.528663708177604,0.008600007276982069,0.0,10.6131548000038,8.906908900896822,0,22.26950161171104,1425.2481031495065,2097152.0,2,0.0,0.0,1.0,0.0,0.0,51.49565185543064,0.006999995093792677,0.0,34.67038232433661,16.818269536000237,0,1,0,0.0,0.0,25.74782592771532,0,0,2097152,8,4,0.0,2,0.0,0,0,1.0,0.0,4,4,0,1.0,0.0,0.0,43.0,0,0.0,1.0,0.0,0.0,1.0,0.0,256,1024,0,0.0,343.7409575732363,217.9986000410281,0.0,109.40015905501559,16.342198477192646,0,900.2434210061604,0,541.008721012184,1.2332165342466337e-06,9.795876292974564e-07,9.506561469188023e-07,2.8449198002132137e-08,8.303294464650704e-08,5.685618503884023e-07,3.843504303499934e-06,no_hotcold,nsga2
0,43,43,train,2.6932103037834167,0.25390625,0.650390625,8,64,512,430.5141999939224,75.42065971616508,2.3168215268472707,21.666985028655333,37.35909999522846,5.459310128431469,13.673090627540649,19.132400755972117,0.009399998816661537,0.0,11.367460111019202,7.7555406461362555,0,18.582386870691064,1189.272759724228,2097152.0,2,0.0,0.0,1.0,0.0,0.0,56.00544436028417,0.006999995093792677,0.0,37.19460704818584,18.803837317004543,0,1,0,0.0,0.0,28.002722180142086,0,0,2097152,8,4,0.0,2,0.0,0,0,1.0,0.0,4,0,0,0.0,0.0,0.0,44.0,4,0.0,1.0,0.0,0.0,1.0,0.0,256,1024,0,0.0,397.6178650866707,274.4480999535881,0.0,109.04120723380743,14.128557899275172,0,900.2434210061604,0,469.729221012238,1.5084131943233015e-06,9.267286107389083e-07,9.413158425275383e-07,2.729655064215735e-08,8.203854376524388e-08,6.158797803974249e-07,4.101672522394574e-06,no_hotcold,nsga2
0,44,44,train,2.7102326154708862,0.244140625,0.63671875,8,64,512,324.00190000771545,60.79556133906636,2.3491300327830573,20.7915575554822,37.02119999798015,5.694636183593135,15.033706603598521,20.728342787191657,0.006900008884258568,0.0,11.2283018308841,9.493140947423298,0,24.691137023185586,1580.2327694838775,2097152.0,2,0.0,0.0,1.0,0.0,0.0,52.652318067756525,0.007099995855242014,0.0,34.68906070841472,17.95615736348656,0,1,0,0.0,0.0,26.326159033878263,0,0,2097152,8,4,0.0,2,0.0,0,0,1.0,0.0,4,4,0,1.0,0.0,0.0,45.0,0,0.0,1.0,0.0,0.0,1.0,0.0,256,1024,0,0.0,335.7449957093265,216.61279998079408,0.0,104.08705661290219,15.045139115630196,0,900.2434210061604,0,576.2415209984449,1.2159112267813273e-06,9.396520131132229e-07,9.04618701105957e-07,2.847318091796568e-08,9.020223962159111e-08,5.751838032890372e-07,3.7540411648291006e-06,no_hotcold,nsga2
0,45,45,train,2.6438361406326294,0.27734375,0.6640625,8,64,512,102.3538000008557,16.43557333156355,2.3389816900276212,21.24902884718734,52.90549999335781,5.5248115343237485,13.88226799868913,19.40707953301288,0.006800008122809231,0.0,11.606714200793554,7.793565324096514,0,78.15950009118399,5002.208005835775,2097152.0,2,0.0,0.0,1.0,0.0,0.0,51.65310044659455,0.006999995093792677,0.0,33.56523515908815,18.080865292412607,0,1,0,0.0,0.0,25.826550223297275,0,0,2097152,8,4,0.0,2,0.0,0,0,1.0,0.0,4,0,0,0.0,0.0,0.0,46.0,4,0.0,1.0,0.0,0.0,1.0,0.0,256,1024,0,0.0,160.09433547511406,39.06490000372287,0.0,105.48580042759593,15.543635043795243,0,900.2434210061604,0,797.8896210053047,3.2871146663127106e-07,9.355926760110484e-07,9.240815426564729e-07,2.7624057671618745e-08,8.329360799213477e-08,5.644777516632256e-07,2.8637811026257713e-06,no_hotcold,nsga2
0,46,46,train,2.7485764026641846,0.24609375,0.607421875,8,64,512,357.2956999996677,61.21770092020006,2.410774014456675,21.910173797208834,37.17450000112876,6.102259780114701,15.702626451307658,21.80488623142236,0.008500006515532732,0.0,12.242670792593044,9.553715432313782,0,22.390355130644757,1432.9827283612644,2097152.0,2,0.0,0.0,1.0,0.0,0.0,50.642678235754275,0.010500007192604244,0.0,33.172566412696,17.459611815865674,0,1,0,0.0,0.0,25.321339117877137,0,0,2097152,8,4,0.0,2,0.0,0,0,1.0,0.0,4,4,0,1.0,0.0,0.0,47.0,0,0.0,1.0,0.0,0.0,1.0,0.0,256,1024,0,0.0,342.1545949274622,216.06849998352118,0.0,109.5154176712223,16.57067727271879,0,870.5903469972674,0,513.2946469975997,1.2243540184040012e-06,9.643096057826701e-07,9.491756012033966e-07,3.0511298900573506e-08,9.421575870784594e-08,5.54940790807092e-07,3.81750707380558e-06,no_hotcold,nsga2
0,47,47,train,2.625419795513153,0.291015625,0.66015625,8,64,512,2251.147299990407,18.04100050711134,2.8924704333429885,217.76058161532023,53.61220000486355,6.1603429277340895,19.25445057914549,25.41479350687958,0.007299997378140688,0.0,11.601934198103432,13.805559311398007,0,3.5537418836573718,227.4394805540718,2097152.0,2,0.0,0.0,1.0,0.0,0.0,52.670670390279284,0.00859999272506684,0.0,34.627697791700214,18.03437260585401,0,1,0,0.0,0.0,26.335335195139642,0,0,2097152,8,4,0.0,2,0.0,0,0,1.0,0.0,4,0,0,0.0,0.0,0.0,48.0,4,0.0,1.0,0.0,0.0,1.0,0.0,256,1024,0,0.0,954.7762102230981,44.26500001864042,0.0,104.80831192475415,805.7028982797037,0,1884.8554834947536,1,-366.2918164956536,3.6082001014222684e-07,1.1569881733371954e-06,8.783187604053032e-06,3.080171463867045e-08,1.1552670347487294e-07,5.776036028772004e-07,1.10249278085232e-05,no_hotcold,nsga2
0,48,48,train,2.7300575971603394,0.2578125,0.603515625,8,64,512,361.3774999976158,59.73572309176866,2.341850021103458,21.043595519005763,41.75329999998212,6.2941678455839,13.735365230662948,20.02953307624685,0.007199996616691351,0.0,12.337076893926767,7.6852561857033885,0,22.13745422058252,1416.7970701172812,2097152.0,2,0.0,0.0,1.0,0.0,0.0,51.94927618714699,0.00689999433234334,0.0,34.20207904119482,17.740297151619835,0,1,0,0.0,0.0,25.974638093573496,0,0,2097152,8,4,0.0,2,0.0,0,0,1.0,0.0,4,4,0,1.0,0.0,0.0,49.0,0,0.0,1.0,0.0,0.0,1.0,0.0,256,1024,0,0.0,332.4846745275115,211.66350001294632,0.0,106.04139490970073,14.779779604864519,0,1884.8554834947536,0,1523.4779834971378,1.1947144618353733e-06,9.367400084413833e-07,9.149906776299777e-07,3.14708392279195e-08,8.241219138397768e-08,5.746923093304518e-07,3.735020487849083e-06,no_hotcold,nsga2
0,49,49,train,2.6545081734657288,0.28515625,0.630859375,8,64,512,394.44010000443086,63.194353738207965,2.422462693985877,20.51679844539423,39.228499997989275,5.627472775824175,13.929211582986085,19.55668435881026,0.006999995093792677,0.0,12.070318223558992,7.479366140157473,0,20.281862107955114,1298.0391749091273,2097152.0,2,0.0,0.0,1.0,0.0,0.0,51.352668607698675,0.00689999433234334,0.0,32.817286124100264,18.528482489266068,0,1,0,0.0,0.0,25.676334303849337,0,0,2097152,8,4,0.0,2,0.0,0,0,1.0,0.0,4,0,0,0.0,0.0,0.0,50.0,4,0.0,1.0,0.0,0.0,1.0,0.0,256,1024,0,0.0,344.5344595103523,226.45359998568892,0.0,104.58688689573621,13.493972628927152,0,1593.4205704907745,0,1198.9804704863436,1.2638870747641595e-06,9.689850775943509e-07,8.909900100121911e-07,2.8137363879120874e-08,8.35752694979165e-08,5.646166324996148e-07,3.8001914282473534e-06,no_hotcold,nsga2
0,50,50,train,2.677263021469116,0.26953125,0.619140625,8,64,512,280.88299999944866,49.97380707965476,2.385541217629525,21.2571494233355,37.71049999340903,6.028352646650056,14.841781176493358,20.870133823143412,0.007800015737302601,0.0,12.485798910845016,8.376534896561097,0,28.48150838073975,1822.816536367344,2097152.0,2,0.0,0.0,1.0,0.0,0.0,51.79341251783405,0.006999995093792677,0.0,35.067581319710825,16.71883120302943,0,1,0,0.0,0.0,25.896706258917025,0,0,2097152,8,4,0.0,2,0.0,0,0,1.0,0.0,4,4,0,1.0,0.0,0.0,51.0,0,0.0,1.0,0.0,0.0,1.0,0.0,256,1024,0,0.0,294.4659908824791,172.27579999598674,0.0,106.98028572163715,15.209905164855257,0,1593.4205704907745,0,1312.5375704913258,9.994761415930955e-07,9.5421648705181e-07,9.242073081414086e-07,3.014176323325028e-08,8.905068705896013e-08,5.710441743811825e-07,3.5681365614597065e-06,no_hotcold,nsga2
0,51,51,train,2.631848990917206,0.2890625,0.66796875,8,64,512,361.82010000629816,64.19175022359124,2.2513140055338723,20.6998296061873,43.08170000149403,5.490795370587587,13.954889037383332,19.44568440797092,0.00689999433234334,0.0,11.738218912843205,7.700565500795371,0,22.110374436042413,1415.0639639067144,2097152.0,2,0.0,0.0,1.0,0.0,0.0,52.02121410429188,0.006700021913275123,0.0,33.08436665762103,18.930147424757575,0,1,0,0.0,0.0,26.01060705214594,0,0,2097152,8,4,0.0,2,0.0,0,0,1.0,0.0,4,0,0,0.0,0.0,0.0,52.0,4,0.0,1.0,0.0,0.0,1.0,0.0,256,1024,0,0.0,348.5715753412496,228.8101000158349,0.0,104.07938734811107,15.682087977303677,0,1593.4205704907745,0,1231.6004704844763,1.2838350044718251e-06,9.00525602213549e-07,8.992967213373389e-07,2.7453976852937933e-08,8.372933422429999e-08,5.71560804692699e-07,3.7664014437926495e-06,no_hotcold,nsga2
0,52,52,train,2.534326732158661,0.283203125,0.662109375,8,64,512,280.1865000074031,49.6358302235982,2.3587554902111814,20.88835192602296,39.91939999104943,6.014986132733484,12.809272734599862,18.824258867333345,0.009599985787644982,0.0,11.041492466509784,7.7731664150359165,0,28.55230872108365,1827.3477581493537,2097152.0,2,0.0,0.0,1.0,0.0,0.0,50.61017291997119,0.007099995855242014,0.0,32.04484839142583,18.558224532690126,0,1,0,0.0,0.0,25.305086459985596,0,0,2097152,8,4,0.0,2,0.0,0,0,1.0,0.0,4,4,0,1.0,0.0,0.0,53.0,0,0.0,1.0,0.0,0.0,1.0,0.0,256,1024,0,0.0,291.5317505593294,171.97800002759323,0.0,105.45466385876986,14.099086672966282,0,1593.4205704907745,0,1313.2340704833714,9.927166044719641e-07,9.435021960844726e-07,9.058237730046905e-07,3.007493066366742e-08,7.685563640759916e-08,5.567899947587834e-07,3.5057631353911773e-06,no_hotcold,nsga2
0,53,53,train,2.584978699684143,0.294921875,0.6640625,8,64,512,356.2283999926876,61.16705100587941,2.283615461669455,20.339412409764257,37.478600002941675,6.505250429920412,12.914848847478064,19.420099277398478,0.008100003469735384,0.0,11.614452945137215,7.797546328791526,0,22.457438942895273,1437.2760923452975,2097152.0,2,0.0,0.0,1.0,0.0,0.0,52.3082041614556,0.006999995093792677,0.0,34.16576362108094,18.135440545280865,0,1,0,0.0,0.0,26.1541020807278,0,0,2097152,8,4,0.0,2,0.0,0,0,1.0,0.0,4,0,0,0.0,0.0,0.0,54.0,4,0.0,1.0,0.0,0.0,1.0,0.0,256,1024,0,0.0,335.1603155092525,217.92709999135695,0.0,102.97970911832309,14.25350639957246,0,1593.4205704907745,0,1237.1921704980869,1.2233410201175884e-06,9.13446184667782e-07,8.855568885109588e-07,3.252625214960206e-08,7.748909308486837e-08,5.720118501187324e-07,3.7043712886495316e-06,no_hotcold,nsga2
0,54,54,train,2.626401901245117,0.23046875,0.630859375,8,64,512,317.63769999088254,53.6563443336371,2.2750834587364643,20.583622194540567,38.345299995853566,6.4774766459885305,13.71279881157339,20.19027545756192,0.007499998901039362,0.0,12.69151339763478,7.4912620610261005,0,25.185847946832773,1611.8942685972975,2097152.0,2,0.0,0.0,1.0,0.0,0.0,53.79967702027444,0.010299991117790341,0.0,36.037197555032066,17.752179474124585,0,1,0,0.0,0.0,26.89983851013722,0,0,2097152,8,4,0.0,2,0.0,0,0,1.0,0.0,4,4,0,1.0,0.0,0.0,55.0,0,0.0,1.0,0.0,0.0,1.0,0.0,256,1024,0,0.0,306.06019994765654,188.09920002240688,0.0,104.17902209638106,13.781977828868586,0,1593.4205704907745,0,1275.782870499892,1.073126886672742e-06,9.100333834945859e-07,8.943417004157382e-07,3.2387383229942655e-08,8.227679286944032e-08,5.901595441736552e-07,3.582325690856105e-06,no_hotcold,nsga2
0,55,55,train,2.604381740093231,0.26171875,0.646484375,8,64,512,357.0657999953255,67.86146768111179,2.295299730349467,22.22957563705257,39.230700000189245,6.120014776517316,14.10539517676032,20.225409953277634,0.006800008122809231,0.0,11.627957654254203,8.590652290900623,0,22.40477132039364,1433.905364505193,2097152.0,2,0.0,0.0,1.0,0.0,0.0,50.421755821685544,0.00650000583846122,0.0,33.85920281048821,16.556053005358873,0,1,0,0.0,0.0,25.210877910842772,0,0,2097152,8,4,0.0,2,0.0,0,0,1.0,0.0,4,0,0,0.0,0.0,0.0,56.0,4,0.0,1.0,0.0,0.0,1.0,0.0,256,1024,0,0.0,369.5453721940554,242.25089997344185,0.0,109.81321692736043,17.48125529325302,0,1593.4205704907745,0,1236.354770495449,1.3572293536222359e-06,9.181198921397869e-07,9.631499053107906e-07,3.060007388258658e-08,8.463237106056191e-08,5.557231899702523e-07,3.909454785986214e-06,no_hotcold,nsga2
0,56,56,train,2.6267537474632263,0.267578125,0.646484375,8,64,512,368.7160999979824,62.83894160613255,2.9412106540633913,21.551393193990222,38.112700000056066,5.439253047557384,19.07876927129962,24.518022318857003,0.007299997378140688,0.0,11.927008854380194,12.58371346709867,0,21.696851054761975,1388.5984675047664,2097152.0,2,0.0,0.0,1.0,0.0,0.0,51.19052299330882,0.006599992047995329,0.0,33.439469677389326,17.744453323871497,0,1,0,0.0,0.0,25.59526149665441,0,0,2097152,8,4,0.0,2,0.0,0,0,1.0,0.0,4,4,0,1.0,0.0,0.0,57.0,0,0.0,1.0,0.0,0.0,1.0,0.0,256,1024,0,0.0,349.3261818167447,223.80000003613532,0.0,106.39124652150646,19.134935259102882,0,1593.4205704907745,0,1224.704470492792,1.256778832122651e-06,1.1764842616253564e-06,9.313784707565326e-07,2.7196265237786923e-08,1.1447261562779771e-07,5.619028851001983e-07,4.068213330470323e-06,no_hotcold,nsga2
0,57,57,train,2.544640004634857,0.263671875,0.66015625,8,64,512,2675.2354000054765,62.29185609711484,111.73737801331356,59.287362738626435,70.11039998906199,6.490599727816399,1032.7902070267887,1039.280806754605,0.009099996532313526,0.0,11.639597942823897,1027.6321088152488,0,2.9903899333844377,191.384955736604,2097152.0,2,0.0,0.0,1.0,0.0,0.0,50.77973071711719,0.006300004315562546,0.0,33.84443396650458,16.92899674629705,0,1,0,0.0,0.0,25.389865358558595,0,0,2097152,8,4,0.0,2,0.0,0,0,1.0,0.0,4,0,0,0.0,0.0,0.0,58.0,4,0.0,1.0,0.0,0.0,1.0,0.0,256,1024,0,0.0,933.2663873962192,221.4158000133466,0.0,104.86231413861348,606.9882732442593,0,2732.8353304985635,0,57.59993049308696,1.245837121942297e-06,4.469495120532542e-05,2.445461550581739e-06,3.2452998639081997e-08,6.196741242160731e-06,5.610539067341927e-07,5.5176498025383454e-05,no_hotcold,nsga2
0,58,58,train,2.5415928959846497,0.26171875,0.662109375,8,64,512,370.1963999919826,66.41309560623569,2.1938111668158764,20.925012386023155,41.449999989708886,5.6977060753382744,14.081226422604868,19.778932497943142,0.01889999839477241,0.0,11.746702652319623,8.013329847228746,0,21.610092345795127,1383.0459101308882,2097152.0,2,0.0,0.0,1.0,0.0,0.0,55.59198262929008,0.007100024959072471,0.0,36.098929172303116,19.48595343202789,0,1,0,0.0,0.0,27.79599131464504,0,0,2097152,8,4,0.0,2,0.0,0,0,1.0,0.0,4,4,0,1.0,0.0,0.0,59.0,0,0.0,1.0,0.0,0.0,1.0,0.0,256,1024,0,0.0,358.1276766362989,238.47290001867805,0.0,105.99084751202278,13.663929105598061,0,2732.8353304985635,0,2362.638930506581,1.3282619121247137e-06,8.775244667263506e-07,9.108065976595989e-07,2.8488530376691374e-08,8.44873585356292e-08,6.12357763432339e-07,3.841926628855323e-06,no_hotcold,nsga2
0,59,59,train,2.5431787371635437,0.28515625,0.66015625,8,64,512,348.08339999290183,61.355934738677504,2.2540745413652066,20.464609097278164,39.71559999627061,5.701036729352772,13.788076210908912,19.489112940261684,0.007199982064776123,0.0,11.234504396523157,8.24740856167375,0,22.982931726222542,1470.9076304782427,2097152.0,2,0.0,0.0,1.0,0.0,0.0,51.25963749472734,0.00650000583846122,0.0,33.72233565014468,17.53080183874421,0,1,0,0.0,0.0,25.62981874736367,0,0,2097152,8,4,0.0,2,0.0,0,0,1.0,0.0,4,0,0,0.0,0.0,0.0,60.0,4,0.0,1.0,0.0,0.0,1.0,0.0,256,1024,0,0.0,336.29847350928344,218.0792999715777,0.0,104.20061381082331,14.018559726882469,0,1593.4205704907745,0,1245.3371704978726,1.2271186947735502e-06,9.016298165460827e-07,8.875115710346097e-07,2.8505183646763864e-08,8.272845726545346e-08,5.61799372272721e-07,3.6892930955391814e-06,no_hotcold,nsga2
0,60,60,train,2.4629346132278442,0.28515625,0.681640625,8,64,512,327.1097999968333,55.23437838130625,2.6719681134161037,20.60990818058656,37.674799998058006,7.037975406797888,16.737650212111262,23.77562561890915,0.007499998901039362,0.0,12.37737566584887,11.390749954159242,0,24.456544999668147,1565.2188799787614,2097152.0,2,0.0,0.0,1.0,0.0,0.0,52.72539895530756,0.006600006599910557,0.0,33.934501366138115,18.784297582569536,0,1,0,0.0,0.0,26.36269947765378,0,0,2097152,8,4,0.0,2,0.0,0,0,1.0,0.0,4,4,0,1.0,0.0,0.0,61.0,0,0.0,1.0,0.0,0.0,1.0,0.0,256,1024,0,0.0,314.06501870123566,193.55320000613574,0.0,105.15471562943705,15.357103065662859,0,1593.4205704907745,0,1266.3107704939412,1.1046875676261252e-06,1.0687872453664415e-06,8.974409840736258e-07,3.5189877033989444e-08,1.0042590127266756e-07,5.786443378680036e-07,3.7851759132408538e-06,no_hotcold,nsga2
0,61,61,train,2.6480854749679565,0.228515625,0.625,8,64,512,282.6349999959348,50.02292286529386,2.3843167651566635,21.663191873411066,39.33080000570044,6.229423037739363,15.10541875488051,21.334841792619873,0.006999995093792677,0.0,11.973101664972233,9.354740132553847,0,28.304957613733094,1811.517287278918,2097152.0,2,0.0,0.0,1.0,0.0,0.0,48.115861995949984,0.006799993570894003,0.0,31.375260261134507,16.733801741244584,0,1,0,0.0,0.0,24.057930997974992,0,0,2097152,8,4,0.0,2,0.0,0,0,1.0,0.0,4,0,0,0.0,0.0,0.0,62.0,4,0.0,1.0,0.0,0.0,1.0,0.0,256,1024,0,0.0,296.28172601544634,171.25650000525638,0.0,108.72388495255018,16.301341057639775,0,1575.0486454911822,0,1292.4136454952475,1.0004584573058771e-06,9.537267060626654e-07,9.402414454167065e-07,3.114711518869682e-08,9.063251252928306e-08,5.277965125579646e-07,3.544002749061194e-06,no_hotcold,nsga2
0,62,62,train,2.473809063434601,0.267578125,0.66796875,8,64,512,293.45500000636093,49.02625110265825,2.2665324539353264,20.43569673697845,38.182300006155856,6.4832332140475435,13.608435440933306,20.09166865498085,0.007499998901039362,0.0,12.016457404881141,8.06771125119867,0,27.26132708081141,1744.7249331719302,2097152.0,2,0.0,0.0,1.0,0.0,0.0,52.3866617333384,0.007199996616691351,0.0,33.68101152478357,18.698450211938137,0,1,0,0.0,0.0,26.1933308666692,0,0,2097152,8,4,0.0,2,0.0,0,0,1.0,0.0,4,4,0,1.0,0.0,0.0,63.0,0,0.0,1.0,0.0,0.0,1.0,0.0,256,1024,0,0.0,286.91392117428813,169.71439999178983,0.0,102.5426712382407,14.656849944257575,0,1575.0486454911822,0,1281.5936454848213,9.805250220531652e-07,9.066129815741306e-07,8.903665859306599e-07,3.2416166070237716e-08,8.165061264559982e-08,5.773986418048046e-07,3.4689700100785975e-06,no_hotcold,nsga2
0,63,63,train,2.658350706100464,0.2578125,0.640625,8,64,512,311.53000000631437,52.52696295644047,2.393502972226043,20.738958039791505,37.89570000662934,6.33669339548186,15.189535681683674,21.526229077165535,0.006499991286545992,0.0,12.158103756384044,9.361625329494945,0,25.679627388086097,1643.4961528375102,2097152.0,2,0.0,0.0,1.0,0.0,0.0,51.05681976019416,0.00689999433234334,0.0,33.30515810433871,17.744761661523107,0,1,0,0.0,0.0,25.52840988009708,0,0,2097152,8,4,0.0,2,0.0,0,0,1.0,0.0,4,0,0,0.0,0.0,0.0,64.0,4,0.0,1.0,0.0,0.0,1.0,0.0,256,1024,0,0.0,302.63769587383206,182.61220000567846,0.0,104.94980171277365,15.075694155379969,0,1575.0486454911822,0,1263.5186454848679,1.0505392591288095e-06,9.574011888904171e-07,9.046449388289524e-07,3.16834669774093e-08,9.113721409010203e-08,5.592169975641309e-07,3.5946230654798217e-06,no_hotcold,nsga2
0,64,64,train,2.716319978237152,0.265625,0.58203125,8,64,512,289.70950000802986,51.97821106973351,2.3446875675189363,20.900417506060286,38.39960000186693,6.074803597596318,14.612864756820098,20.687668354416417,0.008000002708286047,0.0,12.082355074017306,8.597313277690825,0,27.613773058892466,1767.2814757691178,2097152.0,2,0.0,0.0,1.0,0.0,0.0,52.707665060207425,0.007199996616691351,0.0,33.39242257747083,19.308042486119902,0,1,0,0.0,0.0,26.353832530103713,0,0,2097152,8,4,0.0,2,0.0,0,0,1.0,0.0,4,4,0,1.0,0.0,0.0,65.0,0,0.0,1.0,0.0,0.0,1.0,0.0,256,1024,0,0.0,300.8932645732509,181.7647999705514,0.0,105.15717083799639,13.971293764703155,0,1575.0486454911822,0,1285.3391454831524,1.0395642213946702e-06,9.378750270075746e-07,9.113815314603083e-07,3.037401798798159e-08,8.767718854092058e-08,5.813462539767272e-07,3.5882182403681827e-06,no_hotcold,nsga2
0,65,65,train,2.640372931957245,0.296875,0.63671875,8,64,512,85.96979999856558,18.015159866219395,2.3360575597082693,20.03991368843348,53.95420000422746,6.3894705229074,12.457759716542832,18.847230239450234,0.006300004315562546,0.0,11.311305739944254,7.529624495190416,0,93.05485118358186,5955.510475749239,2097152.0,2,0.0,0.0,1.0,0.0,0.0,55.767423324017365,0.006900008884258568,0.0,37.308439735667356,18.45208357946575,0,1,0,0.0,0.0,27.883711662008682,0,0,2097152,8,4,0.0,2,0.0,0,0,1.0,0.0,4,0,0,0.0,0.0,0.0,66.0,4,0.0,1.0,0.0,0.0,1.0,0.0,256,1024,0,0.0,161.56452445744458,43.620099997497164,0.0,103.93099261052836,14.013431849419034,0,1575.0486454911822,0,1489.0788454926167,3.603031973243879e-07,9.344230238833077e-07,8.699020861956883e-07,3.1947352614537e-08,7.474655829925698e-08,6.141589469087106e-07,2.885481165225889e-06,no_hotcold,nsga2
0,66,66,train,2.57846999168396,0.21875,0.654296875,8,64,512,315.37070000194944,59.09000227766961,2.404400340814467,20.73329295456016,38.68979999970179,6.591654035441126,13.547142278981372,20.1387963144225,0.007800001185387373,0.0,11.911345617549534,8.219650695687577,0,25.36689246356141,1623.4811176679302,2097152.0,2,0.0,0.0,1.0,0.0,0.0,54.90689216603056,0.007199996616691351,0.0,37.622881510622655,17.276810658791216,0,1,0,0.0,0.0,27.45344608301528,0,0,2097152,8,4,0.0,2,0.0,0,0,1.0,0.0,4,4,0,1.0,0.0,0.0,67.0,0,0.0,1.0,0.0,0.0,1.0,0.0,256,1024,0,0.0,328.9107822921769,209.89559998270124,0.0,104.31916902657967,14.69601328289606,0,1575.0486454911822,0,1259.6779454892328,1.1818000455533924e-06,9.61760136325787e-07,9.027735444251724e-07,3.295827017720563e-08,8.128285367388823e-08,6.038291496868691e-07,3.7644039998423142e-06,no_hotcold,nsga2
0,67,67,train,2.7185985445976257,0.220703125,0.615234375,8,64,512,2274.6634999930393,59.38206985496476,5.961401479370203,165.61378168271006,59.329399999114685,5.52081062093545,46.466047154973445,51.986857775908895,0.008200004231184721,0.0,11.771273382756341,40.20738438892137,0,3.517002177694548,225.08813937245108,2097152.0,2,0.0,0.0,1.0,0.0,0.0,52.06126706986049,0.006999995093792677,0.0,33.61280449173434,18.44146258303236,0,1,0,0.0,0.0,26.030633534930246,0,0,2097152,8,4,0.0,2,0.0,0,0,1.0,0.0,4,0,0,0.0,0.0,0.0,68.0,4,0.0,1.0,0.0,0.0,1.0,0.0,256,1024,0,0.0,923.82901206818,210.1171000103932,0.0,105.03625017211158,608.6756618856755,0,2490.4893309910403,0,215.82583099800104,1.1876413970992951e-06,2.384560591748081e-06,6.697563026631624e-06,2.7604053104677252e-08,2.7879628292984063e-07,5.677899272500127e-07,1.1143955278763531e-05,no_hotcold,nsga2
0,68,68,train,2.547649383544922,0.27734375,0.66015625,8,64,512,135.69640000059735,17.25928620847241,2.274616484081133,21.824927857164766,36.84139999677427,6.297211092867528,12.643357156820255,18.940568249687782,0.008500006515532732,0.0,11.540521874632509,7.391546368539741,0,58.95470362707601,3773.1010321328645,2097152.0,2,0.0,0.0,1.0,0.0,0.0,51.896707488874085,0.006900008884258568,0.0,34.711374958719595,17.178432521270228,0,1,0,0.0,0.0,25.948353744437043,0,0,2097152,8,4,0.0,2,0.0,0,0,1.0,0.0,4,4,0,1.0,0.0,0.0,69.0,0,0.0,1.0,0.0,0.0,1.0,0.0,256,1024,0,0.0,165.43532219887322,41.91500002343673,0.0,104.5973188914857,18.923003283950806,0,2490.4893309910403,0,2354.792930990443,3.4518572416944824e-07,9.098465936324531e-07,9.472294791086924e-07,3.148605546433764e-08,7.586014294092151e-08,5.723260589269806e-07,2.8819340542428333e-06,no_hotcold,nsga2
0,69,69,train,2.6121779680252075,0.30078125,0.638671875,8,64,512,85.7555999973556,16.64212439719693,2.2815979280198553,20.667123401148388,58.741100001498125,6.4998107111526435,13.62237902979886,20.122189740951505,0.006300004315562546,0.0,12.003424339384889,8.112465397251054,0,93.28728051539693,5970.3859529854035,2097152.0,2,0.0,0.0,1.0,0.0,0.0,51.77583767927405,0.006700007361359894,0.0,34.878219020836355,16.890918651076333,0,1,0,0.0,0.0,25.887918839637024,0,0,2097152,8,4,0.0,2,0.0,0,0,1.0,0.0,4,0,0,0.0,0.0,0.0,70.0,4,0.0,1.0,0.0,0.0,1.0,0.0,256,1024,0,0.0,158.3633829054607,39.15529999358114,0.0,105.39484103924795,13.813241872631604,0,2490.4893309910403,0,2404.7337309936847,3.3284248794393863e-07,9.126391712079421e-07,8.994835255159058e-07,3.2499053555763224e-08,8.173427417879315e-08,5.66999369640532e-07,2.826197882042875e-06,no_hotcold,nsga2
0,70,70,train,2.569508731365204,0.2578125,0.662109375,8,64,512,206.12160000018775,38.684590983878266,2.5573801152752296,20.595224828918784,37.50380000565201,6.481315420953306,15.16006540770981,21.641380828663117,0.007199996616691351,0.0,11.646192429765879,9.987988402280548,0,38.81185275167649,2483.9585761072954,2097152.0,2,0.0,0.0,1.0,0.0,0.0,52.419361103387,0.006799993570894003,0.0,33.08208944589618,19.330471663919923,0,1,0,0.0,0.0,26.2096805516935,0,0,2097152,8,4,0.0,2,0.0,0,0,1.0,0.0,4,4,0,1.0,0.0,0.0,71.0,0,0.0,1.0,0.0,0.0,1.0,0.0,256,1024,0,0.0,247.3487837122891,125.91429996246006,0.0,105.45952848085201,15.974955268977045,0,2490.4893309910403,0,2284.3677309908526,7.736918196775653e-07,1.022952046110092e-06,8.927549865469501e-07,3.2406577104766535e-08,9.096039244625885e-08,5.763184541004222e-07,3.389084275986055e-06,no_hotcold,nsga2
0,71,71,train,2.6111056804656982,0.267578125,0.65234375,8,64,512,335.1735999895027,60.98321909756421,2.4240648397922047,20.541916369405932,37.959299996146,6.23578582034186,14.426253055211257,20.662038875553115,0.007200011168606579,0.0,12.025042057996817,8.629796806387693,0,23.868157074702417,1527.5620527809547,2097152.0,2,0.0,0.0,1.0,0.0,0.0,50.38888944184407,0.006999995093792677,0.0,33.87501899015367,16.50687045659661,0,1,0,0.0,0.0,25.194444720922036,0,0,2097152,8,4,0.0,2,0.0,0,0,1.0,0.0,4,0,0,0.0,0.0,0.0,72.0,4,0.0,1.0,0.0,0.0,1.0,0.0,256,1024,0,0.0,335.7968012270494,217.85020003153477,0.0,103.18399226209492,14.762608933419683,0,2490.4893309910403,0,2155.3157310015376,1.2196643819512843e-06,9.69625935916882e-07,8.919595433038247e-07,3.1178929101709306e-08,8.655751833126753e-08,5.50365196501946e-07,3.749351505106914e-06,no_hotcold,nsga2
0,72,72,train,2.6083542704582214,0.25,0.673828125,8,64,512,325.1973000005819,52.9172165975772,2.3868259043838473,20.315906254651452,39.09029999340419,5.825121917647849,13.668288088339356,19.493410005987204,0.007599999662488699,0.0,12.024054212307812,7.461755794016906,0,24.60037460216024,1574.4239745382554,2097152.0,2,0.0,0.0,1.0,0.0,0.0,52.06079532158702,0.006199989002197981,0.0,33.891711488114524,18.162883844470304,0,1,0,0.0,0.0,26.03039766079351,0,0,2097152,8,4,0.0,2,0.0,0,0,1.0,0.0,4,4,0,1.0,0.0,0.0,73.0,0,0.0,1.0,0.0,0.0,1.0,0.0,256,1024,0,0.0,302.47979502645,184.2188000009628,0.0,103.48467267845399,14.776322347033217,0,2490.4893309910403,0,2165.2920309904584,1.0583443319515442e-06,9.54730361753539e-07,8.810856158732395e-07,2.9125609588239242e-08,8.200972853003612e-08,5.727856098218016e-07,3.5780812575184e-06,no_hotcold,nsga2
0,73,73,train,2.5966177582740784,0.25390625,0.65625,8,64,512,384.69310000073165,65.492524097972,2.26585213311339,20.79666874686599,36.08710000116844,6.077594470000853,13.730294086360583,19.807888556361437,0.00790000194683671,0.0,11.964565963150944,7.835422591263654,0,20.795743943005068,1330.9276123523243,2097152.0,2,0.0,0.0,1.0,0.0,0.0,49.65209476468637,0.007499998901039362,0.0,31.95330409021662,17.691290675568716,0,1,0,0.0,0.0,24.826047382343184,0,0,2097152,8,4,0.0,2,0.0,0,0,1.0,0.0,4,0,0,0.0,0.0,0.0,74.0,4,0.0,1.0,0.0,0.0,1.0,0.0,256,1024,0,0.0,354.22017991180553,235.32629999681376,0.0,103.39377855121765,15.500101363774117,0,2490.4893309910403,0,2105.7962309903087,1.3098504819594401e-06,9.063408532453561e-07,9.03201824133748e-07,3.038797235000427e-08,8.238176451816349e-08,5.439118778141018e-07,3.776074774020814e-06,no_hotcold,nsga2
0,74,74,train,2.630128502845764,0.271484375,0.65625,8,64,512,277.42830000352114,48.54724601820028,2.408443130366872,20.542214375116377,37.29499998735264,6.097054319003038,14.317876509100376,20.414930828103415,0.006999995093792677,0.0,11.609237053714281,8.798693779295341,0,28.836175558596242,1845.5152357501595,2097152.0,2,0.0,0.0,1.0,0.0,0.0,55.20273462993252,0.007400012691505253,0.0,36.80142218774547,18.39391242949554,0,1,0,0.0,0.0,27.60136731496626,0,0,2097152,8,4,0.0,2,0.0,0,0,1.0,0.0,4,4,0,1.0,0.0,0.0,75.0,0,0.0,1.0,0.0,0.0,1.0,0.0,256,1024,0,0.0,285.99161409473413,167.23170000477694,0.0,104.34102776073158,14.418886329225593,0,2490.4893309910403,0,2213.061030987519,9.709449203640058e-07,9.63377252146749e-07,8.934882969412751e-07,3.0485271595015196e-08,8.590725905460225e-08,6.054807741900604e-07,3.549683774291708e-06,no_hotcold,nsga2
0,75,75,train,2.5644518733024597,0.28125,0.669921875,8,64,512,348.04940001049545,63.22976804349496,2.370840649923161,20.268150329068288,40.63230000610929,5.7914529418430885,14.001515343361804,19.792968285204893,0.007399998139590025,0.0,11.86254088936473,7.923027397700573,0,22.98517685875023,1471.0513189600147,2097152.0,2,0.0,0.0,1.0,0.0,0.0,50.38009096094346,0.007199996616691351,0.0,31.569614074773902,18.80327688955287,0,1,0,0.0,0.0,25.19004548047173,0,0,2097152,8,4,0.0,2,0.0,0,0,1.0,0.0,4,0,0,0.0,0.0,0.0,76.0,4,0.0,1.0,0.0,0.0,1.0,0.0,256,1024,0,0.0,343.4750360899456,225.55990002001636,0.0,103.50445861754207,14.410677452387162,0,2490.4893309910403,0,2142.439930980545,1.2645953608698993e-06,9.483362599692643e-07,8.831926793200619e-07,2.8957264709215446e-08,8.400909206017082e-08,5.52988303152552e-07,3.7620789600811642e-06,no_hotcold,nsga2
0,76,76,train,2.6765583753585815,0.25,0.634765625,8,64,512,264.50750000367407,42.54622924852377,2.5674846925896433,20.492078801125814,52.42930000531487,6.141780149420824,16.587709426795648,22.729489576216473,0.007199996616691351,0.0,12.155062582426883,10.567226997172899,0,30.24477474216851,1935.6655834987846,2097152.0,2,0.0,0.0,1.0,0.0,0.0,49.867171343728856,0.007299997378140688,0.0,31.147150053379733,18.712721292970986,0,1,0,0.0,0.0,24.933585671864428,0,0,2097152,8,4,0.0,2,0.0,0,0,1.0,0.0,4,4,0,1.0,0.0,0.0,77.0,0,0.0,1.0,0.0,0.0,1.0,0.0,256,1024,0,0.0,262.42317096895687,142.0637999981409,0.0,102.53165809668188,17.82771287413412,0,2490.4893309910403,0,2225.9818309873663,8.509245849704755e-07,1.0269938770358574e-06,8.883135376335407e-07,3.0708900747104125e-08,9.952625656077386e-08,5.474345563966598e-07,3.443901713344412e-06,no_hotcold,nsga2
0,77,77,train,2.753105640411377,0.232421875,0.591796875,8,64,512,273.58159999130294,49.11173213019703,2.3527343916008965,20.740671021331472,39.29020000214223,6.198229841845112,12.907399233705059,19.10562907555017,0.006800008122809231,0.0,11.590233927604153,7.508595139823208,0,29.241625747596217,1871.4640478461579,2097152.0,2,0.0,0.0,1.0,0.0,0.0,55.67075600651505,0.007499998901039362,0.0,36.98217178022176,18.681084227392247,0,1,0,0.0,0.0,27.835378003257524,0,0,2097152,8,4,0.0,2,0.0,0,0,1.0,0.0,4,0,0,0.0,0.0,0.0,78.0,4,0.0,1.0,0.0,0.0,1.0,0.0,256,1024,0,0.0,288.82055017251764,168.00939994573127,0.0,106.13909286270473,14.672057364081624,0,1571.4192669979761,0,1297.8376670066732,9.822346426039408e-07,9.410937566403588e-07,9.005479864216432e-07,3.099114920922556e-08,7.744439540223034e-08,6.105642529898808e-07,3.5428761832672792e-06,no_hotcold,nsga2
0,78,78,train,2.57337886095047,0.26171875,0.650390625,8,64,512,368.00750000111293,53.183430917071504,2.8090892278099675,20.815750340438477,51.87580001074821,6.152476666812667,18.92920231194511,25.08167897875778,0.008100003469735384,0.0,12.188783486484352,12.884795488803693,0,21.73862831966057,1391.2722124582765,2097152.0,2,0.0,0.0,1.0,0.0,0.0,50.496786148507965,0.009100011084228754,0.0,32.789808958085565,17.697877179338168,0,1,0,0.0,0.0,25.248393074253983,0,0,2097152,8,4,0.0,2,0.0,0,0,1.0,0.0,4,4,0,1.0,0.0,0.0,79.0,0,0.0,1.0,0.0,0.0,1.0,0.0,256,1024,0,0.0,307.23308194127975,185.42710003384855,0.0,104.32234492694239,17.48363698048886,0,1571.4192669979761,0,1203.4117669968632,1.06366861834143e-06,1.1236356911239873e-06,9.041911553696002e-07,3.0762383334063337e-08,1.1357521387167065e-07,5.563480082928108e-07,3.7921810703335625e-06,no_hotcold,nsga2
0,79,79,train,2.6089311838150024,0.26953125,0.59765625,8,64,512,3993.877999993856,806.5255271860613,2.617247088517489,42.77603775403122,38.1857000029413,7.384082748187684,16.254866925731417,23.6389496739191,0.006799993570894003,0.0,12.67813369851595,10.954015981832256,0,2.003065190510856,128.19617219269477,2097152.0,2,0.0,0.0,1.0,0.0,0.0,56.32950478021425,0.006800008122809231,0.0,37.271857071829395,19.050847700262047,0,1,0,0.0,0.0,28.164752390107125,0,0,2097152,8,4,0.0,2,0.0,0,0,1.0,0.0,4,0,0,0.0,0.0,0.0,80.0,4,0.0,1.0,0.0,0.0,1.0,0.0,256,1024,0,0.0,3407.6752481144395,3196.201500002644,0.0,105.792866167243,105.68088194455268,0,2744.475849499867,1,-1249.4021504939892,1.6130510543721228e-05,1.0468988354069957e-06,1.889562345396597e-06,3.692041374093842e-08,9.75292015543885e-08,6.18268324946892e-07,1.981968966476704e-05,no_hotcold,nsga2
0,80,80,train,2.600756883621216,0.30078125,0.638671875,8,64,512,313.87689999246504,51.07446538133948,2.4210183563839713,21.01662351031641,45.55009999603499,6.637058163117685,15.035818534217661,21.672876697335347,0.007300011930055916,0.0,13.030913636911233,8.634663048494057,0,25.48761795651127,1631.2075492167212,2097152.0,2,0.0,0.0,1.0,0.0,0.0,50.56037152964172,0.006499991286545992,0.0,32.425691050793326,18.12818048756185,0,1,0,0.0,0.0,25.28018576482086,0,0,2097152,8,4,0.0,2,0.0,0,0,1.0,0.0,4,4,0,1.0,0.0,0.0,81.0,0,0.0,1.0,0.0,0.0,1.0,0.0,256,1024,0,0.0,298.0484289921594,177.73049994139,0.0,104.22292853057354,16.095000520195853,0,2744.475849499867,0,2430.598949507402,1.0214893076267897e-06,9.684073425535886e-07,9.115739263403433e-07,3.318529081558843e-08,9.021491120530595e-08,5.552141295915681e-07,3.5800849081331838e-06,no_hotcold,nsga2
0,81,81,train,2.553547978401184,0.322265625,0.65625,8,64,512,357.25499999534804,65.1396376677511,2.3496627491634126,20.229249660367575,37.369800003943965,5.562881114130897,12.750056064505333,18.31293717863623,0.007199996616691351,0.0,10.84270430468636,7.463032877333179,0,22.392905927693786,1433.1459793724023,2097152.0,2,0.0,0.0,1.0,0.0,0.0,53.15671251913392,0.007399998139590025,0.0,35.239673416639725,17.909639104354603,0,1,0,0.0,0.0,26.57835625956696,0,0,2097152,8,4,0.0,2,0.0,0,0,1.0,0.0,4,0,0,0.0,0.0,0.0,82.0,4,0.0,1.0,0.0,0.0,1.0,0.0,256,1024,0,0.0,350.87420030912836,232.2101000318071,0.0,104.88308251475058,13.781017762570698,0,2744.475849499867,0,2387.220849504519,1.3027927533550223e-06,9.398650996653652e-07,8.785059196859848e-07,2.7814405570654488e-08,7.650033638703199e-08,5.856664242304196e-07,3.8111449388944786e-06,no_hotcold,nsga2
0,82,82,train,2.581422805786133,0.283203125,0.642578125,8,64,512,319.52520000049844,52.357744847876475,2.3006450260069404,19.817498403330028,37.4630000005709,6.428599558493622,13.393009607871,19.821609166364624,0.008800008799880743,0.0,12.012188396897535,7.800620760667206,0,25.037070512488558,1602.3725127992677,2097152.0,2,0.0,0.0,1.0,0.0,0.0,50.18176878300257,0.007099995855242014,0.0,31.246255033245628,18.9284137539017,0,1,0,0.0,0.0,25.090884391501284,0,0,2097152,8,4,0.0,2,0.0,0,0,1.0,0.0,4,4,0,1.0,0.0,0.0,83.0,0,0.0,1.0,0.0,0.0,1.0,0.0,256,1024,0,0.0,297.90355310885377,182.59790004231036,0.0,100.91238073694794,14.393272329595487,0,2744.475849499867,0,2424.9506494993684,1.0471548969575296e-06,9.202580104027763e-07,8.604332062790031e-07,3.214299779246811e-08,8.0358057647226e-08,5.512811964075407e-07,3.491628365486544e-06,no_hotcold,nsga2
0,83,83,train,2.7000851035118103,0.248046875,0.580078125,8,64,512,73.63129999430384,16.85043274641241,2.34819304061742,20.286580913869862,62.740900000790134,5.887457870300305,15.245794724653901,21.133252594954207,0.006499991286545992,0.0,11.472221834553368,9.654530769114293,0,108.64797107545026,6953.4701488288165,2097152.0,2,0.0,0.0,1.0,0.0,0.0,50.686461444829256,0.006400005077011883,0.0,31.725545788371022,18.95451565138123,0,1,0,0.0,0.0,25.343230722414628,0,0,2097152,8,4,0.0,2,0.0,0,0,1.0,0.0,4,0,0,0.0,0.0,0.0,84.0,4,0.0,1.0,0.0,0.0,1.0,0.0,256,1024,0,0.0,157.94082680359878,39.36720000638161,0.0,103.44748405208364,15.126142745133519,0,2744.475849499867,0,2670.844549505563,3.3700865492824817e-07,9.39277216246968e-07,8.766318530392726e-07,2.9437289351501528e-08,9.14747683479234e-08,5.566308004990949e-07,2.8304605824130084e-06,no_hotcold,nsga2
0,84,84,train,2.540591061115265,0.296875,0.634765625,8,64,512,337.1558000071673,60.45002281749497,2.1567651309046507,20.943080354337066,38.20489998906851,6.3008888322048024,14.228253739372592,20.529142571577395,0.006799993570894003,0.0,12.215323845203201,8.307018732803298,0,23.727832272194828,1518.581265420469,2097152.0,2,0.0,0.0,1.0,0.0,0.0,50.93688019130851,0.006399990525096655,0.0,33.94617140313062,16.98430879765279,0,1,0,0.0,0.0,25.468440095654255,0,0,2097152,8,4,0.0,2,0.0,0,0,1.0,0.0,4,4,0,1.0,0.0,0.0,85.0,0,0.0,1.0,0.0,0.0,1.0,0.0,256,1024,0,0.0,334.19947321094673,212.64859997609165,0.0,107.14249743527856,14.408375799576563,0,2744.475849499867,0,2407.3200494926996,1.2090004563498993e-06,8.627060523618604e-07,9.102046993375664e-07,3.150444416102402e-08,8.536952243623555e-08,5.624876079674391e-07,3.661272782614024e-06,no_hotcold,nsga2
0,85,85,train,2.590285539627075,0.263671875,0.6171875,8,64,512,352.6577000011457,61.347966110633564,2.2943145790864414,21.356067307864127,38.48640000796877,5.556314884802314,14.828535980168851,20.384850864971163,0.007700000423938036,0.0,11.591003027663216,8.786147836884012,0,22.684822464252292,1451.8286377121467,2097152.0,2,0.0,0.0,1.0,0.0,0.0,53.998630384976565,0.008699993486516178,0.0,35.258047889983956,18.731882501506092,0,1,0,0.0,0.0,26.999315192488282,0,0,2097152,8,4,0.0,2,0.0,0,0,1.0,0.0,4,0,0,0.0,0.0,0.0,86.0,4,0.0,1.0,0.0,0.0,1.0,0.0,256,1024,0,0.0,339.9933919903365,218.68540000286885,0.0,106.6862240350334,14.621767952434247,0,2744.475849499867,0,2391.818149498721,1.2269593222126712e-06,9.177258316345766e-07,9.257704410925658e-07,2.778157442401157e-08,8.89712158810131e-08,5.922867095254771e-07,3.7794950947703152e-06,no_hotcold,nsga2
0,86,86,train,2.680552303791046,0.2265625,0.642578125,8,64,512,99.49320000305306,15.299086411074228,2.4568294017412375,20.811789068696722,51.853400000254624,6.514633872673308,13.334086292300062,19.848720164973372,0.00650000583846122,0.0,11.685274089671566,8.156946069463341,0,80.40669707133193,5146.028612565244,2097152.0,2,0.0,0.0,1.0,0.0,0.0,52.39969305307267,0.007599999662488699,0.0,34.148424222960486,18.2436688304497,0,1,0,0.0,0.0,26.199846526536334,0,0,2097152,8,4,0.0,2,0.0,0,0,1.0,0.0,4,4,0,1.0,0.0,0.0,87.0,0,0.0,1.0,0.0,0.0,1.0,0.0,256,1024,0,0.0,154.27081952604874,33.734599986928515,0.0,103.51037684964258,17.025842689477656,0,2744.475849499867,0,2644.982649496814,3.059817282214845e-07,9.82731760696495e-07,9.034353913921918e-07,3.257316936336654e-08,8.000451775380036e-08,5.774550036193375e-07,2.882181571046675e-06,no_hotcold,nsga2
0,87,87,train,2.661234498023987,0.240234375,0.630859375,8,64,512,78.75830000557471,15.081619555869217,2.3717040540689904,21.152230998271122,41.7994000017643,6.775766586076735,14.286828353933709,21.06259494001044,0.007299997378140688,0.0,11.852399147716739,9.202895794915564,0,101.57530602016203,6500.81958529037,2097152.0,2,0.0,0.0,1.0,0.0,0.0,51.49485665903907,0.00650000583846122,0.0,33.13360341574933,18.35475323745128,0,1,0,0.0,0.0,25.747428329519536,0,0,2097152,8,4,0.0,2,0.0,0,0,1.0,0.0,4,0,0,0.0,0.0,0.0,88.0,4,0.0,1.0,0.0,0.0,1.0,0.0,256,1024,0,0.0,154.42221843283733,32.800299959490076,0.0,106.21758238300565,15.404336090341609,0,1566.594501996145,0,1487.8362019905703,3.0163239111738434e-07,9.486816216275963e-07,9.16836686252471e-07,3.387883293038368e-08,8.572097012360224e-08,5.677976053160155e-07,2.8545481073674527e-06,no_hotcold,nsga2
0,88,88,train,2.4567826986312866,0.287109375,0.697265625,8,64,512,2964.9525999993784,59.53081440685797,2.285005141205442,362.8456239981272,49.77189999772236,6.4795289645079865,13.296009544267587,19.775538508775576,0.00689999433234334,0.0,12.657066690779263,7.111571823663967,0,2.6981872498786075,172.68398399223088,2097152.0,2,0.0,0.0,1.0,0.0,0.0,50.59650866424108,0.007700014975853264,0.0,32.417585598137386,18.17122305112784,0,1,0,0.0,0.0,25.29825433212054,0,0,2097152,8,4,0.0,2,0.0,0,0,1.0,0.0,4,4,0,1.0,0.0,0.0,89.0,0,0.0,1.0,0.0,0.0,1.0,0.0,256,1024,0,0.0,1698.6457741847626,211.8416999874171,0.0,103.07846310716157,1383.725611090184,0,2919.7547554961766,1,-45.19784450320185,1.1906162881371595e-06,9.140020564821767e-07,1.4586878541394927e-05,3.239764482253993e-08,7.977605726560552e-08,5.573579969271336e-07,1.7361028585029545e-05,no_hotcold,nsga2
0,89,89,train,2.4764689207077026,0.26953125,0.6953125,8,64,512,316.8168000120204,52.17453926645773,2.3090182471322733,20.568958473295034,38.0892999964999,5.673103497143089,13.397760681080626,19.070864178223715,0.007099995855242014,0.0,11.138165759042408,7.925598423326065,0,25.251106470963666,1616.0708141416746,2097152.0,2,0.0,0.0,1.0,0.0,0.0,55.910295305613985,0.00650000583846122,0.0,36.60510234008315,19.298692959692374,0,1,0,0.0,0.0,27.955147652806993,0,0,2097152,8,4,0.0,2,0.0,0,0,1.0,0.0,4,0,0,0.0,0.0,0.0,90.0,4,0.0,1.0,0.0,0.0,1.0,0.0,256,1024,0,0.0,300.2100639475401,181.51160002162214,0.0,103.7073392176863,14.991124708231725,0,2919.7547554961766,0,2602.937955484156,1.0434907853291546e-06,9.236072988529094e-07,8.933548073059815e-07,2.8365517485715445e-08,8.038656408648374e-08,6.138440884137527e-07,3.583049061473998e-06,no_hotcold,nsga2
0,90,90,train,2.4826003313064575,0.275390625,0.6953125,8,64,512,330.63440000114497,56.205313245930796,2.185540567699006,20.886546355552845,37.05189999891445,5.7553728447091235,13.21493852917071,18.970311373879834,0.007700000423938036,0.0,11.478329889421802,7.484281484034094,0,24.195836259433495,1548.5335206037437,2097152.0,2,0.0,0.0,1.0,0.0,0.0,51.31204996924356,0.007399998139590025,0.0,33.86374048915267,17.440909481951305,0,1,0,0.0,0.0,25.65602498462178,0,0,2097152,8,4,0.0,2,0.0,0,0,1.0,0.0,4,4,0,1.0,0.0,0.0,91.0,0,0.0,1.0,0.0,0.0,1.0,0.0,256,1024,0,0.0,317.10960067673057,197.72640001610853,0.0,105.24065090562796,14.142549754994118,0,2919.7547554961766,0,2589.1203554950316,1.124106264918616e-06,8.742162270796026e-07,9.082889722084171e-07,2.877686422354562e-08,7.928963117502426e-08,5.619128108533369e-07,3.576590770458542e-06,no_hotcold,nsga2
0,91,91,train,2.515184760093689,0.30859375,0.693359375,8,64,512,337.4536000046646,60.11869356446979,2.311679587090843,21.186262494702962,39.54679999151267,5.968914183288334,12.818366461610616,18.78728064489895,0.007599999662488699,0.0,11.03397987031793,7.7457007749185305,0,23.70689271946335,1517.2411340456545,2097152.0,2,0.0,0.0,1.0,0.0,0.0,53.57147073627816,0.012300006346777081,0.0,35.13627310748471,18.42289762244667,0,1,0,0.0,0.0,26.78573536813908,0,0,2097152,8,4,0.0,2,0.0,0,0,1.0,0.0,4,0,0,0.0,0.0,0.0,92.0,4,0.0,1.0,0.0,0.0,1.0,0.0,256,1024,0,0.0,334.4665425850544,214.50970000296365,0.0,105.48599342074968,14.470849161341043,0,2919.7547554961766,0,2582.301155491512,1.202373871289396e-06,9.246718348363371e-07,9.229239522428302e-07,2.9844570916441675e-08,7.691019876966368e-08,5.871675038006791e-07,3.7438919318553473e-06,no_hotcold,nsga2
0,92,92,train,2.491768538951874,0.3125,0.662109375,8,64,512,350.3612999920733,63.615747794464305,2.3720659422258246,20.811054241008755,40.855299987015314,5.710974660163207,14.81411872622358,20.525093386386786,0.008000002708286047,0.0,11.946343461866897,8.570749921811602,0,22.833506916072288,1461.3444426286264,2097152.0,2,0.0,0.0,1.0,0.0,0.0,50.31959042922756,0.007299997378140688,0.0,33.66676818747847,16.645522244370948,0,1,0,0.0,0.0,25.15979521461378,0,0,2097152,8,4,0.0,2,0.0,0,0,1.0,0.0,4,4,0,1.0,0.0,0.0,93.0,0,0.0,1.0,0.0,0.0,1.0,0.0,256,1024,0,0.0,347.1954719107955,227.26879997935612,0.0,103.79579008317788,16.130881848261573,0,2919.7547554961766,0,2569.3934555041033,1.2723149558892861e-06,9.488263768903298e-07,9.057241713663261e-07,2.8554873300816038e-08,8.888471235734146e-08,5.551216244008703e-07,3.7994267142049694e-06,no_hotcold,nsga2
0,93,93,train,2.5490050315856934,0.271484375,0.658203125,8,64,512,373.653499991633,65.37512703314245,2.3236239172641726,20.2239718330001,37.26200001256075,6.559624884429441,14.00372308187677,20.56334796630621,0.006499991286545992,0.0,11.888912145760166,8.6679358292595,0,21.410152962640993,1370.2497896090235,2097152.0,2,0.0,0.0,1.0,0.0,0.0,51.027683371233856,0.006799993570894003,0.0,32.336001941856786,18.684881435806176,0,1,0,0.0,0.0,25.513841685616928,0,0,2097152,8,4,0.0,2,0.0,0,0,1.0,0.0,4,0,0,0.0,0.0,0.0,94.0,4,0.0,1.0,0.0,0.0,1.0,0.0,256,1024,0,0.0,351.6908911336269,234.41960001946427,0.0,103.11764552008857,14.15364559407405,0,2919.7547554961766,0,2546.1012555045436,1.307502540662849e-06,9.294495669056692e-07,8.781327797406867e-07,3.2798124422147205e-08,8.40223384912606e-08,5.617400098471294e-07,3.7936453600697424e-06,no_hotcold,nsga2
0,94,94,train,2.5202826261520386,0.271484375,0.697265625,8,64,512,476.66250000474975,86.97732729421729,2.457570599231932,20.367690127601357,49.769999997806735,6.165241290444552,15.030816566553838,21.19605785699839,0.007000009645707905,0.0,11.420483722492566,9.768574124860114,0,16.783328280684977,1074.1330099638385,2097152.0,2,0.0,0.0,1.0,0.0,0.0,54.26057189273434,0.006799993570894003,0.0,36.473161978776346,17.780609920387104,0,1,0,0.0,0.0,27.13028594636717,0,0,2097152,8,4,0.0,2,0.0,0,0,1.0,0.0,4,4,0,1.0,0.0,0.0,95.0,0,0.0,1.0,0.0,0.0,1.0,0.0,256,1024,0,0.0,439.2103520842023,318.6876000108896,0.0,105.8633321235944,14.659419949718338,0,2919.7547554961766,0,2443.092255491427,1.739546545884346e-06,9.830282396927728e-07,8.852708985603844e-07,3.0826206452222765e-08,9.018489939932302e-08,5.973513317210275e-07,4.326208121710076e-06,no_hotcold,nsga2
0,95,95,train,2.5082967281341553,0.28515625,0.67578125,8,64,512,276.334099995438,51.42745460541275,2.2866128375055403,21.008304435210434,43.89179999998305,5.6157231179777884,13.661741355967553,19.277464473945344,0.007899987394921482,0.0,11.04895964636314,8.22060484018728,0,28.95035773642969,1852.8228951315002,2097152.0,2,0.0,0.0,1.0,0.0,0.0,54.76215830847697,0.007000009645707905,0.0,35.96519213416015,18.789966164671114,0,1,0,0.0,0.0,27.381079154238485,0,0,2097152,8,4,0.0,2,0.0,0,0,1.0,0.0,4,0,0,0.0,0.0,0.0,96.0,4,0.0,1.0,0.0,0.0,1.0,0.0,256,1024,0,0.0,298.88948751251485,179.93990001559723,0.0,102.7685762176809,16.181011279236756,0,2919.7547554961766,0,2643.4206555007386,1.0285490921082552e-06,9.146451350022161e-07,9.115074000663181e-07,2.8078615589888944e-08,8.197044813580532e-08,6.00549042741296e-07,3.5652997336437795e-06,no_hotcold,nsga2
0,96,96,train,2.560364305973053,0.24609375,0.673828125,8,64,512,308.2148999965284,53.13732548925195,2.338865695059183,21.76552038135185,38.064499996835366,6.039492498819378,13.70987495762503,19.749367456444407,0.007800001185387373,0.0,11.213017703010832,8.528549752248189,0,25.955831610536993,1661.1732230743676,2097152.0,2,0.0,0.0,1.0,0.0,0.0,54.611941116219526,0.006599992047995329,0.0,36.48324581093928,18.122095313232254,0,1,0,0.0,0.0,27.305970558109763,0,0,2097152,8,4,0.0,2,0.0,0,0,1.0,0.0,4,4,0,1.0,0.0,0.0,97.0,0,0.0,1.0,0.0,0.0,1.0,0.0,256,1024,0,0.0,308.96684626265187,186.62459996994585,0.0,106.93292112868403,15.409325164022029,0,2919.7547554961766,0,2611.539855499648,1.0627465097850389e-06,9.355462780236732e-07,9.438832915416709e-07,3.0197462494096894e-08,8.225924974575017e-08,6.001542066337218e-07,3.654786998223952e-06,no_hotcold,nsga2
0,97,97,train,2.4295133352279663,0.298828125,0.693359375,8,64,512,323.003500001505,60.192298634835964,2.311016241628723,20.695675855983232,37.886299993260764,6.565375893565271,14.163953301283527,20.7293291948488,0.007000009645707905,0.0,12.500972378433712,8.221356806769377,0,24.76745680002206,1585.1172352014119,2097152.0,2,0.0,0.0,1.0,0.0,0.0,50.99269262543495,0.007199996616691351,0.0,33.53525621045762,17.45023641836064,0,1,0,0.0,0.0,25.496346312717474,0,0,2097152,8,4,0.0,2,0.0,0,0,1.0,0.0,4,0,0,0.0,0.0,0.0,98.0,4,0.0,1.0,0.0,0.0,1.0,0.0,256,1024,0,0.0,332.79596292979164,212.8973000217229,0.0,105.37072938513805,14.527933522930711,0,2029.7442605019676,0,1706.7407605004626,1.2038459726967195e-06,9.244064966514892e-07,8.978215914386699e-07,3.282687946782636e-08,8.498371980770116e-08,5.605016029438398e-07,3.7043862630062455e-06,no_hotcold,nsga2
0,98,98,train,2.4886496663093567,0.283203125,0.626953125,8,64,512,288.625500004855,48.84431127425411,2.2322339829108007,21.794895086473062,60.70840000757016,6.004328807620887,13.581672362862482,19.58600117048337,0.009400013368576765,0.0,11.269814346877101,8.306786810237693,0,27.7174826284677,1773.9188882219328,2097152.0,2,0.0,0.0,1.0,0.0,0.0,51.69331349406468,0.02509998739697039,0.0,34.25440959387522,17.413803912792496,0,1,0,0.0,0.0,25.84665674703234,0,0,2097152,8,4,0.0,2,0.0,0,0,1.0,0.0,4,4,0,1.0,0.0,0.0,99.0,0,0.0,1.0,0.0,0.0,1.0,0.0,256,1024,0,0.0,291.4857613745519,169.28019998886157,0.0,105.29939514873399,16.90616623695637,0,2029.7442605019676,0,1741.1187604971126,9.768862254850825e-07,8.928935931643205e-07,9.461646762531369e-07,3.0021644038104434e-08,8.149003417717489e-08,5.663753792909157e-07,3.4938315524087345e-06,no_hotcold,nsga2
0,99,99,train,2.463695466518402,0.26171875,0.671875,8,64,512,2209.5025000016904,18.284071092582025,2.555668085076627,174.0192276669356,50.80150000867434,6.75898693450165,15.578239683524057,22.337226618025706,0.00689999433234334,0.0,11.955255757703808,10.375070865989555,0,3.620722936168184,231.72626791476378,2097152.0,2,0.0,0.0,1.0,0.0,0.0,53.61670053618474,0.006799993570894003,0.0,34.63869574322808,18.97120479938576,0,1,0,0.0,0.0,26.80835026809237,0,0,2097152,8,4,0.0,2,0.0,0,0,1.0,0.0,4,0,0,0.0,0.0,0.0,100.0,4,0.0,1.0,0.0,0.0,1.0,0.0,256,1024,0,0.0,779.4358673783769,44.88629997649696,0.0,104.50303423787962,630.0465331640003,0,2887.5000605004584,0,677.997560498768,3.656814218516405e-07,1.0222672340306508e-06,7.033207013597673e-06,3.379493467250825e-08,9.346943810114434e-08,5.855758959494728e-07,9.13399593820309e-06,no_hotcold,nsga2
0,100,100,val,2.921005964279175,0.24609375,0.6015625,8,64,512,240.85040000500157,20.356090157223232,2.2607953666179186,68.61091433883256,0.0,0.0,0.0,0.0,0.0,0.0,0.0,0.0,0,33.215501341631686,2125.792085864428,0.0,0,0.0,0.0,0.0,0.0,0.0,0.0,0.0,0.0,0.0,0.0,0,0,0,0.0,0.0,0.0,0,0,0,8,4,0.0,2,0.0,0,0,1.0,0.0,0,0,0,0.0,0.0,0.0,0.0,0,0.0,1.0,0.0,0.0,1.0,0.0,256,1024,0,0.0,364.9111994506948,52.638199980719946,200.0,99.2188831993031,13.054116270671809,0,2887.5000605004584,0,2646.649660495457,4.0712180314446463e-07,9.043181466471675e-07,2.839742399138189e-06,0.0,0.0,0.0,4.151182348929821e-06,no_hotcold,nsga2
0,100,100,train,2.8816840052604675,0.20703125,0.595703125,8,64,512,206.280099999276,34.64693791142367,2.3180802248566685,18.694222738320406,37.6302999939071,6.372890590422338,13.441293888734133,19.81418447915647,0.007100010407157242,0.0,11.966607735064986,7.840476733684327,0,38.78203092783623,2482.049979381519,2097152.0,2,0.0,0.0,1.0,0.0,0.0,50.463231391465186,0.00650000583846122,0.0,31.468086896004493,18.98864448962223,0,1,0,0.0,0.0,25.231615695732593,0,0,2097152,8,4,0.0,2,0.0,0,0,1.0,0.0,4,4,0,1.0,0.0,0.0,101.0,0,0.0,1.0,0.0,0.0,1.0,0.0,256,1024,0,0.0,222.63696349840302,110.1401000196347,0.0,100.19590750779034,12.300955970977958,0,2887.5000605004584,0,2681.2199605011824,6.929387582284733e-07,9.272320899426674e-07,8.411969433264025e-07,3.186445295211169e-08,8.064776333240479e-08,5.569771466217019e-07,3.1308571544037613e-06,no_hotcold,nsga2
0,101,101,train,2.749512255191803,0.224609375,0.64453125,8,64,512,459.79960000840947,82.20371487529565,2.404314785787179,18.852730938502177,38.03910000715405,6.088985188991178,14.359110097040537,20.448095286031716,0.007700014975853264,0.0,12.311867403466412,8.12852786758945,0,17.398846369173256,1113.5261676270884,2097152.0,2,0.0,0.0,1.0,0.0,0.0,48.218550336427775,0.005999987479299307,0.0,30.874536943514382,17.338013405434094,0,1,0,0.0,0.0,24.109275168213887,0,0,2097152,8,4,0.0,2,0.0,0,0,1.0,0.0,4,0,0,0.0,0.0,0.0,102.0,4,0.0,1.0,0.0,0.0,1.0,0.0,256,1024,0,0.0,413.84304239834,302.61519996565767,0.0,98.03007658582595,13.197765846856354,0,2887.5000605004584,0,2427.700460492049,1.644074297505913e-06,9.617259143148716e-07,8.495087535345417e-07,3.0444925944955897e-08,8.615466058224321e-08,5.302372647691096e-07,4.102145816651635e-06,no_hotcold,nsga2
0,102,102,train,2.736896336078644,0.234375,0.595703125,8,64,512,72.16579999658279,15.808148242826048,2.3843910339197327,19.515520466554083,51.57630000030622,5.965781097567481,14.30084830093397,20.26662939850145,0.007399998139590025,0.0,11.497029332111381,8.762200068250477,0,110.85429865781512,7094.675114100168,2097152.0,2,0.0,0.0,1.0,0.0,0.0,51.099717495661054,0.006600006599910557,0.0,31.757787554119897,19.335329934941246,0,1,0,0.0,0.0,25.549858747830527,0,0,2097152,8,4,0.0,2,0.0,0,0,1.0,0.0,4,4,0,1.0,0.0,0.0,103.0,0,0.0,1.0,0.0,0.0,1.0,0.0,256,1024,0,0.0,150.83223897319948,34.93659998639487,0.0,101.83376278241107,14.061876204393513,0,2887.5000605004584,0,2815.3342605038756,3.1616296485652104e-07,9.537564135678933e-07,8.837878310076948e-07,2.9828905487837404e-08,8.580508980560381e-08,5.632443725483628e-07,2.8325855772739134e-06,no_hotcold,nsga2
0,103,103,train,2.587349832057953,0.283203125,0.6484375,8,64,512,352.5169000058668,61.22559190854394,2.3171802489381457,19.623714100089238,38.041600011638366,6.143982017149931,13.842469692218144,19.986451709368076,0.007699985872022808,0.0,11.64575857208851,8.33299315140754,0,22.69388306201433,1452.408515968917,2097152.0,2,0.0,0.0,1.0,0.0,0.0,52.07788892224516,0.007299997378140688,0.0,34.10649783216577,17.964091092701246,0,1,0,0.0,0.0,26.03894446112258,0,0,2097152,8,4,0.0,2,0.0,0,0,1.0,0.0,4,0,0,0.0,0.0,0.0,104.0,4,0.0,1.0,0.0,0.0,1.0,0.0,256,1024,0,0.0,332.66594503028523,218.72999999322928,0.0,100.682999835442,13.25294520161398,0,2887.5000605004584,0,2534.9831604945916,1.224511838170879e-06,9.268720995752583e-07,8.899682874230049e-07,3.0719910085749656e-08,8.305481815330885e-08,5.716001175841794e-07,3.726727070992381e-06,no_hotcold,nsga2
0,104,104,train,2.6539201736450195,0.28125,0.619140625,8,64,512,123.29180000233464,17.072219147058068,2.542351963205053,18.688138677030427,61.52750000183005,6.052054628950167,16.107586249335267,22.159640878285433,0.007700000423938036,0.0,11.610361545500767,10.541579332360728,0,64.88618962217188,4152.716135819001,2097152.0,2,0.0,0.0,1.0,0.0,0.0,52.94193650872603,0.007200011168606579,0.0,34.370430978157614,18.564305519399802,0,1,0,0.0,0.0,26.470968254363015,0,0,2097152,8,4,0.0,2,0.0,0,0,1.0,0.0,4,4,0,1.0,0.0,0.0,105.0,0,0.0,1.0,0.0,0.0,1.0,0.0,256,1024,0,0.0,153.2108391491742,41.2091999896802,0.0,97.89763816565122,14.104000993842764,0,2887.5000605004584,0,2764.2082604981238,3.4144438294116137e-07,1.0169407852820213e-06,8.441567540760133e-07,3.0260273144750835e-08,9.66455174960116e-08,5.798136850105699e-07,2.9092613979505284e-06,no_hotcold,nsga2
0,105,105,train,2.680673837661743,0.263671875,0.615234375,8,64,512,340.8103999972809,60.147800937452054,2.3532621572960983,20.713234477276437,41.621299998951145,5.501668331254413,14.770505727206032,20.272174058460443,0.007100010407157242,0.0,11.47923606984954,8.785837978203748,0,23.473393202409977,1502.2971649542385,2097152.0,2,0.0,0.0,1.0,0.0,0.0,53.14067604672308,0.006799993570894003,0.0,35.075032492239885,18.058843560912297,0,1,0,0.0,0.0,26.57033802336154,0,0,2097152,8,4,0.0,2,0.0,0,0,1.0,0.0,4,0,0,0.0,0.0,0.0,106.0,4,0.0,1.0,0.0,0.0,1.0,0.0,256,1024,0,0.0,332.85719028809837,212.52499999536667,0.0,107.2243803734988,13.107809919232867,0,2887.5000605004584,0,2546.6896605031775,1.202956018749041e-06,9.413048629184394e-07,9.345736388615132e-07,2.7508341656272068e-08,8.862303436323619e-08,5.854017550682634e-07,3.7803676516167653e-06,no_hotcold,nsga2
0,106,106,train,2.619605243206024,0.296875,0.646484375,8,64,512,84.31259999633767,16.748843018439462,2.3110226649075436,19.04657449526092,63.38550000509713,6.284091676910907,14.7844814266544,21.068573103565306,0.006900008884258568,0.0,12.615349239817517,8.446323854863532,0,94.88386215684653,6072.567178038178,2097152.0,2,0.0,0.0,1.0,0.0,0.0,52.017396246539164,0.006400005077011883,0.0,33.37807140033961,18.63292484112255,0,1,0,0.0,0.0,26.008698123269582,0,0,2097152,8,4,0.0,2,0.0,0,0,1.0,0.0,4,4,0,1.0,0.0,0.0,107.0,0,0.0,1.0,0.0,0.0,1.0,0.0,256,1024,0,0.0,152.4257607144317,39.49430001375731,0.0,98.84510517854,14.086355522134404,0,2887.5000605004584,0,2803.1874605041207,3.3497686036878924e-07,9.244090659630173e-07,8.609072424193839e-07,3.142045838455454e-08,8.870688855992638e-08,5.724644860739395e-07,2.812885001769611e-06,no_hotcold,nsga2
0,107,107,train,2.560331881046295,0.271484375,0.673828125,8,64,512,293.0746000056388,49.92990191217706,2.097264847784665,19.262061350788784,39.13560000364669,5.939890094103144,13.245166460754064,19.18505655485721,0.00750001345295459,0.0,10.990433222178034,8.187123319226218,0,27.29671115523121,1746.9895139347975,2097152.0,2,0.0,0.0,1.0,0.0,0.0,48.08260852671974,0.006400005077011883,0.0,30.730557391762567,17.345651129880157,0,1,0,0.0,0.0,24.04130426335987,0,0,2097152,8,4,0.0,2,0.0,0,0,1.0,0.0,4,0,0,0.0,0.0,0.0,108.0,4,0.0,1.0,0.0,0.0,1.0,0.0,256,1024,0,0.0,285.15691244300206,172.38710007222835,0.0,100.94311419050294,11.82669818027075,0,2887.5000605004584,0,2594.4254604948196,9.985980382435412e-07,8.38905939113866e-07,8.694654465281811e-07,2.9699450470515723e-08,7.947099876452437e-08,5.298619008218935e-07,3.3460017739425217e-06,no_hotcold,nsga2
0,108,108,train,2.5471326112747192,0.279296875,0.650390625,8,64,512,343.21799999452196,54.11868353297405,2.53255154620728,19.394868431436404,38.25460000371095,5.827664527497707,15.626114949816682,21.453779477314388,0.00689999433234334,0.0,11.611054934116488,9.835824548865556,0,23.308732908515225,1491.7589061449744,2097152.0,2,0.0,0.0,1.0,0.0,0.0,52.89663868281738,0.006700007361359894,0.0,34.80537508144816,18.084563594007868,0,1,0,0.0,0.0,26.44831934140869,0,0,2097152,8,4,0.0,2,0.0,0,0,1.0,0.0,4,4,0,1.0,0.0,0.0,109.0,0,0.0,1.0,0.0,0.0,1.0,0.0,256,1024,0,0.0,304.18441404247096,188.1392000213964,0.0,101.93460233555119,14.110611685523352,0,1572.6969500033683,0,1229.4789500088464,1.0823736706594812e-06,1.013020618482912e-06,8.763730300519601e-07,2.913832263748854e-08,9.375668969890007e-08,5.824158569940375e-07,3.6770781885247792e-06,no_hotcold,nsga2
0,109,109,train,2.751864016056061,0.26171875,0.642578125,8,64,512,340.0505999888992,53.684445582394886,2.428361615869913,19.665493586896105,48.7857999978587,6.201496871859803,14.996347658485716,21.19784453034552,0.008399991202168167,0.0,12.309105663358809,8.880338875784542,0,23.52584137307737,1505.6538478769517,2097152.0,2,0.0,0.0,1.0,0.0,0.0,52.42182645911687,0.01069999416358769,0.0,33.44180306266764,18.96932340228564,0,1,0,0.0,0.0,26.210913229558436,0,0,2097152,8,4,0.0,2,0.0,0,0,1.0,0.0,4,0,0,0.0,0.0,0.0,110.0,4,0.0,1.0,0.0,0.0,1.0,0.0,256,1024,0,0.0,303.1132031406436,188.25000000651926,0.0,99.99888038360133,14.864322750523026,0,1572.6969500033683,0,1232.6463500144691,1.0736889116478977e-06,9.713446463479652e-07,8.843989044214899e-07,3.100748435929902e-08,8.997808595091429e-08,5.767312730772983e-07,3.6271493058048647e-06,no_hotcold,nsga2
0,110,110,train,2.6136202216148376,0.25390625,0.64453125,8,64,512,277.522799995495,45.64685337315715,2.6994915982302943,20.575690149378417,70.70430000021588,8.330956233003192,17.81181337169805,26.142769604701243,0.007800001185387373,0.0,12.691422037210616,13.443547566305242,0,28.82635651475608,1844.886816944389,2097152.0,2,0.0,0.0,1.0,0.0,0.0,51.31318245689209,0.007099995855242014,0.0,33.20122807878094,18.104854382255905,0,1,0,0.0,0.0,25.656591228446047,0,0,2097152,8,4,0.0,2,0.0,0,0,1.0,0.0,4,4,0,1.0,0.0,0.0,111.0,0,0.0,1.0,0.0,0.0,1.0,0.0,256,1024,0,0.0,275.6881404830634,151.74310003931168,0.0,103.03794831513466,20.907092128617116,0,1572.6969500033683,0,1295.1741500078733,9.12937067463143e-07,1.0797966392921177e-06,9.296196240780822e-07,4.1654781165015965e-08,1.0687088023018829e-07,5.646112558883484e-07,3.635490248116896e-06,no_hotcold,nsga2
0,111,111,train,2.7525715231895447,0.236328125,0.5703125,8,64,512,471.7553999944357,82.61412477475017,2.66112898957425,18.984673691537886,39.35839999758173,5.918698982598583,16.835341842104757,22.75404082470334,0.007399998139590025,0.0,11.135592775904142,11.611048050659608,0,16.957904545851118,1085.3058909344716,2097152.0,2,0.0,0.0,1.0,0.0,0.0,52.878682131259566,0.006399990525096655,0.0,35.26637062415195,17.605911516582516,0,1,0,0.0,0.0,26.439341065629783,0,0,2097152,8,4,0.0,2,0.0,0,0,1.0,0.0,4,0,0,0.0,0.0,0.0,112.0,4,0.0,1.0,0.0,0.0,1.0,0.0,256,1024,0,0.0,417.03970982344924,303.1217000534525,0.0,99.65219329810294,14.265816471893753,0,1572.6969500033683,0,1100.9415500089326,1.6522824954950035e-06,1.0644515958297e-06,8.560484217398016e-07,2.959349491299292e-08,1.0101205105262853e-07,5.823368281105824e-07,4.285724887140709e-06,no_hotcold,nsga2
0,112,112,train,2.6277286410331726,0.27734375,0.6015625,8,64,512,292.9035999986809,52.32514103265126,2.2014387131174025,19.18029586583377,38.744699995731935,5.856622437019679,13.804528005402762,19.66115044242244,0.007299997378140688,0.0,11.989435077757818,7.664415367286482,0,27.31264718968575,1748.009420139888,2097152.0,2,0.0,0.0,1.0,0.0,0.0,52.907288231429135,0.006600006599910557,0.0,34.90885674913786,17.991831475691367,0,1,0,0.0,0.0,26.453644115714567,0,0,2097152,8,4,0.0,2,0.0,0,0,1.0,0.0,4,4,0,1.0,0.0,0.0,113.0,0,0.0,1.0,0.0,0.0,1.0,0.0,256,1024,0,0.0,294.8275024464097,183.72979998821393,0.0,98.21430732796853,12.883395130227253,0,1572.6969500033683,0,1279.7933500046875,1.0465028206530253e-06,8.805754852469611e-07,8.652202313422498e-07,2.9283112185098395e-08,8.282716803241656e-08,5.794692774147216e-07,3.4838780948744723e-06,no_hotcold,nsga2
0,113,113,train,2.688208818435669,0.28125,0.626953125,8,64,512,278.32349999516737,49.107957032768624,2.2790712052826523,19.92630742001201,40.59839999536052,5.562048636490104,13.468626426531241,19.030675063021345,0.008000002708286047,0.0,11.939608797543125,7.0830662627699335,0,28.743427187110395,1839.5793399750653,2097152.0,2,0.0,0.0,1.0,0.0,0.0,52.8284399450446,0.007399983587674797,0.0,35.17588041561332,17.645159545843597,0,1,0,0.0,0.0,26.4142199725223,0,0,2097152,8,4,0.0,2,0.0,0,0,1.0,0.0,4,0,0,0.0,0.0,0.0,114.0,4,0.0,1.0,0.0,0.0,1.0,0.0,256,1024,0,0.0,285.2533426322531,170.2850999427028,0.0,102.31836444615614,12.649878243394193,0,1572.6969500033683,0,1294.373450008201,9.821591406553728e-07,9.11628482113061e-07,9.024455052955548e-07,2.781024318245052e-08,8.081175855918744e-08,5.8189054828268e-07,3.4867456780883065e-06,no_hotcold,nsga2
0,114,114,train,2.607429325580597,0.283203125,0.638671875,8,64,512,318.0498000001535,52.95951070228564,2.199637442244818,20.223229354853416,37.57669999322388,5.744863498503351,13.358299566267014,19.103163064770364,0.007499998901039362,0.0,11.821590583598324,7.274072482271,0,25.15321451792022,1609.805729146894,2097152.0,2,0.0,0.0,1.0,0.0,0.0,52.25310793795431,0.006599992047995329,0.0,33.48568436201801,18.760823583888303,0,1,0,0.0,0.0,26.126553968977156,0,0,2097152,8,4,0.0,2,0.0,0,0,1.0,0.0,4,4,0,1.0,0.0,0.0,115.0,0,0.0,1.0,0.0,0.0,1.0,0.0,256,1024,0,0.0,301.52950999753546,184.20740001602098,0.0,103.82680992976879,13.49530005174573,0,1572.6969500033683,0,1254.6471500032148,1.059190214045713e-06,8.798549768979273e-07,9.145499393551415e-07,2.8724317492516755e-08,8.014979739760207e-08,5.720171161347261e-07,3.5344863613236265e-06,no_hotcold,nsga2
0,115,115,train,2.6213936805725098,0.251953125,0.64453125,8,64,512,135.59609999356326,16.620016995775465,2.4323163022408707,19.950907791361495,38.23710000142455,6.497785349042078,14.498843644518399,20.996628993560478,0.008100003469735384,0.0,11.887409183906815,9.101119806183927,0,58.99831191360108,3775.891962470469,2097152.0,2,0.0,0.0,1.0,0.0,0.0,48.60349710063484,0.006699992809444666,0.0,31.406519532885397,17.190277574939998,0,1,0,0.0,0.0,24.30174855031742,0,0,2097152,8,4,0.0,2,0.0,0,0,1.0,0.0,4,0,0,0.0,0.0,0.0,116.0,4,0.0,1.0,0.0,0.0,1.0,0.0,256,1024,0,0.0,156.01296435751132,37.779999955091625,0.0,104.71170288316682,13.52126151925288,0,1572.6969500033683,0,1437.100850009805,3.3240033991550936e-07,9.729265208963482e-07,8.977008622056065e-07,3.248892674521039e-08,8.699306186711038e-08,5.326893230587412e-07,2.855199034688526e-06,no_hotcold,nsga2
0,116,116,train,2.4859829545021057,0.296875,0.666015625,8,64,512,339.720900010434,59.57066521525867,2.338447310509702,19.58725834445045,39.06160000769887,5.680052366794896,14.22780374997743,19.907856116772326,0.007199996616691351,0.0,10.90862451244298,8.992031607712653,0,23.54867319343938,1507.1150843801204,2097152.0,2,0.0,0.0,1.0,0.0,0.0,50.329765809043224,0.02750000567175448,0.0,32.96623341572298,17.336032387648483,0,1,0,0.0,0.0,25.164882904521612,0,0,2097152,8,4,0.0,2,0.0,0,0,1.0,0.0,4,4,0,1.0,0.0,0.0,117.0,0,0.0,1.0,0.0,0.0,1.0,0.0,256,1024,0,0.0,325.9854834808753,211.17959996627178,0.0,101.3587620983882,13.447121416215296,0,1572.6969500033683,0,1232.9760499929343,1.1914133043051736e-06,9.353789242038807e-07,8.844825707756616e-07,2.840026183397448e-08,8.536682249986457e-08,5.530961864639381e-07,3.678138070082493e-06,no_hotcold,nsga2
0,117,117,train,2.6172977089881897,0.265625,0.65234375,8,64,512,353.79439999815077,61.298673664070705,2.4371386562465047,19.96413080778688,40.024100002483465,6.213838216848254,13.676857383386292,19.890695600234544,0.007099995855242014,0.0,11.239073287009141,8.64452231737016,0,22.6119389908456,1447.1640954141185,2097152.0,2,0.0,0.0,1.0,0.0,0.0,53.446621505471825,0.00589998671784997,0.0,34.47427397455898,18.966447544194992,0,1,0,0.0,0.0,26.723310752735912,0,0,2097152,8,4,0.0,2,0.0,0,0,1.0,0.0,4,0,0,0.0,0.0,0.0,118.0,4,0.0,1.0,0.0,0.0,1.0,0.0,256,1024,0,0.0,334.7997725124163,218.81040002335794,0.0,102.15867054892242,13.830701940135999,0,521.8997355001193,0,168.1053355019685,1.2259734732814144e-06,9.74855462498602e-07,9.03746897288397e-07,3.1069191084241274e-08,8.206114430031774e-08,5.879889549367368e-07,3.8056951233897093e-06,no_hotcold,nsga2
0,118,118,train,2.608786880970001,0.28515625,0.634765625,8,64,512,73.40949999343138,16.272988070890268,2.2814476045030574,19.25573628210994,52.910300000803545,6.628488719941441,15.030282249045193,21.658770968986634,0.007199996616691351,0.0,12.916416155408076,8.735154816961868,0,108.97623637920765,6974.4791282692895,2097152.0,2,0.0,0.0,1.0,0.0,0.0,49.32579203060474,0.008700008038431406,0.0,32.24602920252294,17.071062820043366,0,1,0,0.0,0.0,24.66289601530237,0,0,2097152,8,4,0.0,2,0.0,0,0,1.0,0.0,4,4,0,1.0,0.0,0.0,119.0,0,0.0,1.0,0.0,0.0,1.0,0.0,256,1024,0,0.0,151.24068783001306,38.036400015698746,0.0,99.37829053156332,13.825997282750983,0,521.8997355001193,0,448.4902355066879,3.254597614178054e-07,9.125790418012229e-07,8.704926829319513e-07,3.314244359970721e-08,9.018169349427115e-08,5.406370673440166e-07,2.7724926905889747e-06,no_hotcold,nsga2
0,119,119,train,2.486512005329132,0.283203125,0.66015625,8,64,512,86.40569999988656,17.159546954275868,2.4020523067996473,19.613932308485218,50.57719998876564,5.942815209294827,13.623137866544319,19.565953075839147,0.007399998139590025,0.0,11.221588319523013,8.336964758176542,0,92.58541293684983,5925.466427958389,2097152.0,2,0.0,0.0,1.0,0.0,0.0,50.73056907008126,0.006799993570894003,0.0,32.17631767002656,18.547451406483805,0,1,0,0.0,0.0,25.36528453504063,0,0,2097152,8,4,0.0,2,0.0,0,0,1.0,0.0,4,0,0,0.0,0.0,0.0,120.0,4,0.0,1.0,0.0,0.0,1.0,0.0,256,1024,0,0.0,156.70212627824293,41.110100006335415,0.0,100.15065935230992,15.441366919597588,0,521.8997355001193,0,435.4940355002327,3.4319093908551736e-07,9.60820922719859e-07,8.872693496974276e-07,2.9714076046474135e-08,8.173882719926591e-08,5.594634029769607e-07,2.8621975177255054e-06,no_hotcold,nsga2
0,120,120,train,2.507296085357666,0.2890625,0.662109375,8,64,512,362.49310000857804,64.01028366321205,2.6613674238844682,20.174374037672465,53.17780000041239,6.192599524767268,16.82261399714643,23.015213521913697,0.006900008884258568,0.0,11.922773269609362,11.085540243420079,0,22.069324714004143,1412.4367816962651,2097152.0,2,0.0,0.0,1.0,0.0,0.0,48.279348484836106,0.007199996616691351,0.0,30.69941150570292,17.572736982516503,0,1,0,0.0,0.0,24.139674242418053,0,0,2097152,8,4,0.0,2,0.0,0,0,1.0,0.0,4,4,0,1.0,0.0,0.0,121.0,0,0.0,1.0,0.0,0.0,1.0,0.0,256,1024,0,0.0,347.38410049907594,227.32339994399808,0.0,104.9987864690309,15.061914086046894,0,521.8997355001193,0,159.40663549154124,1.280205673264241e-06,1.0645469695537871e-06,9.085280818025595e-07,3.0962997623836344e-08,1.0093568398287858e-07,5.320310063779133e-07,3.917210412605216e-06,no_hotcold,nsga2
0,121,121,train,2.600617825984955,0.255859375,0.642578125,8,64,512,73.99449999502394,16.520010556443147,2.5399447263657544,19.374312995127127,72.61950000247452,5.820693080442107,15.719284337908558,21.539977418350666,0.008300004992634058,0.0,11.33311947791331,10.198557935444718,0,108.11468265689109,6919.33969004103,2097152.0,2,0.0,0.0,1.0,0.0,0.0,53.90107869083542,0.010599993402138352,0.0,36.48675082304539,17.403727874387897,0,1,0,0.0,0.0,26.95053934541771,0,0,2097152,8,4,0.0,2,0.0,0,0,1.0,0.0,4,0,0,0.0,0.0,0.0,122.0,4,0.0,1.0,0.0,0.0,1.0,0.0,256,1024,0,0.0,153.7370731117441,39.52220003702678,0.0,100.68477727934433,13.530095795373,0,521.8997355001193,0,447.90523550509533,3.30400211128863e-07,1.0159778905463019e-06,8.748966730440732e-07,2.9103465402210536e-08,9.431570602745135e-08,5.928316468970094e-07,2.9375255930459094e-06,no_hotcold,nsga2
0,122,122,train,2.5788263082504272,0.240234375,0.66015625,8,64,512,882.6558000000659,65.83485810788794,3.1625113300838126,19.607986843035505,52.98609999590553,6.2650710161764005,21.44970490803408,27.71477592421048,0.006999995093792677,0.0,11.904569116676662,15.803206812440022,0,9.063545423316743,580.0669070922715,2097152.0,2,0.0,0.0,1.0,0.0,0.0,52.034918572736274,0.007299997378140688,0.0,33.197698441138975,18.829920134219158,0,1,0,0.0,0.0,26.017459286368137,0,0,2097152,8,4,0.0,2,0.0,0,0,1.0,0.0,4,4,0,1.0,0.0,0.0,123.0,0,0.0,1.0,0.0,0.0,1.0,0.0,256,1024,0,0.0,354.42142512402893,235.75700001674704,0.0,99.38655967055129,19.27786543673067,0,769.9546965023899,1,-112.70110349767606,1.3166971621577587e-06,1.2650045320335248e-06,8.863935156220203e-07,3.1325355080882006e-08,1.2869822944820446e-07,5.733166980862484e-07,4.201435492428639e-06,no_hotcold,nsga2
0,123,123,train,2.5621920228004456,0.2578125,0.646484375,8,64,512,300.4331000120146,51.985216148816356,2.4045282092798295,19.19332843216436,37.80720000213478,5.7665908085322375,14.269356746246244,20.03594755477848,0.007099995855242014,0.0,10.955122083147046,9.073725475776193,0,26.628135753165417,1704.2006882025867,2097152.0,2,0.0,0.0,1.0,0.0,0.0,52.66607129462194,0.006699992809444666,0.0,33.857867214475185,18.801504087337314,0,1,0,0.0,0.0,26.33303564731097,0,0,2097152,8,4,0.0,2,0.0,0,0,1.0,0.0,4,0,0,0.0,0.0,0.0,124.0,4,0.0,1.0,0.0,0.0,1.0,0.0,256,1024,0,0.0,294.33229116104224,179.65749994618818,0.0,100.91760944154683,13.757181773307188,0,767.5256819972844,0,467.0925819852698,1.0397043229763272e-06,9.618112837119318e-07,8.647397344408632e-07,2.8832954042661188e-08,8.561614047747746e-08,5.764655192508063e-07,3.557169954900067e-06,no_hotcold,nsga2
0,124,124,train,2.616549849510193,0.236328125,0.650390625,8,64,512,358.13320000306703,62.511569083757564,2.3150797528568816,19.26188067463896,37.70529999746941,5.738436900018332,15.034652606069285,20.773089506087615,0.014900011592544615,0.0,11.222664653434137,9.535524841060937,0,22.337995086566682,1429.6316855402677,2097152.0,2,0.0,0.0,1.0,0.0,0.0,51.508012291588386,0.00650000583846122,0.0,32.5456081534714,18.955904132278526,0,1,0,0.0,0.0,25.754006145794193,0,0,2097152,8,4,0.0,2,0.0,0,0,1.0,0.0,4,4,0,1.0,0.0,0.0,125.0,0,0.0,1.0,0.0,0.0,1.0,0.0,256,1024,0,0.0,336.3541180450136,222.23930001200642,0.0,100.81485365980504,13.299964373202176,0,767.5256819972844,0,409.3924819942174,1.2502313816751515e-06,9.260319011427527e-07,8.696041509150064e-07,2.8692184500091662e-08,9.02079156364157e-08,5.686846410491131e-07,3.7334521749185304e-06,no_hotcold,nsga2
0,125,125,train,2.6112395524978638,0.240234375,0.642578125,8,64,512,358.2064999936847,61.61220980628592,2.179278269187066,19.67357241605402,39.39030000765342,5.50641895900976,12.59864580781831,18.105064766828068,0.007300011930055916,0.0,11.262287973059486,6.835476781838528,0,22.333424063262335,1429.3391400487894,2097152.0,2,0.0,0.0,1.0,0.0,0.0,52.555478102070936,0.006399990525096655,0.0,33.926145635362154,18.622932476183685,0,1,0,0.0,0.0,26.277739051035468,0,0,2097152,8,4,0.0,2,0.0,0,0,1.0,0.0,4,0,0,0.0,0.0,0.0,126.0,4,0.0,1.0,0.0,0.0,1.0,0.0,256,1024,0,0.0,333.86024196610805,218.9908999571344,0.0,102.63078527253768,12.238556736435962,0,767.5256819972844,0,409.31918200359974,1.2322441961257184e-06,8.717113076748264e-07,8.847515151709513e-07,2.75320947950488e-08,7.559187484690985e-08,5.803225638666671e-07,3.6721535524801222e-06,no_hotcold,nsga2
0,126,126,train,2.5696226954460144,0.236328125,0.66796875,8,64,512,123.55429999297485,16.88553309919859,2.3995400703610508,19.25712840191917,50.54290000407491,5.558187217164382,15.132049985123995,20.690237202288376,0.006799993570894003,0.0,11.732318220009624,8.95111898870786,0,64.74833536444707,4143.893463324613,2097152.0,2,0.0,0.0,1.0,0.0,0.0,50.33637582999979,0.006600006599910557,0.0,31.36434504339323,18.96543078000665,0,1,0,0.0,0.0,25.168187914999894,0,0,2097152,8,4,0.0,2,0.0,0,0,1.0,0.0,4,4,0,1.0,0.0,0.0,127.0,0,0.0,1.0,0.0,0.0,1.0,0.0,256,1024,0,0.0,154.16880628591525,39.824200066505,0.0,99.99395229047235,14.350653928937902,0,767.5256819972844,0,643.9713820043096,3.377106619839718e-07,9.598160281444202e-07,8.696331487649989e-07,2.779093608582191e-08,9.079229991074396e-08,5.561373055082727e-07,2.8418803803982294e-06,no_hotcold,nsga2
0,127,127,train,2.562723755836487,0.22265625,0.64453125,8,64,512,309.92639999021776,52.8476937520105,2.234490408041427,19.374673529016484,42.247899997164495,5.865676068446574,13.942499275456644,19.80817534390322,0.007599999662488699,0.0,11.969305502219179,7.831269842021551,0,25.812496733920604,1651.9997909709186,2097152.0,2,0.0,0.0,1.0,0.0,0.0,54.23040677276243,0.006799993570894003,0.0,36.07046158664588,18.15314519254566,0,1,0,0.0,0.0,27.115203386381214,0,0,2097152,8,4,0.0,2,0.0,0,0,1.0,0.0,4,0,0,0.0,0.0,0.0,128.0,4,0.0,1.0,0.0,0.0,1.0,0.0,256,1024,0,0.0,297.82743075627366,184.8623999831034,0.0,100.33151972436863,12.633511048801633,0,767.5256819972844,0,457.5992820070667,1.0569538750402102e-06,8.937961632165708e-07,8.729410682018926e-07,2.9328380342232874e-08,8.365499565273985e-08,5.968660161580548e-07,3.533540498611701e-06,no_hotcold,nsga2
0,128,128,train,2.6163350343704224,0.26953125,0.681640625,8,64,512,73.4746000089217,16.662809420332085,2.206296780034005,20.374184285283572,45.70259999309201,6.650288661212179,13.78749168062128,20.43778034183346,0.007599985110573471,0.0,12.978307828813573,7.451872527909312,0,108.87968249362521,6968.2996795920135,2097152.0,2,0.0,0.0,1.0,0.0,0.0,52.93837793713593,0.006299989763647318,0.0,35.104271053341506,17.827806894030786,0,1,0,0.0,0.0,26.469188968567966,0,0,2097152,8,4,0.0,2,0.0,0,0,1.0,0.0,4,4,0,1.0,0.0,0.0,129.0,0,0.0,1.0,0.0,0.0,1.0,0.0,256,1024,0,0.0,156.97316194259864,38.91799999109935,0.0,105.31447804976193,12.740683901737354,0,513.0128190007963,0,439.5382189918746,3.332561884066417e-07,8.82518712013602e-07,9.204506629459159e-07,3.325144330606089e-08,8.272495008372766e-08,5.830843965713399e-07,2.835286353327288e-06,no_hotcold,nsga2
0,129,129,train,2.615518093109131,0.2421875,0.64453125,8,64,512,354.38360000262037,65.19420990517739,2.1835569552938026,19.77356937866029,37.67169998900499,6.159959889325833,13.253552580482726,19.41351246980856,0.007499998901039362,0.0,11.672401350109716,7.733611120797804,0,22.57434437032774,1444.7580397009754,2097152.0,2,0.0,0.0,1.0,0.0,0.0,51.08264392130883,0.006599992047995329,0.0,32.96963609847623,18.106407830784605,0,1,0,0.0,0.0,25.541321960654415,0,0,2097152,8,4,0.0,2,0.0,0,0,1.0,0.0,4,0,0,0.0,0.0,0.0,130.0,4,0.0,1.0,0.0,0.0,1.0,0.0,256,1024,0,0.0,348.6053449565259,231.6663999663433,0.0,103.83764493773008,13.10130005245253,0,513.0128190007963,0,158.62921899817593,1.3038841981035476e-06,8.734227821175211e-07,8.928532763095135e-07,3.079979944662917e-08,7.952131548289635e-08,5.610200655470316e-07,3.741501437007139e-06,no_hotcold,nsga2
0,130,130,train,2.467423439025879,0.27734375,0.67578125,8,64,512,290.76200000417884,51.45539381162679,2.449104487160268,19.617336897520147,38.10019999218639,6.009143129068729,15.531361314155369,21.540504443224098,0.007499998901039362,0.0,12.059168674414083,9.473835769908975,0,27.51381709462698,1760.8842940561267,2097152.0,2,0.0,0.0,1.0,0.0,0.0,53.87187363391239,0.006299989763647318,0.0,36.444504031401635,17.42106961274711,0,1,0,0.0,0.0,26.935936816956193,0,0,2097152,8,4,0.0,2,0.0,0,0,1.0,0.0,4,4,0,1.0,0.0,0.0,131.0,0,0.0,1.0,0.0,0.0,1.0,0.0,256,1024,0,0.0,294.0873407852288,179.1205000336049,0.0,100.82354094556443,14.143299806059494,0,513.0128190007963,0,222.25081899661745,1.029107876232536e-06,9.796417948641071e-07,8.851011274413403e-07,3.0045715645343644e-08,9.31881678849322e-08,5.917737920013755e-07,3.608858474069635e-06,no_hotcold,nsga2
0,131,131,train,2.4326650500297546,0.291015625,0.673828125,8,64,512,338.70930000557564,60.61719531116341,2.2648888519158965,18.320127770764643,37.73229999933392,5.6840352928909885,13.711816721356445,19.395852014247435,0.007800015737302601,0.0,11.906202484176681,7.481849514333451,0,23.619004204679662,1511.6162690994984,2097152.0,2,0.0,0.0,1.0,0.0,0.0,52.29889345600408,0.00890000956133008,0.0,33.68591511188824,18.604078334554508,0,1,0,0.0,0.0,26.14944672800204,0,0,2097152,8,4,0.0,2,0.0,0,0,1.0,0.0,4,0,0,0.0,0.0,0.0,132.0,4,0.0,1.0,0.0,0.0,1.0,0.0,256,1024,0,0.0,324.80884773537576,216.85130000696518,0.0,95.39138712751749,12.56616060089312,0,464.8461015008794,0,126.13680149530376,1.2123439062232682e-06,9.059555407663586e-07,8.216281464861219e-07,2.8420176464454948e-08,8.227090032813866e-08,5.753061569423656e-07,3.6259248272107077e-06,no_hotcold,nsga2
0,132,132,train,2.41340833902359,0.294921875,0.708984375,8,64,512,70.46849999460392,16.994384057176493,2.2276828307215086,20.000176651066504,56.717900006333366,5.609040102199633,14.723074737065332,20.332114839264964,0.007099995855242014,0.0,12.065241499789149,8.259773343620575,0,113.52429065925807,7265.5546021925165,2097152.0,2,0.0,0.0,1.0,0.0,0.0,52.397717458552634,0.007499998901039362,0.0,34.250009385876936,18.140208073774666,0,1,0,0.0,0.0,26.198858729276317,0,0,2097152,8,4,0.0,2,0.0,0,0,1.0,0.0,4,4,0,1.0,0.0,0.0,133.0,0,0.0,1.0,0.0,0.0,1.0,0.0,256,1024,0,0.0,156.88897415585802,39.34450000815559,0.0,103.64823157786876,13.896242569833676,0,464.8461015008794,0,394.3776015062755,3.3988768114352985e-07,8.910731322886036e-07,9.055139879182376e-07,2.804520051099817e-08,8.833844842239198e-08,5.7852599236825e-07,2.831384442652011e-06,no_hotcold,nsga2
0,133,133,train,2.3617703914642334,0.314453125,0.68359375,8,64,512,1715.4892000107793,91.89785881894343,7.173627114732903,21.598437086317606,877.8905999934068,6.706066575310324,51.7000509918376,58.40611756714792,0.010199990356341004,0.0,12.339383845306081,46.0565337314855,0,4.663390091036214,298.4569658263177,2097152.0,2,0.0,0.0,1.0,0.0,0.0,52.43749352072804,0.007100024959072471,0.0,34.65358725041786,17.776806245351114,0,1,0,0.0,0.0,26.21874676036402,0,0,2097152,8,4,0.0,2,0.0,0,0,1.0,0.0,4,0,0,0.0,0.0,0.0,134.0,4,0.0,1.0,0.0,0.0,1.0,0.0,256,1024,0,0.0,482.6796920799757,340.5178000102751,0.0,98.32517549798675,43.83671657171391,0,767.5256819972844,1,-947.9635180134949,1.837957176378869e-06,2.869450845893161e-06,9.807577896300363e-07,3.3530332876551625e-08,3.1020030595102557e-07,5.759604925977107e-07,6.607856943327354e-06,no_hotcold,nsga2
0,134,134,train,2.4696340560913086,0.294921875,0.646484375,8,64,512,275.4791000043042,49.58222376361053,2.487174466913242,19.154782749804866,42.97249999945052,5.765004863690127,15.217728974319444,20.982733838009572,0.007399998139590025,0.0,12.064723335991356,8.910610503878624,0,29.040210163547226,1858.5734504670224,2097152.0,2,0.0,0.0,1.0,0.0,0.0,53.0568141702643,0.007100010407157242,0.0,35.69526990962309,17.354444250234053,0,1,0,0.0,0.0,26.52840708513215,0,0,2097152,8,4,0.0,2,0.0,0,0,1.0,0.0,4,4,0,1.0,0.0,0.0,135.0,0,0.0,1.0,0.0,0.0,1.0,0.0,256,1024,0,0.0,284.89672392131456,169.8976999905426,0.0,100.94691849043234,14.052105440339604,0,767.5256819972844,0,492.04658199298024,9.916444752722106e-07,9.948697867652967e-07,8.655534051713286e-07,2.882502431845064e-08,9.130637384591665e-08,5.847291266924855e-07,3.5569281920656886e-06,no_hotcold,nsga2
0,135,135,train,2.430196702480316,0.28125,0.6953125,8,64,512,192.73619999876246,35.33026142922885,2.349851320511038,19.612238665087816,73.1081000121776,6.499707689984194,14.675145555616117,21.17485324560031,0.007999988156370819,0.0,12.155886915975504,9.010966341468437,0,41.50729594521123,2656.466940493519,2097152.0,2,0.0,0.0,1.0,0.0,0.0,50.79853839706969,0.006300004315562546,0.0,32.20614148292053,18.586096909833607,0,1,0,0.0,0.0,25.399269198534846,0,0,2097152,8,4,0.0,2,0.0,0,0,1.0,0.0,4,0,0,0.0,0.0,0.0,136.0,4,0.0,1.0,0.0,0.0,1.0,0.0,256,1024,0,0.0,229.1694056593108,113.26390001340769,0.0,102.49164326815173,13.41386237775138,0,767.5256819972844,0,574.789481998522,7.066052285845771e-07,9.399405282044151e-07,8.832780501358345e-07,3.2498538449920976e-08,8.805087333369669e-08,5.596568465722341e-07,3.210030065280679e-06,no_hotcold,nsga2
0,136,136,train,2.60898619890213,0.259765625,0.630859375,8,64,512,274.7010000020964,48.49688490055148,2.346679750279468,19.24843793808563,38.688200002070516,6.563459381312687,13.568851330861332,20.132310712174018,0.008399991202168167,0.0,12.538004710856207,7.585906010115646,0,29.12246725520363,1863.8379043330324,2097152.0,2,0.0,0.0,1.0,0.0,0.0,49.02279244302638,0.006900008884258568,0.0,30.79911061711417,18.216781817027954,0,1,0,0.0,0.0,24.51139622151319,0,0,2097152,8,4,0.0,2,0.0,0,0,1.0,0.0,4,4,0,1.0,0.0,0.0,137.0,0,0.0,1.0,0.0,0.0,1.0,0.0,256,1024,0,0.0,280.36801035566634,167.6292999763973,0.0,99.89373399781866,12.844976381450358,0,767.5256819972844,0,492.82468199518803,9.699376980110296e-07,9.386719001117871e-07,8.669007993962002e-07,3.281729690656344e-08,8.141310798516797e-08,5.385240640753989e-07,3.428264866486147e-06,no_hotcold,nsga2
0,137,137,train,2.529528498649597,0.259765625,0.625,8,64,512,374.6903999999631,64.58965628640598,2.186928343007926,19.68635349560785,41.11779999220744,6.591418210879226,13.73715592861544,20.328574139494666,0.007299997378140688,0.0,12.748290759892857,7.57298338222367,0,21.35090370368999,1366.4578370361594,2097152.0,2,0.0,0.0,1.0,0.0,0.0,48.53818653701911,0.006400005077011883,0.0,30.171127602828847,18.36065892911325,0,1,0,0.0,0.0,24.269093268509554,0,0,2097152,8,4,0.0,2,0.0,0,0,1.0,0.0,4,0,0,0.0,0.0,0.0,138.0,4,0.0,1.0,0.0,0.0,1.0,0.0,256,1024,0,0.0,345.851752500087,231.93610001180787,0.0,101.3080668675816,12.607585620697568,0,767.5256819972844,0,392.8352819973213,1.2917931257281197e-06,8.747713372031705e-07,8.869904593406931e-07,3.295709105439613e-08,8.242293557169263e-08,5.32291560081107e-07,3.7012265089791792e-06,no_hotcold,nsga2
0,138,138,train,2.4542258977890015,0.27734375,0.685546875,8,64,512,291.5626999892993,49.510230993094666,2.156871068303284,19.761152124608316,38.72729999420699,5.860246292998149,14.865007007378265,20.725253300376416,0.006800008122809231,0.0,12.272355316652883,8.446097975600724,0,27.438257918573573,1756.0485067887087,2097152.0,2,0.0,0.0,1.0,0.0,0.0,51.997091581589025,0.007099995855242014,0.0,34.81646609638607,17.17352548934771,0,1,0,0.0,0.0,25.998545790794513,0,0,2097152,8,4,0.0,2,0.0,0,0,1.0,0.0,4,4,0,1.0,0.0,0.0,139.0,0,0.0,1.0,0.0,0.0,1.0,0.0,256,1024,0,0.0,285.713016744025,171.24400005559437,0.0,102.17779239402708,12.291224294403593,0,767.5256819972844,0,475.96298200798515,9.902046198618933e-07,8.627484273213137e-07,8.90465881879471e-07,2.930123146499075e-08,8.919004204426958e-08,5.723743029488132e-07,3.434284505520752e-06,no_hotcold,nsga2
0,139,139,train,2.5910417437553406,0.244140625,0.66015625,8,64,512,373.65750000753906,65.47966997533757,2.2316946255642565,19.681114471990618,44.216900001629256,5.8716071351671735,14.05466552691974,19.926272662086912,0.007499998901039362,0.0,11.880421369339397,8.038351293846477,0,21.409923766858213,1370.2351210789257,2097152.0,2,0.0,0.0,1.0,0.0,0.0,51.17990998860538,0.006699992809444666,0.0,32.41869740772021,18.754512588075734,0,1,0,0.0,0.0,25.58995499430269,0,0,2097152,8,4,0.0,2,0.0,0,0,1.0,0.0,4,0,0,0.0,0.0,0.0,140.0,4,0.0,1.0,0.0,0.0,1.0,0.0,256,1024,0,0.0,349.5699162915697,235.27199994714465,0.0,100.03472182078528,14.263194523639829,0,767.5256819972844,0,393.8681819897454,1.3095933995067514e-06,8.926778502257026e-07,8.892833875508323e-07,2.935803567583587e-08,8.432799316151842e-08,5.594810202159491e-07,3.76472168633659e-06,no_hotcold,nsga2
0,140,140,train,2.633938491344452,0.22265625,0.650390625,8,64,512,337.0788000029279,58.641968783437925,2.3841554356853045,19.289476689416283,41.89839999889955,5.947214315467123,14.68533399841027,20.632548313877393,0.007300011930055916,0.0,11.62508096345508,9.00016733849226,0,23.733252481847064,1518.928158838212,2097152.0,2,0.0,0.0,1.0,0.0,0.0,51.170626651364785,0.007299997378140688,0.0,32.99601565916814,18.167310994818507,0,1,0,0.0,0.0,25.585313325682392,0,0,2097152,8,4,0.0,2,0.0,0,0,1.0,0.0,4,4,0,1.0,0.0,0.0,141.0,0,0.0,1.0,0.0,0.0,1.0,0.0,256,1024,0,0.0,321.26240363415803,207.29580000624992,0.0,100.10579354102212,13.860810086885992,0,767.5256819972844,0,430.44688199435654,1.1728393756687586e-06,9.53662174274122e-07,8.676208260683529e-07,2.9736071577335617e-08,8.81120039904616e-08,5.600597913094976e-07,3.672030242888528e-06,no_hotcold,nsga2
0,141,141,train,2.3005003929138184,0.3359375,0.671875,8,64,512,371.77990000054706,60.97380221958492,2.337684219032025,19.32674397673255,36.89730000041891,6.315476742477841,14.668977381336898,20.98445412381474,0.006900008884258568,0.0,12.422164460319017,8.555389654611464,0,21.51805001275813,1377.1552008165204,2097152.0,2,0.0,0.0,1.0,0.0,0.0,53.3219548100797,0.00829999044071883,0.0,36.50606300337002,16.80759181626896,0,1,0,0.0,0.0,26.66097740503985,0,0,2097152,8,4,0.0,2,0.0,0,0,1.0,0.0,4,0,0,0.0,0.0,0.0,142.0,4,0.0,1.0,0.0,0.0,1.0,0.0,256,1024,0,0.0,330.55292166139805,217.86270002485253,0.0,98.76669232687567,13.923529309669771,0,719.47850700002,0,347.698606999473,1.2194760443916984e-06,9.3507368761281e-07,8.725762188648967e-07,3.157738371238921e-08,8.801386428802137e-08,5.868686116138211e-07,3.733585810483637e-06,no_hotcold,nsga2
0,142,142,train,2.5142226219177246,0.28125,0.677734375,8,64,512,71.16399999358691,15.616580996967487,2.3255956438610497,19.846420428618167,61.29759999748785,5.996957728381711,13.26908533661874,19.266043065000453,0.00650000583846122,0.0,11.32965797746603,7.929885081695959,0,112.41481066143365,7194.5478823317535,2097152.0,2,0.0,0.0,1.0,0.0,0.0,52.97619190644401,0.007099995855242014,0.0,34.42039597761439,18.548695932974375,0,1,0,0.0,0.0,26.488095953222004,0,0,2097152,8,4,0.0,2,0.0,0,0,1.0,0.0,4,4,0,1.0,0.0,0.0,143.0,0,0.0,1.0,0.0,0.0,1.0,0.0,256,1024,0,0.0,151.15438827778678,35.820099990814924,0.0,101.52146468359781,13.812823603374074,0,719.47850700002,0,648.3145070064331,3.1233161993934973e-07,9.3023825754442e-07,8.956501552417363e-07,2.998478864190856e-08,7.961451201971243e-08,5.809416174849773e-07,2.828760950872104e-06,no_hotcold,nsga2
0,143,143,train,2.5013867616653442,0.29296875,0.666015625,8,64,512,199.6554999932414,32.57857431275946,2.308095941001504,19.42241072408227,38.26180000032764,6.357915434963532,13.97925607660386,20.33717151156739,0.008499991963617504,0.0,11.38434192432614,8.944329595277635,0,40.06881819660672,2564.40436458283,2097152.0,2,0.0,0.0,1.0,0.0,0.0,51.99777832574888,0.007799986633472145,0.0,34.4339205640361,17.556057775079314,0,1,0,0.0,0.0,25.99888916287444,0,0,2097152,8,4,0.0,2,0.0,0,0,1.0,0.0,4,0,0,0.0,0.0,0.0,144.0,4,0.0,1.0,0.0,0.0,1.0,0.0,256,1024,0,0.0,217.23632391137292,102.27249999297783,0.0,100.8451315058238,14.118692412571276,0,719.47850700002,0,519.8230070067787,6.515714862551892e-07,9.232383764006017e-07,8.787931406282542e-07,3.1789577174817664e-08,8.387553645962316e-08,5.724597206117598e-07,3.1417278375302456e-06,no_hotcold,nsga2
0,144,144,train,2.6490381360054016,0.201171875,0.623046875,8,64,512,86.33550000377,18.001862890431006,2.5029907291585936,19.67540221773102,36.96859999035951,5.71051225881049,13.822119963363704,19.532632222174193,0.007800001185387373,0.0,10.852631617746056,8.67220060324275,0,92.66069390872539,5930.284410158425,2097152.0,2,0.0,0.0,1.0,0.0,0.0,51.76700146936158,0.010100004146806896,0.0,32.80530307164375,18.95159839357103,0,1,0,0.0,0.0,25.88350073468079,0,0,2097152,8,4,0.0,2,0.0,0,0,1.0,0.0,4,4,0,1.0,0.0,0.0,145.0,0,0.0,1.0,0.0,0.0,1.0,0.0,256,1024,0,0.0,160.72102334928246,45.33670001546852,0.0,99.7279100731752,15.656413260638729,0,719.47850700002,0,633.14300699625,3.600372578086201e-07,1.0011962916634373e-06,8.884217412868104e-07,2.855256129405245e-08,8.293271978018221e-08,5.714915790314764e-07,2.932632150864579e-06,no_hotcold,nsga2
0,145,145,train,2.4384703636169434,0.28125,0.677734375,8,64,512,8305.345800006762,1750.2804231879559,3.9833948700522246,31.217586235232563,38.758599999709986,700.0160508403243,29.434242454847297,729.4502932951716,0.00680002267472446,0.0,11.596877654465406,717.8466156180314,0,0.9632349127183331,61.647034413973316,2097152.0,2,0.0,0.0,1.0,0.0,0.0,53.6480957676225,0.007199996616691351,0.0,36.03112628086889,17.60976949013692,0,1,0,0.0,0.0,26.82404788381125,0,0,2097152,8,4,0.0,2,0.0,0,0,1.0,0.0,4,0,0,0.0,0.0,0.0,146.0,4,0.0,1.0,0.0,0.0,1.0,0.0,256,1024,0,0.0,7141.925617172963,5441.2368000193965,0.0,103.27339064821973,1597.4154265053462,0,1474.7855870065519,1,-6830.56021300021,3.500560846375912e-05,1.5933579480208897e-06,1.4410754015150527e-06,3.5000802542016217e-06,1.7660545472908376e-07,5.913572023089426e-07,4.2308084724534716e-05,no_hotcold,nsga2
0,146,146,train,2.488170087337494,0.267578125,0.6640625,8,64,512,85.17130000109319,15.597325560283853,2.3265221011971526,19.993899629692024,52.27890000969637,5.517833106321362,14.772152037117856,20.289985143439218,0.006400005077011883,0.0,11.85077990130567,8.432805237056536,0,93.92725099471683,6011.344063661877,2097152.0,2,0.0,0.0,1.0,0.0,0.0,54.34086620973173,0.006399990525096655,0.0,36.606982214225795,17.727484004980834,0,1,0,0.0,0.0,27.170433104865864,0,0,2097152,8,4,0.0,2,0.0,0,0,1.0,0.0,4,4,0,1.0,0.0,0.0,147.0,0,0.0,1.0,0.0,0.0,1.0,0.0,256,1024,0,0.0,151.67098916469212,34.50850004446693,0.0,102.6161173019225,14.54637181830266,0,1474.7855870065519,0,1389.6142870054587,3.1194651120567705e-07,9.306088404788609e-07,9.015634521878006e-07,2.7589165531606814e-08,8.863291222270713e-08,5.977098229787435e-07,2.858050704605396e-06,no_hotcold,nsga2
0,147,147,train,2.6586459279060364,0.2890625,0.646484375,8,64,512,342.55829999165144,61.651625242952974,2.3151484958031405,18.781608215314233,39.864999998826534,5.698013350349548,13.86181638728555,19.5598297376351,0.006799993570894003,0.0,11.536909726305787,8.016120017758416,0,23.3536208189209,1494.6317324109375,2097152.0,2,0.0,0.0,1.0,0.0,0.0,50.22853786306006,0.008800008799880743,0.0,31.126372578716328,19.093365275543853,0,1,0,0.0,0.0,25.11426893153003,0,0,2097152,8,4,0.0,2,0.0,0,0,1.0,0.0,4,0,0,0.0,0.0,0.0,148.0,4,0.0,1.0,0.0,0.0,1.0,0.0,256,1024,0,0.0,330.9935278162814,219.05870000773575,0.0,98.60651116562161,13.32831664292405,0,1474.7855870065519,0,1132.2272870149004,1.2330325048590596e-06,9.260593983212563e-07,8.457699239138612e-07,2.8490066751747743e-08,8.317089832371329e-08,5.533859150991582e-07,3.669908707268796e-06,no_hotcold,nsga2
0,148,148,train,2.6557446718215942,0.265625,0.611328125,8,64,512,258.1458000058774,47.606614562453274,2.2931951173405896,19.2244619613536,41.54460001154803,5.521216025307623,12.889776150759548,18.41099217606717,0.006900008884258568,0.0,10.761096238346543,7.642995928836369,0,30.990118799914853,1983.3676031945506,2097152.0,2,0.0,0.0,1.0,0.0,0.0,49.26533505407238,0.007200011168606579,0.0,32.88862544378814,16.369509599115627,0,1,0,0.0,0.0,24.63266752703619,0,0,2097152,8,4,0.0,2,0.0,0,0,1.0,0.0,4,4,0,1.0,0.0,0.0,149.0,0,0.0,1.0,0.0,0.0,1.0,0.0,256,1024,0,0.0,276.49708656458984,165.3024000406731,0.0,99.39313532467624,11.801551199240512,0,1474.7855870065519,0,1216.6397870006745,9.521322912490655e-07,9.17278046936236e-07,8.676688679928709e-07,2.7606080126538118e-08,7.733865690455728e-08,5.397567189404411e-07,3.3817806621497087e-06,no_hotcold,nsga2
0,149,149,train,2.3026930689811707,0.330078125,0.73046875,8,64,512,341.14360000239685,61.147211027978585,2.3778195925829255,19.516376756509217,38.7501999939559,5.68901411238354,15.503818566350247,21.192832678733787,0.006900008884258568,0.0,11.96184347551462,9.22408919433491,0,23.450466458926197,1500.8298533712766,2097152.0,2,0.0,0.0,1.0,0.0,0.0,49.741328552675036,0.008000002708286047,0.0,31.11947977331046,18.61384877665629,0,1,0,0.0,0.0,24.870664276337518,0,0,2097152,8,4,0.0,2,0.0,0,0,1.0,0.0,4,0,0,0.0,0.0,0.0,150.0,4,0.0,1.0,0.0,0.0,1.0,0.0,256,1024,0,0.0,332.1656295082829,217.6984000398079,0.0,100.48405841394872,13.983171054526286,0,1474.7855870065519,0,1133.641987004155,1.2229442205595716e-06,9.511278370331704e-07,8.811156830692894e-07,2.8445070561917703e-08,9.302291139810147e-08,5.472119446953238e-07,3.7238676673173745e-06,no_hotcold,nsga2
0,150,150,train,2.5507903695106506,0.279296875,0.62890625,8,64,512,5966.036600002553,1216.1460574439657,2.886157219374188,176.52264180058137,53.1708000053186,7.097252081749625,19.892584493371665,26.989836575121288,0.006400005077011883,0.0,12.399231726911593,14.584204843132685,0,1.3409234966934462,85.81910378838056,2097152.0,2,0.0,0.0,1.0,0.0,0.0,49.12453407962422,0.010499992640689015,0.0,30.898895693080988,18.215138393902542,0,1,0,0.0,0.0,24.56226703981211,0,0,2097152,8,4,0.0,2,0.0,0,0,1.0,0.0,4,4,0,1.0,0.0,0.0,151.0,0,0.0,1.0,0.0,0.0,1.0,0.0,256,1024,0,0.0,5582.219425855686,4837.312899966491,0.0,99.79156129453307,645.1149645946607,0,4458.619297006868,1,-1507.4173029956855,2.4322921148879316e-05,1.154462887749675e-06,7.693642387147073e-06,3.548626040874813e-08,1.1935550696022996e-07,5.38370860702569e-07,3.386423905184761e-05,no_hotcold,nsga2
0,151,151,train,2.466797351837158,0.296875,0.67578125,8,64,512,381.5137999918079,64.35998047664992,2.5478466187912403,20.801517084330406,50.41409999830648,5.73217392337995,17.059053633588476,22.791227556968426,0.00790000194683671,0.0,11.628748127917493,11.154579427104096,0,20.96904235477046,1342.0187107053093,2097152.0,2,0.0,0.0,1.0,0.0,0.0,51.73665297888083,0.00689999433234334,0.0,32.68737992193405,19.042373062614427,0,1,0,0.0,0.0,25.868326489440413,0,0,2097152,8,4,0.0,2,0.0,0,0,1.0,0.0,4,0,0,0.0,0.0,0.0,152.0,4,0.0,1.0,0.0,0.0,1.0,0.0,256,1024,0,0.0,350.83737671908625,230.26560005382635,0.0,99.14309399870774,21.428682666552184,0,4458.619297006868,0,4077.10549701506,1.2871996095329988e-06,1.0191386475164964e-06,9.392125524544135e-07,2.8660869616899752e-08,1.0235432180153086e-07,5.693973320478695e-07,3.945963332970209e-06,no_hotcold,nsga2
0,152,152,train,2.39639151096344,0.322265625,0.689453125,8,64,512,355.88049999205396,60.680212154688654,2.557239303584781,20.471868397247427,49.75419999391306,5.802855598364762,16.999629049708766,22.802484648073527,0.00829999044071883,0.0,11.758994272549206,11.035190385083602,0,22.479392719707608,1438.681134061287,2097152.0,2,0.0,0.0,1.0,0.0,0.0,52.18397237585181,0.0092999980552122,0.0,33.98397640386763,18.190695973928968,0,1,0,0.0,0.0,26.091986187925905,0,0,2097152,8,4,0.0,2,0.0,0,0,1.0,0.0,4,4,0,1.0,0.0,0.0,153.0,0,0.0,1.0,0.0,0.0,1.0,0.0,256,1024,0,0.0,334.8372794220834,215.99590002733748,0.0,102.906936609695,15.934442785050951,0,4458.619297006868,0,4102.738797014814,1.2136042430937733e-06,1.0228957214339123e-06,9.264337431913619e-07,2.9014277991823813e-08,1.019977742982526e-07,5.745308608952983e-07,3.868476620904423e-06,no_hotcold,nsga2
0,153,153,train,2.508514642715454,0.279296875,0.6484375,8,64,512,383.4174000076018,63.00206105185247,2.761328578041714,19.735257075362856,48.73780001071282,6.532059709789219,16.408726751821437,22.940786461610656,0.007599999662488699,0.0,12.71220922387481,10.220977238073358,0,20.864935015746216,1335.3558410077578,2097152.0,2,0.0,0.0,1.0,0.0,0.0,54.45742470843514,0.00689999433234334,0.0,35.04232482555402,19.408199888548786,0,1,0,0.0,0.0,27.22871235421757,0,0,2097152,8,4,0.0,2,0.0,0,0,1.0,0.0,4,0,0,0.0,0.0,0.0,154.0,4,0.0,1.0,0.0,0.0,1.0,0.0,256,1024,0,0.0,341.9945868210282,224.47969997301698,0.0,102.18077905229221,15.33410779571898,0,4458.619297006868,0,4075.201896999266,1.2600412210370496e-06,1.1045314312166856e-06,8.925249123702057e-07,3.26602985489461e-08,9.845236051092862e-08,5.995970842959528e-07,3.987807307979769e-06,no_hotcold,nsga2
0,154,154,train,2.4098458290100098,0.30859375,0.673828125,8,64,512,301.51599999226164,51.05161319847379,2.6620150775139106,20.043814411493475,52.48260000371374,6.583230772736884,17.337083088184205,23.920313860921087,0.007099995855242014,0.0,12.564087469702345,11.3491263953635,0,26.532500655702062,1698.080041964932,2097152.0,2,0.0,0.0,1.0,0.0,0.0,51.94016260374014,0.007199996616691351,0.0,32.878762236697824,19.054200370425633,0,1,0,0.0,0.0,25.97008130187007,0,0,2097152,8,4,0.0,2,0.0,0,0,1.0,0.0,4,4,0,1.0,0.0,0.0,155.0,0,0.0,1.0,0.0,0.0,1.0,0.0,256,1024,0,0.0,295.02977074992464,176.51480001222808,0.0,101.52029353237961,16.994677205316982,0,4458.619297006868,0,4157.103297014606,1.0210322639694757e-06,1.0648060310055643e-06,9.092440029524767e-07,3.2916153863684425e-08,1.0402249852910523e-07,5.70993939539511e-07,3.7030148898598173e-06,no_hotcold,nsga2
0,155,155,train,2.3982147574424744,0.30859375,0.693359375,8,64,512,347.78470000310335,58.784582114982385,3.6212822132119955,19.80939610023723,53.912599993054755,6.364994247022701,25.078655890487536,31.443650137510236,0.007499998901039362,0.0,11.776999678059802,19.659150460549395,0,23.002670897419346,1472.1709374348382,2097152.0,2,0.0,0.0,1.0,0.0,0.0,52.86630991682716,0.006600006599910557,0.0,34.689083707375815,18.170626202851437,0,1,0,0.0,0.0,26.43315495841358,0,0,2097152,8,4,0.0,2,0.0,0,0,1.0,0.0,4,0,0,0.0,0.0,0.0,156.0,4,0.0,1.0,0.0,0.0,1.0,0.0,256,1024,0,0.0,328.8610417137265,207.3227000364568,0.0,100.08563381091938,21.452707866350263,0,4458.619297006868,0,4110.834597003764,1.1756916422996478e-06,1.4485128852847983e-06,8.943128544177914e-07,3.182497123511351e-08,1.504719353429252e-07,5.810560363929873e-07,4.281870324973264e-06,no_hotcold,nsga2
0,156,156,train,2.3135794401168823,0.318359375,0.685546875,8,64,512,386.7062000063015,63.49818687557972,2.607943635244437,20.119885496922493,50.779599987436086,6.337124173586734,15.912260777696453,22.249384951283186,0.02020000829361379,0.0,12.13760531811625,10.091579624873322,0,20.68748655279663,1323.9991393789844,2097152.0,2,0.0,0.0,1.0,0.0,0.0,52.0366606433556,0.00859999272506684,0.0,35.218584142879195,16.80947650775134,0,1,0,0.0,0.0,26.0183303216778,0,0,2097152,8,4,0.0,2,0.0,0,0,1.0,0.0,4,4,0,1.0,0.0,0.0,157.0,0,0.0,1.0,0.0,0.0,1.0,0.0,256,1024,0,0.0,344.90406403098655,227.05530001258012,0.0,102.21429157336998,15.634472445036474,0,4458.619297006868,0,4071.9130970005663,1.2699637375115945e-06,1.043177454097775e-06,9.083063965691089e-07,3.168562086793367e-08,9.547356466617871e-08,5.748278158318649e-07,3.923434589544455e-06,no_hotcold,nsga2
0,157,157,train,2.5415608286857605,0.26171875,0.65625,8,64,512,2689.7442000044975,504.8613290497687,3.002610688584623,47.150150553915424,52.372400008607656,6.78586914679929,19.33199737164637,26.11786651844566,0.006699992809444666,0.0,12.15943498090606,13.951731544730155,0,2.9742594205527806,190.35260291537796,2097152.0,2,0.0,0.0,1.0,0.0,0.0,48.7656803120313,0.006999995093792677,0.0,30.394117241197733,18.364563075739774,0,1,0,0.0,0.0,24.38284015601565,0,0,2097152,8,4,0.0,2,0.0,0,0,1.0,0.0,4,0,0,0.0,0.0,0.0,158.0,4,0.0,1.0,0.0,0.0,1.0,0.0,256,1024,0,0.0,2220.056361169075,1991.5048999828286,0.0,98.18013805738539,130.37132312886112,0,4940.875522003761,0,2251.1313219992635,1.0097226580995374e-05,1.2010442754338492e-06,2.206021719811229e-06,3.392934573399645e-08,1.1599198422987821e-07,5.357041465336276e-07,1.4189918052737956e-05,no_hotcold,nsga2
0,158,158,train,2.4003154635429382,0.318359375,0.669921875,8,64,512,99.83160000410862,16.52515529410634,2.3386225641757616,19.497417137580996,60.68019999656826,5.816865728789287,14.37391186930869,20.190777598097977,0.008099988917820156,0.0,12.009942409217953,8.172735199962204,0,80.13414455469214,5128.585251500297,2097152.0,2,0.0,0.0,1.0,0.0,0.0,50.6381390459007,0.007299997378140688,0.0,32.66287253594045,17.96796651258211,0,1,0,0.0,0.0,25.31906952295035,0,0,2097152,8,4,0.0,2,0.0,0,0,1.0,0.0,4,4,0,1.0,0.0,0.0,159.0,0,0.0,1.0,0.0,0.0,1.0,0.0,256,1024,0,0.0,153.4447799834524,40.37489995243959,0.0,98.7320574144706,14.337822616542203,0,4940.875522003761,0,4841.043921999652,3.305031058821269e-07,9.354490256703046e-07,8.814084887645106e-07,2.9084328643946435e-08,8.624347121585213e-08,5.556137901423035e-07,2.8183022103190442e-06,no_hotcold,nsga2
0,159,159,train,2.440295159816742,0.275390625,0.662109375,8,64,512,77.79769999615382,15.731826525995725,2.3135067685907513,18.77404256242332,62.970500002847984,6.759082230553107,14.011776646852322,20.77085887740543,0.006699992809444666,0.0,11.53407071044214,9.230088174153844,0,102.82948173164205,6581.086830825091,2097152.0,2,0.0,0.0,1.0,0.0,0.0,49.53383853195503,0.006800008122809231,0.0,31.742441123174203,17.784597400658015,0,1,0,0.0,0.0,24.766919265977513,0,0,2097152,8,4,0.0,2,0.0,0,0,1.0,0.0,4,0,0,0.0,0.0,0.0,160.0,4,0.0,1.0,0.0,0.0,1.0,0.0,256,1024,0,0.0,147.27750342803918,35.83720000460744,0.0,98.2063892357605,13.233914187671232,0,4940.875522003761,0,4863.077822007607,3.146365305199145e-07,9.254027074363006e-07,8.473693478131304e-07,3.3795411152765537e-08,8.407065988111392e-08,5.416274601243071e-07,2.746902116927532e-06,no_hotcold,nsga2
0,160,160,train,2.529904842376709,0.251953125,0.642578125,8,64,512,244.40860000322573,42.21786372863667,2.246803026481075,19.197987649352214,49.7046000091359,5.720254852750884,13.212437510645902,18.932692363396786,0.007899987394921482,0.0,10.633146751966404,8.29164562403546,0,32.73193851589469,2094.84406501726,2097152.0,2,0.0,0.0,1.0,0.0,0.0,47.65567681964051,0.006399990525096655,0.0,29.67062491333965,17.978651915775764,0,1,0,0.0,0.0,23.827838409820256,0,0,2097152,8,4,0.0,2,0.0,0,0,1.0,0.0,4,4,0,1.0,0.0,0.0,161.0,0,0.0,1.0,0.0,0.0,1.0,0.0,256,1024,0,0.0,254.65061761787982,139.87279997672886,0.0,101.0969864456393,13.680831195511676,0,4940.875522003761,0,4696.466922000535,8.443572745727333e-07,8.987212105924299e-07,8.669190856133179e-07,2.8601274263754423e-08,7.92746250638754e-08,5.257655328933075e-07,3.243639002999419e-06,no_hotcold,nsga2
0,161,161,train,2.4292001724243164,0.28125,0.689453125,8,64,512,336.5663000004133,60.17715864091055,2.214992838176931,20.35449702731184,40.05209999741055,6.454472180047552,13.154572231767194,19.609044411814747,0.006799993570894003,0.0,12.193120380741071,7.409124037502781,0,23.769391738265053,1521.2410712489634,2097152.0,2,0.0,0.0,1.0,0.0,0.0,48.34614627074338,0.006799993570894003,0.0,31.281553783245826,17.057792493926662,0,1,0,0.0,0.0,24.17307313537169,0,0,2097152,8,4,0.0,2,0.0,0,0,1.0,0.0,4,0,0,0.0,0.0,0.0,162.0,4,0.0,1.0,0.0,0.0,1.0,0.0,256,1024,0,0.0,330.98659402559724,213.7524999852758,0.0,104.09923346674842,13.134860573573036,0,4940.875522003761,0,4604.309222003348,1.2035431728182109e-06,8.859971352707725e-07,9.203543141681112e-07,3.227236090023776e-08,7.892743339060315e-08,5.313895650754154e-07,3.652483981623351e-06,no_hotcold,nsga2
0,162,162,train,2.5073805451393127,0.251953125,0.654296875,8,64,512,319.06480000179727,53.5127202480597,2.4473011205188784,20.098708150395765,36.745200006407686,5.959579948258772,15.127443613957675,21.087023562216448,0.007299997378140688,0.0,11.127267065761625,9.952456499076682,0,25.07319806746739,1604.684676317913,2097152.0,2,0.0,0.0,1.0,0.0,0.0,52.219923427931874,0.007299997378140688,0.0,35.32838216528934,16.884241265264386,0,1,0,0.0,0.0,26.109961713965937,0,0,2097152,8,4,0.0,2,0.0,0,0,1.0,0.0,4,4,0,1.0,0.0,0.0,163.0,0,0.0,1.0,0.0,0.0,1.0,0.0,256,1024,0,0.0,304.2349180758973,186.93479998910334,0.0,103.22312116626628,14.076996920527755,0,4940.875522003761,0,4621.810722001964,1.070254404961194e-06,9.789204482075514e-07,9.089510698075114e-07,2.9797899741293858e-08,9.076466168374605e-08,5.735950326033924e-07,3.652283517004689e-06,no_hotcold,nsga2
0,163,163,train,2.4960578083992004,0.27734375,0.65625,8,64,512,357.4568000040017,62.18286593343191,2.3196844875712705,18.484420762690643,39.49090000241995,5.854364736310264,15.973088213514194,21.82745294982446,0.006999995093792677,0.0,12.276933704968446,9.54351924976222,0,22.380264187578064,1432.336908004996,2097152.0,2,0.0,0.0,1.0,0.0,0.0,51.46953064471156,0.006400005077011883,0.0,33.77000553154487,17.69312510808968,0,1,0,0.0,0.0,25.73476532235578,0,0,2097152,8,4,0.0,2,0.0,0,0,1.0,0.0,4,0,0,0.0,0.0,0.0,164.0,4,0.0,1.0,0.0,0.0,1.0,0.0,256,1024,0,0.0,331.9478847347753,220.2949999482371,0.0,97.74910912065153,13.903775665886734,0,4940.875522003761,0,4583.418721999759,1.2436573186686385e-06,9.278737950285083e-07,8.341847503110675e-07,2.927182368155132e-08,9.583852928108514e-08,5.650819632361212e-07,3.695908180206972e-06,no_hotcold,nsga2
0,164,164,train,2.5134647488594055,0.279296875,0.650390625,8,64,512,277.62320000329055,48.750632346493404,2.4578458030209953,20.4880359679388,50.58320000534877,5.899136644005937,15.600580150106213,21.49971679411215,0.00650000583846122,0.0,10.958605661624945,10.534611126648743,0,28.8159317520057,1844.2196321283648,2097152.0,2,0.0,0.0,1.0,0.0,0.0,50.987171793441696,0.006999995093792677,0.0,31.737143276231283,19.243028522116617,0,1,0,0.0,0.0,25.493585896720848,0,0,2097152,8,4,0.0,2,0.0,0,0,1.0,0.0,4,4,0,1.0,0.0,0.0,165.0,0,0.0,1.0,0.0,0.0,1.0,0.0,256,1024,0,0.0,286.7860564698128,170.01899998285808,0.0,101.66460303772023,15.102453449234499,0,4940.875522003761,0,4663.2523220004705,9.750126469298682e-07,9.83138321208398e-07,9.2600946307679e-07,2.949568322002969e-08,9.360348090063727e-08,5.61990721257071e-07,3.5692503165927944e-06,no_hotcold,nsga2
0,165,165,train,2.34998095035553,0.328125,0.7109375,8,64,512,372.3129999998491,64.32163863294754,2.2578966867308536,18.988199439563587,37.50269999727607,6.202576569257053,13.762164589877582,19.964741159134633,0.007499998901039362,0.0,11.804259430904816,8.15298172932878,0,21.487239265789743,1375.1833130105435,2097152.0,2,0.0,0.0,1.0,0.0,0.0,49.232807834875864,0.006400005077011883,0.0,31.426411510960342,17.79999631883851,0,1,0,0.0,0.0,24.616403917437932,0,0,2097152,8,4,0.0,2,0.0,0,0,1.0,0.0,4,0,0,0.0,0.0,0.0,166.0,4,0.0,1.0,0.0,0.0,1.0,0.0,256,1024,0,0.0,342.2709390369679,230.01800001657102,0.0,99.93308334709573,12.319855673301156,0,4940.875522003761,0,4568.562522003912,1.286432772658951e-06,9.031586746923415e-07,8.576993694379598e-07,3.1012882846285265e-08,8.257298753926547e-08,5.406271065457921e-07,3.7015037937205952e-06,no_hotcold,nsga2
0,166,166,train,2.4246076941490173,0.283203125,0.681640625,8,64,512,345.2492000069469,62.9925077085782,2.342190612281615,19.500712290407648,39.535899995826185,5.676196852403067,14.637394288488293,20.31359114089136,0.007199996616691351,0.0,10.837200757478413,9.469190386796257,0,23.17160134835267,1482.982486294571,2097152.0,2,0.0,0.0,1.0,0.0,0.0,50.20175472569736,0.008700008038431406,0.0,31.9677372365065,18.22531748115243,0,1,0,0.0,0.0,25.10087736284868,0,0,2097152,8,4,0.0,2,0.0,0,0,1.0,0.0,4,4,0,1.0,0.0,0.0,167.0,0,0.0,1.0,0.0,0.0,1.0,0.0,256,1024,0,0.0,339.34164244506985,222.54460003750864,0.0,104.00895488031239,12.788087527248821,0,4940.875522003761,0,4595.626321996814,1.259850154171564e-06,9.368762449126462e-07,8.816819452741321e-07,2.8380984262015338e-08,8.782436573092975e-08,5.496692951558853e-07,3.7442829895071727e-06,no_hotcold,nsga2
0,167,167,train,2.411271631717682,0.240234375,0.70703125,8,64,512,118.84409999765921,16.266404212637873,2.3697784456982665,19.141947597790505,41.404800009331666,6.650329748720412,15.145737811546454,21.796067560266867,0.00650000583846122,0.0,12.266143753634466,9.523423800793939,0,67.31451275784671,4308.12881650219,2097152.0,2,0.0,0.0,1.0,0.0,0.0,48.694048018166555,0.008999995770864189,0.0,30.594530797817075,18.09051722457862,0,1,0,0.0,0.0,24.347024009083277,0,0,2097152,8,4,0.0,2,0.0,0,0,1.0,0.0,4,0,0,0.0,0.0,0.0,168.0,4,0.0,1.0,0.0,0.0,1.0,0.0,256,1024,0,0.0,151.11252102450658,38.479999973787926,0.0,99.23780901745292,13.394712033265735,0,4940.875522003761,0,4822.031422006102,3.253280842527575e-07,9.479113782793066e-07,8.639655774825949e-07,3.3251648743602064e-08,9.087442686927871e-08,5.355120039670533e-07,2.796843119594593e-06,no_hotcold,nsga2
0,168,168,train,2.5090487003326416,0.263671875,0.6484375,8,64,512,2990.7213999977103,207.07801441329207,34.531125816313555,112.61447095722284,435.186499991687,5.66773709943569,254.32311399009637,259.99085108953204,0.007800001185387373,0.0,11.328932960471773,248.6541181278749,0,2.674939004705393,171.19609630114516,2097152.0,2,0.0,0.0,1.0,0.0,0.0,52.655149562931186,0.007000024197623134,0.0,35.12199591453149,17.526153624202074,0,1,0,0.0,0.0,26.327574781465593,0,0,2097152,8,4,0.0,2,0.0,0,0,1.0,0.0,4,4,0,1.0,0.0,0.0,169.0,0,0.0,1.0,0.0,0.0,1.0,0.0,256,1024,0,0.0,1416.8944447473139,800.0660999969114,0.0,99.62588493919453,517.2024598112077,0,5089.859236000403,0,2099.137836002693,4.1415602882658415e-06,1.3812450326525421e-05,4.611307724522101e-06,2.833868549717845e-08,1.5259386839405781e-06,5.802896624560012e-07,2.4699885371207123e-05,no_hotcold,nsga2
0,169,169,train,2.3953529000282288,0.27734375,0.6953125,8,64,512,298.1905999913579,49.93335588652512,2.464819149699471,20.138184973280524,38.3023000031244,6.594656653697224,14.905721555916664,21.50037820961389,0.00750001345295459,0.0,12.141395914831042,9.351482281329892,0,26.828388191457623,1717.016844253288,2097152.0,2,0.0,0.0,1.0,0.0,0.0,53.51700395939855,0.00650000583846122,0.0,34.70822745858826,18.802276494971828,0,1,0,0.0,0.0,26.758501979699275,0,0,2097152,8,4,0.0,2,0.0,0,0,1.0,0.0,4,0,0,0.0,0.0,0.0,170.0,4,0.0,1.0,0.0,0.0,1.0,0.0,256,1024,0,0.0,290.14544003802047,170.49799997766968,0.0,102.35976034388105,17.28767971646975,0,5089.859236000403,0,4791.668636009045,9.986671177305025e-07,9.859276598797886e-07,9.122437408655533e-07,3.2973283268486125e-08,8.943432933549998e-08,5.899357963705014e-07,3.609181927450332e-06,no_hotcold,nsga2
0,170,170,train,2.550041675567627,0.240234375,0.646484375,8,64,512,303.92330000177026,51.81421107473922,2.646322387969019,20.682307819743055,37.78299999248702,6.769004753361939,15.312277870797242,22.08128262415918,0.007599999662488699,0.0,11.73845669088958,10.335225933607115,0,26.32234408355437,1684.6300213474797,2097152.0,2,0.0,0.0,1.0,0.0,0.0,50.765278852066956,0.006700007361359894,0.0,31.84468628882695,18.913892555878647,0,1,0,0.0,0.0,25.382639426033478,0,0,2097152,8,4,0.0,2,0.0,0,0,1.0,0.0,4,4,0,1.0,0.0,0.0,171.0,0,0.0,1.0,0.0,0.0,1.0,0.0,256,1024,0,0.0,300.5713651298052,178.5768999980064,0.0,106.47793876877273,15.516526363026054,0,5089.859236000403,0,4785.935935998633,1.0362842214947845e-06,1.0585289551876079e-06,9.339448887089365e-07,3.3845023766809696e-08,9.187366722478345e-08,5.588277665373518e-07,3.713304522920273e-06,no_hotcold,nsga2
0,171,171,train,2.4683594703674316,0.255859375,0.673828125,8,64,512,354.6381000051042,61.5290740600981,2.4225873434666965,19.56913753131953,41.877600000589155,5.5117763776440585,15.12685337747292,20.638629755116977,0.007399998139590025,0.0,11.37996104216461,9.251268714812777,0,22.55814432160712,1443.7212365828557,2097152.0,2,0.0,0.0,1.0,0.0,0.0,50.762260922688995,0.006600006599910557,0.0,32.151208013763444,18.60445290232564,0,1,0,0.0,0.0,25.381130461344497,0,0,2097152,8,4,0.0,2,0.0,0,0,1.0,0.0,4,0,0,0.0,0.0,0.0,172.0,4,0.0,1.0,0.0,0.0,1.0,0.0,256,1024,0,0.0,334.0831957395373,217.59890002431348,0.0,102.88138828336938,13.60290743185444,0,5089.859236000403,0,4735.221135995299,1.230581481201962e-06,9.690349373866785e-07,8.828731170817713e-07,2.7558881888220295e-08,9.076112026483752e-08,5.566822261850314e-07,3.757491764008501e-06,no_hotcold,nsga2
0,172,172,train,2.674271583557129,0.23828125,0.615234375,8,64,512,293.16060000564903,48.373257939524976,2.180017975394332,19.84404444129506,42.82689999672584,6.110325717096172,13.675990254117998,19.786315971214172,0.007800001185387373,0.0,12.094359182889269,7.684156787139513,0,27.288703567745046,1746.477028335683,2097152.0,2,0.0,0.0,1.0,0.0,0.0,51.53477000995201,0.006700007361359894,0.0,34.19614421732946,17.331925785261195,0,1,0,0.0,0.0,25.767385004976006,0,0,2097152,8,4,0.0,2,0.0,0,0,1.0,0.0,4,4,0,1.0,0.0,0.0,173.0,0,0.0,1.0,0.0,0.0,1.0,0.0,256,1024,0,0.0,281.5892814248575,166.37940000509843,0.0,101.68842254685288,13.521458872906177,0,5089.859236000403,0,4796.698635994754,9.674651587904995e-07,8.720071901577328e-07,8.962179798151125e-07,3.055162858548086e-08,8.205594152470798e-08,5.669055382855651e-07,3.4152034371590986e-06,no_hotcold,nsga2
0,173,173,train,2.4822261333465576,0.232421875,0.646484375,8,64,512,202.46919999772217,34.21975093230765,2.4066749481754246,20.07663635163649,40.05779999715742,6.458542087977133,14.565261188367332,21.023803276344466,0.006700007361359894,0.0,11.725312016635797,9.291791252347307,0,39.511987443534906,2528.767196386234,2097152.0,2,0.0,0.0,1.0,0.0,0.0,52.94583124930351,0.006400005077011883,0.0,34.176209264606356,18.76322197962014,0,1,0,0.0,0.0,26.472915624651755,0,0,2097152,8,4,0.0,2,0.0,0,0,1.0,0.0,4,0,0,0.0,0.0,0.0,174.0,4,0.0,1.0,0.0,0.0,1.0,0.0,256,1024,0,0.0,226.81224892847825,108.91989995434415,0.0,103.38156543660804,14.510783537526072,0,5089.859236000403,0,4887.390036002681,6.84395018646153e-07,9.626699792701698e-07,9.100556094241554e-07,3.229271043988567e-08,8.739156713020398e-08,5.805471925601965e-07,3.2573520774707644e-06,no_hotcold,nsga2
0,174,174,train,2.524929940700531,0.26953125,0.642578125,8,64,512,323.6847999942256,59.99881070104482,2.369072427565223,19.337798644631032,37.960400004521944,5.750755726918781,15.347597970628605,21.098353697547388,0.00790000194683671,0.0,11.379414669723001,9.711039025877549,0,24.7153257885972,1581.780850470221,2097152.0,2,0.0,0.0,1.0,0.0,0.0,50.365922590388294,0.006600006599910557,0.0,32.46756892749107,17.89175365629731,0,1,0,0.0,0.0,25.182961295194147,0,0,2097152,8,4,0.0,2,0.0,0,0,1.0,0.0,4,4,0,1.0,0.0,0.0,175.0,0,0.0,1.0,0.0,0.0,1.0,0.0,256,1024,0,0.0,326.8227270929643,213.51119998143986,0.0,99.46634126464346,13.845185846880984,0,5089.859236000403,0,4766.1744360061775,1.1999762140208966e-06,9.476289710260891e-07,8.725894750422849e-07,2.8753778634593907e-08,9.208558782377163e-08,5.580533668205844e-07,3.6990873933682207e-06,no_hotcold,nsga2
0,175,175,train,2.4972195625305176,0.2421875,0.671875,8,64,512,291.09759999846574,50.56911758334972,2.236419310192814,18.683854430394316,42.799999995622784,5.918015616528744,13.129818043014009,19.047833659542754,0.007399998139590025,0.0,11.239351724001978,7.801081937401185,0,27.482097131494847,1758.8542164156702,2097152.0,2,0.0,0.0,1.0,0.0,0.0,49.16367701083574,0.006800008122809231,0.0,30.970251556177793,18.186625446535142,0,1,0,0.0,0.0,24.58183850541787,0,0,2097152,8,4,0.0,2,0.0,0,0,1.0,0.0,4,0,0,0.0,0.0,0.0,176.0,4,0.0,1.0,0.0,0.0,1.0,0.0,256,1024,0,0.0,285.9575652957474,174.47879999235738,0.0,98.90991032387386,12.56885497951618,0,3140.80982600084,0,2849.7122260023743,1.0113823516669946e-06,8.945677240771255e-07,8.444031790957594e-07,2.9590078082643725e-08,7.877890825808405e-08,5.41132681722299e-07,3.399854922902906e-06,no_hotcold,nsga2
0,176,176,train,2.512470543384552,0.302734375,0.662109375,8,64,512,282.79749999637716,40.80578843706613,2.1999314034272186,19.245471963991797,38.31990000617225,6.260710203953561,13.297162088580313,19.557872292533872,0.006799993570894003,0.0,11.925799343917145,7.625272955045834,0,28.288693186500232,1810.4763639360149,2097152.0,2,0.0,0.0,1.0,0.0,0.0,54.86565828358164,0.00650000583846122,0.0,36.6917953827579,18.167362894985274,0,1,0,0.0,0.0,27.43282914179082,0,0,2097152,8,4,0.0,2,0.0,0,0,1.0,0.0,4,4,0,1.0,0.0,0.0,177.0,0,0.0,1.0,0.0,0.0,1.0,0.0,256,1024,0,0.0,249.00476721794058,136.27929998619948,0.0,99.26358792732171,13.461879304419384,0,3140.80982600084,0,2858.012326004463,8.161157687413226e-07,8.799725613708876e-07,8.66504663550744e-07,3.130355101976781e-08,7.978297253148187e-08,6.026739349670478e-07,3.276353452181252e-06,no_hotcold,nsga2
0,177,177,train,2.4473061561584473,0.255859375,0.68359375,8,64,512,340.53770000173245,60.73116065828224,2.2525434183338433,19.278390518296085,38.97110000252724,6.229840660980833,14.38426595745333,20.614106618434164,0.007200011168606579,0.0,11.936218752064022,8.670687855201534,0,23.492190461640046,1503.500189544963,2097152.0,2,0.0,0.0,1.0,0.0,0.0,51.79714059188872,0.00829999044071883,0.0,33.25439822634262,18.534442375105375,0,1,0,0.0,0.0,25.89857029594436,0,0,2097152,8,4,0.0,2,0.0,0,0,1.0,0.0,4,0,0,0.0,0.0,0.0,178.0,4,0.0,1.0,0.0,0.0,1.0,0.0,256,1024,0,0.0,329.0483783796487,215.4131999996025,0.0,100.48873072162544,13.146447658420689,0,3140.80982600084,0,2800.2721259991076,1.214623213165645e-06,9.010173673335374e-07,8.698611582835275e-07,3.1149203304904165e-08,8.630559574471998e-08,5.716782183211216e-07,3.6746347561534555e-06,no_hotcold,nsga2
0,178,178,train,2.4743126034736633,0.30078125,0.654296875,8,64,512,2080.5043000000296,127.77337731438378,12.39641735881775,19.218989230592022,61.362199994619004,15.650941204374536,96.88685124196121,112.53779244633574,0.009700015652924776,0.0,11.770649249546175,100.75744318113664,0,3.845219716575529,246.09406186083385,2097152.0,2,0.0,0.0,1.0,0.0,0.0,52.45983725361398,0.006699992809444666,0.0,34.42553886527304,18.0275983955315,0,1,0,0.0,0.0,26.22991862680699,0,0,2097152,8,4,0.0,2,0.0,0,0,1.0,0.0,4,4,0,1.0,0.0,0.0,179.0,0,0.0,1.0,0.0,0.0,1.0,0.0,256,1024,0,0.0,637.5551356151741,465.69079997425433,0.0,99.79346180465438,72.07087383626546,0,3140.80982600084,0,1060.3055260008105,2.5554675462876754e-06,4.9585669435271004e-06,8.658910515701387e-07,7.825470602187268e-08,5.813211074517672e-07,5.761578113565118e-07,9.615659166215065e-06,no_hotcold,nsga2
0,179,179,train,2.4255354404449463,0.26171875,0.67578125,8,64,512,70.83270000293851,16.193784571544825,2.508228495623224,19.859137778604733,48.69409999810159,5.603696985102663,15.521323158347972,21.125020143450634,0.006600006599910557,0.0,11.586948987485663,9.53147114936506,0,112.94059183225107,7228.197877264069,2097152.0,2,0.0,0.0,1.0,0.0,0.0,52.296454380218506,0.006999995093792677,0.0,34.216792192106645,18.07266219301807,0,1,0,0.0,0.0,26.148227190109253,0,0,2097152,8,4,0.0,2,0.0,0,0,1.0,0.0,4,0,0,0.0,0.0,0.0,180.0,4,0.0,1.0,0.0,0.0,1.0,0.0,256,1024,0,0.0,154.24460338309112,36.528399999951944,0.0,103.69830515590237,14.017898227236808,0,3140.80982600084,0,3069.9771259979016,3.2387569143089646e-07,1.0032913982492898e-06,8.939457209063092e-07,2.8018484925513315e-08,9.312793895008782e-08,5.7643718383459e-07,2.9186964182966865e-06,no_hotcold,nsga2
0,180,180,train,2.3747323751449585,0.2578125,0.685546875,8,64,512,319.7922999970615,51.727259317456145,2.3892337579984604,19.095987897272384,37.437999999383464,6.258014412815222,14.583267783877528,20.84128219669275,0.006999995093792677,0.0,11.755643413828182,9.078638787770775,0,25.01615887535327,1601.0341680226093,2097152.0,2,0.0,0.0,1.0,0.0,0.0,52.79902195467309,0.006700007361359894,0.0,34.60243337186242,18.189888575449313,0,1,0,0.0,0.0,26.399510977336544,0,0,2097152,8,4,0.0,2,0.0,0,0,1.0,0.0,4,4,0,1.0,0.0,0.0,181.0,0,0.0,1.0,0.0,0.0,1.0,0.0,256,1024,0,0.0,292.849923890908,178.36739995982498,0.0,101.04633445701114,13.436189474071842,0,2657.144869502734,0,2337.3525695056724,1.034545186349123e-06,9.556935031993842e-07,8.625755264823956e-07,3.129007206407611e-08,8.749960670326515e-08,5.832173962752721e-07,3.554821291073516e-06,no_hotcold,nsga2
0,181,181,train,2.395045042037964,0.3125,0.701171875,8,64,512,343.4198000031756,61.26250924786632,2.2526072498511773,19.492830483212394,44.389000002411194,5.438567376734437,14.34260238849198,19.781169765226416,0.007099995855242014,0.0,11.94831386536023,7.825755904010946,0,23.295036293451137,1490.8823227808728,2097152.0,2,0.0,0.0,1.0,0.0,0.0,50.829336472219,0.007199996616691351,0.0,33.050331239516225,17.77180523608608,0,1,0,0.0,0.0,25.4146682361095,0,0,2097152,8,4,0.0,2,0.0,0,0,1.0,0.0,4,0,0,0.0,0.0,0.0,182.0,4,0.0,1.0,0.0,0.0,1.0,0.0,256,1024,0,0.0,332.03178792371955,217.96159996301867,0.0,100.89896665998553,13.171221300715379,0,2657.144869502734,0,2313.7250694995582,1.2252501849573265e-06,9.01042899940471e-07,8.812076498263707e-07,2.719283688367219e-08,8.605561433095187e-08,5.633195471679552e-07,3.6840687331067477e-06,no_hotcold,nsga2
0,182,182,train,2.443467140197754,0.25390625,0.681640625,8,64,512,340.1439000008395,61.7387069636624,2.515656791511016,18.92096791494307,37.089799996465445,5.660169844306218,15.52285883511975,21.183028679425966,0.007499998901039362,0.0,11.942737547459156,9.232791133065772,0,23.5193883547284,1505.2408547026175,2097152.0,2,0.0,0.0,1.0,0.0,0.0,51.545327540323825,0.006900008884258568,0.0,33.16871176531423,18.36971576612533,0,1,0,0.0,0.0,25.772663770161913,0,0,2097152,8,4,0.0,2,0.0,0,0,1.0,0.0,4,4,0,1.0,0.0,0.0,183.0,0,0.0,1.0,0.0,0.0,1.0,0.0,256,1024,0,0.0,332.70132668046597,220.19580003689043,0.0,97.93595484606351,14.569571797512024,0,2657.144869502734,0,2317.0009695018944,1.234774139273248e-06,1.0062627166044066e-06,8.536436295991989e-07,2.830084922153109e-08,9.31371530107185e-08,5.690210351859494e-07,3.7851395228950525e-06,no_hotcold,nsga2
0,183,183,train,2.3273056149482727,0.3046875,0.70703125,8,64,512,70.3975999931572,16.40240856983132,2.2515723238664136,18.823266103881487,51.08180000388529,5.658777523886344,13.26716035094261,18.925937874828954,0.006099988240748644,0.0,11.196316473369876,7.7235214132183305,0,113.63862350639937,7272.87190440956,2097152.0,2,0.0,0.0,1.0,0.0,0.0,53.09950665193533,0.00689999433234334,0.0,35.59671317804008,17.495893479562902,0,1,0,0.0,0.0,26.549753325967664,0,0,2097152,8,4,0.0,2,0.0,0,0,1.0,0.0,4,0,0,0.0,0.0,0.0,184.0,4,0.0,1.0,0.0,0.0,1.0,0.0,256,1024,0,0.0,149.90898799031686,38.379399964469485,0.0,98.82258778400536,12.707000241842032,0,2657.144869502734,0,2586.7472695095767,3.2804817139662637e-07,9.006289295465654e-07,8.491785842661865e-07,2.829388761943172e-08,7.960296210565566e-08,5.853424281801416e-07,2.771094963114607e-06,no_hotcold,nsga2
0,184,184,train,2.4969406127929688,0.259765625,0.65234375,8,64,512,274.0817000012612,48.63051443892198,2.453762968475092,19.25126136977418,40.64760000619572,5.8932525696233515,14.559445048619892,20.452697618243242,0.008399991202168167,0.0,11.378117463317347,9.066180163723729,0,29.188270547404812,1868.049315033908,2097152.0,2,0.0,0.0,1.0,0.0,0.0,49.34714728064401,0.006800008122809231,0.0,32.306556960925775,17.033790311595432,0,1,0,0.0,0.0,24.673573640322005,0,0,2097152,8,4,0.0,2,0.0,0,0,1.0,0.0,4,4,0,1.0,0.0,0.0,185.0,0,0.0,1.0,0.0,0.0,1.0,0.0,256,1024,0,0.0,281.342155108685,166.73850003280677,0.0,99.3273437560058,15.276311319872432,0,2657.144869502734,0,2383.0631695014727,9.726102887784396e-07,9.815051873900368e-07,8.684363779715861e-07,2.946626284811676e-08,8.735667029171934e-08,5.418602605161604e-07,3.4812350477960593e-06,no_hotcold,nsga2
0,185,185,train,2.4244788885116577,0.26953125,0.66796875,8,64,512,88.25270000670571,16.66588162851039,2.343962887351319,19.6564572952612,38.84459999972023,6.066816617240624,14.389926415954454,20.456743033195078,0.006799993570894003,0.0,12.409657417537518,8.040285622086666,0,90.64775753755528,5801.456482403538,2097152.0,2,0.0,0.0,1.0,0.0,0.0,48.20333309404603,0.006699992809444666,0.0,29.47087382544629,18.725759275790296,0,1,0,0.0,0.0,24.101666547023015,0,0,2097152,8,4,0.0,2,0.0,0,0,1.0,0.0,4,0,0,0.0,0.0,0.0,186.0,4,0.0,1.0,0.0,0.0,1.0,0.0,256,1024,0,0.0,154.66520724449163,39.036700007272884,0.0,101.60914903022038,14.01935820699836,0,2657.144869502734,0,2568.892169496028,3.3331763257020787e-07,9.375851549405277e-07,8.860526927407619e-07,3.033408308620312e-08,8.633955849572671e-08,5.297493119025376e-07,2.803378433735964e-06,no_hotcold,nsga2
0,186,186,train,2.47581684589386,0.2578125,0.65234375,8,64,512,277.76060000178404,48.65307638069499,2.1877346877993187,19.26655326453013,38.85189999709837,6.107775243090777,13.053369503089986,19.161144746180764,0.008199989679269493,0.0,11.631391493215327,7.521553263286166,0,28.801677409507352,1843.3073542084705,2097152.0,2,0.0,0.0,1.0,0.0,0.0,52.50717407508695,0.008300004992634058,0.0,33.58710160445466,18.911772465639654,0,1,0,0.0,0.0,26.253587037543475,0,0,2097152,8,4,0.0,2,0.0,0,0,1.0,0.0,4,4,0,1.0,0.0,0.0,187.0,0,0.0,1.0,0.0,0.0,1.0,0.0,256,1024,0,0.0,280.42945733209774,168.0280000291532,0.0,99.178335088338,13.223122214606548,0,2657.144869502734,0,2379.38426950095,9.730615276138998e-07,8.750938751197275e-07,8.691564187939703e-07,3.053887621545389e-08,7.83202170185399e-08,5.804828602080379e-07,3.4066537749696293e-06,no_hotcold,nsga2
0,187,187,train,2.5632994174957275,0.232421875,0.65234375,8,64,512,452.835199990659,79.07423537649535,2.8087765614716202,20.526789202739337,42.099600002984516,6.64165126014769,18.337121076586943,24.978772336734632,0.007099995855242014,0.0,12.79110099616357,12.18057134471582,0,17.666432145144363,1130.6516572892392,2097152.0,2,0.0,0.0,1.0,0.0,0.0,50.49169373849105,0.008300004992634058,0.0,32.95363172146153,17.529762012036894,0,1,0,0.0,0.0,25.245846869245526,0,0,2097152,8,4,0.0,2,0.0,0,0,1.0,0.0,4,0,0,0.0,0.0,0.0,188.0,4,0.0,1.0,0.0,0.0,1.0,0.0,256,1024,0,0.0,409.6392045628253,287.7537000167649,0.0,102.77970495239413,19.105799593666198,0,1482.8585254953894,0,1030.0233255047303,1.5814847075299073e-06,1.123510624588648e-06,9.304082380842903e-07,3.320825630073845e-08,1.1002272645952165e-07,5.556692774129439e-07,4.3343038303760495e-06,no_hotcold,nsga2
0,188,188,train,2.514516234397888,0.24609375,0.65234375,8,64,512,321.07549998909235,53.89041763373391,2.5951378987346896,20.95592076374645,82.49139999679755,6.379813699232484,16.41615319436948,22.795966893601964,0.01069999416358769,0.0,12.184400209777515,10.60086668966086,0,24.916180412679775,1594.6355464115056,2097152.0,2,0.0,0.0,1.0,0.0,0.0,49.38436338689718,0.008999995770864189,0.0,31.998941283911698,17.376422107214616,0,1,0,0.0,0.0,24.69218169344859,0,0,2097152,8,4,0.0,2,0.0,0,0,1.0,0.0,4,4,0,1.0,0.0,0.0,189.0,0,0.0,1.0,0.0,0.0,1.0,0.0,256,1024,0,0.0,309.7659051848601,186.0380000434816,0.0,103.15407120206797,20.573833939310664,0,1482.8585254953894,0,1161.783025506297,1.0778083526746784e-06,1.038055159493876e-06,9.481678330960847e-07,3.189906849616242e-08,9.849691916621686e-08,5.450453520907087e-07,3.7394726850177274e-06,no_hotcold,nsga2
0,189,189,train,2.502176284790039,0.283203125,0.66796875,8,64,512,3485.1817000017036,512.4614719638811,20.913130520687815,296.4683079717779,55.93469999439549,6.273260101299109,159.74070704342174,166.01396714472085,0.007300011930055916,0.0,11.547807922962095,154.4588592098287,0,2.295432030004077,146.90764992026092,2097152.0,2,0.0,0.0,1.0,0.0,0.0,51.53990628491949,0.00689999433234334,0.0,32.842873368081115,18.690132922506034,0,1,0,0.0,0.0,25.769953142459745,0,0,2097152,8,4,0.0,2,0.0,0,0,1.0,0.0,4,0,0,0.0,0.0,0.0,190.0,4,0.0,1.0,0.0,0.0,1.0,0.0,256,1024,0,0.0,3319.371641825387,2021.930800008704,0.0,100.39098701060519,1197.049854806078,0,2839.2360754986266,1,-645.9456245030769,1.0249229439277622e-05,8.365252208275127e-06,1.4175535497973027e-05,3.136630050649555e-08,9.584442422605304e-07,5.693041217964171e-07,3.434913181008922e-05,no_hotcold,nsga2
0,190,190,train,2.6143091917037964,0.21875,0.6484375,8,64,512,327.9284999880474,57.950244290137,2.9014893242551985,21.0517493184455,53.266100003384054,6.7623544616575835,17.968868966313416,24.731223427971,0.007999988156370819,0.0,11.932414674360881,12.79080876545375,0,24.395487445599098,1561.3111965183423,2097152.0,2,0.0,0.0,1.0,0.0,0.0,47.545354728911434,0.009900002623908222,0.0,29.966840884598664,17.568613841688865,0,1,0,0.0,0.0,23.772677364455717,0,0,2097152,8,4,0.0,2,0.0,0,0,1.0,0.0,4,4,0,1.0,0.0,0.0,191.0,0,0.0,1.0,0.0,0.0,1.0,0.0,256,1024,0,0.0,327.6139317313508,203.64839999820106,0.0,99.59241014229181,24.37312159085792,0,2839.2360754986266,0,2511.307575510579,1.1590048858027402e-06,1.1605957297020794e-06,9.544920468190756e-07,3.3811772308287923e-08,1.0781321379788049e-07,5.215725348497476e-07,3.9372901832798115e-06,no_hotcold,nsga2
0,191,191,train,2.401197135448456,0.3046875,0.6953125,8,64,512,891.0386000061408,87.63608173146977,17.6558131304722,50.47847073533537,189.75520000094548,6.138538098847854,128.79320968518832,134.93174778403616,0.010200004908256233,0.0,11.31649664959463,123.6050511295333,0,8.9782766107644,574.6097030889216,2097152.0,2,0.0,0.0,1.0,0.0,0.0,48.09136613211869,0.008100003469735384,0.0,29.36636122255546,18.71690490609349,0,1,0,0.0,0.0,24.045683066059343,0,0,2097152,8,4,0.0,2,0.0,0,0,1.0,0.0,4,0,0,0.0,0.0,0.0,192.0,4,0.0,1.0,0.0,0.0,1.0,0.0,256,1024,0,0.0,623.0814623891093,321.6876999940723,0.0,103.11182141197403,198.28194098306304,0,2839.2360754986266,0,1948.1974754924859,1.7527216346293953e-06,7.062325252188881e-06,2.3642780075639485e-06,3.0692690494239274e-08,7.727592581111298e-07,5.284689177144177e-07,1.2511245760702012e-05,no_hotcold,nsga2
0,192,192,train,2.47574919462204,0.259765625,0.669921875,8,64,512,391.4022999961162,48.186739569922665,9.133669541737808,19.35530894704352,116.2116000050446,6.170994414448343,78.03463995294612,84.20563436739447,0.012899981811642647,0.0,12.42131937063187,71.77141501495096,0,20.4392758060021,1308.1136515841345,2097152.0,2,0.0,0.0,1.0,0.0,0.0,47.80142830993412,0.010200004908256233,0.0,30.76850062510004,17.022727679925822,0,1,0,0.0,0.0,23.90071415496706,0,0,2097152,8,4,0.0,2,0.0,0,0,1.0,0.0,4,4,0,1.0,0.0,0.0,193.0,0,0.0,1.0,0.0,0.0,1.0,0.0,256,1024,0,0.0,306.7028722348159,166.07699998712633,0.0,97.10889989309571,43.5169723545939,0,2839.2360754986266,0,2447.8337755025104,9.637347913984533e-07,3.653467816695123e-06,8.74931270113932e-07,3.085497207224172e-08,4.682078397176767e-07,5.263814863731182e-07,6.517578176370545e-06,no_hotcold,nsga2
0,193,193,train,2.3430360555648804,0.3125,0.697265625,8,64,512,922.8676999919116,146.02383487565606,9.277290674751521,66.29108098836207,518.1171000003815,9.285939925626879,72.52972318429053,81.81566310991741,0.008699993486516178,0.0,11.40698380173068,70.3999793147002,0,8.66862209117084,554.7918138349338,2097152.0,2,0.0,0.0,1.0,0.0,0.0,49.99039599061627,0.008799994247965515,0.0,33.01149002673735,16.970105969630954,0,1,0,0.0,0.0,24.995197995308136,0,0,2097152,8,4,0.0,2,0.0,0,0,1.0,0.0,4,0,0,0.0,0.0,0.0,194.0,4,0.0,1.0,0.0,0.0,1.0,0.0,256,1024,0,0.0,886.3688261550785,550.2089000074193,0.0,103.42987980550384,232.73004634215542,0,2839.2360754986266,0,1916.368375506715,2.9204766975131214e-06,3.7109162699006086e-06,3.081817172799582e-06,4.64296996281344e-08,4.3517833910574314e-07,5.471846551084119e-07,1.0742002834055602e-05,no_hotcold,nsga2
0,194,194,train,2.3325451612472534,0.333984375,0.68359375,8,64,512,722.456500006956,117.70193859119175,10.150844070958362,30.060541304580006,212.87390000361484,17.176485688230805,80.69863451429288,97.87512020252368,0.008899995009414852,0.0,12.022241780886223,85.84397842662804,0,11.073315731268584,708.6922068011894,2097152.0,2,0.0,0.0,1.0,0.0,0.0,53.00365330101955,0.008700008038431406,0.0,34.07131702954254,18.923636263438574,0,1,0,0.0,0.0,26.501826650509773,0,0,2097152,8,4,0.0,2,0.0,0,0,1.0,0.0,4,4,0,1.0,0.0,0.0,195.0,0,0.0,1.0,0.0,0.0,1.0,0.0,256,1024,0,0.0,631.6532958669204,421.0791999939829,0.0,100.78389287713324,109.79020299580425,0,2839.2360754986266,0,2116.7795754916706,2.3540387718238352e-06,4.060337628383345e-06,1.371806695004882e-06,8.588242844115402e-08,4.841918070857572e-07,5.861340046998333e-07,8.942391335438806e-06,no_hotcold,nsga2
0,195,195,train,2.4603887796401978,0.29296875,0.68359375,8,64,512,764.1586999961874,107.08648610715117,13.819494172492982,27.29999291829066,53.85209999803919,7.571410642680505,103.25599378037722,110.82740442305773,0.00960000033956021,0.0,11.395579817383943,99.42222460533422,0,10.469015835354723,670.0170134627023,2097152.0,2,0.0,0.0,1.0,0.0,0.0,52.96968070951218,0.008100003469735384,0.0,34.59047776327746,18.371102942764985,0,1,0,0.0,0.0,26.48484035475609,0,0,2097152,8,4,0.0,2,0.0,0,0,1.0,0.0,4,0,0,0.0,0.0,0.0,196.0,4,0.0,1.0,0.0,0.0,1.0,0.0,256,1024,0,0.0,592.8238927917392,398.2380999805173,0.0,99.02364252269565,95.56215028852633,0,2839.2360754986266,0,2075.0773755024393,2.1417297221430234e-06,5.527797668997193e-06,1.2043739250791629e-06,3.7857053213402526e-08,6.195359626822633e-07,5.829565818827359e-07,1.0114250913997782e-05,no_hotcold,nsga2
0,196,196,train,2.378698229789734,0.310546875,0.689453125,8,64,512,97.15869999490678,17.6910530682378,3.1020661418677555,19.79995898507042,68.79350000235718,5.84633201214252,22.63263746638866,28.478969478531177,0.009399998816661537,0.0,12.024929583592469,16.444639896122048,0,82.33866510929293,5269.674566994748,2097152.0,2,0.0,0.0,1.0,0.0,0.0,50.632987240026374,0.007499998901039362,0.0,31.694471658657502,18.931015582467833,0,1,0,0.0,0.0,25.316493620013187,0,0,2097152,8,4,0.0,2,0.0,0,0,1.0,0.0,4,4,0,1.0,0.0,0.0,197.0,0,0.0,1.0,0.0,0.0,1.0,0.0,256,1024,0,0.0,162.3723127807039,43.60279995307792,0.0,99.56607870221333,19.20343412541264,0,2839.2360754986266,0,2742.07737550372,3.53821061364756e-07,1.2408264567471022e-06,8.903800697667929e-07,2.9231660060712606e-08,1.3579582479833192e-07,5.554503351615819e-07,3.205505407899278e-06,no_hotcold,nsga2
0,197,197,train,2.3546287417411804,0.310546875,0.712890625,8,64,512,587.6706999988528,109.1841906431809,2.6475300662143737,23.6565294277762,38.82339999836404,6.468079889394655,17.861733346922257,24.329813236316912,0.008099988917820156,0.0,12.47853395324919,11.843179294149905,0,13.613042792456428,871.2347387172114,2097152.0,2,0.0,0.0,1.0,0.0,0.0,50.04845208173914,0.007399998139590025,0.0,32.49075549129276,17.5502965923068,0,1,0,0.0,0.0,25.02422604086957,0,0,2097152,8,4,0.0,2,0.0,0,0,1.0,0.0,4,0,0,0.0,0.0,0.0,198.0,4,0.0,1.0,0.0,0.0,1.0,0.0,256,1024,0,0.0,541.9530005486858,408.9813000464346,0.0,102.2535170824435,30.718183419807797,0,2839.2360754986266,0,2251.565375499774,2.1836838128636184e-06,1.0590120264857496e-06,1.0813777030781164e-06,3.234039944697328e-08,1.0717040008153352e-07,5.530964343122005e-07,5.016680776268192e-06,no_hotcold,nsga2
0,198,198,train,2.5790120363235474,0.24609375,0.626953125,8,64,512,273.3098000026075,47.1101018658312,2.313238779120546,19.385511825624334,38.87400000530761,6.401489736795883,13.419583272667161,19.821073009463042,0.007199996616691351,0.0,11.674759862301258,8.139113150545095,0,29.27070573107128,1873.325166788562,2097152.0,2,0.0,0.0,1.0,0.0,0.0,50.73459421977371,0.006599992047995329,0.0,32.70044593859312,18.02754828913259,0,1,0,0.0,0.0,25.367297109886856,0,0,2097152,8,4,0.0,2,0.0,0,0,1.0,0.0,4,4,0,1.0,0.0,0.0,199.0,0,0.0,1.0,0.0,0.0,1.0,0.0,256,1024,0,0.0,275.23540988230434,160.80759998294525,0.0,101.37075516165757,13.0570547377015,0,1715.5246129960108,0,1442.2148129934033,9.42202037316624e-07,9.252955116482186e-07,8.737529302020535e-07,3.2007448683979416e-08,8.051749963600296e-08,5.606167614957571e-07,3.414392188982635e-06,no_hotcold,nsga2
0,199,199,train,2.5520593523979187,0.2734375,0.65234375,8,64,512,285.53789999568835,49.90307538050911,2.4231127540165622,19.510291237529927,40.77249999681953,5.731321952096594,15.299618234473222,21.030940186569815,0.00750001345295459,0.0,11.166657152260264,9.856783020856597,0,28.017198357634637,1793.1006948886168,2097152.0,2,0.0,0.0,1.0,0.0,0.0,50.656620190196406,0.006599992047995329,0.0,32.998214196285026,17.65180600186339,0,1,0,0.0,0.0,25.328310095098203,0,0,2097152,8,4,0.0,2,0.0,0,0,1.0,0.0,4,0,0,0.0,0.0,0.0,200.0,4,0.0,1.0,0.0,0.0,1.0,0.0,256,1024,0,0.0,287.3459174882224,172.263100015698,0.0,99.7540202121136,15.328797260410791,0,1715.5246129960108,0,1429.9867130003224,9.980615076101823e-07,9.69245101606625e-07,8.807055179491987e-07,2.865660976048297e-08,9.179770940683932e-08,5.590785613670341e-07,3.5275450077003624e-06,no_hotcold,nsga2
0,200,200,val,2.893968403339386,0.20703125,0.572265625,8,64,512,355.6523000006564,66.41925885150104,2.2630111305007388,69.04167929945085,0.0,0.0,0.0,0.0,0.0,0.0,0.0,0.0,0,22.493816309268706,1439.6042437931972,0.0,0,0.0,0.0,0.0,0.0,0.0,0.0,0.0,0.0,0.0,0.0,0,0,0,0.0,0.0,0.0,0,0,0,8,4,0.0,2,0.0,0,0,1.0,0.0,0,0,0,0.0,0.0,0.0,0.0,0,0.0,1.0,0.0,0.0,1.0,0.0,256,1024,0,0.0,550.8957971258105,238.84049999469426,210.0,86.72533519025647,15.329961940859738,0,1715.5246129960108,0,1359.8723129953544,1.3283851770300207e-06,9.052044522002956e-07,2.7616671719780344e-06,0.0,0.0,0.0,4.99525680120835e-06,no_hotcold,nsga2
0,200,200,train,2.784856915473938,0.21484375,0.587890625,8,64,512,1880.2232000016375,447.1726270508867,77.24025254376456,118.99095204577995,39.112200000090525,5.976563943064065,234.19697237513782,240.17353631820188,0.006399990525096655,220.0,11.877077390251692,8.290058937425083,0,4.254811740000492,272.3079513600315,2097152.0,2,0.0,0.0,1.0,0.0,0.0,48.84125665114593,0.007099995855242014,0.0,29.56663889840492,19.267517756885773,0,1,0,0.0,0.0,24.420628325572967,0,0,2097152,8,4,0.0,2,0.0,0,0,1.0,0.0,4,4,0,1.0,0.0,0.0,201.0,0,0.0,1.0,0.0,0.0,1.0,0.0,256,1024,0,0.0,2573.615326561725,1560.2024000399979,910.0,88.03509608600586,15.377830435721146,0,2189.415585500828,0,309.19238549919055,8.943452541017735e-06,3.0896101017505826e-05,4.759638081831198e-06,2.9882819715320325e-08,1.4051818342508266e-06,4.884125665114594e-07,4.652266886083237e-05,no_hotcold,nsga2
0,201,201,train,2.847339630126953,0.2421875,0.57421875,8,64,512,341.60239998891484,62.966322532103824,2.3016076481774723,17.14365765985137,38.34159999678377,6.432402899355767,13.513057090912707,19.945459990268475,0.007199996616691351,0.0,11.61683408890389,8.321425904747894,0,23.418970655033302,1498.8141219221313,2097152.0,2,0.0,0.0,1.0,0.0,0.0,51.17542454991053,0.006300004315562546,0.0,32.170349198791754,18.998775346803207,0,1,0,0.0,0.0,25.587712274955265,0,0,2097152,8,4,0.0,2,0.0,0,0,1.0,0.0,4,0,0,0.0,0.0,0.0,202.0,4,0.0,1.0,0.0,0.0,1.0,0.0,256,1024,0,0.0,329.64635136053073,224.34010000142734,0.0,89.01472233839841,16.291529020704928,0,2189.415585500828,0,1847.8131855119132,1.2593264506420766e-06,9.20643059270989e-07,6.857463063940549e-07,3.216201449677884e-08,8.107834254547622e-08,5.117542454991053e-07,3.490710418848481e-06,no_hotcold,nsga2
0,202,202,train,2.623339891433716,0.248046875,0.634765625,8,64,512,305.0031000020681,52.27151561694525,2.3534635321530635,17.102140792818787,37.408300006063655,6.271405120797966,14.590562881704564,20.86196800250253,0.007199996616691351,0.0,12.759035345756065,8.095732660129773,0,26.22915560789431,1678.6659589052358,2097152.0,2,0.0,0.0,1.0,0.0,0.0,49.67167033947271,0.006800008122809231,0.0,28.89995016520883,20.764920166141074,0,1,0,0.0,0.0,24.835835169736356,0,0,2097152,8,4,0.0,2,0.0,0,0,1.0,0.0,4,4,0,1.0,0.0,0.0,203.0,0,0.0,1.0,0.0,0.0,1.0,0.0,256,1024,0,0.0,286.90847976766844,182.88719998963643,0.0,88.56539478497268,15.455884993059282,0,2189.415585500828,0,1884.41248549876,1.0454303123389051e-06,9.413854128612255e-07,6.840856317127517e-07,3.135702560398983e-08,8.754337729022737e-08,4.967167033947272e-07,3.2865184632018263e-06,no_hotcold,nsga2
0,203,203,train,2.6489073634147644,0.271484375,0.61328125,8,64,512,513.6530999880051,89.8944125218569,3.055898995303311,20.533467243705225,970.5633999983547,5.771310847868307,18.891063024026547,24.662373871894854,0.009399984264746308,0.0,10.816313943210208,13.8366599444199,0,15.57468343032172,996.7797395405901,2097152.0,2,0.0,0.0,1.0,0.0,0.0,50.40275811140862,0.007799986633472145,0.0,29.54702473967329,20.84793338510186,0,1,0,0.0,0.0,25.20137905570431,0,0,2097152,8,4,0.0,2,0.0,0,0,1.0,0.0,4,0,0,0.0,0.0,0.0,204.0,4,0.0,1.0,0.0,0.0,1.0,0.0,256,1024,0,0.0,453.9351150434618,332.068799980334,0.0,88.87805291397167,32.988262149156064,0,2189.415585500828,0,1675.7624855128229,1.7978882504371382e-06,1.2223595981213247e-06,8.213386897482092e-07,2.8856554239341536e-08,1.1334637814415927e-07,5.040275811140863e-07,4.487817051804259e-06,no_hotcold,nsga2
0,204,204,train,2.74601012468338,0.216796875,0.58984375,8,64,512,291.95130000880454,52.461919109359954,2.7578334039617642,16.964324623507352,53.879399987636134,5.80081769151583,17.087720285193658,22.888537976709486,0.007599999662488699,0.0,11.533699612286295,11.347238364760706,0,27.40173651572103,1753.711137006146,2097152.0,2,0.0,0.0,1.0,0.0,0.0,51.97783348466069,0.00689999433234334,0.0,31.241519044519382,20.729414445808967,0,1,0,0.0,0.0,25.988916742330346,0,0,2097152,8,4,0.0,2,0.0,0,0,1.0,0.0,4,4,0,1.0,0.0,0.0,205.0,0,0.0,1.0,0.0,0.0,1.0,0.0,256,1024,0,0.0,288.7363085473163,181.57359995529987,0.0,88.61174360542446,18.55096498659196,0,2189.415585500828,0,1897.4642854920235,1.049238382187199e-06,1.1031333615847056e-06,6.785729849402942e-07,2.900408845757915e-08,1.0252632171116193e-07,5.19778334846607e-07,3.4822534737275473e-06,no_hotcold,nsga2
0,205,205,train,2.724937677383423,0.25,0.6015625,8,64,512,77.44280000042636,16.774343989672026,2.2150406565570986,16.767061568947284,39.191600008052774,6.588067436873797,13.064607920180055,19.65267535705385,0.007000009645707905,0.0,12.306058578817824,7.33961676859032,0,103.30071613164587,6611.245832425336,2097152.0,2,0.0,0.0,1.0,0.0,0.0,49.33662110786486,0.006699992809444666,0.0,29.884762997160557,19.44515811789486,0,1,0,0.0,0.0,24.66831055393243,0,0,2097152,8,4,0.0,2,0.0,0,0,1.0,0.0,4,0,0,0.0,0.0,0.0,206.0,4,0.0,1.0,0.0,0.0,1.0,0.0,256,1024,0,0.0,143.02578486070564,37.26800000004005,0.0,91.28808271896847,14.469702141697116,0,2189.415585500828,0,2111.9727855004016,3.354868797934406e-07,8.860162626228395e-07,6.706824627578913e-07,3.294033718436899e-08,7.838764752108033e-08,4.933662110786486e-07,2.4968798009582697e-06,no_hotcold,nsga2
0,206,206,train,2.5683745741844177,0.267578125,0.662109375,8,64,512,86.55519998865202,17.51469747785207,2.4227195900912117,18.518090010926034,40.07129999808967,6.564762506081337,14.274952762271447,20.839715268352784,0.007099995855242014,0.0,12.305800873627732,8.52681439886981,0,92.42549928311135,5915.231954119126,2097152.0,2,0.0,0.0,1.0,0.0,0.0,51.23830349335377,0.007700000423938036,0.0,31.012890016612374,20.217713476317453,0,1,0,0.0,0.0,25.619151746676884,0,0,2097152,8,4,0.0,2,0.0,0,0,1.0,0.0,4,4,0,1.0,0.0,0.0,207.0,0,0.0,1.0,0.0,0.0,1.0,0.0,256,1024,0,0.0,153.82202831547727,41.7143999657128,0.0,94.89736997818207,17.21025837158238,0,2189.415585500828,0,2102.860385512176,3.502939495570414e-07,9.690878360364848e-07,7.407236004370415e-07,3.282381253040669e-08,8.564971657362866e-08,5.123830349335377e-07,2.690961950068141e-06,no_hotcold,nsga2
0,207,207,train,2.5406285524368286,0.259765625,0.646484375,8,64,512,326.60159999795724,60.87830210341121,2.344948539973217,17.38875619183416,37.616400004480965,6.258614063292686,13.38673554403618,19.645349607328868,0.006799993570894003,0.0,11.234110720780802,8.40443889297717,0,24.49459985943173,1567.6543910036307,2097152.0,2,0.0,0.0,1.0,0.0,0.0,51.9287747769438,0.006100002792663872,0.0,32.424584488358605,19.49809028579253,0,1,0,0.0,0.0,25.9643873884719,0,0,2097152,8,4,0.0,2,0.0,0,0,1.0,0.0,4,0,0,0.0,0.0,0.0,208.0,4,0.0,1.0,0.0,0.0,1.0,0.0,256,1024,0,0.0,322.4480273408743,214.9832999712089,0.0,92.41139596138962,15.053331408275803,0,1594.354547496984,0,1267.7529474990267,1.2175660420682241e-06,9.379794159892867e-07,6.955502476733664e-07,3.129307031646343e-08,8.032041326421706e-08,5.192877477694379e-07,3.481996937080996e-06,no_hotcold,nsga2
0,208,208,train,2.4127467274665833,0.279296875,0.701171875,8,64,512,84.22729998710565,17.038030021888297,2.4310663759716764,17.298749922434833,59.951699993689544,6.265771588086337,15.266236089604472,21.53200767769081,0.007299997378140688,0.0,11.288676407228706,10.23603127308396,0,94.97995330814827,6078.717011721489,2097152.0,2,0.0,0.0,1.0,0.0,0.0,50.730276582793216,0.006500020390376449,0.0,31.78512478875515,18.938651773647692,0,1,0,0.0,0.0,25.365138291396608,0,0,2097152,8,4,0.0,2,0.0,0,0,1.0,0.0,4,4,0,1.0,0.0,0.0,209.0,0,0.0,1.0,0.0,0.0,1.0,0.0,256,1024,0,0.0,147.0713852811792,40.646899957209826,0.0,89.5213124624328,16.903172861536596,0,1594.354547496984,0,1510.1272475098783,3.4076060043776594e-07,9.724265503886706e-07,6.919499968973933e-07,3.132885794043169e-08,9.159741653762682e-08,5.073027658279322e-07,2.6353661880298206e-06,no_hotcold,nsga2
0,209,209,train,2.5506370067596436,0.263671875,0.67578125,8,64,512,343.9199999993434,61.45645750732435,2.3063182432968095,16.74162289628453,36.76849999465048,6.586087145158151,13.363099206795791,19.94918635195394,0.007700000423938036,0.0,11.842252033613445,8.09923431791656,0,23.26115590503422,1488.71397792219,2097152.0,2,0.0,0.0,1.0,0.0,0.0,51.6195240174012,0.006199989002197981,0.0,31.112150257599883,20.501173770799113,0,1,0,0.0,0.0,25.8097620087006,0,0,2097152,8,4,0.0,2,0.0,0,0,1.0,0.0,4,0,0,0.0,0.0,0.0,210.0,4,0.0,1.0,0.0,0.0,1.0,0.0,256,1024,0,0.0,322.01759458762274,219.26969998457935,0.0,88.30286952749063,14.445025075552763,0,1594.354547496984,0,1250.4345474976406,1.229129150146487e-06,9.225272973187238e-07,6.696649158513812e-07,3.2930435725790756e-08,8.017859524077473e-08,5.16195240174012e-07,3.45062563445717e-06,no_hotcold,nsga2
0,210,210,train,2.625847339630127,0.29296875,0.61328125,8,64,512,336.7578000033973,58.01155087203241,2.269303189793373,17.615404219355426,37.0686999958707,6.799684097586278,14.68666536581587,21.48634946340215,0.007599999662488699,0.0,13.15528058929059,8.32346887444907,0,23.755875124627167,1520.3760079761387,2097152.0,2,0.0,0.0,1.0,0.0,0.0,51.426994809485066,0.006300004315562546,0.0,30.77559738660646,20.645097418563047,0,1,0,0.0,0.0,25.713497404742533,0,0,2097152,8,4,0.0,2,0.0,0,0,1.0,0.0,4,4,0,1.0,0.0,0.0,211.0,0,0.0,1.0,0.0,0.0,1.0,0.0,256,1024,0,0.0,311.5850331247248,202.63319998048246,0.0,93.15305457159057,15.798778572651768,0,1594.354547496984,0,1257.5967474935867,1.1602310174406482e-06,9.077212759173492e-07,7.046161687742171e-07,3.399842048793139e-08,8.811999219489521e-08,5.142699480948508e-07,3.4089568229098923e-06,no_hotcold,nsga2
0,211,211,train,2.659306824207306,0.208984375,0.603515625,8,64,512,344.1832999960752,62.18260195646334,2.2266120554046243,16.548128172466846,41.84229999373201,6.647644790172803,14.242376699826364,20.890021489999167,0.007299997378140688,0.0,12.703750452794505,8.178971039826523,0,23.243361187861346,1487.5751160231262,2097152.0,2,0.0,0.0,1.0,0.0,0.0,51.70709497774082,0.005800000508315861,0.0,31.46763139034511,20.233663586887396,0,1,0,0.0,0.0,25.85354748887041,0,0,2097152,8,4,0.0,2,0.0,0,0,1.0,0.0,4,0,0,0.0,0.0,0.0,212.0,4,0.0,1.0,0.0,0.0,1.0,0.0,256,1024,0,0.0,323.8293687373392,220.49869995680638,0.0,87.93681023848703,15.393858542045825,0,1594.354547496984,0,1250.1712475009087,1.2436520391292668e-06,8.906448221618498e-07,6.619251268986738e-07,3.323822395086402e-08,8.545426019895817e-08,5.170709497774082e-07,3.431985422117021e-06,no_hotcold,nsga2
0,212,212,train,2.599197030067444,0.240234375,0.642578125,8,64,512,273.9434999966761,48.34531754349839,2.274095959034461,17.403325663745314,35.572599997976795,5.878174454572396,12.75135598955147,18.629530444123866,0.007199996616691351,0.0,10.859958280420958,7.762372167086217,0,29.20299549761747,1868.991711847518,2097152.0,2,0.0,0.0,1.0,0.0,0.0,49.13262120154105,0.007700000423938036,0.0,30.77523212404236,18.34968907707475,0,1,0,0.0,0.0,24.566310600770525,0,0,2097152,8,4,0.0,2,0.0,0,0,1.0,0.0,4,4,0,1.0,0.0,0.0,213.0,0,0.0,1.0,0.0,0.0,1.0,0.0,256,1024,0,0.0,272.0909566651127,166.908200000762,0.0,90.32750933859192,14.855247325758722,0,1594.354547496984,0,1320.4110475003079,9.669063508699678e-07,9.096383836137846e-07,6.961330265498126e-07,2.9390872272861983e-08,7.650813593730882e-08,4.913262120154106e-07,3.1699029812591464e-06,no_hotcold,nsga2
0,213,213,train,2.5932992100715637,0.26171875,0.642578125,8,64,512,351.69710000627674,60.51432442194733,2.4030048271374818,16.35865827667805,36.74709999177139,6.504616570896974,14.661313514997502,21.165930085894477,0.007700000423938036,0.0,11.986213683735569,9.172016401734968,0,22.746781969698514,1455.7940460607049,2097152.0,2,0.0,0.0,1.0,0.0,0.0,52.088591047812926,0.008800008799880743,0.0,31.39598050218456,20.683810536828485,0,1,0,0.0,0.0,26.044295523906463,0,0,2097152,8,4,0.0,2,0.0,0,0,1.0,0.0,4,0,0,0.0,0.0,0.0,214.0,4,0.0,1.0,0.0,0.0,1.0,0.0,256,1024,0,0.0,317.1039501030515,214.8011999670416,0.0,88.21586261340998,14.086887522599854,0,1594.354547496984,0,1242.6574474907072,1.2102864884389466e-06,9.612019308549927e-07,6.543463310671219e-07,3.252308285448487e-08,8.7967881089985e-08,5.208859104781292e-07,3.4672116247836607e-06,no_hotcold,nsga2
0,214,214,train,2.6808395981788635,0.2421875,0.59765625,8,64,512,86.23680000891909,16.451952680391493,2.304127342606975,17.908183482016216,49.56890000903513,6.358618071638839,13.457024594501528,19.815642666140366,0.006600006599910557,0.0,11.60057131031238,8.208471349228075,0,92.76674496766621,5937.071677930638,2097152.0,2,0.0,0.0,1.0,0.0,0.0,47.83618172574997,0.006999995093792677,0.0,28.097873919447096,19.731307811209078,0,1,0,0.0,0.0,23.918090862874983,0,0,2097152,8,4,0.0,2,0.0,0,0,1.0,0.0,4,4,0,1.0,0.0,0.0,215.0,0,0.0,1.0,0.0,0.0,1.0,0.0,256,1024,0,0.0,146.65705402005875,37.552099995082244,0.0,91.28218114769584,17.82277287728064,0,1594.354547496984,0,1508.1177474880649,3.2903905360782983e-07,9.216509370427902e-07,7.163273392806487e-07,3.1793090358194194e-08,8.074214756700916e-08,4.783618172574997e-07,2.5579143851139713e-06,no_hotcold,nsga2
0,215,215,train,2.6374555230140686,0.2421875,0.62109375,8,64,512,3404.8315999971237,448.1356291559562,3.22532955615775,318.82551567878943,63.17129998933524,5.686776094234884,22.201338984648324,27.888115078883207,0.006400019628927112,0.0,11.981503311838893,15.900211747415389,0,2.349601563379873,150.37450005631186,2097152.0,2,0.0,0.0,1.0,0.0,0.0,53.165477892508854,0.006300004315562546,0.0,32.446442526169534,20.712735362023757,0,1,0,0.0,0.0,26.582738946254427,0,0,2097152,8,4,0.0,2,0.0,0,0,1.0,0.0,4,0,0,0.0,0.0,0.0,216.0,4,0.0,1.0,0.0,0.0,1.0,0.0,256,1024,0,0.0,3080.7458975636137,1764.3386999989161,0.0,91.96284918166148,1224.444348383036,0,2990.633601999066,1,-414.1979979980579,8.962712583119125e-06,1.2901318224631e-06,1.2753020627151577e-05,2.843388047117442e-08,1.332080339078899e-07,5.316547789250886e-07,2.3699161726037955e-05,no_hotcold,nsga2
0,216,216,train,2.590257167816162,0.248046875,0.6484375,8,64,512,284.89619999891147,47.45176504800223,2.6102811673932598,17.57522649417572,38.261600013356656,5.908900767007427,16.273082533891383,22.18198330089881,0.008799994247965515,0.0,11.57500603610585,10.59817727054499,0,28.080304053639583,1797.1394594329333,2097152.0,2,0.0,0.0,1.0,0.0,0.0,49.130860276148795,0.006200003554113209,0.0,29.66357148097486,19.461088791619822,0,1,0,0.0,0.0,24.565430138074397,0,0,2097152,8,4,0.0,2,0.0,0,0,1.0,0.0,4,4,0,1.0,0.0,0.0,217.0,0,0.0,1.0,0.0,0.0,1.0,0.0,256,1024,0,0.0,270.5490908382849,162.844500009669,0.0,90.64396295569938,17.06062787291648,0,2990.633601999066,0,2705.7374020001544,9.490353009600448e-07,1.044112466957304e-06,7.030090597670288e-07,2.954450383503714e-08,9.763849520334828e-08,4.913086027614881e-07,3.314648429484251e-06,no_hotcold,nsga2
0,217,217,train,2.612620532512665,0.267578125,0.642578125,8,64,512,289.795700009563,52.80526945121069,2.1844873022763167,16.14009734284662,37.64370000862982,5.657997442900743,13.054497701744918,18.71249514464566,0.007800001185387373,0.0,11.936508346997474,6.7681867964628,0,27.605559344657852,1766.7557980581025,2097152.0,2,0.0,0.0,1.0,0.0,0.0,48.777501949144266,0.006399990525096655,0.0,28.898432058712633,19.87266989990654,0,1,0,0.0,0.0,24.388750974572133,0,0,2097152,8,4,0.0,2,0.0,0,0,1.0,0.0,4,0,0,0.0,0.0,0.0,218.0,4,0.0,1.0,0.0,0.0,1.0,0.0,256,1024,0,0.0,284.5194163853345,185.37370006379206,0.0,86.14455575258174,13.001160568960724,0,2990.633601999066,0,2700.837901989503,1.056105389024214e-06,8.737949209105266e-07,6.456038937138648e-07,2.8289987214503715e-08,7.832698621046949e-08,4.877750194914427e-07,3.169896196565022e-06,no_hotcold,nsga2
0,218,218,train,2.5946409702301025,0.271484375,0.638671875,8,64,512,258.6598999914713,47.64300343545423,2.2354518728514705,16.76101707540746,36.422900011530146,6.397298275681559,14.637233497577787,21.034531773259346,0.007399998139590025,0.0,11.921455925635485,9.105675849484271,0,30.928524567353552,1979.4255723106273,2097152.0,2,0.0,0.0,1.0,0.0,0.0,51.17389274431942,0.006200003554113209,0.0,30.134057877435943,21.033634863329368,0,1,0,0.0,0.0,25.58694637215971,0,0,2097152,8,4,0.0,2,0.0,0,0,1.0,0.0,4,4,0,1.0,0.0,0.0,219.0,0,0.0,1.0,0.0,0.0,1.0,0.0,256,1024,0,0.0,266.5578895348527,163.45610002463218,0.0,88.65502273889135,14.446766771329148,0,1594.354547496984,0,1335.6946475055126,9.528600687090847e-07,8.941807491405883e-07,6.704406830162985e-07,3.1986491378407794e-08,8.782340098546672e-08,5.117389274431943e-07,3.1490303206730407e-06,no_hotcold,nsga2
0,219,219,train,2.5126059651374817,0.251953125,0.6640625,8,64,512,190.6015000131447,34.59520382533302,2.6127748862529536,17.189717691834964,36.56630001205485,6.208390233253929,16.95564331881458,23.16403355206851,0.007299997378140688,0.0,11.860305298036504,11.296428256653865,0,41.97216720372655,2686.218701038499,2097152.0,2,0.0,0.0,1.0,0.0,0.0,51.04005569472602,0.006700007361359894,0.0,30.06983276045991,20.96352292690475,0,1,0,0.0,0.0,25.52002784736301,0,0,2097152,8,4,0.0,2,0.0,0,0,1.0,0.0,4,0,0,0.0,0.0,0.0,220.0,4,0.0,1.0,0.0,0.0,1.0,0.0,256,1024,0,0.0,217.59078561368375,111.03189997083973,0.0,89.25989807316587,17.298987569678154,0,1594.354547496984,0,1403.7530474838393,6.919040765066606e-07,1.0451099545011814e-06,6.875887076733987e-07,3.1041951166269645e-08,1.0173385991288748e-07,5.104005569472603e-07,3.0677791067076582e-06,no_hotcold,nsga2
0,220,220,train,2.476111114025116,0.25390625,0.6796875,8,64,512,267.9517999931704,48.12879497057001,2.2489107825214134,16.60313170483493,38.07039999810513,6.603347906052245,14.519666305865863,21.123014211918107,0.007899987394921482,0.0,12.680521825982588,8.434592398540598,0,29.85600449110405,1910.784287430659,2097152.0,2,0.0,0.0,1.0,0.0,0.0,52.00246240352946,0.00589998671784997,0.0,32.01541173523833,19.981150681573276,0,1,0,0.0,0.0,26.00123120176473,0,0,2097152,8,4,0.0,2,0.0,0,0,1.0,0.0,4,4,0,1.0,0.0,0.0,221.0,0,0.0,1.0,0.0,0.0,1.0,0.0,256,1024,0,0.0,267.9233498317054,163.52030001871753,0.0,89.79183545169695,14.61121436129094,0,1594.354547496984,0,1326.4027475038135,9.625758994114003e-07,8.995643130085654e-07,6.641252681933973e-07,3.301673953026123e-08,8.711799783519516e-08,5.200246240352947e-07,3.166424842014114e-06,no_hotcold,nsga2
0,221,221,train,2.5775080919265747,0.23828125,0.630859375,8,64,512,349.8908999899868,62.442940538676325,2.1838175670268827,16.61347957459685,39.20600000128616,5.576055430393106,14.3098041709958,19.88585960138891,0.007599999662488699,0.0,11.848834766920488,8.029424834805928,0,22.864204630712926,1463.3090963656273,2097152.0,2,0.0,0.0,1.0,0.0,0.0,49.79647817475662,0.006100002792663872,0.0,29.181241367031152,20.609136804932806,0,1,0,0.0,0.0,24.89823908737831,0,0,2097152,8,4,0.0,2,0.0,0,0,1.0,0.0,4,0,0,0.0,0.0,0.0,222.0,4,0.0,1.0,0.0,0.0,1.0,0.0,256,1024,0,0.0,324.9609507212002,222.4774000060279,0.0,89.09454560738914,13.389005107783216,0,1594.354547496984,0,1244.4636475069972,1.2488588107735265e-06,8.735270268107532e-07,6.645391829838743e-07,2.7880277151965534e-08,8.585882502597478e-08,4.979647817475663e-07,3.39862890449366e-06,no_hotcold,nsga2
0,222,222,train,2.605099141597748,0.216796875,0.658203125,8,64,512,353.3444999920903,60.27234327438804,2.231564120158942,17.348798653241126,37.253500006045215,6.1496147883487,12.603006266140406,18.752621054489104,0.008100003469735384,0.0,11.603042412028211,7.14147863899116,0,22.640729824432693,1449.0067087636924,2097152.0,2,0.0,0.0,1.0,0.0,0.0,51.57090904949968,0.007400012691505253,0.0,30.280499320268117,21.28300971654006,0,1,0,0.0,0.0,25.78545452474984,0,0,2097152,8,4,0.0,2,0.0,0,0,1.0,0.0,4,4,0,1.0,0.0,0.0,223.0,0,0.0,1.0,0.0,0.0,1.0,0.0,256,1024,0,0.0,319.41082419115247,214.63869999570306,0.0,90.95801317635454,13.814111019094849,0,1515.7935924991,0,1162.4490925070097,1.205446865487761e-06,8.926256480635768e-07,6.939519461296451e-07,3.0748073941743505e-08,7.561803759684243e-08,5.157090904949969e-07,3.4140996617145663e-06,no_hotcold,nsga2
0,223,223,train,2.5182008743286133,0.28515625,0.662109375,8,64,512,345.18750000279397,61.97671395867376,2.4174092575215558,16.610934545153484,42.61119999864604,6.442972263431463,13.333403275226516,19.77637553865798,0.007000009645707905,0.0,11.539165093432938,8.230210435579332,0,23.175743108287932,1483.2475589304277,2097152.0,2,0.0,0.0,1.0,0.0,0.0,49.82611017709148,0.006699992809444666,0.0,30.04117873256513,19.778231451716906,0,1,0,0.0,0.0,24.91305508854574,0,0,2097152,8,4,0.0,2,0.0,0,0,1.0,0.0,4,0,0,0.0,0.0,0.0,224.0,4,0.0,1.0,0.0,0.0,1.0,0.0,256,1024,0,0.0,324.02023104539524,219.65980001550633,0.0,89.43054730514456,14.929883724744311,0,1515.7935924991,0,1170.606092496306,1.2395342791734754e-06,9.669637030086223e-07,6.644373818061395e-07,3.221486131715731e-08,8.000041965135908e-08,4.982611017709148e-07,3.4814117467276685e-06,no_hotcold,nsga2
0,224,224,train,2.557692229747772,0.25390625,0.650390625,8,64,512,344.4549999985611,62.86877021177637,2.2773171638418983,17.157968315421886,36.1611999978777,6.501752800654247,13.976552304608324,20.47830510526257,0.007300011930055916,0.0,11.696211482630378,8.774793610702138,0,23.225027289504084,1486.4017465282614,2097152.0,2,0.0,0.0,1.0,0.0,0.0,49.92472483724242,0.007099995855242014,0.0,28.859980390472447,21.057644450914736,0,1,0,0.0,0.0,24.96236241862121,0,0,2097152,8,4,0.0,2,0.0,0,0,1.0,0.0,4,4,0,1.0,0.0,0.0,225.0,0,0.0,1.0,0.0,0.0,1.0,0.0,256,1024,0,0.0,329.2162227641606,223.8651000079699,0.0,90.86199858065876,14.489124175531988,0,1428.432032500419,0,1083.9770325018578,1.2573754042355274e-06,9.109268655367592e-07,6.863187326168754e-07,3.2508764003271236e-08,8.385931382764994e-08,4.992472483724243e-07,3.470236328592508e-06,no_hotcold,nsga2
0,225,225,train,2.5873815417289734,0.240234375,0.630859375,8,64,512,342.7923999988707,61.456723753051534,2.5169386724977754,17.86891172745615,2397.043600009056,6.612118990559767,16.31256636719896,22.92468535775873,0.010199990356341004,0.0,12.502756031531538,10.41172933587085,0,23.337672195632578,1493.611020520485,2097152.0,2,0.0,0.0,1.0,0.0,0.0,50.585948393044774,0.006999995093792677,0.0,31.648156778932336,18.930791619018645,0,1,0,0.0,0.0,25.292974196522387,0,0,2097152,8,4,0.0,2,0.0,0,0,1.0,0.0,4,0,0,0.0,0.0,0.0,226.0,4,0.0,1.0,0.0,0.0,1.0,0.0,256,1024,0,0.0,327.3702966120219,218.49209997162689,0.0,91.50851791934146,17.369678721053514,0,1428.432032500419,0,1085.6396325015482,1.2291344750610309e-06,1.0067754689991103e-06,7.14756469098246e-07,3.306059495279884e-08,9.787539820319376e-08,5.058594839304478e-07,3.5874618902448272e-06,no_hotcold,nsga2
0,226,226,train,2.719866454601288,0.208984375,0.625,8,64,512,426.9392999995034,74.61582842103567,2.226867725604664,18.019375712729126,35.475700002280064,6.359589841340832,13.311994875340547,19.67158471668138,0.007600014214403927,0.0,12.189258137146776,7.474726565320199,0,18.737982804643426,1199.2308994971793,2097152.0,2,0.0,0.0,1.0,0.0,0.0,48.8376901425,0.007499998901039362,0.0,29.7728732456035,19.057316897995463,0,1,0,0.0,0.0,24.41884507125,0,0,2097152,8,4,0.0,2,0.0,0,0,1.0,0.0,4,4,0,1.0,0.0,0.0,227.0,0,0.0,1.0,0.0,0.0,1.0,0.0,256,1024,0,0.0,379.4482874374779,272.385399977793,0.0,89.94552441708277,17.11736304260216,0,1391.793320495049,0,964.8540204955457,1.4923165684207137e-06,8.907470902418654e-07,7.20775028509165e-07,3.179794920670417e-08,7.987196925204328e-08,4.883769014250001e-07,3.703885507055492e-06,no_hotcold,nsga2
0,227,227,train,2.765939474105835,0.205078125,0.611328125,8,64,512,342.57210000941996,62.072355514817126,2.3642225554678915,17.150663286022954,39.16190000018105,6.058527811223367,14.262210951588614,20.32073876281198,0.007499998901039362,0.0,11.687382672410553,8.625856091500388,0,23.352680055089028,1494.5715235256978,2097152.0,2,0.0,0.0,1.0,0.0,0.0,47.288413622399084,0.006100002792663872,0.0,27.48165748288716,19.80065613671926,0,1,0,0.0,0.0,23.644206811199542,0,0,2097152,8,4,0.0,2,0.0,0,0,1.0,0.0,4,0,0,0.0,0.0,0.0,228.0,4,0.0,1.0,0.0,0.0,1.0,0.0,256,1024,0,0.0,326.3489654252319,219.44490002351813,0.0,92.43230510191984,14.471760299793928,0,1391.793320495049,0,1049.2212204856291,1.2414471102963426e-06,9.456890221871566e-07,6.860265314409182e-07,3.029263905611684e-08,8.557326570953167e-08,4.728841362239909e-07,3.4619127049140567e-06,no_hotcold,nsga2
0,228,228,train,2.8364309072494507,0.19921875,0.615234375,8,64,512,279.8001000046497,49.50880114494785,2.233130224296545,16.76345297924356,39.66039999795612,6.504111123536323,13.722126946115399,20.22623806965172,0.006999995093792677,0.0,12.168065497159471,8.051172577398459,0,28.591738916920118,1829.8712906828875,2097152.0,2,0.0,0.0,1.0,0.0,0.0,49.50167535823422,0.006999995093792677,0.0,29.725766422278127,19.76890894086231,0,1,0,0.0,0.0,24.75083767911711,0,0,2097152,8,4,0.0,2,0.0,0,0,1.0,0.0,4,4,0,1.0,0.0,0.0,229.0,0,0.0,1.0,0.0,0.0,1.0,0.0,256,1024,0,0.0,274.0215373939518,170.8700000308454,0.0,89.0494609092442,14.102076453862225,0,1391.793320495049,0,1111.9932204903994,9.90176022898957e-07,8.93252089718618e-07,6.705381191697425e-07,3.252055561768162e-08,8.233276167669238e-08,4.950167535823424e-07,3.163836302664034e-06,no_hotcold,nsga2
0,229,229,train,2.6853493452072144,0.19921875,0.646484375,8,64,512,72.52070000686217,16.188011785354792,2.508085708705827,16.64317960829379,59.40959999861661,6.440717941976216,15.499420189573389,21.940138131549606,0.006300004315562546,0.0,11.844555352390483,10.089282774843559,0,110.31181010984328,7059.95584702997,2097152.0,2,0.0,0.0,1.0,0.0,0.0,47.536633628886975,0.00650000583846122,0.0,28.46117984982236,19.068953773226156,0,1,0,0.0,0.0,23.768316814443487,0,0,2097152,8,4,0.0,2,0.0,0,0,1.0,0.0,4,0,0,0.0,0.0,0.0,230.0,4,0.0,1.0,0.0,0.0,1.0,0.0,256,1024,0,0.0,141.35710840941763,37.9685999796493,0.0,87.07370165698521,16.314806772783122,0,1391.793320495049,0,1319.272620488187,3.237602357070959e-07,1.0032342834823306e-06,6.657271843317515e-07,3.220358970988108e-08,9.299652113744031e-08,4.753663362888698e-07,2.5932881506573694e-06,no_hotcold,nsga2
0,230,230,train,2.698264479637146,0.23828125,0.611328125,8,64,512,328.9065999997547,58.55338397210517,2.2259253140233066,17.385880930969197,37.907499994616956,5.9293401783922,13.964035121602421,19.893375299994624,0.007200011168606579,0.0,10.823969054427902,9.062206234398113,0,24.322940546238417,1556.6681949592587,2097152.0,2,0.0,0.0,1.0,0.0,0.0,52.12234355094295,0.00689999433234334,0.0,32.89449379455797,19.22094976205264,0,1,0,0.0,0.0,26.061171775471475,0,0,2097152,8,4,0.0,2,0.0,0,0,1.0,0.0,4,4,0,1.0,0.0,0.0,231.0,0,0.0,1.0,0.0,0.0,1.0,0.0,256,1024,0,0.0,312.66076086839075,204.93750003515743,0.0,91.21748625803698,16.505774575196288,0,522.0950789924971,0,193.18847899274238,1.1710676794421034e-06,8.903701256093227e-07,6.95435237238768e-07,2.9646700891961005e-08,8.378421072961453e-08,5.212234355094295e-07,3.3915273894211988e-06,no_hotcold,nsga2
0,231,231,train,2.6372371912002563,0.228515625,0.63671875,8,64,512,512.1445999975549,88.79418433530634,2.269943586401859,16.74911793075521,37.89239999605343,5.963995595725789,12.80782807840819,18.77182367413398,0.00790000194683671,0.0,11.161723960241895,7.602199711945248,0,15.62055790392067,999.7157058509229,2097152.0,2,0.0,0.0,1.0,0.0,0.0,52.94428700574824,0.008099988917820156,0.0,31.65093273576699,21.28525428106343,0,1,0,0.0,0.0,26.47214350287412,0,0,2097152,8,4,0.0,2,0.0,0,0,1.0,0.0,4,0,0,0.0,0.0,0.0,232.0,4,0.0,1.0,0.0,0.0,1.0,0.0,256,1024,0,0.0,431.25298340985364,326.5539999847533,0.0,88.9120815897516,15.786901835348722,0,564.2717024915328,0,52.12710249397787,1.775883686706127e-06,9.079774345607438e-07,6.699647172302084e-07,2.981997797862895e-08,7.684696847044914e-08,5.294428700574825e-07,3.9899356550036405e-06,no_hotcold,nsga2
0,232,232,train,2.610701858997345,0.25,0.638671875,8,64,512,322.5090000050841,53.634623015443566,2.315937920895435,16.767433383677233,35.937900000135414,6.08691683708274,14.161545605706973,20.248462442789712,0.007099995855242014,0.0,11.286832339035637,8.954530107898831,0,24.805432389302307,1587.5476729153477,2097152.0,2,0.0,0.0,1.0,0.0,0.0,53.45209660080237,0.007199996616691351,0.0,33.675977894379955,19.768918709805728,0,1,0,0.0,0.0,26.726048300401185,0,0,2097152,8,4,0.0,2,0.0,0,0,1.0,0.0,4,4,0,1.0,0.0,0.0,233.0,0,0.0,1.0,0.0,0.0,1.0,0.0,256,1024,0,0.0,290.8719772800649,187.01289998716675,0.0,90.58123739439048,13.277839898507695,0,564.2717024915328,0,241.7627024864487,1.0726924603088715e-06,9.26375168358174e-07,6.706973353470893e-07,3.04345841854137e-08,8.496927363424183e-08,5.345209660080237e-07,3.3196897878418144e-06,no_hotcold,nsga2
0,233,233,train,2.699126720428467,0.21875,0.615234375,8,64,512,290.0426999985939,52.689533890205084,2.313304588514418,16.69982745105497,36.65029999683611,6.54358075509274,14.011762230374398,20.55534298546714,0.0069999805418774486,0.0,11.86014552424879,8.688197480676472,0,27.582050566996575,1765.2512362877808,2097152.0,2,0.0,0.0,1.0,0.0,0.0,47.63483570824481,0.006600021151825786,0.0,28.383155672681212,19.24508001441177,0,1,0,0.0,0.0,23.817417854122404,0,0,2097152,8,4,0.0,2,0.0,0,0,1.0,0.0,4,0,0,0.0,0.0,0.0,234.0,4,0.0,1.0,0.0,0.0,1.0,0.0,256,1024,0,0.0,286.8106637190979,182.28439998347312,0.0,90.03048429827209,14.495779437352663,0,521.1824364982747,0,231.1397364996808,1.0537906778041019e-06,9.253218354057674e-07,6.679930980421988e-07,3.27179037754637e-08,8.407057338224637e-08,4.7634835708244815e-07,3.240242445492226e-06,no_hotcold,nsga2
0,234,234,train,2.608122169971466,0.2734375,0.638671875,8,64,512,323.5435999959009,53.642147080190945,2.8354518724660256,17.248628325361494,52.80119999952149,5.782584642697425,17.045829802791385,22.82841444548881,0.008099988917820156,0.0,11.601675520679134,11.218638935891857,0,24.726111949021423,1582.471164737371,2097152.0,2,0.0,0.0,1.0,0.0,0.0,52.49526365250063,0.007300011930055916,0.0,31.728104304162926,20.75985933640765,0,1,0,0.0,0.0,26.247631826250316,0,0,2097152,8,4,0.0,2,0.0,0,0,1.0,0.0,4,4,0,1.0,0.0,0.0,235.0,0,0.0,1.0,0.0,0.0,1.0,0.0,256,1024,0,0.0,294.9049091120738,187.3018000042066,0.0,86.91263199090346,20.69047711696381,0,521.1824364982747,0,197.6388365023738,1.072842941603819e-06,1.1341807489864104e-06,6.899451330144598e-07,2.8912923213487128e-08,1.022749788167483e-07,5.249526365250064e-07,3.5531093621599315e-06,no_hotcold,nsga2
0,235,235,train,2.7085899710655212,0.23828125,0.6015625,8,64,512,71.12540000525769,16.085093627765975,2.2054239986317006,17.133582806783444,51.01429999922402,6.43437200198652,13.044194053495655,19.478566055482176,0.006999995093792677,0.0,11.590776529463406,7.880789530924976,0,112.47581769088042,7198.452332216347,2097152.0,2,0.0,0.0,1.0,0.0,0.0,49.962907191361865,0.006200003554113209,0.0,29.956843308935458,19.999863878872297,0,1,0,0.0,0.0,24.981453595680932,0,0,2097152,8,4,0.0,2,0.0,0,0,1.0,0.0,4,0,0,0.0,0.0,0.0,236.0,4,0.0,1.0,0.0,0.0,1.0,0.0,256,1024,0,0.0,141.69640173272447,36.289599986048415,0.0,91.26545045554948,14.141351291126572,0,521.1824364982747,0,450.057036493017,3.2170187255531955e-07,8.821695994526802e-07,6.853433122713379e-07,3.2171860009932606e-08,7.826516432097392e-08,4.996290719136187e-07,2.499280880523863e-06,no_hotcold,nsga2
0,236,236,train,2.4520228505134583,0.291015625,0.6640625,8,64,512,83.22580000094604,17.891239836571096,2.706785324091295,18.471755781808127,794.5393999980297,5.898302809271413,16.959663081246813,22.857965890518226,0.009400013368576765,0.0,11.906098375134137,10.94246750201551,0,96.12288349316643,6151.864543562651,2097152.0,2,0.0,0.0,1.0,0.0,0.0,49.52615976937801,0.008300004992634058,0.0,30.42659062208633,19.091269142299048,0,1,0,0.0,0.0,24.763079884689006,0,0,2097152,8,4,0.0,2,0.0,0,0,1.0,0.0,4,4,0,1.0,0.0,0.0,237.0,0,0.0,1.0,0.0,0.0,1.0,0.0,256,1024,0,0.0,156.27912376988206,43.48930000560358,0.0,92.1349698988567,20.654853865421785,0,521.1824364982747,0,437.95663649732865,3.5782479673142194e-07,1.082714129636518e-06,7.388702312723252e-07,2.949151404635707e-08,1.0175797848748086e-07,4.952615976937801e-07,2.8059202478678835e-06,no_hotcold,nsga2
0,237,237,train,2.6231518387794495,0.21875,0.599609375,8,64,512,181.2260000006063,25.951525175241027,3.179912020382794,21.618704648518083,66.71649999043439,6.125959835389554,22.434945762487786,28.56090559787734,0.007399998139590025,0.0,11.592796136178091,16.960709463559656,0,44.14353269641519,2825.1860925705723,2097152.0,2,0.0,0.0,1.0,0.0,0.0,49.477610626906426,0.006799993570894003,0.0,31.339897784537435,18.130912848798097,0,1,0,0.0,0.0,24.738805313453213,0,0,2097152,8,4,0.0,2,0.0,0,0,1.0,0.0,4,0,0,0.0,0.0,0.0,238.0,4,0.0,1.0,0.0,0.0,1.0,0.0,256,1024,0,0.0,203.00056737656763,75.32019999052864,0.0,92.27577402657614,35.404593359462844,0,521.1824364982747,0,339.9564364976684,5.190305035048207e-07,1.2719648081531176e-06,8.647481859407234e-07,3.062979917694777e-08,1.346096745749267e-07,4.947761062690643e-07,3.3157590776196006e-06,no_hotcold,nsga2
0,238,238,train,2.5897053480148315,0.23828125,0.634765625,8,64,512,81.47489999828395,17.71321518142055,2.612116426008723,16.61055358971991,39.83439999865368,6.166148375019748,15.4319994832055,21.598147858225246,0.007800001185387373,0.0,10.869541131389342,10.720806725650519,0,98.18854409915689,6284.066822346041,2097152.0,2,0.0,0.0,1.0,0.0,0.0,51.74249218922743,0.007299997378140688,0.0,32.72153570376248,19.01365648808681,0,1,0,0.0,0.0,25.871246094613713,0,0,2097152,8,4,0.0,2,0.0,0,0,1.0,0.0,4,4,0,1.0,0.0,0.0,239.0,0,0.0,1.0,0.0,0.0,1.0,0.0,256,1024,0,0.0,147.74354078859673,42.13659999368247,0.0,88.78649430389493,16.82044649101935,0,521.1824364982747,0,439.70753649999074,3.5426430362841114e-07,1.0448465704034891e-06,6.644221435887964e-07,3.083074187509874e-08,9.259199689923299e-08,5.174249218922742e-07,2.704380678287303e-06,no_hotcold,nsga2
0,239,239,train,2.5238532423973083,0.28515625,0.634765625,8,64,512,287.9848999873502,51.2927017866694,2.591920197884723,18.31196924837246,35.59349999704864,5.873544604214799,18.10237327837517,23.975917882589968,0.007599999662488699,0.0,11.944910632244191,12.023407250683288,0,27.77913779928601,1777.8648191543045,2097152.0,2,0.0,0.0,1.0,0.0,0.0,51.416116148034824,0.00689999433234334,0.0,31.231370007226616,20.177846146475865,0,1,0,0.0,0.0,25.708058074017412,0,0,2097152,8,4,0.0,2,0.0,0,0,1.0,0.0,4,0,0,0.0,0.0,0.0,240.0,4,0.0,1.0,0.0,0.0,1.0,0.0,256,1024,0,0.0,288.7863649317063,176.7414000496501,0.0,92.91670276348381,19.128262118572394,0,521.1824364982747,0,233.19753651092446,1.025854035733388e-06,1.0367680791538893e-06,7.324787699348984e-07,2.9367723021074e-08,1.0861423967025099e-07,5.141611614803483e-07,3.447244008993849e-06,no_hotcold,nsga2
0,240,240,train,2.4986109137535095,0.279296875,0.66796875,8,64,512,292.2149999940302,54.731110943467954,2.241575923306943,16.588589985338388,38.67039999749977,6.563849650198856,14.029090019109251,20.59293966930811,0.006999995093792677,0.0,12.743616912872492,7.8423227613418245,0,27.37700878857912,1752.1285624690636,2097152.0,2,0.0,0.0,1.0,0.0,0.0,52.34555615027793,0.007200011168606579,0.0,32.084648144804746,20.253707994304584,0,1,0,0.0,0.0,26.172778075138964,0,0,2097152,8,4,0.0,2,0.0,0,0,1.0,0.0,4,4,0,1.0,0.0,0.0,241.0,0,0.0,1.0,0.0,0.0,1.0,0.0,256,1024,0,0.0,294.2451074084531,192.3800000367919,0.0,88.17325369847443,13.691853673186838,0,521.1824364982747,0,228.96743650424446,1.0946222188693592e-06,8.966303693227773e-07,6.635435994135355e-07,3.281924825099428e-08,8.41745401146555e-08,5.234555615027794e-07,3.2952455374741014e-06,no_hotcold,nsga2
0,241,241,train,2.6360543370246887,0.2578125,0.6328125,8,64,512,343.6762000055751,61.85018568037565,2.413900920895876,17.051048277514855,39.201100007630885,5.500051483333985,14.720491621176745,20.220543104510732,0.007499998901039362,0.0,10.96787769707553,9.24516540853416,0,23.277657056884266,1489.770051640593,2097152.0,2,0.0,0.0,1.0,0.0,0.0,50.93931002014773,0.00650000583846122,0.0,31.415721407984783,19.51708860632449,0,1,0,0.0,0.0,25.469655010073865,0,0,2097152,8,4,0.0,2,0.0,0,0,1.0,0.0,4,0,0,0.0,0.0,0.0,242.0,4,0.0,1.0,0.0,0.0,1.0,0.0,256,1024,0,0.0,325.2605395151456,218.99880000273697,0.0,89.85187094332673,16.409868569081866,0,521.1824364982747,0,177.5062364926996,1.2370037136075132e-06,9.655603683583503e-07,6.820419311005943e-07,2.750025741666993e-08,8.832294972706046e-08,5.093931002014774e-07,3.509822320411666e-06,no_hotcold,nsga2
0,242,242,train,2.5965747833251953,0.2421875,0.6484375,8,64,512,338.6834999982966,58.99824988910479,2.355266657455494,17.700282675333487,38.37019999627955,5.960171081198154,13.685456585182536,19.64562766638069,0.00750001345295459,0.0,11.778864099883922,7.859263553043812,0,23.62080343222154,1511.7314196621785,2097152.0,2,0.0,0.0,1.0,0.0,0.0,51.185385756218665,0.007100010407157242,0.0,31.353501941649434,19.824783804162074,0,1,0,0.0,0.0,25.592692878109332,0,0,2097152,8,4,0.0,2,0.0,0,0,1.0,0.0,4,4,0,1.0,0.0,0.0,243.0,0,0.0,1.0,0.0,0.0,1.0,0.0,256,1024,0,0.0,316.2151968875751,207.48850001837127,0.0,93.456890380081,15.269806489122848,0,521.1824364982747,0,182.49893649997807,1.179964997782096e-06,9.421066629821976e-07,7.080113070133396e-07,2.980085540599077e-08,8.211273951109522e-08,5.118538575621867e-07,3.4538504202569057e-06,no_hotcold,nsga2
0,243,243,train,2.5307909846305847,0.2734375,0.662109375,8,64,512,272.42829999886453,47.09064876995839,2.2516620876627136,17.448712193513515,38.482300005853176,5.746941548846065,12.471039845337035,18.2179813941831,0.007099995855242014,0.0,11.325896690033161,6.884984708294698,0,29.36541700923265,1879.3866885908897,2097152.0,2,0.0,0.0,1.0,0.0,0.0,49.97580023238489,0.006700007361359894,0.0,30.675953530919585,19.293146694103946,0,1,0,0.0,0.0,24.987900116192446,0,0,2097152,8,4,0.0,2,0.0,0,0,1.0,0.0,4,0,0,0.0,0.0,0.0,244.0,4,0.0,1.0,0.0,0.0,1.0,0.0,256,1024,0,0.0,267.1640922045385,160.33409998635761,0.0,91.31423845233743,15.51575376584345,0,521.1824364982747,0,248.75413649941015,9.41812975399168e-07,9.006648350650854e-07,6.979484877405407e-07,2.8734707744230327e-08,7.48262390720222e-08,4.997580023238489e-07,3.1437452473448953e-06,no_hotcold,nsga2
0,244,244,train,2.5186490416526794,0.291015625,0.6796875,8,64,512,324.25099999818485,53.31230289680978,2.259454576833885,17.079548516569087,38.24680000252556,6.334351094607275,13.793423943021114,20.12777503762839,0.007100010407157242,0.0,12.721029726714697,7.399645300506533,0,24.672168560393718,1579.018787865198,2097152.0,2,0.0,0.0,1.0,0.0,0.0,52.273979333743284,0.006499991286545992,0.0,31.913614327032434,20.353865015424304,0,1,0,0.0,0.0,26.136989666871642,0,0,2097152,8,4,0.0,2,0.0,0,0,1.0,0.0,4,4,0,1.0,0.0,0.0,245.0,0,0.0,1.0,0.0,0.0,1.0,0.0,256,1024,0,0.0,290.60522396085105,186.91710005805362,0.0,89.02817526913725,14.65994863366016,0,521.1824364982747,0,196.93143650008983,1.0662460579361958e-06,9.03781830733554e-07,6.831819406627635e-07,3.1671755473036374e-08,8.276054365812669e-08,5.227397933374329e-07,3.290381921801109e-06,no_hotcold,nsga2
0,245,245,train,2.5774654746055603,0.220703125,0.650390625,8,64,512,466.10979999240953,83.65686351632823,2.404133893785646,16.595153162239416,39.75919999356847,6.190097978446808,13.177389198279041,19.36748717672585,0.007499998901039362,0.0,11.852157862799483,7.507829315025324,0,17.163301086630643,1098.4512695443611,2097152.0,2,0.0,0.0,1.0,0.0,0.0,50.81494054318396,0.007000009645707905,0.0,31.458624766838916,19.349315766699338,0,1,0,0.0,0.0,25.40747027159198,0,0,2097152,8,4,0.0,2,0.0,0,0,1.0,0.0,4,0,0,0.0,0.0,0.0,246.0,4,0.0,1.0,0.0,0.0,1.0,0.0,256,1024,0,0.0,410.62460228941313,306.38850000104867,0.0,90.67043071199032,13.56567157637417,0,493.3313824951619,0,27.22158250275237,1.6731372703265647e-06,9.616535575142585e-07,6.638061264895767e-07,3.0950489892234036e-08,7.906433518967423e-08,5.081494054318397e-07,3.916761184844147e-06,no_hotcold,nsga2
0,246,246,train,2.4594141244888306,0.25,0.666015625,8,64,512,305.59349998657126,51.86273447673821,2.3109662013865715,16.52112621938531,37.169899995205924,5.800835251774492,12.22358903259784,18.02442428437233,0.007199996616691351,0.0,11.144837960289873,6.872386327465767,0,26.17848161649357,1675.4228234555885,2097152.0,2,0.0,0.0,1.0,0.0,0.0,50.40751299204712,0.007000009645707905,0.0,29.57044109513103,20.83007188727038,0,1,0,0.0,0.0,25.20375649602356,0,0,2097152,8,4,0.0,2,0.0,0,0,1.0,0.0,4,4,0,1.0,0.0,0.0,247.0,0,0.0,1.0,0.0,0.0,1.0,0.0,256,1024,0,0.0,282.7793075900404,180.32919999677688,0.0,89.57729226004841,12.872815333215087,0,493.3313824951619,0,187.73788250859064,1.0372546895347642e-06,9.243864805546288e-07,6.608450487754123e-07,2.9004176258872462e-08,7.334153419558703e-08,5.040751299204712e-07,3.2289070592397357e-06,no_hotcold,nsga2
0,247,247,train,2.501036524772644,0.2421875,0.6484375,8,64,512,187.7513000072213,33.640066638318444,2.2973295665699713,17.512419060436127,61.41850000130944,6.056426735279595,14.197043435755216,20.25347017103481,0.006699992809444666,0.0,10.961253088039083,9.285517090186284,0,42.60933154849398,2726.9972191036145,2097152.0,2,0.0,0.0,1.0,0.0,0.0,49.41016728504155,0.007499998901039362,0.0,28.957256139030473,20.445411147110036,0,1,0,0.0,0.0,24.705083642520776,0,0,2097152,8,4,0.0,2,0.0,0,0,1.0,0.0,4,0,0,0.0,0.0,0.0,248.0,4,0.0,1.0,0.0,0.0,1.0,0.0,256,1024,0,0.0,213.79926106129818,107.57890004606452,0.0,89.41768353692879,16.802677478304894,0,493.3313824951619,0,305.5800824879406,6.72801332766369e-07,9.189318266279887e-07,7.004967624174452e-07,3.0282133676397974e-08,8.518226061453129e-08,4.941016728504156e-07,2.9017959889531477e-06,no_hotcold,nsga2
0,248,248,train,2.4532118439674377,0.279296875,0.673828125,8,64,512,96.44870000192896,19.089828656993017,2.757720708105307,18.357721985757365,353.63019999931566,7.949560011521655,18.792041815092187,26.74160182661384,0.009800001862458885,0.0,12.664290660042465,14.067511164708918,0,82.9447888364609,5308.466485533498,2097152.0,2,0.0,0.0,1.0,0.0,0.0,51.24159831991058,0.0092999980552122,0.0,32.280841070470714,18.951457251384653,0,1,0,0.0,0.0,25.62079915995529,0,0,2097152,8,4,0.0,2,0.0,0,0,1.0,0.0,4,4,0,1.0,0.0,0.0,249.0,0,0.0,1.0,0.0,0.0,1.0,0.0,256,1024,0,0.0,160.82108540342276,44.19380001490936,0.0,93.84067369263104,22.786611695882353,0,493.3313824951619,0,396.88268249323295,3.8179657313986044e-07,1.103088283242123e-06,7.343088794302948e-07,3.9747800057608275e-08,1.1275225089055311e-07,5.124159831991059e-07,2.8841097699595454e-06,no_hotcold,nsga2
0,249,249,train,2.4941863417625427,0.263671875,0.65234375,8,64,512,345.76640000159387,62.03680865905142,2.2997272457489206,17.018179983605847,34.684500002185814,6.703974720746114,15.32004864556296,22.024023366309073,0.007800001185387373,0.0,12.724552881354558,9.291670483769128,0,23.136941192151497,1480.7642362976958,2097152.0,2,0.0,0.0,1.0,0.0,0.0,50.48358172247576,0.006399990525096655,0.0,31.149995123556565,19.3271866083941,0,1,0,0.0,0.0,25.24179086123788,0,0,2097152,8,4,0.0,2,0.0,0,0,1.0,0.0,4,0,0,0.0,0.0,0.0,250.0,4,0.0,1.0,0.0,0.0,1.0,0.0,256,1024,0,0.0,325.41886355362476,221.19259994360618,0.0,88.67490336086829,15.551360249150306,0,493.3313824951619,0,147.56498249356804,1.2407361731810284e-06,9.198908982995683e-07,6.807271993442339e-07,3.3519873603730576e-08,9.192029187337775e-08,5.048358172247577e-07,3.471630253526697e-06,no_hotcold,nsga2
0,250,250,train,2.4469153881073,0.302734375,0.66796875,8,64,512,193.558099999791,37.45297143520036,2.3010629132603397,16.906065371554586,41.30150000855792,8.18707495294261,14.893541188587921,23.08061614153053,0.007399983587674797,0.0,12.67553324830899,10.397682909633865,0,41.33104566000068,2645.1869222400437,2097152.0,2,0.0,0.0,1.0,0.0,0.0,50.90138953652045,0.006900008884258568,0.0,29.984103358956418,20.91038616867977,0,1,0,0.0,0.0,25.450694768260224,0,0,2097152,8,4,0.0,2,0.0,0,0,1.0,0.0,4,4,0,1.0,0.0,0.0,251.0,0,0.0,1.0,0.0,0.0,1.0,0.0,256,1024,0,0.0,226.64039888006113,117.89839995617513,0.0,91.35566308281861,17.38633584106742,0,493.3313824951619,0,299.7732824953709,7.490594287040071e-07,9.204251653041359e-07,6.762426148621835e-07,4.093537476471305e-08,8.936124713152751e-08,5.090138953652045e-07,2.9850377261317713e-06,no_hotcold,nsga2
0,251,251,train,2.5166040658950806,0.263671875,0.662109375,8,64,512,503.9167999930214,89.26148482913715,2.0952563957502552,16.787143931841705,38.184099990758114,5.93664424899404,12.097052330475666,18.033696579469705,0.007100010407157242,0.0,11.315769729101179,6.710826839961371,0,15.875605108830824,1016.0387269651727,2097152.0,2,0.0,0.0,1.0,0.0,0.0,50.241124993469896,0.006800008122809231,0.0,30.584978043910343,19.649346941436747,0,1,0,0.0,0.0,25.120562496734948,0,0,2097152,8,4,0.0,2,0.0,0,0,1.0,0.0,4,0,0,0.0,0.0,0.0,252.0,4,0.0,1.0,0.0,0.0,1.0,0.0,256,1024,0,0.0,432.57554062691645,330.657099999371,0.0,89.27159335733158,12.646847270213865,0,535.5940149920206,0,31.677214998999148,1.785229696582743e-06,8.381025583001021e-07,6.714857572736682e-07,2.9683221244970203e-08,7.258231398285398e-08,5.02411249934699e-07,3.899494797319036e-06,no_hotcold,nsga2
0,252,252,train,2.4281927943229675,0.240234375,0.703125,8,64,512,85.64099999784958,17.554534933669757,2.335665654029623,17.835412864330763,51.8344000010984,5.8627117870307,14.490723575115267,20.353435362145966,0.007299997378140688,0.0,11.601672515904134,8.74446284886369,0,93.41211088252113,5978.375096481353,2097152.0,2,0.0,0.0,1.0,0.0,0.0,48.2216134203512,0.006800008122809231,0.0,28.481866367612255,19.732947044616132,0,1,0,0.0,0.0,24.1108067101756,0,0,2097152,8,4,0.0,2,0.0,0,0,1.0,0.0,4,4,0,1.0,0.0,0.0,253.0,0,0.0,1.0,0.0,0.0,1.0,0.0,256,1024,0,0.0,150.90245380812058,43.02239998651203,0.0,90.98517668427206,16.894877137336483,0,535.5940149920206,0,449.953014994171,3.510906986733952e-07,9.342662616118492e-07,7.134165145732305e-07,2.9313558935153502e-08,8.694434145069159e-08,4.82216134203512e-07,2.597247509447832e-06,no_hotcold,nsga2
0,253,253,train,2.435714066028595,0.291015625,0.666015625,8,64,512,339.92440000292845,60.95007075628928,2.3127776659718156,16.430817632135348,37.631200000760145,6.477204889011948,13.189862370583755,19.667067259595704,0.007599999662488699,0.0,11.56931411620342,8.090153143729795,0,23.534575527251217,1506.212833744078,2097152.0,2,0.0,0.0,1.0,0.0,0.0,48.33141318178523,0.006300004315562546,0.0,28.01374359174865,20.311369585721017,0,1,0,0.0,0.0,24.165706590892615,0,0,2097152,8,4,0.0,2,0.0,0,0,1.0,0.0,4,0,0,0.0,0.0,0.0,254.0,4,0.0,1.0,0.0,0.0,1.0,0.0,256,1024,0,0.0,318.7746642175857,214.86939997703303,0.0,88.2784428045819,15.626821435970857,0,535.5940149920206,0,195.6696149890921,1.2190014151257857e-06,9.251110663887262e-07,6.572327052854139e-07,3.238602444505974e-08,7.913917422350252e-08,4.833141318178524e-07,3.3961845172863406e-06,no_hotcold,nsga2
0,254,254,train,2.527952790260315,0.2265625,0.6484375,8,64,512,340.8208999899216,62.51694487421027,2.384905831451197,17.307226393069477,36.85809999296907,6.065151086155346,13.457810751590708,19.522961837746053,0.007399983587674797,0.0,11.234372343324,8.281189510834377,0,23.472670037449376,1502.25088239676,2097152.0,2,0.0,0.0,1.0,0.0,0.0,49.286217758544936,0.006400005077011883,0.0,29.724585236085932,19.555232517381988,0,1,0,0.0,0.0,24.643108879272468,0,0,2097152,8,4,0.0,2,0.0,0,0,1.0,0.0,4,4,0,1.0,0.0,0.0,255.0,0,0.0,1.0,0.0,0.0,1.0,0.0,256,1024,0,0.0,328.8363083949238,223.6811999900965,0.0,89.65035390051655,15.504754504310705,0,535.5940149920206,0,194.77311500209896,1.2503388974842054e-06,9.53962332580479e-07,6.922890557227791e-07,3.032575543077673e-08,8.074686450954425e-08,4.928621775854494e-07,3.500525083313234e-06,no_hotcold,nsga2
0,255,255,train,2.4842686653137207,0.26171875,0.650390625,8,64,512,357.4542999995174,61.87693193744099,2.336026888824331,17.265055156165715,35.95250000944361,5.809398208070873,13.448283619372614,19.257681827443488,0.007800001185387373,0.0,11.05481518932092,8.19506663693718,0,22.38042071277388,1432.3469256175283,2097152.0,2,0.0,0.0,1.0,0.0,0.0,51.518834770250926,0.006900008884258568,0.0,30.788013621863733,20.723921139502934,0,1,0,0.0,0.0,25.759417385125463,0,0,2097152,8,4,0.0,2,0.0,0,0,1.0,0.0,4,0,0,0.0,0.0,0.0,256.0,4,0.0,1.0,0.0,0.0,1.0,0.0,256,1024,0,0.0,325.91205592972415,218.93720001389738,0.0,90.95885562264277,16.01600029318401,0,535.5940149920206,0,178.13971499250317,1.23753863874882e-06,9.344107555297324e-07,6.906022062466284e-07,2.904699104035437e-08,8.068970171623567e-08,5.151883477025094e-07,3.4874766409842803e-06,no_hotcold,nsga2
0,256,256,train,2.4780253171920776,0.24609375,0.671875,8,64,512,200.8534999913536,33.96692145153735,2.2318005470657307,17.2359201866821,38.3873999962816,5.91736059716492,14.08188443390829,19.999245031073208,0.007599999662488699,0.0,12.019887034028693,7.971757997382028,0,39.82982706558421,2549.1089321973895,2097152.0,2,0.0,0.0,1.0,0.0,0.0,51.53865853524315,0.006400005077011883,0.0,31.80283802934835,19.72942050081779,0,1,0,0.0,0.0,25.769329267621575,0,0,2097152,8,4,0.0,2,0.0,0,0,1.0,0.0,4,4,0,1.0,0.0,0.0,257.0,0,0.0,1.0,0.0,0.0,1.0,0.0,256,1024,0,0.0,213.73856874114074,107.52540004614275,0.0,90.51242068975623,15.700748005241783,0,535.5940149920206,0,334.74051500066696,6.793384290307471e-07,8.927202188262925e-07,6.894368074672841e-07,2.95868029858246e-08,8.449130660344972e-08,5.153865853524316e-07,2.8909601502660293e-06,no_hotcold,nsga2
0,257,257,train,2.520695745944977,0.251953125,0.65234375,8,64,512,372.5981000025058,64.94251693246693,2.4606571845423018,16.59530466905125,37.488300004042685,6.222005736813618,15.702997649883077,21.925003386696694,0.007300011930055916,0.0,12.653404803970414,9.264298570796228,0,21.47079797011372,1374.131070087278,2097152.0,2,0.0,0.0,1.0,0.0,0.0,50.248909898533924,0.006100002792663872,0.0,30.603275622709248,19.639534273032012,0,1,0,0.0,0.0,25.124454949266962,0,0,2097152,8,4,0.0,2,0.0,0,0,1.0,0.0,4,0,0,0.0,0.0,0.0,258.0,4,0.0,1.0,0.0,0.0,1.0,0.0,256,1024,0,0.0,335.99391514424195,232.72509998059832,0.0,88.45954610386195,14.809269059781663,0,535.5940149920206,0,162.99591498951474,1.2988503386493389e-06,9.842628738169209e-07,6.638121867620501e-07,3.111002868406809e-08,9.421798589929846e-08,5.024890989853394e-07,3.5747425127970155e-06,no_hotcold,nsga2
0,258,258,train,2.6110909581184387,0.208984375,0.638671875,8,64,512,336.7181000066921,59.25713327769548,2.282724773275162,17.735774170094068,37.29680000105873,5.827412968850498,13.78914674540351,19.61655971425401,0.006999995093792677,0.0,11.952767678492883,7.656792040667332,0,23.758675999790345,1520.555263986582,2097152.0,2,0.0,0.0,1.0,0.0,0.0,52.13706695821298,0.007200011168606579,0.0,31.791064699411727,20.33880224763265,0,1,0,0.0,0.0,26.06853347910649,0,0,2097152,8,4,0.0,2,0.0,0,0,1.0,0.0,4,4,0,1.0,0.0,0.0,259.0,0,0.0,1.0,0.0,0.0,1.0,0.0,256,1024,0,0.0,317.10252888425885,209.67230001406278,0.0,92.37220464938214,15.058024220813897,0,535.5940149920206,0,198.87591498532845,1.1851426655539095e-06,9.130899093100648e-07,7.094309668037627e-07,2.9137064844252494e-08,8.273488047242105e-08,5.2137066958213e-07,3.440906156566541e-06,no_hotcold,nsga2
0,259,259,train,2.646752119064331,0.228515625,0.61328125,8,64,512,425.00670001027174,65.98154859540563,2.763096133924286,17.628196993793754,193.4151000023121,6.386364769047464,17.24517209478814,23.631536863835603,0.010200004908256233,0.0,11.775247628782743,11.846089230144605,0,18.823188379426192,1204.6840562832763,2097152.0,2,0.0,0.0,1.0,0.0,0.0,48.32196534102118,0.00960000033956021,0.0,28.934600495140515,19.377764845541105,0,1,0,0.0,0.0,24.16098267051059,0,0,2097152,8,4,0.0,2,0.0,0,0,1.0,0.0,4,0,0,0.0,0.0,0.0,260.0,4,0.0,1.0,0.0,0.0,1.0,0.0,256,1024,0,0.0,345.4913668924946,236.00320002879016,0.0,90.50302357937221,18.98514328433226,0,535.5940149920206,0,110.58731498174882,1.3196309719081128e-06,1.1052384535697144e-06,7.051278797517502e-07,3.193182384523732e-08,1.0347103256872882e-07,4.832196534102118e-07,3.748619815053755e-06,no_hotcold,nsga2
0,260,260,train,2.5491384267807007,0.232421875,0.61328125,8,64,512,2787.9012000048533,593.8700359041204,5.429529470775406,17.581901877208317,59.20249999326188,5.929915838984902,43.561366509166064,49.49128234815097,0.006700007361359894,0.0,10.729687223833416,38.75489511695619,0,2.869541119479038,183.65063164665844,2097152.0,2,0.0,0.0,1.0,0.0,0.0,52.098791937442876,0.006599992047995329,0.0,31.105457624456058,20.986734320938822,0,1,0,0.0,0.0,26.049395968721438,0,0,2097152,8,4,0.0,2,0.0,0,0,1.0,0.0,4,4,0,1.0,0.0,0.0,261.0,0,0.0,1.0,0.0,0.0,1.0,0.0,256,1024,0,0.0,2467.5258690084165,2347.537999958149,0.0,90.13275682438325,29.855112225884177,0,559.2862989950663,1,-2228.614901009787,1.1877400718082409e-05,2.1718117883101624e-06,7.032760750883327e-07,2.9649579194924515e-08,2.613681990549963e-07,5.209879193744289e-07,1.5564494279105254e-05,no_hotcold,nsga2
0,261,261,train,2.499499559402466,0.271484375,0.666015625,8,64,512,336.695600009989,53.849233702368394,2.2499355188309615,16.750757754962752,37.52369999710936,6.441185792887801,14.084655273633906,20.525841066521707,0.007599999662488699,0.0,12.102715471423075,8.415525595436145,0,23.76026369070154,1520.6568762048985,2097152.0,2,0.0,0.0,1.0,0.0,0.0,50.403720930997636,0.006699992809444666,0.0,31.219215962594635,19.17780497559356,0,1,0,0.0,0.0,25.201860465498818,0,0,2097152,8,4,0.0,2,0.0,0,0,1.0,0.0,4,0,0,0.0,0.0,0.0,262.0,4,0.0,1.0,0.0,0.0,1.0,0.0,256,1024,0,0.0,291.3997079046484,188.78590004169382,0.0,87.28143547302427,15.332372389930319,0,535.5940149920206,0,198.89841498203157,1.076984674047368e-06,8.999742075323847e-07,6.700303101985102e-07,3.220592896443901e-08,8.450793164180343e-08,5.040372093099764e-07,3.267740261694482e-06,no_hotcold,nsga2
0,262,262,train,2.5069316625595093,0.2578125,0.666015625,8,64,512,318.7356999987969,56.60614365507887,2.2593256834197173,17.37129263135484,36.80799998983275,6.34849262327145,14.312569330921587,20.661061954193038,0.00689999433234334,0.0,12.63438381656464,8.019778143296053,0,25.099086487468174,1606.3415351979631,2097152.0,2,0.0,0.0,1.0,0.0,0.0,52.3386148865537,0.00689999433234334,0.0,32.24556569103748,20.086149201183876,0,1,0,0.0,0.0,26.16930744327685,0,0,2097152,8,4,0.0,2,0.0,0,0,1.0,0.0,4,4,0,1.0,0.0,0.0,263.0,0,0.0,1.0,0.0,0.0,1.0,0.0,256,1024,0,0.0,304.94704787941373,198.2123000198044,0.0,91.20117025195857,15.533577607650729,0,535.5940149920206,0,216.85831499322364,1.1321228731015775e-06,9.037302733678869e-07,6.948517052541936e-07,3.174246311635725e-08,8.587541598552952e-08,5.23386148865537e-07,3.3717088796910814e-06,no_hotcold,nsga2
0,263,263,train,2.5218589305877686,0.265625,0.634765625,8,64,512,72.43159999779891,16.080872028544263,2.366061247340275,17.5440052825465,63.05039998551365,6.356000997487896,12.55231214060564,18.908313138093536,0.006599992047995329,0.0,11.523484848830053,7.378228297215486,0,110.44750568449986,7068.640363807991,2097152.0,2,0.0,0.0,1.0,0.0,0.0,49.38570197683417,0.006799993570894003,0.0,30.337533347342998,19.041368635920282,0,1,0,0.0,0.0,24.692850988417085,0,0,2097152,8,4,0.0,2,0.0,0,0,1.0,0.0,4,0,0,0.0,0.0,0.0,264.0,4,0.0,1.0,0.0,0.0,1.0,0.0,256,1024,0,0.0,143.96375423372416,37.463899978320114,0.0,89.47745943941199,17.02239481599205,0,535.5940149920206,0,463.16241499422165,3.2161744057088535e-07,9.464244989361102e-07,7.017602113018601e-07,3.178000498743948e-08,7.531387284363382e-08,4.938570197683418e-07,2.5707530484082707e-06,no_hotcold,nsga2
0,264,264,train,2.5524078607559204,0.25,0.666015625,8,64,512,71.35199999902397,16.601682390574375,2.2810565087002463,17.076059994318392,62.563700004830025,6.35458105246622,14.45511128796855,20.809692340434772,0.006499991286545992,0.0,12.816031624169302,7.987160724978924,0,112.1186215030823,7175.591776197267,2097152.0,2,0.0,0.0,1.0,0.0,0.0,48.935392666729854,0.006099988240748644,0.0,29.803871634427388,19.12542104406172,0,1,0,0.0,0.0,24.467696333364927,0,0,2097152,8,4,0.0,2,0.0,0,0,1.0,0.0,4,4,0,1.0,0.0,0.0,265.0,0,0.0,1.0,0.0,0.0,1.0,0.0,256,1024,0,0.0,143.83519557437205,38.183299970114604,0.0,90.2915135768369,15.36038202742056,0,535.5940149920206,0,464.2420149929966,3.3203364781148756e-07,9.124226034800986e-07,6.830423997727358e-07,3.17729052623311e-08,8.67306677278113e-08,4.893539266672986e-07,2.5353561507217626e-06,no_hotcold,nsga2
0,265,265,train,2.78316867351532,0.177734375,0.5859375,8,64,512,123.67850000737235,17.797758953997587,2.594560341169573,17.798704851005905,38.816600004793145,6.953200085208399,16.90649942086728,23.85969950607568,0.006299989763647318,0.0,12.59830510814197,11.255094408170063,0,64.68331453088938,4139.73212997692,2097152.0,2,0.0,0.0,1.0,0.0,0.0,50.56862526907267,0.006799993570894003,0.0,30.748920709858673,19.812904565643105,0,1,0,0.0,0.0,25.284312634536334,0,0,2097152,8,4,0.0,2,0.0,0,0,1.0,0.0,4,0,0,0.0,0.0,0.0,266.0,4,0.0,1.0,0.0,0.0,1.0,0.0,256,1024,0,0.0,152.76409658469225,42.555499967420474,0.0,91.96341712246416,18.24517949480763,0,535.5940149920206,0,411.9155149846482,3.559551790799518e-07,1.0378241364678294e-06,7.119481940402362e-07,3.4766000426042e-08,1.0143899652520368e-07,5.056862526907268e-07,2.74761875922999e-06,no_hotcold,nsga2
0,266,266,train,2.6680696606636047,0.23828125,0.599609375,8,64,512,307.6693999901181,52.80304680264114,2.405941335496495,17.785931397459724,38.53809999418445,6.367474507115003,14.816909200966375,21.184383708081377,0.007400012691505253,0.0,11.537715802056848,9.639267893333024,0,26.001851332649967,1664.1184852895979,2097152.0,2,0.0,0.0,1.0,0.0,0.0,50.80394904266559,0.006200003554113209,0.0,30.54978862732694,20.247960411784536,0,1,0,0.0,0.0,25.401974521332797,0,0,2097152,8,4,0.0,2,0.0,0,0,1.0,0.0,4,4,0,1.0,0.0,0.0,267.0,0,0.0,1.0,0.0,0.0,1.0,0.0,256,1024,0,0.0,291.97967814238945,185.44100000872277,0.0,90.8050639644439,15.733614169222767,0,535.5940149920206,0,227.92461500190245,1.056060936052823e-06,9.62376534198598e-07,7.11437255898389e-07,3.183737253557502e-08,8.890145520579824e-08,5.080394904266559e-07,3.3586530443178394e-06,no_hotcold,nsga2
0,267,267,train,2.6029524207115173,0.251953125,0.642578125,8,64,512,338.8635000010254,60.711589135447866,2.1494045697541506,16.969137484906987,36.56330000376329,5.49282135796383,13.43564411545186,18.92846547341569,0.007299997378140688,0.0,11.542496064159806,7.378669411877744,0,23.60825639739717,1510.928409433419,2097152.0,2,0.0,0.0,1.0,0.0,0.0,52.916332948373295,0.007199996616691351,0.0,31.94364860214409,20.965484349612517,0,1,0,0.0,0.0,26.458166474186648,0,0,2097152,8,4,0.0,2,0.0,0,0,1.0,0.0,4,0,0,0.0,0.0,0.0,268.0,4,0.0,1.0,0.0,0.0,1.0,0.0,256,1024,0,0.0,319.320524760436,215.98049999738578,0.0,90.75681622818692,12.583208534863305,0,535.5940149920206,0,196.73051499099518,1.2142317827089573e-06,8.597618279016605e-07,6.787654993962795e-07,2.7464106789819155e-08,8.061386469271115e-08,5.29163329483733e-07,3.3900004109731605e-06,no_hotcold,nsga2
0,268,268,train,2.6593247652053833,0.2578125,0.6171875,8,64,512,374.15709999913815,58.418981294113514,2.399617172722487,17.447279853213168,37.29110000131186,5.626132409790654,13.338763382149581,18.964895791940236,0.007499998901039362,0.0,11.066319047816627,7.891076745222568,0,21.381335857805638,1368.4054948995608,2097152.0,2,0.0,0.0,1.0,0.0,0.0,50.290845873669234,0.006400005077011883,0.0,30.225033817293596,20.059412051298626,0,1,0,0.0,0.0,25.145422936834617,0,0,2097152,8,4,0.0,2,0.0,0,0,1.0,0.0,4,4,0,1.0,0.0,0.0,269.0,0,0.0,1.0,0.0,0.0,1.0,0.0,256,1024,0,0.0,313.0635132801966,205.5222999624675,0.0,90.88758325053263,16.653630067196513,0,535.5940149920206,0,161.4369149928824,1.1683796258822702e-06,9.598468690889948e-07,6.978911941285266e-07,2.8130662048953274e-08,8.003258029289748e-08,5.029084587366924e-07,3.4371893901783345e-06,no_hotcold,nsga2
0,269,269,train,2.652992367744446,0.2734375,0.619140625,8,64,512,353.7558999960311,61.32419648001779,2.303997593006039,17.51167825172796,62.61189999349881,6.058633669527504,14.761527232234267,20.82016090176177,0.008699993486516178,0.0,11.596075167956162,9.215385740319093,0,22.614399888990874,1447.321592895416,2097152.0,2,0.0,0.0,1.0,0.0,0.0,50.66694172693225,0.008300004992634058,0.0,29.69437250948684,20.964269212452777,0,1,0,0.0,0.0,25.333470863466125,0,0,2097152,8,4,0.0,2,0.0,0,0,1.0,0.0,4,0,0,0.0,0.0,0.0,270.0,4,0.0,1.0,0.0,0.0,1.0,0.0,256,1024,0,0.0,324.5594892990071,218.0864999536425,0.0,89.545344973785,16.927644371579678,0,535.5940149920206,0,181.83811499598949,1.2264839296003558e-06,9.215990372024155e-07,7.004671300691185e-07,3.029316834763752e-08,8.856916339340559e-08,5.066694172693227e-07,3.474081845882256e-06,no_hotcold,nsga2
0,270,270,train,2.596561849117279,0.234375,0.66015625,8,64,512,6234.302800003206,1304.925575344944,20.81581422119904,23.71807904394355,74.63339999958407,7.105375493289993,164.4590673272969,171.5644428205869,0.007800001185387373,0.0,11.706319616276947,159.85032320312456,0,1.283222675159957,82.12625121023724,2097152.0,2,0.0,0.0,1.0,0.0,0.0,51.50213240049925,0.006000002031214535,0.0,31.510162005252482,19.985970393215545,0,1,0,0.0,0.0,25.751066200249625,0,0,2097152,8,4,0.0,2,0.0,0,0,1.0,0.0,4,4,0,1.0,0.0,0.0,271.0,0,0.0,1.0,0.0,0.0,1.0,0.0,256,1024,0,0.0,5397.837874440347,5190.628900018055,0.0,89.32833834128513,117.88063608100627,0,1936.1190419994748,1,-4298.183758003732,2.6098511506898882e-05,8.326325688479617e-06,9.487231617577419e-07,3.552687746644997e-08,9.867544039637813e-07,5.150213240049924e-07,3.691086296257146e-05,no_hotcold,nsga2
0,271,271,train,2.4937257170677185,0.255859375,0.650390625,8,64,512,348.09639999002684,64.02710881383695,2.3702268525652377,17.692570449924816,36.73519998847041,6.89961296613637,15.851924236278492,22.751537202414863,0.008199989679269493,0.0,12.253472179886899,10.489865032848696,0,22.982073408848226,1470.8526981662865,2097152.0,2,0.0,0.0,1.0,0.0,0.0,49.49775467858831,0.006999995093792677,0.0,28.628095395805566,20.86265928768895,0,1,0,0.0,0.0,24.748877339294154,0,0,2097152,8,4,0.0,2,0.0,0,0,1.0,0.0,4,0,0,0.0,0.0,0.0,272.0,4,0.0,1.0,0.0,0.0,1.0,0.0,256,1024,0,0.0,336.35962446530806,226.68600002361927,0.0,90.96199541995318,18.71162902173555,0,1936.1190419994748,0,1588.022642009448,1.2805421762767394e-06,9.480907410260952e-07,7.077028179969927e-07,3.449806483068185e-08,9.511154541767094e-08,4.949775467858831e-07,3.5609228923340635e-06,no_hotcold,nsga2
0,272,272,train,2.4895498156547546,0.265625,0.669921875,8,64,512,71.75889999780338,16.068232783719328,2.1857035573926757,16.879894343768783,45.8206000039354,6.149864484823722,13.459504054465054,19.609368539288774,0.007099995855242014,0.0,12.46070018502062,7.141568358412912,0,111.48287553696264,7134.904034365609,2097152.0,2,0.0,0.0,1.0,0.0,0.0,52.82129510580958,0.006599992047995329,0.0,31.09629394622509,21.718401167536506,0,1,0,0.0,0.0,26.41064755290479,0,0,2097152,8,4,0.0,2,0.0,0,0,1.0,0.0,4,4,0,1.0,0.0,0.0,273.0,0,0.0,1.0,0.0,0.0,1.0,0.0,256,1024,0,0.0,140.53532273952314,36.02339999633841,0.0,89.27692161880081,15.235001124383935,0,1936.1190419994748,0,1864.3601420016714,3.213646556743866e-07,8.742814229570705e-07,6.751957737507513e-07,3.074932242411861e-08,8.075702432679031e-08,5.282129510580958e-07,2.510561150191213e-06,no_hotcold,nsga2
0,273,273,train,2.577534794807434,0.248046875,0.666015625,8,64,512,318.6495999980252,59.381319911648816,2.150552402829745,17.11128896249953,36.86940000625327,6.128387213814403,14.82399030335679,20.952377517171193,0.006600006599910557,0.0,12.411558069897092,8.53421944067419,0,25.10586830857867,1606.775571749035,2097152.0,2,0.0,0.0,1.0,0.0,0.0,50.37694143476324,0.006700007361359894,0.0,30.36838538414468,20.0018560432572,0,1,0,0.0,0.0,25.18847071738162,0,0,2097152,8,4,0.0,2,0.0,0,0,1.0,0.0,4,0,0,0.0,0.0,0.0,274.0,4,0.0,1.0,0.0,0.0,1.0,0.0,256,1024,0,0.0,314.5726451079123,210.5343000148423,0.0,89.31190342408841,14.726441668981638,0,1936.1190419994748,0,1617.4694420014496,1.1876263982329765e-06,8.602209611318979e-07,6.844515584999813e-07,3.064193606907201e-08,8.894394182014073e-08,5.037694143476324e-07,3.3556542101017007e-06,no_hotcold,nsga2
0,274,274,train,2.528802990913391,0.271484375,0.666015625,8,64,512,260.27360001171473,49.21425568208998,2.2146330679338138,16.88920638911593,54.3957999907434,6.19658795490378,14.49412429436785,20.69071224927163,0.008899995009414852,0.0,12.457889769290755,8.22392248497146,0,30.736768012091567,1967.1531527738603,2097152.0,2,0.0,0.0,1.0,0.0,0.0,48.616405734537906,0.00689999433234334,0.0,28.65533934034131,19.954166399864256,0,1,0,0.0,0.0,24.308202867268953,0,0,2097152,8,4,0.0,2,0.0,0,0,1.0,0.0,4,4,0,1.0,0.0,0.0,275.0,0,0.0,1.0,0.0,0.0,1.0,0.0,256,1024,0,0.0,273.27238055655886,168.47680002683774,0.0,89.2728993470182,15.52268118270294,0,1936.1190419994748,0,1675.84544198776,9.842851136417996e-07,8.858532271735255e-07,6.755682555646372e-07,3.0982939774518904e-08,8.696474576620709e-08,4.861640573453791e-07,3.149818339266067e-06,no_hotcold,nsga2
0,275,275,train,2.517332077026367,0.28515625,0.65625,8,64,512,351.3416000059806,61.10249528389382,2.2516958287095306,16.681307126401606,38.42060000170022,5.960468531643449,13.3412631309536,19.30173166259705,0.007299997378140688,0.0,11.013025909487567,8.281405755731342,0,22.76979791196349,1457.2670663656634,2097152.0,2,0.0,0.0,1.0,0.0,0.0,50.2625392231909,0.006599992047995329,0.0,30.16788760350689,20.088051627636013,0,1,0,0.0,0.0,25.13126961159545,0,0,2097152,8,4,0.0,2,0.0,0,0,1.0,0.0,4,0,0,0.0,0.0,0.0,276.0,4,0.0,1.0,0.0,0.0,1.0,0.0,256,1024,0,0.0,320.1419929560198,217.644000047585,0.0,87.88941674682899,14.608576161605871,0,1936.1190419994748,0,1584.7774419934942,1.2220499056778766e-06,9.006783314838122e-07,6.672522850560642e-07,2.980234265821725e-08,8.004757878572159e-08,5.02625392231909e-07,3.4024558358936007e-06,no_hotcold,nsga2
0,276,276,train,2.48510205745697,0.279296875,0.6953125,8,64,512,67.27070000488311,17.46189994262127,2.7884423158985956,17.99089085396386,72.51619998714887,6.583912088688125,16.318765258986012,22.902677347674135,0.007000009645707905,0.0,12.223811713111752,10.671865624916679,0,118.92073486204893,7610.927031171132,2097152.0,2,0.0,0.0,1.0,0.0,0.0,50.689722037739855,0.008200004231184721,0.0,30.820558366784034,19.860963666724636,0,1,0,0.0,0.0,25.344861018869928,0,0,2097152,8,4,0.0,2,0.0,0,0,1.0,0.0,4,4,0,1.0,0.0,0.0,277.0,0,0.0,1.0,0.0,0.0,1.0,0.0,256,1024,0,0.0,152.9649324499349,42.341799970017746,0.0,86.81155544603564,23.811577033881512,0,1936.1190419994748,0,1868.8483419945917,3.4923799885242544e-07,1.1153769263594383e-06,7.196356341585545e-07,3.291956044344063e-08,9.791259155391607e-08,5.068972203773986e-07,2.821979931745174e-06,no_hotcold,nsga2
0,277,277,train,2.4750794768333435,0.2578125,0.669921875,8,64,512,1677.4948999955086,191.3494977727977,2.7321777490418357,21.09292738918133,611.7061999975704,6.167051188934165,17.083760074668337,23.2508112636025,0.009199997293762863,0.0,11.305409367995676,11.936201898313065,0,4.769013146334021,305.2168413653773,2097152.0,2,0.0,0.0,1.0,0.0,0.0,52.135959256720355,0.007099995855242014,0.0,32.227767811676955,19.901091449188165,0,1,0,0.0,0.0,26.067979628360177,0,0,2097152,8,4,0.0,2,0.0,0,0,1.0,0.0,4,0,0,0.0,0.0,0.0,278.0,4,0.0,1.0,0.0,0.0,1.0,0.0,256,1024,0,0.0,860.6984116440833,736.640199975227,0.0,87.60208971856,36.45612195029632,0,2517.04020150071,0,839.5453015052012,3.826989955455954e-06,1.0928710996167345e-06,8.437170955672532e-07,3.083525594467083e-08,1.0250256044801001e-07,5.213595925672036e-07,6.4182755595998255e-06,no_hotcold,nsga2
0,278,278,train,2.513998031616211,0.263671875,0.662109375,8,64,512,292.13220000383444,55.369808053871594,2.2202667365327913,16.83407948775077,36.39070001372602,6.252235687356148,12.782244642508438,19.034480329864586,0.007000009645707905,0.0,11.78278343003742,7.244696890181459,0,27.384768317654398,1752.6251723298815,2097152.0,2,0.0,0.0,1.0,0.0,0.0,47.61109900696428,0.006599992047995329,0.0,29.507348660744388,18.097150354171895,0,1,0,0.0,0.0,23.80554950348214,0,0,2097152,8,4,0.0,2,0.0,0,0,1.0,0.0,4,4,0,1.0,0.0,0.0,279.0,0,0.0,1.0,0.0,0.0,1.0,0.0,256,1024,0,0.0,297.69661711262063,193.80089997139294,0.0,89.40406432136844,14.491652819859276,0,2517.04020150071,0,2224.9080014968754,1.107396161077432e-06,8.881066946131166e-07,6.733631795100309e-07,3.126117843678074e-08,7.669346785505063e-08,4.761109900696429e-07,3.252931671562054e-06,no_hotcold,nsga2
0,279,279,train,2.549985349178314,0.236328125,0.623046875,8,64,512,507.24399999307934,88.8935598480687,2.4946964563036715,17.466828316159692,36.56719998980407,6.044115113142785,15.295285316670975,21.33940042981376,0.007599999662488699,0.0,11.89454756657842,9.437252863572851,0,15.77147137992321,1009.3741683150854,2097152.0,2,0.0,0.0,1.0,0.0,0.0,49.792226525943505,0.006400019628927112,0.0,30.106479928932565,19.679346577382013,0,1,0,0.0,0.0,24.896113262971753,0,0,2097152,8,4,0.0,2,0.0,0,0,1.0,0.0,4,0,0,0.0,0.0,0.0,280.0,4,0.0,1.0,0.0,0.0,1.0,0.0,256,1024,0,0.0,435.4203384821283,327.1266000374453,0.0,92.13749379617633,16.156244648506608,0,2517.04020150071,0,2009.7962015076305,1.7778711969613744e-06,9.978785825214685e-07,6.986731326463877e-07,3.0220575565713926e-08,9.177171190002584e-08,4.979222652594351e-07,4.094337464854405e-06,no_hotcold,nsga2
0,280,280,train,2.4916807413101196,0.23828125,0.66796875,8,64,512,261.9564999913564,49.22592500895384,2.1563037740845243,17.02356008433463,39.969399993424304,6.556020679930582,13.96593435199803,20.521955031928613,0.0312999909510836,0.0,12.403462946568744,8.087192094408785,0,30.53930504094737,1954.5155226206316,2097152.0,2,0.0,0.0,1.0,0.0,0.0,50.367353730579694,0.00650000583846122,0.0,30.19967553008284,20.16117819465839,0,1,0,0.0,0.0,25.183676865289847,0,0,2097152,8,4,0.0,2,0.0,0,0,1.0,0.0,4,4,0,1.0,0.0,0.0,281.0,0,0.0,1.0,0.0,0.0,1.0,0.0,256,1024,0,0.0,273.6231554694919,167.45359999185894,0.0,92.1515174437464,14.018038033886612,0,2517.04020150071,0,2255.0837015093534,9.845185001790768e-07,8.625215096338097e-07,6.809424033733852e-07,3.278010339965292e-08,8.379560611198816e-08,5.03673537305797e-07,3.14823166000371e-06,no_hotcold,nsga2
0,281,281,train,2.5184686183929443,0.259765625,0.642578125,8,64,512,347.3115999950096,59.88105972807787,2.3297128161021776,17.594617185364427,39.938800007803366,5.514839975111285,13.89168468053543,19.406524655646717,0.006600006599910557,0.0,10.663898799714355,8.736025849332451,0,23.03400452536116,1474.1762896231141,2097152.0,2,0.0,0.0,1.0,0.0,0.0,50.65268513842392,0.006399990525096655,0.0,30.94973162299962,19.6965535248992,0,1,0,0.0,0.0,25.32634256921196,0,0,2097152,8,4,0.0,2,0.0,0,0,1.0,0.0,4,0,0,0.0,0.0,0.0,282.0,4,0.0,1.0,0.0,0.0,1.0,0.0,256,1024,0,0.0,319.22155891817795,212.59730000747368,0.0,90.99897790894067,15.625281001763547,0,2517.04020150071,0,2169.7286015057,1.1976211945615576e-06,9.318851264408709e-07,7.037846874145771e-07,2.757419987555643e-08,8.335010808321257e-08,5.065268513842392e-07,3.450742167760014e-06,no_hotcold,nsga2
0,282,282,train,2.582555592060089,0.267578125,0.6328125,8,64,512,310.22159999702126,52.16974667939012,2.259971106253162,16.933816433949666,37.03430001041852,6.131899809458637,12.236619001948362,18.368518811407,0.006900008884258568,0.0,11.365266354363346,6.996352448159394,0,25.787934212648647,1650.4277896095134,2097152.0,2,0.0,0.0,1.0,0.0,0.0,50.279555058286064,0.006299989763647318,0.0,30.533866688414705,19.73938838010771,0,1,0,0.0,0.0,25.139777529143032,0,0,2097152,8,4,0.0,2,0.0,0,0,1.0,0.0,4,4,0,1.0,0.0,0.0,283.0,0,0.0,1.0,0.0,0.0,1.0,0.0,256,1024,0,0.0,285.4541368783718,181.5521999669727,0.0,89.56962012004907,14.332316791350031,0,2517.04020150071,0,2206.8186015036886,1.0433949335878025e-06,9.039884425012649e-07,6.773526573579868e-07,3.0659499047293185e-08,7.341971401169017e-08,5.027955505828607e-07,3.231610797088898e-06,no_hotcold,nsga2
0,283,283,train,2.4611483812332153,0.267578125,0.658203125,8,64,512,294.17569999350235,55.29151247025568,2.344558819333201,17.08520077195662,43.80400000081863,5.774391698777111,13.432425003489584,19.206816702266696,0.007800001185387373,0.0,11.776409336729856,7.4226073643514505,0,27.1945398808835,1740.450552376544,2097152.0,2,0.0,0.0,1.0,0.0,0.0,48.33571498025519,0.006900008884258568,0.0,28.591386048617025,19.7374289227539,0,1,0,0.0,0.0,24.167857490127595,0,0,2097152,8,4,0.0,2,0.0,0,0,1.0,0.0,4,0,0,0.0,0.0,0.0,284.0,4,0.0,1.0,0.0,0.0,1.0,0.0,256,1024,0,0.0,298.885088246182,193.68679999024607,0.0,90.32528008426519,14.873008171670751,0,2517.04020150071,0,2222.8645015072075,1.1058302494051138e-06,9.378235277332805e-07,6.834080308782647e-07,2.8871958493885557e-08,8.059455002093749e-08,4.83357149802552e-07,3.3198854663340336e-06,no_hotcold,nsga2
0,284,284,train,2.5695921182632446,0.28125,0.603515625,8,64,512,377.1433999936562,64.08563397305583,2.1912259270408625,16.86307223827661,37.72409999510273,6.494074116121244,14.203487127791561,20.697561243912805,0.007299997378140688,0.0,12.061737358858753,8.628523887675911,0,21.212034435973504,1357.5702039023042,2097152.0,2,0.0,0.0,1.0,0.0,0.0,48.990399308824124,0.007199996616691351,0.0,29.72206826293939,19.26113104926804,0,1,0,0.0,0.0,24.495199654412062,0,0,2097152,8,4,0.0,2,0.0,0,0,1.0,0.0,4,4,0,1.0,0.0,0.0,285.0,0,0.0,1.0,0.0,0.0,1.0,0.0,256,1024,0,0.0,332.55972855349324,226.3381999800913,0.0,90.73274933133504,15.488779242066897,0,2517.04020150071,0,2139.8968015070536,1.2817126794611168e-06,8.764903708163449e-07,6.745228895310645e-07,3.247037058060622e-08,8.522092276674935e-08,4.899039930882413e-07,3.440321226244123e-06,no_hotcold,nsga2
0,285,285,train,2.5244925022125244,0.291015625,0.626953125,8,64,512,343.1767000001855,61.774848450063146,2.242670704438538,16.25994379163381,36.71960000065155,5.820217314477696,13.24195407663041,19.062171391108105,0.007599999662488699,0.0,11.630467027646883,7.424104363798734,0,23.311538016589296,1491.938433061715,2097152.0,2,0.0,0.0,1.0,0.0,0.0,51.34180172650852,0.00689999433234334,0.0,30.850957651731317,20.483944080444857,0,1,0,0.0,0.0,25.67090086325426,0,0,2097152,8,4,0.0,2,0.0,0,0,1.0,0.0,4,0,0,0.0,0.0,0.0,286.0,4,0.0,1.0,0.0,0.0,1.0,0.0,256,1024,0,0.0,321.10985178454195,219.69469999021385,0.0,88.26745348143302,13.147698312895098,0,2517.04020150071,0,2173.8635015005243,1.2354969690012631e-06,8.970682817754153e-07,6.503977516653524e-07,2.910108657238848e-08,7.945172445978245e-08,5.134180172650853e-07,3.4049338307392873e-06,no_hotcold,nsga2
0,286,286,train,2.494761288166046,0.275390625,0.65234375,8,64,512,258.6447999929078,47.2496504573814,2.4386538302120746,17.035076904075943,37.911699997494,6.618056167086199,13.151517870867076,19.769574037953277,0.010099975042976439,0.0,12.12501893010014,7.634455132810158,0,30.93033020532081,1979.5411331405319,2097152.0,2,0.0,0.0,1.0,0.0,0.0,50.89005903886694,0.00650000583846122,0.0,30.233821265565933,20.64973776746254,0,1,0,0.0,0.0,25.44502951943347,0,0,2097152,8,4,0.0,2,0.0,0,0,1.0,0.0,4,4,0,1.0,0.0,0.0,287.0,0,0.0,1.0,0.0,0.0,1.0,0.0,256,1024,0,0.0,266.8935247666776,160.45809999923222,0.0,92.66644027355517,13.768984493890272,0,2517.04020150071,0,2258.395401507802,9.449930091476281e-07,9.7546153208483e-07,6.814030761630377e-07,3.3090280835431e-08,7.890910722520245e-08,5.089005903886695e-07,3.222757595844799e-06,no_hotcold,nsga2
0,287,287,train,2.517777919769287,0.291015625,0.63671875,8,64,512,1106.199200003175,62.71888216647332,20.468930406419375,19.857476312976292,1822.8825999976834,6.855088798017358,153.01444874038916,159.86953753840652,0.01030000566970557,0.0,12.47157261611469,147.38766491662213,0,7.231963979013056,462.8456946568356,2097152.0,2,0.0,0.0,1.0,0.0,0.0,50.77656032482729,0.006699992809444666,0.0,31.12141768111392,19.648442650903927,0,1,0,0.0,0.0,25.388280162413643,0,0,2097152,8,4,0.0,2,0.0,0,0,1.0,0.0,4,0,0,0.0,0.0,0.0,288.0,4,0.0,1.0,0.0,0.0,1.0,0.0,256,1024,0,0.0,412.18115554347594,222.57569995417725,0.0,90.38477790974596,99.22067767955271,0,2517.04020150071,0,1410.8410014975348,1.2543776433294665e-06,8.18757216256775e-06,7.942990525190516e-07,3.427544399008679e-08,9.180866924423348e-07,5.07765603248273e-07,1.1696376598096964e-05,no_hotcold,nsga2
0,288,288,train,2.515381157398224,0.25,0.640625,8,64,512,470.94660000584554,86.15031595966026,2.274297416139273,17.3741010149624,36.56639999826439,5.942176984727746,15.58050141187632,21.522678396604064,0.007599999662488699,0.0,11.79400986107059,9.721068535870987,0,16.987027855966783,1087.1697827818741,2097152.0,2,0.0,0.0,1.0,0.0,0.0,51.568678081332834,0.007599999662488699,0.0,30.729383342958403,20.831694738711946,0,1,0,0.0,0.0,25.784339040666417,0,0,2097152,8,4,0.0,2,0.0,0,0,1.0,0.0,4,4,0,1.0,0.0,0.0,289.0,0,0.0,1.0,0.0,0.0,1.0,0.0,256,1024,0,0.0,423.19485756304766,315.5508999770973,0.0,91.8282711965116,15.81568638943883,0,2517.04020150071,0,2046.0936014948643,1.7230063191932053e-06,9.097189664557094e-07,6.949640405984958e-07,2.9710884923638733e-08,9.34830084712579e-08,5.156867808133283e-07,3.966570000455636e-06,no_hotcold,nsga2
0,289,289,train,2.5572681427001953,0.236328125,0.640625,8,64,512,375.04579999949783,65.78317039183639,2.4893164947971846,16.89240053385052,38.039400009438396,6.192345169373224,14.128737312215623,20.321082481588846,0.006900008884258568,0.0,11.414441043325862,8.899741429378729,0,21.330671265587952,1365.162960997629,2097152.0,2,0.0,0.0,1.0,0.0,0.0,51.73001599814236,0.006299989763647318,0.0,31.10176895796041,20.621947050418306,0,1,0,0.0,0.0,25.86500799907118,0,0,2097152,8,4,0.0,2,0.0,0,0,1.0,0.0,4,0,0,0.0,0.0,0.0,290.0,4,0.0,1.0,0.0,0.0,1.0,0.0,256,1024,0,0.0,340.65954968193637,236.38729995582253,0.0,89.31898848480785,14.953261241306011,0,2517.04020150071,0,2141.994401501212,1.3156634078367278e-06,9.95726597918874e-07,6.756960213540209e-07,3.096172584686612e-08,8.477242387329373e-08,5.173001599814237e-07,3.620120336811206e-06,no_hotcold,nsga2
0,290,290,train,2.5558876991271973,0.2421875,0.63671875,8,64,512,294.0037000080338,51.572161309407534,2.2446695894328705,17.004061659628437,38.785400000051595,6.316930224232473,13.255016517660248,19.57194674189272,0.00689999433234334,0.0,12.480055528595125,7.084991218965253,0,27.21044935601845,1741.4687587851809,2097152.0,2,0.0,0.0,1.0,0.0,0.0,50.64479289787138,0.006600006599910557,0.0,29.157394162682245,21.48079872858922,0,1,0,0.0,0.0,25.32239644893569,0,0,2097152,8,4,0.0,2,0.0,0,0,1.0,0.0,4,4,0,1.0,0.0,0.0,291.0,0,0.0,1.0,0.0,0.0,1.0,0.0,256,1024,0,0.0,283.28357023387537,180.8848999935435,0.0,88.73260271641145,13.666067523920415,0,1562.4530184988528,0,1268.449318490819,1.0314432261881509e-06,8.978678357731482e-07,6.801624663851375e-07,3.1584651121162365e-08,7.953009910596148e-08,5.064479289787138e-07,3.227036207552274e-06,no_hotcold,nsga2
0,291,291,train,2.4475154280662537,0.275390625,0.677734375,8,64,512,382.80579999263864,65.49408846427824,2.2567213306548117,16.46215568457415,39.19840000162367,5.565804769193763,12.237426626029563,17.803231395223328,0.009900002623908222,0.0,10.771968129672766,7.021363262926652,0,20.89827035505597,1337.489302723582,2097152.0,2,0.0,0.0,1.0,0.0,0.0,49.2954591313635,0.007700000423938036,0.0,29.47354077332372,19.814218357615843,0,1,0,0.0,0.0,24.64772956568175,0,0,2097152,8,4,0.0,2,0.0,0,0,1.0,0.0,4,0,0,0.0,0.0,0.0,292.0,4,0.0,1.0,0.0,0.0,1.0,0.0,256,1024,0,0.0,336.8518619180288,233.49360001157038,0.0,89.37224869005829,13.986013216400156,0,1562.4530184988528,0,1179.6472185062141,1.309881769285565e-06,9.026885322619248e-07,6.584862273829661e-07,2.7829023845968817e-08,7.342455975617737e-08,4.92954591313635e-07,3.4652647038462372e-06,no_hotcold,nsga2
0,292,292,train,2.4186726212501526,0.26171875,0.701171875,8,64,512,83.59270000073593,17.379125886269726,2.2344520536745316,18.478191683840283,47.966800004360266,5.7496537733286495,14.984910534737642,20.73456430806629,0.006799993570894003,0.0,11.560905168650638,9.16685914584476,0,95.70099182031147,6124.863476499934,2097152.0,2,0.0,0.0,1.0,0.0,0.0,53.656103617799836,0.006199989002197981,0.0,32.1720163558839,21.47788727291374,0,1,0,0.0,0.0,26.828051808899918,0,0,2097152,8,4,0.0,2,0.0,0,0,1.0,0.0,4,4,0,1.0,0.0,0.0,293.0,0,0.0,1.0,0.0,0.0,1.0,0.0,256,1024,0,0.0,152.36707849513817,41.570799992769025,0.0,92.51235383303708,18.283924669332077,0,1562.4530184988528,0,1478.8603184981168,3.475825177253946e-07,8.937808214698127e-07,7.391276673536114e-07,2.8748268866643252e-08,8.990946320842584e-08,5.365610361779984e-07,2.635709774801886e-06,no_hotcold,nsga2
0,293,293,train,2.3765167593955994,0.287109375,0.705078125,8,64,512,343.4248999983538,61.212874319895626,2.520135908639442,17.310805111889046,35.37949999736156,6.7191437426315845,15.349444034723668,22.06858777735525,0.007199996616691351,0.0,11.71477605189452,10.346611728844042,0,23.29469035398422,1490.86018265499,2097152.0,2,0.0,0.0,1.0,0.0,0.0,54.45561756948982,0.006400005077011883,0.0,32.803214516393965,21.64600304801884,0,1,0,0.0,0.0,27.22780878474491,0,0,2097152,8,4,0.0,2,0.0,0,0,1.0,0.0,4,0,0,0.0,0.0,0.0,294.0,4,0.0,1.0,0.0,0.0,1.0,0.0,256,1024,0,0.0,324.17526136169647,218.06100002140738,0.0,89.9710251954008,16.14323614488825,0,1562.4530184988528,0,1219.028118500499,1.2242574863979126e-06,1.0080543634557769e-06,6.924322044755618e-07,3.359571871315792e-08,9.209666420834199e-08,5.445561756948982e-07,3.59499261294565e-06,no_hotcold,nsga2
0,294,294,train,2.5063748955726624,0.24609375,0.666015625,8,64,512,274.7845999983838,48.64091882496451,2.419471648025586,17.388923599499122,36.135800008196384,5.847770541502561,14.508144809176123,20.355915350678686,0.009199982741847634,0.0,11.649835945140858,8.696879422795979,0,29.11360711786591,1863.2708555434183,2097152.0,2,0.0,0.0,1.0,0.0,0.0,48.210629840548066,0.007399998139590025,0.0,28.205216873472857,19.99801296893562,0,1,0,0.0,0.0,24.105314920274033,0,0,2097152,8,4,0.0,2,0.0,0,0,1.0,0.0,4,4,0,1.0,0.0,0.0,295.0,0,0.0,1.0,0.0,0.0,1.0,0.0,256,1024,0,0.0,273.7972562899569,167.53170000447426,0.0,89.71730359799822,16.5482526874844,0,1562.4530184988528,0,1287.668418500469,9.728183764992903e-07,9.677886592102343e-07,6.955569439799652e-07,2.9238852707512807e-08,8.704886885505673e-08,4.821062984054807e-07,3.2345579996575404e-06,no_hotcold,nsga2
0,295,295,train,2.439685881137848,0.2734375,0.666015625,8,64,512,310.3424000000814,53.04187301813511,2.1255880216220437,16.469563713909736,37.43430000031367,5.779350706802079,14.054056352720526,19.833407059522607,0.007200011168606579,0.0,12.092689669052522,7.733517379301478,0,25.777896356094256,1649.7853667900324,2097152.0,2,0.0,0.0,1.0,0.0,0.0,51.85548724887354,0.006400005077011883,0.0,32.704885709816494,19.14420153398003,0,1,0,0.0,0.0,25.92774362443677,0,0,2097152,8,4,0.0,2,0.0,0,0,1.0,0.0,4,0,0,0.0,0.0,0.0,296.0,4,0.0,1.0,0.0,0.0,1.0,0.0,256,1024,0,0.0,286.5480990146675,184.27710002288222,0.0,88.8744092670487,13.396589724736602,0,1562.4530184988528,0,1252.1106184987714,1.060837460362702e-06,8.502352086488177e-07,6.587825485563894e-07,2.88967535340104e-08,8.432433811632314e-08,5.185548724887355e-07,3.201631181706978e-06,no_hotcold,nsga2
0,296,296,train,2.4458526968955994,0.2578125,0.697265625,8,64,512,293.41650000424124,52.74707013473018,2.2404624581054327,16.944760681239675,36.09080000023823,6.35507267929979,12.975300930225934,19.330373609525722,0.00689999433234334,0.0,12.049098522529977,7.274375092663402,0,27.264904103825994,1744.9538626448636,2097152.0,2,0.0,0.0,1.0,0.0,0.0,50.14395831080833,0.009800001862458885,0.0,30.642163171393697,19.491995137552177,0,1,0,0.0,0.0,25.071979155404165,0,0,2097152,8,4,0.0,2,0.0,0,0,1.0,0.0,4,4,0,1.0,0.0,0.0,297.0,0,0.0,1.0,0.0,0.0,1.0,0.0,256,1024,0,0.0,287.72917309630117,183.43089996778872,0.0,90.96800447199556,13.33026865651685,0,1562.4530184988528,0,1269.0365184946115,1.0549414026946035e-06,8.961849832421731e-07,6.77790427249587e-07,3.177536339649895e-08,7.78518055813556e-08,5.014395831080834e-07,3.2399835652723015e-06,no_hotcold,nsga2
0,297,297,train,2.5469518899917603,0.255859375,0.63671875,8,64,512,263.4115999971982,49.058850317949876,2.2627234716042315,17.322282834487226,39.05019999365322,5.838307353859984,14.006229929039158,19.844537282899143,0.006800008122809231,0.0,12.15945191424547,7.678285360530863,0,30.370604899253465,1943.7187135522217,2097152.0,2,0.0,0.0,1.0,0.0,0.0,51.2510947947111,0.008000002708286047,0.0,30.782764997373164,20.460329794629658,0,1,0,0.0,0.0,25.62554739735555,0,0,2097152,8,4,0.0,2,0.0,0,0,1.0,0.0,4,0,0,0.0,0.0,0.0,298.0,4,0.0,1.0,0.0,0.0,1.0,0.0,256,1024,0,0.0,274.57542649616533,169.25290002836846,0.0,90.53599157835647,14.786534889440407,0,1562.4530184988528,0,1299.0414185016546,9.811770063589976e-07,9.050893886416927e-07,6.92891313379489e-07,2.9191536769299925e-08,8.403737957423493e-08,5.125109479471111e-07,3.204897572670825e-06,no_hotcold,nsga2
0,298,298,train,2.6687362790107727,0.220703125,0.63671875,8,64,512,2511.4912999997614,451.32457690581566,70.7038310017359,21.94250299419996,88.74079999804962,6.951241791879759,584.3848552689049,591.3360970607846,0.007999988156370819,0.0,11.944563679101432,579.3835333935268,0,3.1853571679279127,203.8628587473864,2097152.0,2,0.0,0.0,1.0,0.0,0.0,51.13344057468211,0.006799993570894003,0.0,31.894140457760628,19.23250012335059,0,1,0,0.0,0.0,25.566720287341056,0,0,2097152,8,4,0.0,2,0.0,0,0,1.0,0.0,4,4,0,1.0,0.0,0.0,299.0,0,0.0,1.0,0.0,0.0,1.0,0.0,256,1024,0,0.0,2175.883643607006,1777.3973000148544,0.0,91.15872056427594,307.32762302787575,0,2349.81221199763,1,-161.67908800213127,9.026491538116312e-06,2.8281532400694365e-05,8.777001197679983e-07,3.4756208959398793e-08,3.5063091316134284e-06,5.113344057468212e-07,4.223812380489833e-05,no_hotcold,nsga2
0,299,299,train,2.540481746196747,0.24609375,0.65625,8,64,512,71.3508000044385,15.668363286215364,2.2816375111438725,16.83395571994556,60.14800000411924,6.732600365217122,14.206316450360088,20.93891681557721,0.006800008122809231,0.0,12.61101127295891,8.32110553449549,0,112.12050711407916,7175.712455301066,2097152.0,2,0.0,0.0,1.0,0.0,0.0,49.72457705418148,0.006400019628927112,0.0,30.389216201242736,19.32896083330982,0,1,0,0.0,0.0,24.86228852709074,0,0,2097152,8,4,0.0,2,0.0,0,0,1.0,0.0,4,0,0,0.0,0.0,0.0,300.0,4,0.0,1.0,0.0,0.0,1.0,0.0,256,1024,0,0.0,139.13582606921918,35.06030002608895,0.0,88.7867423128357,15.288783730294533,0,2349.81221199763,0,2278.4614119931916,3.133672657243073e-07,9.12655004457549e-07,6.733582287978224e-07,3.3663001826085616e-08,8.523789870216052e-08,4.972457705418149e-07,2.5155271700497394e-06,no_hotcold,nsga2
0,300,300,val,2.7613017559051514,0.21875,0.60546875,8,64,512,306.0908999905223,26.737881922948944,2.2407873875723316,80.14232764516451,0.0,0.0,0.0,0.0,0.0,0.0,0.0,0.0,0,26.13594152686729,1672.7002577195065,0.0,0,0.0,0.0,0.0,0.0,0.0,0.0,0.0,0.0,0.0,0.0,0,0,0,0.0,0.0,0.0,0,0,0,8,4,0.0,2,0.0,0,0,1.0,0.0,0,0,0,0.0,0.0,0.0,0.0,0,0.0,1.0,0.0,0.0,1.0,0.0,256,1024,0,0.0,436.48398782274313,79.61080002132803,250.0,92.78766000397374,14.085527797441355,0,1562.4530184988528,0,1256.3621185083305,5.347576384589789e-07,8.963149550289328e-07,3.2056931058065807e-06,0.0,0.0,0.0,4.636765699294493e-06,no_hotcold,nsga2
0,300,300,train,2.752847194671631,0.19140625,0.611328125,8,64,512,313.2146999996621,52.98220913973518,2.2998734901523656,17.687401608536717,34.86189999966882,5.5454834924777865,14.388897577304009,19.934381069781796,0.007399983587674797,0.0,12.014745407341433,7.912235678852688,0,25.541503826304464,1634.6562448834857,2097152.0,2,0.0,0.0,1.0,0.0,0.0,52.01816766684384,0.008999995770864189,0.0,30.9431596845872,21.06600798648578,0,1,0,0.0,0.0,26.00908383342192,0,0,2097152,8,4,0.0,2,0.0,0,0,1.0,0.0,4,4,0,1.0,0.0,0.0,301.0,0,0.0,1.0,0.0,0.0,1.0,0.0,256,1024,0,0.0,291.87793695369703,184.9085000285413,0.0,92.2889678123404,14.680469112815349,0,1562.4530184988528,0,1249.2383184991907,1.0596441827947036e-06,9.199493960609463e-07,7.074960643414685e-07,2.7727417462388934e-08,8.633338546382405e-08,5.201816766684384e-07,3.3213321227917693e-06,no_hotcold,nsga2
0,301,301,train,2.6975784301757812,0.208984375,0.63671875,8,64,512,348.505899994052,62.795850328185296,2.2604400721179516,18.554253166061127,36.68600000673905,6.124973081122754,12.51641912616909,18.641392207291844,0.007199996616691351,0.0,11.068515682376871,7.565676528298281,0,22.955069182666218,1469.124427690638,2097152.0,2,0.0,0.0,1.0,0.0,0.0,51.209463106780035,0.007099995855242014,0.0,32.03913114153405,19.163231969390747,0,1,0,0.0,0.0,25.604731553390017,0,0,2097152,8,4,0.0,2,0.0,0,0,1.0,0.0,4,0,0,0.0,0.0,0.0,302.0,4,0.0,1.0,0.0,0.0,1.0,0.0,256,1024,0,0.0,334.4421742654575,223.02670005592518,0.0,95.60723770224843,15.808236507283855,0,1562.4530184988528,0,1213.9471185048008,1.2559170065637061e-06,9.041760288471808e-07,7.421701266424452e-07,3.0624865405613775e-08,7.509851475701453e-08,5.120946310678004e-07,3.52008117328376e-06,no_hotcold,nsga2
0,302,302,train,2.7642662525177,0.212890625,0.572265625,8,64,512,322.6202999940142,58.1822907389487,2.0029408082044307,17.794929059248712,38.07759999472182,5.508449350768999,13.354403718109964,18.862853068878962,0.007199996616691351,0.0,11.735291470439304,7.120361601822967,0,24.796874850322745,1586.9999904206556,2097152.0,2,0.0,0.0,1.0,0.0,0.0,52.378666500486446,0.00689999433234334,0.0,32.212842337777964,20.15892416837613,0,1,0,0.0,0.0,26.189333250243223,0,0,2097152,8,4,0.0,2,0.0,0,0,1.0,0.0,4,4,0,1.0,0.0,0.0,303.0,0,0.0,1.0,0.0,0.0,1.0,0.0,256,1024,0,0.0,311.9206424256074,206.3588999735657,0.0,91.75254586262989,13.809196589411787,0,1562.4530184988528,0,1239.8327185048386,1.1636458147789744e-06,8.011763232817723e-07,7.117971623699485e-07,2.7542246753844998e-08,8.012642230865978e-08,5.237866650048645e-07,3.3080746344980645e-06,no_hotcold,nsga2
0,303,303,train,2.704622507095337,0.212890625,0.58984375,8,64,512,324.9123999994481,61.17073800319392,2.305714390523733,17.598246876109894,37.37379999074619,6.63510589071933,12.947185001644515,19.582290892363844,0.008400005754083395,0.0,11.937096559073607,7.636794327536154,0,24.621945416882127,1575.8045066804561,2097152.0,2,0.0,0.0,1.0,0.0,0.0,50.756244184018286,0.006900008884258568,0.0,30.40606116174323,20.343283013390796,0,1,0,0.0,0.0,25.378122092009143,0,0,2097152,8,4,0.0,2,0.0,0,0,1.0,0.0,4,0,0,0.0,0.0,0.0,304.0,4,0.0,1.0,0.0,0.0,1.0,0.0,256,1024,0,0.0,324.2987970793102,216.93389999563806,0.0,93.14742040107805,14.217476682594075,0,1562.4530184988528,0,1237.5406184994047,1.2234147600638783e-06,9.222857562094933e-07,7.039298750443958e-07,3.317552945359665e-08,7.768311000986707e-08,5.075624418401828e-07,3.468051472621414e-06,no_hotcold,nsga2
0,304,304,train,2.6604846715927124,0.2734375,0.61328125,8,64,512,187.11480000638403,32.3365495281662,2.1556489199748565,17.390826261383275,38.04750001290813,6.516067623250373,12.986206852086443,19.502274475336815,0.00790000194683671,0.0,11.800836471920464,7.693538001469516,0,42.75427302091568,2736.2734733386037,2097152.0,2,0.0,0.0,1.0,0.0,0.0,48.92872136808712,0.008699993486516178,0.0,30.51122881226707,18.40879256233353,0,1,0,0.0,0.0,24.46436068404356,0,0,2097152,8,4,0.0,2,0.0,0,0,1.0,0.0,4,4,0,1.0,0.0,0.0,305.0,0,0.0,1.0,0.0,0.0,1.0,0.0,256,1024,0,0.0,207.53209883809734,100.90019999188371,0.0,93.35363274326797,13.278266102945668,0,1562.4530184988528,0,1375.3382184924687,6.467309905633242e-07,8.622595679899425e-07,6.956330504553312e-07,3.2580338116251864e-08,7.791724111251865e-08,4.892872136808712e-07,2.8044084019182393e-06,no_hotcold,nsga2
0,305,305,train,2.742022931575775,0.265625,0.609375,8,64,512,232.08030000387225,42.17340757858503,2.202086630644593,18.824176152626023,37.384800001746044,5.686844133716769,13.887954868404568,19.57479900212134,0.007599985110573471,0.0,11.389307352034326,8.177891664976437,0,34.47067902440447,2206.123457561886,2097152.0,2,0.0,0.0,1.0,0.0,0.0,50.73136713771161,0.00680002267472446,0.0,30.638367985103784,20.086199129933107,0,1,0,0.0,0.0,25.365683568855804,0,0,2097152,8,4,0.0,2,0.0,0,0,1.0,0.0,4,0,0,0.0,0.0,0.0,306.0,4,0.0,1.0,0.0,0.0,1.0,0.0,256,1024,0,0.0,252.7986814474226,140.81960001203697,0.0,94.03930093169701,17.939780503688585,0,1562.4530184988528,0,1330.3727184949805,8.434681515717007e-07,8.808346522578372e-07,7.529670461050409e-07,2.843422066858385e-08,8.33277292104274e-08,5.073136713771162e-07,3.096345471190706e-06,no_hotcold,nsga2
0,306,306,train,2.757550537586212,0.255859375,0.591796875,8,64,512,324.0460999950301,59.03210866734547,2.2452376542956545,18.358593729731147,37.12690000247676,5.671187493916746,14.080558042642505,19.751745536559252,0.007700000423938036,0.0,12.056847529981146,7.6871980061541665,0,24.687769154924382,1580.0172259151605,2097152.0,2,0.0,0.0,1.0,0.0,0.0,49.28310302831703,0.006999995093792677,0.0,29.801153930401142,19.474949102822098,0,1,0,0.0,0.0,24.641551514158515,0,0,2097152,8,4,0.0,2,0.0,0,0,1.0,0.0,4,4,0,1.0,0.0,0.0,307.0,0,0.0,1.0,0.0,0.0,1.0,0.0,256,1024,0,0.0,318.5437602054891,208.95770004426595,0.0,95.06113652321206,14.524923638011078,0,920.3362959984934,0,596.2901960034633,1.1806421733469093e-06,8.980950617182618e-07,7.343437491892458e-07,2.8355937469583733e-08,8.448334825585502e-08,4.928310302831704e-07,3.4187513002630267e-06,no_hotcold,nsga2
0,307,307,train,2.573555886745453,0.29296875,0.66015625,8,64,512,339.1869999904884,62.47890486824153,2.1334911042370033,18.995021679326157,37.014200002886355,6.639532922181162,12.883514566259228,19.52304748844039,0.007099995855242014,0.0,12.565184576124675,6.950762916460472,0,23.585740062220182,1509.4873639820917,2097152.0,2,0.0,0.0,1.0,0.0,0.0,49.08724778093452,0.02339998900424689,0.0,29.91826193944771,19.145585852482558,0,1,0,0.0,0.0,24.54362389046726,0,0,2097152,8,4,0.0,2,0.0,0,0,1.0,0.0,4,0,0,0.0,0.0,0.0,308.0,4,0.0,1.0,0.0,0.0,1.0,0.0,256,1024,0,0.0,334.4296706072188,223.19130004325416,0.0,94.69109507546807,16.54727548849653,0,920.3362959984934,0,581.149296008005,1.2495780973648306e-06,8.533964416948015e-07,7.598008671730464e-07,3.319766461090581e-08,7.730108739755536e-08,4.908724778093451e-07,3.4641466360504846e-06,no_hotcold,nsga2
0,308,308,train,2.656310558319092,0.212890625,0.63671875,8,64,512,1766.4231000089785,62.537332418801434,3.0410890912054684,135.05333045513996,1722.1079999872018,5.462270704998483,22.08988291070468,27.552153615703162,0.008899980457499623,0.0,11.714665145527647,15.828588489718017,0,4.528923716540857,289.8511178586148,2097152.0,2,0.0,0.0,1.0,0.0,0.0,53.30998295130409,0.008199989679269493,0.0,32.947342231699636,20.354440729925187,0,1,0,0.0,0.0,26.654991475652047,0,0,2097152,8,4,0.0,2,0.0,0,0,1.0,0.0,4,4,0,1.0,0.0,0.0,309.0,0,0.0,1.0,0.0,0.0,1.0,0.0,256,1024,0,0.0,802.5270078605874,221.6719000134617,0.0,94.42881962647968,486.42628822064603,0,1616.2545795070018,1,-150.16852050197667,1.2507466483760286e-06,1.2164356364821875e-06,5.402133218205598e-06,2.731135352499242e-08,1.3253929746422807e-07,5.33099829513041e-07,8.562265983566075e-06,no_hotcold,nsga2
0,309,309,train,2.692273259162903,0.23828125,0.62109375,8,64,512,337.236599996686,59.831310675026025,2.3892323565808864,18.014990472902923,38.80509998998605,6.6663175250080435,13.388709598449823,20.05502712345787,0.008000002708286047,0.0,11.661800634558439,8.385226486191142,0,23.72214723411214,1518.217422983177,2097152.0,2,0.0,0.0,1.0,0.0,0.0,49.34466330867723,0.007199996616691351,0.0,30.38459723611647,18.952866075944062,0,1,0,0.0,0.0,24.672331654338613,0,0,2097152,8,4,0.0,2,0.0,0,0,1.0,0.0,4,0,0,0.0,0.0,0.0,310.0,4,0.0,1.0,0.0,0.0,1.0,0.0,256,1024,0,0.0,320.9421340180393,211.28110006975476,0.0,94.56496389773216,15.09607005055242,0,1616.2545795070018,0,1279.0179795103159,1.1966262135005205e-06,9.556929426323546e-07,7.20599618916117e-07,3.3331587625040224e-08,8.033225759069893e-08,4.934466330867723e-07,3.4800292533515033e-06,no_hotcold,nsga2
0,310,310,train,2.746935188770294,0.2578125,0.587890625,8,64,512,290.0630999938585,53.398976363865316,2.2573450614214727,18.56382223499144,36.48500000417698,6.2716185549795584,13.11475714070579,19.38637569568535,0.007499998901039362,0.0,11.485200161285631,7.893675535498677,0,27.580110741623606,1765.1270874639108,2097152.0,2,0.0,0.0,1.0,0.0,0.0,53.281330385950994,0.006699992809444666,0.0,33.339658880563185,19.934971512578368,0,1,0,0.0,0.0,26.640665192975497,0,0,2097152,8,4,0.0,2,0.0,0,0,1.0,0.0,4,4,0,1.0,0.0,0.0,311.0,0,0.0,1.0,0.0,0.0,1.0,0.0,256,1024,0,0.0,296.88057464111284,184.93819993454963,0.0,96.30470115867048,15.637673547892785,0,1616.2545795070018,0,1326.1914795131433,1.0679795272773065e-06,9.02938024568589e-07,7.425528893996577e-07,3.135809277489779e-08,7.868854284423472e-08,5.3281330385951e-07,3.3563303807241954e-06,no_hotcold,nsga2
0,311,311,train,2.6338725090026855,0.26171875,0.625,8,64,512,89.55249999416992,14.240130896026706,2.1971795899499416,18.420510827040932,38.415599992731586,5.838727023589415,13.577270259898977,19.415997283488394,0.007199996616691351,0.0,12.230577878983244,7.178219407888458,0,89.33207524575603,5717.252815728386,2097152.0,2,0.0,0.0,1.0,0.0,0.0,51.27744556757363,0.006999995093792677,0.0,32.352371033998,18.918074538481836,0,1,0,0.0,0.0,25.638722783786815,0,0,2097152,8,4,0.0,2,0.0,0,0,1.0,0.0,4,0,0,0.0,0.0,0.0,312.0,4,0.0,1.0,0.0,0.0,1.0,0.0,256,1024,0,0.0,139.43128525207032,27.46349999506492,0.0,97.81497271874642,14.152812538258974,0,1616.2545795070018,0,1526.702079512832,2.848026179205341e-07,8.788718359799766e-07,7.368204330816372e-07,2.9193635117947077e-08,8.146362155939386e-08,5.127744556757364e-07,2.5239265993352253e-06,no_hotcold,nsga2
0,312,312,train,2.6353989839553833,0.240234375,0.64453125,8,64,512,276.24910000304226,47.3064046382471,2.2653845271951263,18.434496098917162,38.90309999405872,5.646498083561017,12.156535950402425,17.803034033963442,0.006599992047995329,0.0,11.024154468574086,6.772279573341362,0,28.95926553478858,1853.3929942264692,2097152.0,2,0.0,0.0,1.0,0.0,0.0,54.07964124434934,0.006800008122809231,0.0,33.94418851524776,20.12865272097877,0,1,0,0.0,0.0,27.03982062217467,0,0,2097152,8,4,0.0,2,0.0,0,0,1.0,0.0,4,4,0,1.0,0.0,0.0,313.0,0,0.0,1.0,0.0,0.0,1.0,0.0,256,1024,0,0.0,272.02514105743757,161.90449996793177,0.0,96.07094075534904,14.04970033415674,0,1616.2545795070018,0,1340.0054795039596,9.461280927649422e-07,9.061538108780506e-07,7.373798439566864e-07,2.8232490417805088e-08,7.293921570241454e-08,5.407964124434934e-07,3.2316298661633925e-06,no_hotcold,nsga2
0,313,313,train,2.678802788257599,0.236328125,0.62890625,8,64,512,282.2994000016479,48.014198843658406,2.2285773225864633,17.39158538168239,36.76449999329634,5.923217608841334,14.12240803137508,20.045625640216414,0.007599985110573471,0.0,11.397165059904065,8.640860595201776,0,28.338606675560154,1813.6708272358499,2097152.0,2,0.0,0.0,1.0,0.0,0.0,51.1703999397102,0.006699992809444666,0.0,32.0895930688605,19.074106878040254,0,1,0,0.0,0.0,25.5851999698551,0,0,2097152,8,4,0.0,2,0.0,0,0,1.0,0.0,4,0,0,0.0,0.0,0.0,314.0,4,0.0,1.0,0.0,0.0,1.0,0.0,256,1024,0,0.0,270.537446191709,163.42279998934828,0.0,92.80329255060363,14.31135365175713,0,1616.2545795070018,0,1333.955179505354,9.602839768731682e-07,8.914309290345853e-07,6.956634152672956e-07,2.9616088044206673e-08,8.473444818825047e-08,5.117039993971021e-07,3.173432856804608e-06,no_hotcold,nsga2
0,314,314,train,2.5994753241539,0.2578125,0.654296875,8,64,512,274.7207999927923,47.567278214252354,2.434727277508003,18.00299739263595,37.76929999003187,6.311022059515963,14.82671841293681,21.137740472452773,0.00689999433234334,0.0,11.540363097493175,9.590477380627252,0,29.120368315182454,1863.703572171677,2097152.0,2,0.0,0.0,1.0,0.0,0.0,52.63484105805366,0.006600006599910557,0.0,31.380408395834902,21.247832655618847,0,1,0,0.0,0.0,26.31742052902683,0,0,2097152,8,4,0.0,2,0.0,0,0,1.0,0.0,4,4,0,1.0,0.0,0.0,315.0,0,0.0,1.0,0.0,0.0,1.0,0.0,256,1024,0,0.0,272.0200115375852,162.89249999681488,0.0,93.0340971236115,16.093414417158844,0,1616.2545795070018,0,1341.5337795142095,9.513455642850471e-07,9.738909110032012e-07,7.201198957054381e-07,3.1555110297579816e-08,8.896031047762085e-08,5.263484105805367e-07,3.2922202023494238e-06,no_hotcold,nsga2
0,315,315,train,2.5620225071907043,0.25,0.669921875,8,64,512,324.11190000129864,60.222424133413675,2.30896020162639,18.46094705657917,43.217600003117695,5.512639986404647,12.737998480936838,18.250638467341485,0.006700007361359894,0.0,10.77660845350541,7.467330006474715,0,24.68275715026445,1579.6964576169248,2097152.0,2,0.0,0.0,1.0,0.0,0.0,53.882235260284595,0.006900008884258568,0.0,34.55868161429931,19.316653637101027,0,1,0,0.0,0.0,26.941117630142298,0,0,2097152,8,4,0.0,2,0.0,0,0,1.0,0.0,4,0,0,0.0,0.0,0.0,316.0,4,0.0,1.0,0.0,0.0,1.0,0.0,256,1024,0,0.0,323.9693255664769,213.8960999873234,0.0,95.46758862028315,14.605636958870367,0,1616.2545795070018,0,1292.1426795057032,1.2044484826682736e-06,9.23584080650556e-07,7.384378822631668e-07,2.7563199932023238e-08,7.642799088562102e-08,5.388223526028461e-07,3.5092839890024867e-06,no_hotcold,nsga2
0,316,316,train,2.5951327085494995,0.271484375,0.654296875,8,64,512,273.9373000076739,51.21382901990225,2.5023193602642673,18.15168074160922,52.54850001074374,6.309590341156316,16.27357851546104,22.583168856617355,0.008300004992634058,0.0,12.343327100755126,10.231541750869596,0,29.203656442986958,1869.0340123511653,2097152.0,2,0.0,0.0,1.0,0.0,0.0,49.05436520958132,0.006999995093792677,0.0,30.79762966720601,18.24973554728151,0,1,0,0.0,0.0,24.52718260479066,0,0,2097152,8,4,0.0,2,0.0,0,0,1.0,0.0,4,4,0,1.0,0.0,0.0,317.0,0,0.0,1.0,0.0,0.0,1.0,0.0,256,1024,0,0.0,287.4713164871029,176.99459996947553,0.0,95.25159663383404,15.225119883793363,0,1301.8045425083217,0,1027.8672425006478,1.024276580398045e-06,1.000927744105707e-06,7.260672296643688e-07,3.154795170578158e-08,9.764147109276622e-08,4.905436520958131e-07,3.371004629062482e-06,no_hotcold,nsga2
0,317,317,train,2.5190133452415466,0.26171875,0.650390625,8,64,512,231.6800999979023,44.61043487860859,2.3435029694505585,17.906128201588828,40.452999994158745,6.216024777526258,14.149412788756006,20.365437566282264,0.007800001185387373,0.0,12.081828571251156,8.275808993845722,0,34.530222793626386,2209.9342587920887,2097152.0,2,0.0,0.0,1.0,0.0,0.0,49.8313249833257,0.006599992047995329,0.0,28.72952981579094,21.095195175486758,0,1,0,0.0,0.0,24.91566249166285,0,0,2097152,8,4,0.0,2,0.0,0,0,1.0,0.0,4,0,0,0.0,0.0,0.0,318.0,4,0.0,1.0,0.0,0.0,1.0,0.0,256,1024,0,0.0,259.4402641985919,151.09669996309094,0.0,94.59729785990223,13.746266375598719,0,1258.1748465017838,0,1026.4947465038815,8.922086975721718e-07,9.374011877802234e-07,7.162451280635531e-07,3.108012388763129e-08,8.489647673253604e-08,4.983132498332571e-07,3.160144863869373e-06,no_hotcold,nsga2
0,318,318,train,2.5798125863075256,0.2109375,0.662109375,8,64,512,758.1483000103617,68.04447377353134,2.503920537464632,19.109457445483876,2281.57919998921,6.3543997887161785,16.350238210980244,22.704637999696423,0.011299998732283711,0.0,12.374286101633626,10.319051899330514,0,10.55201132532954,675.3287248210905,2097152.0,2,0.0,0.0,1.0,0.0,0.0,50.480800846955844,0.006999995093792677,0.0,29.688599419199527,20.785201432662525,0,1,0,0.0,0.0,25.240400423477922,0,0,2097152,8,4,0.0,2,0.0,0,0,1.0,0.0,4,4,0,1.0,0.0,0.0,319.0,0,0.0,1.0,0.0,0.0,1.0,0.0,256,1024,0,0.0,358.6314070259194,242.92719998629764,0.0,95.51622369933112,20.18798334029061,0,1443.969384010558,0,685.8210840001964,1.3608894754706268e-06,1.0015682149858527e-06,7.643782978193552e-07,3.1771998943580894e-08,9.810142926588145e-08,5.048080084695585e-07,3.761517424954855e-06,no_hotcold,nsga2
0,319,319,train,2.5754796266555786,0.208984375,0.66015625,8,64,512,331.4076000096975,60.531994109324785,2.7090034265198235,17.931756833009935,37.072699997224845,5.507887902742023,15.791451035009253,21.299338937751276,0.007499984349124134,0.0,10.874357207954699,10.417481745447452,0,24.139385639859405,1544.920680951002,2097152.0,2,0.0,0.0,1.0,0.0,0.0,51.14573093459474,0.006499991286545992,0.0,31.601114148746632,19.538116794561557,0,1,0,0.0,0.0,25.57286546729737,0,0,2097152,8,4,0.0,2,0.0,0,0,1.0,0.0,4,0,0,0.0,0.0,0.0,320.0,4,0.0,1.0,0.0,0.0,1.0,0.0,256,1024,0,0.0,324.6910174754182,215.3789000294637,0.0,93.41447273187897,15.897644714075472,0,1443.969384010558,0,1112.5617840008606,1.2106398821864958e-06,1.0836013706079295e-06,7.172702733203974e-07,2.7539439513710117e-08,9.474870621005552e-08,5.114573093459475e-07,3.645256981184536e-06,no_hotcold,nsga2
0,320,320,train,2.678752362728119,0.203125,0.6015625,8,64,512,362.76759998872876,61.73747909127593,2.3215560958018866,18.291712088902425,35.594999993918464,6.050518243835564,14.263667647822377,20.314185891657942,0.007300011930055916,0.0,11.955286917765534,8.35159896196235,0,22.052625283027695,1411.3680181137725,2097152.0,2,0.0,0.0,1.0,0.0,0.0,54.15711751816656,0.006999995093792677,0.0,33.62002891251704,20.530088610555715,0,1,0,0.0,0.0,27.07855875908328,0,0,2097152,8,4,0.0,2,0.0,0,0,1.0,0.0,4,4,0,1.0,0.0,0.0,321.0,0,0.0,1.0,0.0,0.0,1.0,0.0,256,1024,0,0.0,329.402989103921,218.75670000736136,0.0,95.64379552079521,15.002493575764394,0,1443.969384010558,0,1081.2017840218293,1.2347495818255187e-06,9.286224383207546e-07,7.316684835560971e-07,3.025259121917782e-08,8.558200588693424e-08,5.415711751816657e-07,3.552446275990148e-06,no_hotcold,nsga2
0,321,321,train,2.6105837225914,0.20703125,0.638671875,8,64,512,372.98690000898205,64.26385163897942,2.4972861133268034,18.9468679921624,63.32870000915136,5.95128208881879,16.489450058643563,22.440732147462352,0.010900010238401592,0.0,12.036740008275876,10.393092128948073,0,21.448416958854025,1372.6986853666576,2097152.0,2,0.0,0.0,1.0,0.0,0.0,51.76819953587796,0.006699992809444666,0.0,30.984448391894738,20.77705115117378,0,1,0,0.0,0.0,25.88409976793898,0,0,2097152,8,4,0.0,2,0.0,0,0,1.0,0.0,4,0,0,0.0,0.0,0.0,322.0,4,0.0,1.0,0.0,0.0,1.0,0.0,256,1024,0,0.0,342.83202297787443,230.21729999163654,0.0,95.84186745864011,16.772855527597834,0,1443.969384010558,0,1070.982484001576,1.2852770327795883e-06,9.989144453307213e-07,7.578747196864961e-07,2.975641044409395e-08,9.893670035186136e-08,5.176819953587796e-07,3.688441303951541e-06,no_hotcold,nsga2
0,322,322,train,2.6027345657348633,0.24609375,0.625,8,64,512,344.90009999717586,62.36941959078574,2.194122490728393,17.42765926503069,36.174300010316074,5.937460457942041,13.96552946398067,19.90298992192271,0.008600007276982069,0.0,12.021815537445871,7.872574377199859,0,23.195055046404626,1484.483522969896,2097152.0,2,0.0,0.0,1.0,0.0,0.0,52.43008137790051,0.00689999433234334,0.0,31.9767578077498,20.446423575818365,0,1,0,0.0,0.0,26.215040688950253,0,0,2097152,8,4,0.0,2,0.0,0,0,1.0,0.0,4,4,0,1.0,0.0,0.0,323.0,0,0.0,1.0,0.0,0.0,1.0,0.0,256,1024,0,0.0,327.9648053861793,222.15760001563467,0.0,92.43290955243648,13.374295818108141,0,1443.969384010558,0,1099.0692840133822,1.2473883918157148e-06,8.776489962913575e-07,6.971063706012278e-07,2.968730228971021e-08,8.379317678388401e-08,5.243008137790051e-07,3.4599250515608993e-06,no_hotcold,nsga2
0,323,323,train,2.499499559402466,0.26171875,0.685546875,8,64,512,327.07500000833534,60.79889829854574,2.105779088848407,17.68564485539366,37.68049999780487,6.0866241207704705,12.45033483338536,18.536958954155832,0.014199991710484028,0.0,10.996472984725873,7.526285977719475,0,24.459147108916966,1565.3854149706858,2097152.0,2,0.0,0.0,1.0,0.0,0.0,52.26695803402029,0.00689999433234334,0.0,31.62226783756517,20.637790202122776,0,1,0,0.0,0.0,26.133479017010146,0,0,2097152,8,4,0.0,2,0.0,0,0,1.0,0.0,4,0,0,0.0,0.0,0.0,324.0,4,0.0,1.0,0.0,0.0,1.0,0.0,256,1024,0,0.0,322.3612889711512,215.57299997948576,0.0,93.13091123358296,13.657377758082497,0,1443.969384010558,0,1116.8943840022228,1.2159779659709148e-06,8.423116355393629e-07,7.074257942157465e-07,3.043312060385235e-08,7.470200900031215e-08,5.226695803402029e-07,3.3935201056703916e-06,no_hotcold,nsga2
0,324,324,train,2.4539071917533875,0.287109375,0.68359375,8,64,512,257.3100000008708,47.696581649126216,2.4050580742918664,18.304967717426507,37.44580000056885,6.29584257561029,13.561338142324228,19.85718071793452,0.007700000423938036,0.0,11.724040748401837,8.125439969108744,0,31.09078119463578,1989.80999645669,2097152.0,2,0.0,0.0,1.0,0.0,0.0,52.41205774766121,0.007300011930055916,0.0,32.27741597698255,20.127341758748607,0,1,0,0.0,0.0,26.206028873830604,0,0,2097152,8,4,0.0,2,0.0,0,0,1.0,0.0,4,4,0,1.0,0.0,0.0,325.0,0,0.0,1.0,0.0,0.0,1.0,0.0,256,1024,0,0.0,273.6264297633784,164.26239999418613,0.0,94.08707900554822,15.27695076364404,0,1443.969384010558,0,1186.6593840096873,9.539316329825246e-07,9.620232297167467e-07,7.321987086970604e-07,3.1479212878051454e-08,8.136802885394536e-08,5.241205774766122e-07,3.2851213906049403e-06,no_hotcold,nsga2
0,325,325,train,2.3871131539344788,0.296875,0.673828125,8,64,512,349.55109999282286,62.500809338780265,2.1571281864205973,18.23373049527266,38.10180000436958,5.98423897963513,14.095600709427526,20.079839689062656,0.007199996616691351,0.0,11.89126414695013,8.181375545495834,0,22.88643095024822,1464.731580815886,2097152.0,2,0.0,0.0,1.0,0.0,0.0,52.27231263871043,0.006799993570894003,0.0,30.56249638288049,21.70301626225904,0,1,0,0.0,0.0,26.136156319355216,0,0,2097152,8,4,0.0,2,0.0,0,0,1.0,0.0,4,0,0,0.0,0.0,0.0,326.0,4,0.0,1.0,0.0,0.0,1.0,0.0,256,1024,0,0.0,331.56667208189407,221.39200003584847,0.0,94.60095919364502,15.573712852400572,0,1443.969384010558,0,1094.4182840177352,1.2500161867756051e-06,8.628512745682389e-07,7.293492198109064e-07,2.9921194898175654e-08,8.457360425656515e-08,5.227231263871043e-07,3.4794346066965953e-06,no_hotcold,nsga2
0,326,326,train,2.429082214832306,0.322265625,0.681640625,8,64,512,363.30919999454636,63.500067008755636,2.5020609107151253,17.695680948101284,36.8190000008326,6.161920020459966,15.133707820890535,21.295627841350502,0.007800001185387373,0.0,12.510036809811588,8.777791030353526,0,22.019750615644945,1409.2640394012765,2097152.0,2,0.0,0.0,1.0,0.0,0.0,50.49388447779572,0.006799993570894003,0.0,31.156316713931687,19.330767770293136,0,1,0,0.0,0.0,25.24694223889786,0,0,2097152,8,4,0.0,2,0.0,0,0,1.0,0.0,4,4,0,1.0,0.0,0.0,327.0,0,0.0,1.0,0.0,0.0,1.0,0.0,256,1024,0,0.0,334.79123547028814,225.75350003899075,0.0,93.85553258569244,15.182202845604978,0,1443.969384010558,0,1080.6601840160117,1.270001340175113e-06,1.0008243642860501e-06,7.078272379240514e-07,3.080960010229983e-08,9.080224692534321e-08,5.049388447779572e-07,3.605203634190815e-06,no_hotcold,nsga2
0,327,327,train,2.419246792793274,0.3046875,0.66015625,8,64,512,320.3263000032166,59.68975150894894,2.0996962834016846,17.662461995058596,37.679400003980845,5.943815892576683,12.097753056338844,18.041568948915526,0.007499984349124134,0.0,11.19128905809743,6.842779906468972,0,24.97445581416154,1598.3651721063386,2097152.0,2,0.0,0.0,1.0,0.0,0.0,54.3349374539783,0.006400005077011883,0.0,33.73435101881236,20.594186430088932,0,1,0,0.0,0.0,27.16746872698915,0,0,2097152,8,4,0.0,2,0.0,0,0,1.0,0.0,4,0,0,0.0,0.0,0.0,328.0,4,0.0,1.0,0.0,0.0,1.0,0.0,256,1024,0,0.0,317.8076391496369,211.27799998794217,0.0,92.85830038921239,13.671338772482295,0,643.3082370107137,0,322.9819370074971,1.193795030178979e-06,8.39878513360674e-07,7.064984798023438e-07,2.9719079462883417e-08,7.258651833803306e-08,5.433493745397831e-07,3.3858269956826963e-06,no_hotcold,nsga2
0,328,328,train,2.301483452320099,0.359375,0.693359375,8,64,512,333.9096999989124,58.937746980739185,2.2841736632907113,18.9719697932174,36.51700000045821,6.701779452586446,13.460213711848024,20.16199316443447,0.007599985110573471,0.0,12.15252467665901,8.001868502664886,0,23.958501479665244,1533.3440946985756,2097152.0,2,0.0,0.0,1.0,0.0,0.0,54.85158647507026,0.007499998901039362,0.0,33.929312289193604,20.914774186975627,0,1,0,0.0,0.0,27.42579323753513,0,0,2097152,8,4,0.0,2,0.0,0,0,1.0,0.0,4,4,0,1.0,0.0,0.0,329.0,0,0.0,1.0,0.0,0.0,1.0,0.0,256,1024,0,0.0,320.77556174898916,209.04320005502086,0.0,96.57151047338677,15.160851220581584,0,643.3082370107137,0,309.3985370118013,1.1787549396147839e-06,9.136694653162845e-07,7.588787917286962e-07,3.350889726293223e-08,8.076128227108814e-08,5.485158647507027e-07,3.5140892409444878e-06,no_hotcold,nsga2
0,329,329,train,2.2188034653663635,0.357421875,0.67578125,8,64,512,5036.11310000997,882.4088863136354,35.52856450159657,192.8918745634073,36.03309999743942,6.139915019505347,318.0299781082678,324.16989312777315,0.008499991963617504,0.0,11.491361723149822,312.67003141265974,0,1.5885263600330584,101.66568704211574,2097152.0,2,0.0,0.0,1.0,0.0,0.0,52.4047219917366,0.006900008884258568,0.0,32.03878728741148,20.35903469544086,0,1,0,0.0,0.0,26.2023609958683,0,0,2097152,8,4,0.0,2,0.0,0,0,1.0,0.0,4,0,0,0.0,0.0,0.0,330.0,4,0.0,1.0,0.0,0.0,1.0,0.0,256,1024,0,0.0,4443.317301514557,3500.807899981737,0.0,91.49948525202315,851.0099162807968,0,1443.969384010558,1,-3592.143715999412,1.764817772627271e-05,1.4211425800638628e-05,7.715674982536293e-06,3.0699575097526735e-08,1.908179868649607e-06,5.240472199173661e-07,4.203820517311213e-05,no_hotcold,nsga2
0,330,330,train,2.5160685777664185,0.267578125,0.66796875,8,64,512,329.08700000552926,57.03371685769132,2.3010498853298293,17.586823136166746,43.416999993496574,6.084162314857224,13.991287825189183,20.075450140046406,0.006700007361359894,0.0,11.653142602384573,8.415607530300475,0,24.309607156339904,1555.8148580057539,2097152.0,2,0.0,0.0,1.0,0.0,0.0,55.73852494641233,0.007100010407157242,0.0,34.38022882128835,21.351196114716828,0,1,0,0.0,0.0,27.869262473206167,0,0,2097152,8,4,0.0,2,0.0,0,0,1.0,0.0,4,4,0,1.0,0.0,0.0,331.0,0,0.0,1.0,0.0,0.0,1.0,0.0,256,1024,0,0.0,307.6863595167516,201.32169997668825,0.0,92.11643257331312,14.248226966750213,0,1443.969384010558,0,1114.8823840050288,1.1406743371538266e-06,9.204199541319316e-07,7.0347292544667e-07,3.042081157428612e-08,8.394772695113509e-08,5.573852494641234e-07,3.4363210047219728e-06,no_hotcold,nsga2
0,331,331,train,2.563185214996338,0.25390625,0.62109375,8,64,512,341.6185999958543,61.490770929777675,2.181454186411492,17.450738939905335,43.566599997575395,6.050088861869384,13.301927357599027,19.35201621946841,0.008100003469735384,0.0,11.946169974617979,7.397746241380698,0,23.417860099646166,1498.7430463773546,2097152.0,2,0.0,0.0,1.0,0.0,0.0,50.88584224686067,0.007199996616691351,0.0,30.55301625785711,20.32562599238687,0,1,0,0.0,0.0,25.442921123430335,0,0,2097152,8,4,0.0,2,0.0,0,0,1.0,0.0,4,0,0,0.0,0.0,0.0,332.0,4,0.0,1.0,0.0,0.0,1.0,0.0,256,1024,0,0.0,324.491856224378,219.58680005627684,0.0,90.67611122148315,14.228944946618029,0,1443.969384010558,0,1102.3507840147038,1.2298154185955536e-06,8.72581674564597e-07,6.980295575962135e-07,3.0250444309346926e-08,7.981156414559414e-08,5.088584224686066e-07,3.4193470816799117e-06,no_hotcold,nsga2
0,332,332,train,2.556609570980072,0.28515625,0.658203125,8,64,512,311.819700000342,52.62655316093645,2.152488415904375,17.621520959428352,37.35929999675136,6.022206050059439,12.652770262304013,18.67497631236345,0.006900008884258568,0.0,12.290018564270866,6.378057739208326,0,25.655769485448616,1641.9692470687114,2097152.0,2,0.0,0.0,1.0,0.0,0.0,48.105605959337694,0.007300011930055916,0.0,28.317827731698422,19.780478215709223,0,1,0,0.0,0.0,24.052802979668847,0,0,2097152,8,4,0.0,2,0.0,0,0,1.0,0.0,4,4,0,1.0,0.0,0.0,333.0,0,0.0,1.0,0.0,0.0,1.0,0.0,256,1024,0,0.0,289.6022501450767,181.68720001995098,0.0,94.07312030712788,13.841929817997862,0,1443.969384010558,0,1132.149684010216,1.0525310632187291e-06,8.6099536636175e-07,7.048608383771342e-07,3.01110302502972e-08,7.591662157382408e-08,4.810560595933771e-07,3.2054709793751114e-06,no_hotcold,nsga2
0,333,333,train,2.1474371552467346,0.3515625,0.712890625,8,64,512,260.708000001614,49.02745471126882,2.242909785216203,17.865558429349342,38.260400004219264,6.356152235041011,14.911960875970472,21.268113111011484,0.006900008884258568,0.0,12.432445324902368,8.828767777224858,0,30.685553624732844,1963.875431982902,2097152.0,2,0.0,0.0,1.0,0.0,0.0,51.303238722058126,0.008999995770864189,0.0,30.843270861899512,20.45096786438775,0,1,0,0.0,0.0,25.651619361029063,0,0,2097152,8,4,0.0,2,0.0,0,0,1.0,0.0,4,0,0,0.0,0.0,0.0,334.0,4,0.0,1.0,0.0,0.0,1.0,0.0,256,1024,0,0.0,276.54369170333746,168.3986999996705,0.0,93.42590279948816,14.719088904178815,0,1443.969384010558,0,1183.261384008944,9.805490942253766e-07,8.971639140864814e-07,7.146223371739738e-07,3.178076117520506e-08,8.947176525582281e-08,5.130323872205813e-07,3.226620259137441e-06,no_hotcold,nsga2
0,334,334,train,2.2651383876800537,0.306640625,0.6953125,8,64,512,323.2461000006879,59.32176501042925,2.2891881988605367,18.190194924687344,36.087500004214235,6.128451290622763,13.007166165581598,19.13561745620436,0.008999995770864189,0.0,11.169205584936673,7.957411875496825,0,24.7488685899517,1583.927589756909,2097152.0,2,0.0,0.0,1.0,0.0,0.0,50.76040757113766,0.007799986633472145,0.0,30.580334138719508,20.17227344578468,0,1,0,0.0,0.0,25.38020378556883,0,0,2097152,8,4,0.0,2,0.0,0,0,1.0,0.0,4,4,0,1.0,0.0,0.0,335.0,0,0.0,1.0,0.0,0.0,1.0,0.0,256,1024,0,0.0,319.20459253590855,210.29689998249523,0.0,94.27064959262258,14.637042960790719,0,1443.969384010558,0,1120.7232840098702,1.1864353002085852e-06,9.156752795442147e-07,7.276077969874937e-07,3.0642256453113816e-08,7.804299699348958e-08,5.076040757113767e-07,3.4460077058982734e-06,no_hotcold,nsga2
0,335,335,train,2.465231478214264,0.267578125,0.705078125,8,64,512,327.1921999985352,60.39992956383815,2.3064697136984673,18.549571765656147,35.962399997515604,6.274381111924665,12.76845727599957,19.042838387924235,0.00689999433234334,0.0,11.590032161564295,7.445906232027596,0,24.450385888324742,1564.8246968527835,2097152.0,2,0.0,0.0,1.0,0.0,0.0,49.279199286885444,0.007099995855242014,0.0,30.150335651910908,19.121763639119294,0,1,0,0.0,0.0,24.639599643442722,0,0,2097152,8,4,0.0,2,0.0,0,0,1.0,0.0,4,0,0,0.0,0.0,0.0,336.0,4,0.0,1.0,0.0,0.0,1.0,0.0,256,1024,0,0.0,325.02388417277103,215.06960001715925,0.0,95.15118647653954,14.803097679072266,0,1443.969384010558,0,1116.7771840120229,1.2079985912767631e-06,9.225878854793868e-07,7.41982870626246e-07,3.1371905559623323e-08,7.66107436559974e-08,4.927919928688545e-07,3.473343989466871e-06,no_hotcold,nsga2
0,336,336,train,2.444275736808777,0.298828125,0.708984375,8,64,512,367.63300000166055,64.06240619473144,2.2528335630478886,17.889136141864103,36.82629999821074,6.037045673467106,13.32659799948011,19.363643672947216,0.007200011168606579,0.0,11.809810988034176,7.546632673744433,0,21.760772942556635,1392.6894683236246,2097152.0,2,0.0,0.0,1.0,0.0,0.0,51.98496933519657,0.007599999662488699,0.0,32.06388855138481,19.91348078414928,0,1,0,0.0,0.0,25.992484667598283,0,0,2097152,8,4,0.0,2,0.0,0,0,1.0,0.0,4,4,0,1.0,0.0,0.0,337.0,0,0.0,1.0,0.0,0.0,1.0,0.0,256,1024,0,0.0,336.81750359857375,229.99529998924118,0.0,92.11166028272694,14.710543326605602,0,1443.969384010558,0,1076.3363840088975,1.2812481238946289e-06,9.011334252191555e-07,7.155654456745642e-07,3.018522836733553e-08,7.995958799688065e-08,5.198496933519657e-07,3.527941504504531e-06,no_hotcold,nsga2
0,337,337,train,2.6132219433784485,0.25,0.642578125,8,64,512,88.88189999561291,15.193519439149204,2.3790467597769775,18.722234721897035,40.34059999685269,6.182550637549573,15.206440656428025,21.388991293977597,0.008000002708286047,0.0,11.930857481409,9.450133809860315,0,90.00606416301521,5760.3881064329735,2097152.0,2,0.0,0.0,1.0,0.0,0.0,52.7193864269225,0.009700015652924776,0.0,32.606465129084384,20.10322128218519,0,1,0,0.0,0.0,26.35969321346125,0,0,2097152,8,4,0.0,2,0.0,0,0,1.0,0.0,4,0,0,0.0,0.0,0.0,338.0,4,0.0,1.0,0.0,0.0,1.0,0.0,256,1024,0,0.0,145.17920368329285,33.515500035719015,0.0,92.86902345465248,18.794680192921376,0,1443.969384010558,0,1355.0874840149452,3.038703887829841e-07,9.516187039107911e-07,7.488893888758815e-07,3.091275318774787e-08,9.123864393856813e-08,5.271938642692251e-07,2.653723742965198e-06,no_hotcold,nsga2
0,338,338,train,2.6688265800476074,0.21484375,0.626953125,8,64,512,1171.175099996617,17.167578544471617,28.462034812800518,20.997292766560086,59.76550000195857,6.05961733343372,237.598317425553,243.65793475898673,0.00890000956133008,0.0,11.741856061802533,231.90717868762286,0,6.830740483880357,437.16739096834283,2097152.0,2,0.0,0.0,1.0,0.0,0.0,52.15201410043781,0.006699992809444666,0.0,31.127630339548247,21.01768376808012,0,1,0,0.0,0.0,26.076007050218905,0,0,2097152,8,4,0.0,2,0.0,0,0,1.0,0.0,4,4,0,1.0,0.0,0.0,339.0,0,0.0,1.0,0.0,0.0,1.0,0.0,256,1024,0,0.0,266.5076244953289,41.01870000886265,0.0,92.73761365760114,132.7513108288651,0,1083.8443440030812,1,-87.33075599353583,3.433515708894324e-07,1.1384813925120209e-05,8.398917106624035e-07,3.02980866671686e-08,1.4255899045533179e-06,5.215201410043781e-07,1.454546533889691e-05,no_hotcold,nsga2
0,339,339,train,2.6109724044799805,0.2265625,0.626953125,8,64,512,294.4207999971695,48.10069600392145,2.0814536164632575,18.348710206453603,41.94169999391306,6.0552788626841885,12.396405208963731,18.451684071647918,0.007199996616691351,0.0,11.443050786937249,7.001433288093979,0,27.171900994005572,1739.0016636163566,2097152.0,2,0.0,0.0,1.0,0.0,0.0,51.23636978922541,0.007599999662488699,0.0,30.28504137547382,20.943728414089097,0,1,0,0.0,0.0,25.618184894612703,0,0,2097152,8,4,0.0,2,0.0,0,0,1.0,0.0,4,0,0,0.0,0.0,0.0,340.0,4,0.0,1.0,0.0,0.0,1.0,0.0,256,1024,0,0.0,274.12343930735324,165.22420002729632,0.0,94.31165434998138,14.587584930075542,0,1083.8443440030812,0,789.4235440059117,9.62013920078429e-07,8.325814465853031e-07,7.339484082581442e-07,3.0276394313420943e-08,7.437843125378238e-08,5.123636978922541e-07,3.1455622983813336e-06,no_hotcold,nsga2
0,340,340,train,3.1391361951828003,0.216796875,0.5703125,8,64,512,350.0098000076832,62.141041169784486,2.2368135421500996,18.62096916783334,37.85599999537226,6.334081439517402,13.188732715425246,19.522814154942647,0.007299997378140688,0.0,11.806376068718166,7.70913808884634,0,22.856437572281738,1462.8120046260312,2097152.0,2,0.0,0.0,1.0,0.0,0.0,49.812667374140105,0.007499998901039362,0.0,29.741343520324143,20.063823854914922,0,1,0,0.0,0.0,24.906333687070052,0,0,2097152,8,4,0.0,2,0.0,0,0,1.0,0.0,4,4,0,1.0,0.0,0.0,341.0,0,0.0,1.0,0.0,0.0,1.0,0.0,256,1024,0,0.0,331.9952955190717,220.7967000285862,0.0,97.65631729967123,13.542278190814244,0,1083.8443440030812,0,733.834543995398,1.24282082339569e-06,8.947254168600398e-07,7.448387667133337e-07,3.167040719758702e-08,7.913239629255147e-08,4.98126673741401e-07,3.491314484200603e-06,no_hotcold,nsga2
0,341,341,train,2.884600281715393,0.232421875,0.587890625,8,64,512,265.562200002023,48.03785427567425,2.2946682210616136,17.846021406205082,36.50180000113323,6.605392169961525,12.920393966764895,19.52578613672642,0.008699993486516178,0.0,11.67516312029613,7.841923022943773,0,30.124655825577708,1927.9779728369733,2097152.0,2,0.0,0.0,1.0,0.0,0.0,48.54718105350963,0.006300018867477775,0.0,29.101295227208258,19.439585807433893,0,1,0,0.0,0.0,24.273590526754816,0,0,2097152,8,4,0.0,2,0.0,0,0,1.0,0.0,4,0,0,0.0,0.0,0.0,342.0,4,0.0,1.0,0.0,0.0,1.0,0.0,256,1024,0,0.0,272.71417561176384,164.31290002947208,0.0,94.04344299135884,14.357832590932887,0,1083.8443440030812,0,818.2821440010582,9.607570855134852e-07,9.178672884246453e-07,7.138408562482034e-07,3.3026960849807624e-08,7.752236380058935e-08,4.854718105350964e-07,3.188486365371827e-06,no_hotcold,nsga2
0,342,342,train,3.0901301503181458,0.20703125,0.568359375,8,64,512,260.967599999276,48.0216173481201,2.1461045197347834,18.121640284983176,36.28770000068471,5.706377214961587,12.155755067080605,17.862132282042193,0.009099996532313526,0.0,11.455989302183674,6.3970429833262035,0,30.6550289959106,1961.9218557382785,2097152.0,2,0.0,0.0,1.0,0.0,0.0,51.763601329608676,0.006499991286545992,0.0,31.69083966084007,20.066261677482057,0,1,0,0.0,0.0,25.881800664804338,0,0,2097152,8,4,0.0,2,0.0,0,0,1.0,0.0,4,4,0,1.0,0.0,0.0,343.0,0,0.0,1.0,0.0,0.0,1.0,0.0,256,1024,0,0.0,273.15744861135227,164.0786999487318,0.0,95.90741668678092,13.171331975839529,0,1083.8443440030812,0,822.8767440038052,9.604323469624022e-07,8.584418078939136e-07,7.24865611399327e-07,2.853188607480794e-08,7.293453040248363e-08,5.176360132960867e-07,3.162842196029021e-06,no_hotcold,nsga2
0,343,343,train,2.530843675136566,0.263671875,0.70703125,8,64,512,103.4767999954056,16.34345120020389,2.2972607522034973,18.04221549051223,63.90290000126697,6.422590651681076,13.698738787703174,20.12132943938425,0.006600006599910557,0.0,11.624730600014193,8.489998832770148,0,77.31126870067975,4947.921196843504,2097152.0,2,0.0,0.0,1.0,0.0,0.0,50.07975751336454,0.006599992047995329,0.0,30.62750379257261,19.445653728743938,0,1,0,0.0,0.0,25.03987875668227,0,0,2097152,8,4,0.0,2,0.0,0,0,1.0,0.0,4,0,0,0.0,0.0,0.0,344.0,4,0.0,1.0,0.0,0.0,1.0,0.0,256,1024,0,0.0,146.73170977167848,35.9712999779731,0.0,94.2507036279692,16.50970616573617,0,1083.8443440030812,0,980.3675440076756,3.2686902400407785e-07,9.189043008813989e-07,7.216886196204893e-07,3.211295325840538e-08,8.219243272621903e-08,5.007975751336454e-07,2.582564905624236e-06,no_hotcold,nsga2
0,344,344,train,2.5351938605308533,0.244140625,0.65234375,8,64,512,282.83830000145826,48.352733751945976,2.112909361994947,17.870584735929945,40.61869998986367,6.745596404208026,12.166094980764482,18.911691384972507,0.007399998139590025,0.0,11.782706326016879,7.121585060816039,0,28.284612498895147,1810.2151999292894,2097152.0,2,0.0,0.0,1.0,0.0,0.0,50.18320517661525,0.00689999433234334,0.0,29.198706461004683,20.97759872127822,0,1,0,0.0,0.0,25.091602588307627,0,0,2097152,8,4,0.0,2,0.0,0,0,1.0,0.0,4,4,0,1.0,0.0,0.0,345.0,0,0.0,1.0,0.0,0.0,1.0,0.0,256,1024,0,0.0,273.3449113994835,165.10810001636855,0.0,94.9590333115863,13.277778071528644,0,1083.8443440030812,0,801.006044001623,9.670546750389195e-07,8.451637447979789e-07,7.148233894371979e-07,3.372798202104013e-08,7.299656988458688e-08,5.018320517661525e-07,3.135598412945876e-06,no_hotcold,nsga2
0,345,345,train,2.704767167568207,0.205078125,0.625,8,64,512,412.59700000227895,75.54496235566096,2.2165575322651976,18.776351800376876,34.3667999986792,5.788204396365065,13.626204811964321,19.414409208329385,0.006900008884258568,0.0,12.26360954338178,7.143899656063347,0,19.389332958365802,1240.9173093354113,2097152.0,2,0.0,0.0,1.0,0.0,0.0,50.284363505355245,0.006999995093792677,0.0,31.401785829300454,18.875577680961,0,1,0,0.0,0.0,25.142181752677622,0,0,2097152,8,4,0.0,2,0.0,0,0,1.0,0.0,4,0,0,0.0,0.0,0.0,346.0,4,0.0,1.0,0.0,0.0,1.0,0.0,256,1024,0,0.0,386.1514867532121,273.94520002417266,0.0,97.9292613319968,14.277025397042676,0,1083.8443440030812,0,671.2473440008023,1.5108992471132192e-06,8.866230129060791e-07,7.510540720150752e-07,2.8941021981825328e-08,8.175722887178593e-08,5.028436350535525e-07,3.762118217941537e-06,no_hotcold,nsga2
0,346,346,train,2.5779165029525757,0.259765625,0.642578125,8,64,512,322.7917000040179,58.25673402815538,2.1178134190277063,17.270345274233428,37.215100004686974,6.641205260946693,12.493039223252575,19.134244484199268,0.007499998901039362,0.0,12.625522859234955,6.501221626063275,0,24.783707933606994,1586.1573077508476,2097152.0,2,0.0,0.0,1.0,0.0,0.0,50.847233559108865,0.007399998139590025,0.0,29.821997158579123,21.017836402390152,0,1,0,0.0,0.0,25.423616779554433,0,0,2097152,8,4,0.0,2,0.0,0,0,1.0,0.0,4,4,0,1.0,0.0,0.0,347.0,0,0.0,1.0,0.0,0.0,1.0,0.0,256,1024,0,0.0,310.57957088566604,205.45809998293407,0.0,92.45624176249034,12.66522914024164,0,1083.8443440030812,0,761.0526439990633,1.1651346805631076e-06,8.471253676110825e-07,6.908138109693373e-07,3.3206026304733465e-08,7.495823533951544e-08,5.084723355910886e-07,3.3197104563788647e-06,no_hotcold,nsga2
0,347,347,train,2.725025951862335,0.19140625,0.62109375,8,64,512,343.8970999995945,61.42973595116878,2.197793560575165,19.08223153815861,37.60949999559671,6.771068826741908,13.970878941059766,20.741947767801676,0.007399998139590025,0.0,12.826719256800395,7.9078285128616885,0,23.262704853587252,1488.8131106295841,2097152.0,2,0.0,0.0,1.0,0.0,0.0,54.3744982950149,0.006900008884258568,0.0,33.75839079481187,20.609207491318777,0,1,0,0.0,0.0,27.18724914750745,0,0,2097152,8,4,0.0,2,0.0,0,0,1.0,0.0,4,0,0,0.0,0.0,0.0,348.0,4,0.0,1.0,0.0,0.0,1.0,0.0,256,1024,0,0.0,330.8390441996102,217.41080001811497,0.0,97.40882355500338,16.01942062649186,0,1083.8443440030812,0,739.9472440034867,1.2285947190233758e-06,8.791174242300659e-07,7.632892615263444e-07,3.385534413370954e-08,8.382527364635858e-08,5.437449829501491e-07,3.5324270055100035e-06,no_hotcold,nsga2
0,348,348,train,2.579293429851532,0.22265625,0.685546875,8,64,512,101.90339999098796,16.734659195769638,2.353672695421897,18.907894288657587,41.4978000044357,6.820282813105337,13.174478754948483,19.994761568053818,0.006799993570894003,0.0,11.859171596612924,8.12878997787,0,78.50495170677114,5024.316909233353,2097152.0,2,0.0,0.0,1.0,0.0,0.0,54.57220270885426,0.006599992047995329,0.0,33.6360236278224,20.929579088983875,0,1,0,0.0,0.0,27.28610135442713,0,0,2097152,8,4,0.0,2,0.0,0,0,1.0,0.0,4,4,0,1.0,0.0,0.0,349.0,0,0.0,1.0,0.0,0.0,1.0,0.0,256,1024,0,0.0,151.98490471939647,39.529800007585436,0.0,96.54100190641752,15.914102805393515,0,912.7964504990791,0,810.8930505080912,3.3469318391539273e-07,9.414690781687588e-07,7.563157715463035e-07,3.410141406552669e-08,7.90468725296909e-08,5.457220270885427e-07,2.691348347314215e-06,no_hotcold,nsga2
0,349,349,train,2.5140387415885925,0.26953125,0.66796875,8,64,512,1496.246600014274,64.81497792283983,2.8277551641361613,19.018129957890828,1256.8458000023384,5.6408620927016235,19.614997587791706,25.25585968049333,0.010400006431154907,0.0,12.224964421530412,13.020495252531763,0,5.346708659665474,342.1893542185903,2097152.0,2,0.0,0.0,1.0,0.0,0.0,46.9304997612947,0.009199997293762863,0.0,28.01876131982344,18.90253844417749,0,1,0,0.0,0.0,23.46524988064735,0,0,2097152,8,4,0.0,2,0.0,0,0,1.0,0.0,4,0,0,0.0,0.0,0.0,350.0,4,0.0,1.0,0.0,0.0,1.0,0.0,256,1024,0,0.0,346.64345217946726,230.97039997810498,0.0,99.68367077781483,15.989381423547453,0,1484.9608675069603,1,-11.285732507313696,1.2962995584567965e-06,1.1311020656544647e-06,7.607251983156332e-07,2.8204310463508117e-08,1.1768998552675022e-07,4.69304997612947e-07,3.8033261160300993e-06,no_hotcold,nsga2
0,350,350,train,2.7014445066452026,0.244140625,0.6328125,8,64,512,97.64609999547247,16.45029553042191,2.217550059301692,19.05307068741167,38.85409999929834,6.250206978812046,13.840776164555434,20.09098314336748,0.007499998901039362,0.0,12.293733187095059,7.789749957371382,0,81.92767629935688,5243.37128315884,2097152.0,2,0.0,0.0,1.0,0.0,0.0,51.343761136220614,0.005999987479299307,0.0,31.411534331488383,19.92622681725293,0,1,0,0.0,0.0,25.671880568110307,0,0,2097152,8,4,0.0,2,0.0,0,0,1.0,0.0,4,4,0,1.0,0.0,0.0,351.0,0,0.0,1.0,0.0,0.0,1.0,0.0,256,1024,0,0.0,150.8836651085411,38.76949993718881,0.0,94.0509914721878,18.06317369916446,0,1484.9608675069603,0,1387.3147675114878,3.2900591060843826e-07,8.87020023720677e-07,7.621228274964667e-07,3.1251034894060234e-08,8.30446569873326e-08,5.134376113622062e-07,2.605882065069181e-06,no_hotcold,nsga2
0,351,351,train,2.5063518285751343,0.26171875,0.69921875,8,64,512,85.63249999133404,14.00883702055352,2.293114478217917,17.705797864289774,37.01300000830088,5.973589576520181,12.582889236271425,18.556478812791607,0.006699992809444666,0.0,11.111000806501204,7.438778013480958,0,93.42138299625246,5978.9685117601575,2097152.0,2,0.0,0.0,1.0,0.0,0.0,52.65044728432952,0.006799993570894003,0.0,32.422285672238644,20.22136161851998,0,1,0,0.0,0.0,26.32522364216476,0,0,2097152,8,4,0.0,2,0.0,0,0,1.0,0.0,4,0,0,0.0,0.0,0.0,352.0,4,0.0,1.0,0.0,0.0,1.0,0.0,256,1024,0,0.0,136.03099745224486,28.397299960488454,0.0,92.74991409201877,14.883783399737622,0,1484.9608675069603,0,1399.3283675156263,2.801767404110704e-07,9.172457912871668e-07,7.08231914571591e-07,2.9867947882600906e-08,7.549733541762855e-08,5.265044728432953e-07,2.5375242024133523e-06,no_hotcold,nsga2
0,352,352,train,2.679614245891571,0.24609375,0.611328125,8,64,512,352.9625999944983,62.04716659678667,2.24318419605116,18.241243543427142,36.539200009428896,6.816248485188846,14.316640234521223,21.13288871971007,0.007099995855242014,0.0,12.879642116182062,8.246146607672765,0,22.6652266696189,1450.5745068556096,2097152.0,2,0.0,0.0,1.0,0.0,0.0,47.94075640504413,0.007100010407157242,0.0,29.6206584010134,18.31299799362357,0,1,0,0.0,0.0,23.970378202522063,0,0,2097152,8,4,0.0,2,0.0,0,0,1.0,0.0,4,4,0,1.0,0.0,0.0,353.0,0,0.0,1.0,0.0,0.0,1.0,0.0,256,1024,0,0.0,330.12637734505984,220.33719999308232,0.0,93.70432795229134,16.084849399686213,0,1484.9608675069603,0,1131.998267512462,1.2409433319357334e-06,8.972736784204642e-07,7.296497417370856e-07,3.408124242594423e-08,8.589984140712734e-08,4.794075640504414e-07,3.467255399976796e-06,no_hotcold,nsga2
0,353,353,train,2.548960864543915,0.283203125,0.634765625,8,64,512,354.5389999926556,64.01704761485351,2.516968784568469,19.08852000929081,36.00259999802802,6.360388004782383,14.917542700698949,21.27793070548133,0.007100010407157242,0.0,12.028362920273697,9.242467774800478,0,22.564449709950143,1444.1247814368091,2097152.0,2,0.0,0.0,1.0,0.0,0.0,52.864713104311264,0.006699992809444666,0.0,32.22399972030837,20.634013391193452,0,1,0,0.0,0.0,26.432356552155632,0,0,2097152,8,4,0.0,2,0.0,0,0,1.0,0.0,4,0,0,0.0,0.0,0.0,354.0,4,0.0,1.0,0.0,0.0,1.0,0.0,256,1024,0,0.0,342.49014563485116,227.38780002691783,0.0,98.98855404477571,16.113791563157587,0,1484.9608675069603,0,1130.4218675143047,1.2803409522970703e-06,1.0067875138273877e-06,7.635408003716323e-07,3.1801940023911915e-08,8.950525620419369e-08,5.286471310431127e-07,3.7006235937673086e-06,no_hotcold,nsga2
0,354,354,train,2.494919240474701,0.26171875,0.658203125,8,64,512,349.848199999542,59.593814629162765,2.159053078591737,19.022509605426563,35.93600000021979,6.6067213781665775,12.011558151824676,18.618279529991256,0.007400012691505253,0.0,12.339305033094668,6.27157448420508,0,22.86699526541857,1463.4876969867885,2097152.0,2,0.0,0.0,1.0,0.0,0.0,52.169319726863904,0.007099995855242014,0.0,31.632677598242672,20.52954213276599,0,1,0,0.0,0.0,26.084659863431952,0,0,2097152,8,4,0.0,2,0.0,0,0,1.0,0.0,4,4,0,1.0,0.0,0.0,355.0,0,0.0,1.0,0.0,0.0,1.0,0.0,256,1024,0,0.0,323.10150925272427,212.1919999626698,0.0,95.41568464219009,15.493824647864374,0,1484.9608675069603,0,1135.1126675074183,1.1918762925832554e-06,8.636212314366948e-07,7.609003842170626e-07,3.303360689083289e-08,7.206934891094806e-08,5.216931972686392e-07,3.443194061307433e-06,no_hotcold,nsga2
0,355,355,train,2.4576621651649475,0.275390625,0.662109375,8,64,512,320.9514000045601,58.50429323329203,2.2686725290068686,18.27414290881171,39.049099999829195,6.043637090691561,12.250453225354718,18.29409031604628,0.007599999662488699,0.0,11.870842755319263,6.415647561064528,0,24.925814544107897,1595.2521308229054,2097152.0,2,0.0,0.0,1.0,0.0,0.0,51.262258344613954,0.007399998139590025,0.0,31.178010025429867,20.076848321044498,0,1,0,0.0,0.0,25.631129172306977,0,0,2097152,8,4,0.0,2,0.0,0,0,1.0,0.0,4,0,0,0.0,0.0,0.0,356.0,4,0.0,1.0,0.0,0.0,1.0,0.0,256,1024,0,0.0,316.1884346844425,207.1849999774713,0.0,93.39376841051507,15.609666296456094,0,1484.9608675069603,0,1164.0094675024002,1.1700858646658407e-06,9.074690116027476e-07,7.309657163524685e-07,3.021818545345781e-08,7.35027193521283e-08,5.126225834461395e-07,3.424864080872782e-06,no_hotcold,nsga2
0,356,356,train,2.6799224615097046,0.259765625,0.625,8,64,512,371.06030000722967,65.78344838264658,2.1256442901498893,18.025801527199633,39.98169999977108,6.155408974370435,12.55663209524396,18.712041069614397,0.007499998901039362,0.0,11.71659006676935,6.987951003944008,0,21.559780014364556,1379.8259209193316,2097152.0,2,0.0,0.0,1.0,0.0,0.0,51.27362038393929,0.0070999813033267856,0.0,31.376035282926125,19.890485119709833,0,1,0,0.0,0.0,25.636810191969644,0,0,2097152,8,4,0.0,2,0.0,0,0,1.0,0.0,4,4,0,1.0,0.0,0.0,357.0,0,0.0,1.0,0.0,0.0,1.0,0.0,256,1024,0,0.0,343.73957679998443,234.02320002787746,0.0,96.50641848750479,13.209958284602143,0,1484.9608675069603,0,1113.9005674997306,1.3156689676529315e-06,8.502577160599557e-07,7.210320610879854e-07,3.0777044871852176e-08,7.533979257146375e-08,5.127362038393928e-07,3.5058117860835815e-06,no_hotcold,nsga2
0,357,357,train,2.5709259510040283,0.259765625,0.626953125,8,64,512,342.06610001274385,61.11715462394102,2.252870914129859,18.13877114044984,38.223800002015196,6.780043512351964,14.518949985117365,21.29899349746933,0.007299997378140688,0.0,12.727022726350445,8.564670773740744,0,23.38722431856778,1496.782356388338,2097152.0,2,0.0,0.0,1.0,0.0,0.0,50.284016146038724,0.006599992047995329,0.0,31.050282073142757,19.227134080847968,0,1,0,0.0,0.0,25.142008073019362,0,0,2097152,8,4,0.0,2,0.0,0,0,1.0,0.0,4,0,0,0.0,0.0,0.0,358.0,4,0.0,1.0,0.0,0.0,1.0,0.0,256,1024,0,0.0,326.03518671408284,215.75410003424622,0.0,94.99462263455882,15.286464045277802,0,1484.9608675069603,0,1142.8947674942165,1.2223430924788203e-06,9.011483656519436e-07,7.255508456179935e-07,3.390021756175982e-08,8.711369991070418e-08,5.028401614603873e-07,3.472896382681609e-06,no_hotcold,nsga2
0,358,358,train,2.5454708337783813,0.26171875,0.619140625,8,64,512,322.92839999718126,58.92147109181341,2.3930457313662217,18.555844076436593,35.07749999698717,6.345907423437302,13.917146106273584,20.263053529710888,0.007499998901039362,0.0,11.462035055643355,8.793518475166493,0,24.773216684729945,1585.4858678227165,2097152.0,2,0.0,0.0,1.0,0.0,0.0,51.25113206068284,0.006499991286545992,0.0,30.268671289129298,20.975960780267002,0,1,0,0.0,0.0,25.62556603034142,0,0,2097152,8,4,0.0,2,0.0,0,0,1.0,0.0,4,4,0,1.0,0.0,0.0,359.0,0,0.0,1.0,0.0,0.0,1.0,0.0,256,1024,0,0.0,319.4814435984649,207.848499994725,0.0,95.25801003461666,16.374933569123257,0,1484.9608675069603,0,1162.032467509779,1.1784294218362683e-06,9.57218292546489e-07,7.422337630574638e-07,3.172953711718651e-08,8.35028766376415e-08,5.125113206068285e-07,3.5056252118018776e-06,no_hotcold,nsga2
0,359,359,train,2.5056686401367188,0.298828125,0.646484375,8,64,512,103.02889999002218,14.354550753701545,2.2788660684853035,18.210606812304633,47.34249999455642,6.273702181770615,15.248756395196107,21.52245857696672,0.007000009645707905,0.0,12.631427668986888,8.884030898334126,0,77.64736256926146,4969.4312044327335,2097152.0,2,0.0,0.0,1.0,0.0,0.0,48.959014096579104,0.007199996616691351,0.0,29.87783909812445,19.073975001837958,0,1,0,0.0,0.0,24.479507048289552,0,0,2097152,8,4,0.0,2,0.0,0,0,1.0,0.0,4,0,0,0.0,0.0,0.0,360.0,4,0.0,1.0,0.0,0.0,1.0,0.0,256,1024,0,0.0,139.3760945379659,31.147999980021268,0.0,91.05142657471046,17.17666798323419,0,912.7964504990791,0,809.767550509057,2.8709101507403093e-07,9.115464273941214e-07,7.284242724921853e-07,3.1368510908853075e-08,9.149253837117663e-08,4.895901409657911e-07,2.539512905206158e-06,no_hotcold,nsga2
0,360,360,train,2.547921061515808,0.283203125,0.634765625,8,64,512,302.8788999945391,50.13846074798337,2.678861891696508,19.009504460458807,314.3681000074139,78.61753392130014,17.354797853739218,95.97233177503935,72.12279998930171,0.0,12.537641188312943,11.311890597424703,0,26.413109619173277,1690.4390156270897,2097152.0,2,0.0,0.0,1.0,0.0,0.0,50.281154940242196,0.010800009476952255,0.0,30.859452536045104,19.410902394720132,0,1,0,0.0,0.0,25.140577470121098,0,0,2097152,8,4,0.0,2,0.0,0,0,1.0,0.0,4,4,0,1.0,0.0,0.0,361.0,0,0.0,1.0,0.0,0.0,1.0,0.0,256,1024,0,0.0,287.3073084005548,173.7761999684153,0.0,93.43023248037564,20.10087595176378,0,912.7964504990791,0,609.91755050454,1.0027692149596675e-06,1.0715447566786034e-06,7.603801784183524e-07,3.9308766960650073e-07,1.0412878712243529e-07,5.02811549402422e-07,3.834722156187981e-06,no_hotcold,nsga2
0,361,361,train,2.4941017627716064,0.291015625,0.63671875,8,64,512,3825.449000010849,813.1076083252492,4.978070124095698,33.69816312613035,57.02459999884013,7.206203335583002,39.89311522644398,47.09931856202698,0.006100002792663872,0.0,12.565152960119828,34.52806559911449,0,2.0912572377046654,133.8404632130986,2097152.0,2,0.0,0.0,1.0,0.0,0.0,51.414368034763825,0.007099995855242014,0.0,31.128239042079827,20.27902899682876,0,1,0,0.0,0.0,25.707184017381913,0,0,2097152,8,4,0.0,2,0.0,0,0,1.0,0.0,4,0,0,0.0,0.0,0.0,362.0,4,0.0,1.0,0.0,0.0,1.0,0.0,256,1024,0,0.0,3407.135366301901,3222.882699978072,0.0,95.66724283529264,88.5854234885359,0,1484.9608675069603,1,-2340.4881325038887,1.6262152166504984e-05,1.9912280496382792e-06,1.347926525045214e-06,3.603101667791501e-08,2.393586913586639e-07,5.141436803476383e-07,2.039084012957269e-05,no_hotcold,nsga2
0,362,362,train,2.4977424144744873,0.29296875,0.671875,8,64,512,395.3218999959063,69.5119102132185,2.5473545706777134,19.293722307143923,47.94140000012703,7.961569023047988,16.615410049830444,24.576979072878434,0.007400012691505253,0.0,11.582141730731761,12.987437329455169,0,20.236621759282965,1295.1437925941098,2097152.0,2,0.0,0.0,1.0,0.0,0.0,48.836075826559316,0.006999995093792677,0.0,29.169052148465415,19.660023683000112,0,1,0,0.0,0.0,24.418037913279658,0,0,2097152,8,4,0.0,2,0.0,0,0,1.0,0.0,4,4,0,1.0,0.0,0.0,363.0,0,0.0,1.0,0.0,0.0,1.0,0.0,256,1024,0,0.0,365.4119483641606,247.54139999276958,0.0,95.30717173986079,22.563376631530218,0,1484.9608675069603,0,1089.638967511054,1.3902382042643703e-06,1.0189418282710853e-06,7.71748892285757e-07,3.9807845115239946e-08,9.969246029898266e-08,4.883607582655932e-07,3.8087899885010284e-06,no_hotcold,nsga2
0,363,363,train,2.52698677778244,0.263671875,0.63671875,8,64,512,86.28100001078565,14.365350470783172,2.33917315874188,18.412566145976168,50.13380000309553,6.166303734276925,14.300036269412896,20.466340003689822,0.00689999433234334,0.0,12.21438731217848,8.245052697178998,0,92.71922300132083,5934.030272084533,2097152.0,2,0.0,0.0,1.0,0.0,0.0,49.85216749686069,0.00689999433234334,0.0,30.21578624876294,19.62948125376541,0,1,0,0.0,0.0,24.926083748430344,0,0,2097152,8,4,0.0,2,0.0,0,0,1.0,0.0,4,0,0,0.0,0.0,0.0,364.0,4,0.0,1.0,0.0,0.0,1.0,0.0,256,1024,0,0.0,140.46835910200488,30.091700013144873,0.0,94.07223559673268,16.30442349212733,0,1484.9608675069603,0,1398.6798674961747,2.873070094156634e-07,9.356692634967519e-07,7.365026458390467e-07,3.0831518671384625e-08,8.580021761647736e-08,4.98521674968607e-07,2.574632330007931e-06,no_hotcold,nsga2
0,364,364,train,2.559739887714386,0.275390625,0.630859375,8,64,512,103.45239999878686,14.134175535923365,2.388942295622079,18.874339073943183,37.1028999943519,5.712991989178407,16.063176056219003,21.776168045397412,0.006999995093792677,0.0,11.590331836840717,10.178836213462903,0,77.32950294619424,4949.088188556431,2097152.0,2,0.0,0.0,1.0,0.0,0.0,48.38672900777547,0.006599992047995329,0.0,29.635961298875227,18.744167716852246,0,1,0,0.0,0.0,24.193364503887736,0,0,2097152,8,4,0.0,2,0.0,0,0,1.0,0.0,4,4,0,1.0,0.0,0.0,365.0,0,0.0,1.0,0.0,0.0,1.0,0.0,256,1024,0,0.0,141.58982762195453,30.401600030018017,0.0,94.76515422932073,16.423073362615767,0,1484.9608675069603,0,1381.5084675081735,2.826835107184673e-07,9.555769182488315e-07,7.549735629577274e-07,2.856495994589204e-08,9.637905633731401e-08,4.838672900777547e-07,2.6020452982859867e-06,no_hotcold,nsga2
0,365,365,train,2.4461975693702698,0.296875,0.66015625,8,64,512,411.15300000819843,75.5184509542845,2.3264634852776593,18.246189139915533,35.63220000069123,7.942680391764947,12.699591179721395,20.64227157148634,0.007000009645707905,0.0,11.177494981460136,9.457776580380497,0,19.457429575877846,1245.2754928561822,2097152.0,2,0.0,0.0,1.0,0.0,0.0,53.31784326824659,0.006599992047995329,0.0,33.16047050352185,20.15077277267675,0,1,0,0.0,0.0,26.658921634123296,0,0,2097152,8,4,0.0,2,0.0,0,0,1.0,0.0,4,0,0,0.0,0.0,0.0,366.0,4,0.0,1.0,0.0,0.0,1.0,0.0,256,1024,0,0.0,384.3644143179108,271.5882000338752,0.0,94.54105472389845,18.235159560137127,0,1484.9608675069603,0,1073.8078674987619,1.51036901908569e-06,9.305853941110639e-07,7.298475655966215e-07,3.971340195882474e-08,7.619754707832837e-08,5.33178432682466e-07,3.819891360512995e-06,no_hotcold,nsga2
0,366,366,train,2.453518509864807,0.3046875,0.666015625,8,64,512,350.4747999977553,63.22760290916057,2.327030195951111,18.594646286657813,35.441500003798865,5.861985145586988,14.166308192473899,20.028293338060887,0.007100010407157242,0.0,10.85118951609799,9.170003811555738,0,22.826112387934455,1460.871192827805,2097152.0,2,0.0,0.0,1.0,0.0,0.0,49.52342272373603,0.006400005077011883,0.0,30.3146052039013,19.20241751475772,0,1,0,0.0,0.0,24.761711361868016,0,0,2097152,8,4,0.0,2,0.0,0,0,1.0,0.0,4,4,0,1.0,0.0,0.0,367.0,0,0.0,1.0,0.0,0.0,1.0,0.0,256,1024,0,0.0,336.59711756707793,224.96109998610336,0.0,95.38760776811505,16.248409812859563,0,1484.9608675069603,0,1134.486067509205,1.2645520581832112e-06,9.308120783804445e-07,7.437858514663125e-07,2.9309925727934942e-08,8.499784915484338e-08,4.952342272373603e-07,3.5486919901501065e-06,no_hotcold,nsga2
0,367,367,train,2.400454878807068,0.30859375,0.67578125,8,64,512,100.48019999521784,14.39861136478155,2.3549120102170003,18.72571227628498,59.12069999612868,6.786210341621495,15.761732499830888,22.547942841452382,0.00829999044071883,0.0,12.978480949613047,9.561161901398616,0,79.61688356011612,5095.480547847432,2097152.0,2,0.0,0.0,1.0,0.0,0.0,49.97681681599379,0.00960000033956021,0.0,31.072154440223283,18.895062375430953,0,1,0,0.0,0.0,24.988408407996896,0,0,2097152,8,4,0.0,2,0.0,0,0,1.0,0.0,4,0,0,0.0,0.0,0.0,368.0,4,0.0,1.0,0.0,0.0,1.0,0.0,256,1024,0,0.0,141.91694260513412,30.646000028355047,0.0,95.39000817189483,15.880934404884243,0,1484.9608675069603,0,1384.4806675117425,2.87972227295631e-07,9.419648040868001e-07,7.490284910513993e-07,3.3931051708107475e-08,9.457039499898532e-08,4.997681681599379e-07,2.6072351373008615e-06,no_hotcold,nsga2
0,368,368,train,2.487155020236969,0.28515625,0.6640625,8,64,512,488.82460000459105,88.44443630653643,2.1631633002658077,17.543258370183302,36.42869999748655,5.922788776598873,12.903196677847246,18.82598545444612,0.007099995855242014,0.0,11.292438088680246,7.526447369910631,0,16.36575498485526,1047.4083190307367,2097152.0,2,0.0,0.0,1.0,0.0,0.0,48.60697036264701,0.009100011084228754,0.0,29.196521624851684,19.4013487267111,0,1,0,0.0,0.0,24.303485181323506,0,0,2097152,8,4,0.0,2,0.0,0,0,1.0,0.0,4,4,0,1.0,0.0,0.0,369.0,0,0.0,1.0,0.0,0.0,1.0,0.0,256,1024,0,0.0,432.60343190794214,325.7456999999704,0.0,92.76627108313366,14.091460824838085,0,1147.1973700109054,0,658.3727700063143,1.7688887261307288e-06,8.652653201063232e-07,7.017303348073322e-07,2.9613943882994368e-08,7.741918006708347e-08,4.860697036264702e-07,3.928987208620932e-06,no_hotcold,nsga2
0,369,369,train,2.5453805923461914,0.263671875,0.642578125,8,64,512,426.987700004247,21.093127761298007,3.1259426846851825,21.326823204329756,95.37490000366233,7.176807422354793,20.598658302797137,27.775465725151932,0.00790000194683671,0.0,12.488762762137673,15.27880296106742,0,18.73585881762311,1199.094964327879,2097152.0,2,0.0,0.0,1.0,0.0,0.0,48.988219673702716,0.011199997970834374,0.0,29.728588694701962,19.24843098102992,0,1,0,0.0,0.0,24.494109836851358,0,0,2097152,8,4,0.0,2,0.0,0,0,1.0,0.0,4,0,0,0.0,0.0,0.0,370.0,4,0.0,1.0,0.0,0.0,1.0,0.0,256,1024,0,0.0,182.18357460125176,57.20010001095943,0.0,91.47791103541886,33.50556355487349,0,1147.1973700109054,0,720.2096700066584,4.218625552259603e-07,1.250377073874073e-06,8.530729281731903e-07,3.5884037111773966e-08,1.2359194981678282e-07,4.898821967370272e-07,3.1746707409388073e-06,no_hotcold,nsga2
0,370,370,train,2.5042015314102173,0.271484375,0.66015625,8,64,512,5026.223199995002,1162.116347112254,2.3952672116591804,18.25896818355958,48.23519999627024,253.5419435857839,15.502910804337514,269.04485439012143,0.006299989763647318,0.0,11.320233980691478,257.7183204196663,0,1.5916520397175986,101.86573054192631,2097152.0,2,0.0,0.0,1.0,0.0,0.0,52.66582420405087,0.00689999433234334,0.0,32.91805404553743,19.7408701641811,0,1,0,0.0,0.0,26.332912102025436,0,0,2097152,8,4,0.0,2,0.0,0,0,1.0,0.0,4,4,0,1.0,0.0,0.0,371.0,0,0.0,1.0,0.0,0.0,1.0,0.0,256,1024,0,0.0,4731.082330029892,4075.6399000092642,0.0,91.51100535098828,563.9314246696389,0,3055.0387120136224,1,-1971.1844879813793,2.3242326942245086e-05,9.581068846636723e-07,7.303587273423832e-07,1.2677097179289196e-06,9.301746482602507e-08,5.266582420405087e-07,2.6818177979046597e-05,no_hotcold,nsga2
0,371,371,train,2.478150486946106,0.263671875,0.673828125,8,64,512,277.1721000026446,49.444192949940486,2.1393787454409723,17.356919067588024,43.305099999997765,5.932506541210283,13.249393025720419,19.181899566930703,0.007699985872022808,0.0,11.773602215254352,7.400597365804327,0,28.862829762064468,1847.221104772126,2097152.0,2,0.0,0.0,1.0,0.0,0.0,52.3127045041757,0.007199996616691351,0.0,32.829886371921354,19.475618135637653,0,1,0,0.0,0.0,26.15635225208785,0,0,2097152,8,4,0.0,2,0.0,0,0,1.0,0.0,4,0,0,0.0,0.0,0.0,372.0,4,0.0,1.0,0.0,0.0,1.0,0.0,256,1024,0,0.0,275.76196305187796,170.2254000119865,0.0,92.38207490563335,13.154488134258086,0,3055.0387120136224,0,2777.866612010978,9.888838589988099e-07,8.557514981763888e-07,6.94276762703521e-07,2.9662532706051416e-08,7.949635815432251e-08,5.23127045041757e-07,3.1711980557808505e-06,no_hotcold,nsga2
0,372,372,train,2.7007035613059998,0.21484375,0.5859375,8,64,512,346.2292000040179,60.65786883093135,2.349500464703842,18.657142765329887,38.80199999548495,5.803936627090969,15.32583831748445,21.12977494457542,0.006999995093792677,0.0,11.514694469037803,9.608080480443821,0,23.106014437524983,1478.784924001599,2097152.0,2,0.0,0.0,1.0,0.0,0.0,53.604379994460366,0.007599999662488699,0.0,32.45730529685615,21.13947469794173,0,1,0,0.0,0.0,26.802189997230183,0,0,2097152,8,4,0.0,2,0.0,0,0,1.0,0.0,4,4,0,1.0,0.0,0.0,373.0,0,0.0,1.0,0.0,0.0,1.0,0.0,256,1024,0,0.0,326.6580482438603,213.96939999249298,0.0,97.11488350480698,15.57376474656037,0,3055.0387120136224,0,2708.8095120096045,1.2131573766186272e-06,9.398001858815369e-07,7.462857106131955e-07,2.9019683135454845e-08,9.195502990490669e-08,5.360437999446037e-07,3.556261786098325e-06,no_hotcold,nsga2
0,373,373,train,2.5622316002845764,0.2578125,0.66015625,8,64,512,338.48459999717306,60.12150593430954,2.2641262983303934,17.562360683252614,36.753299995325506,6.546305742127301,11.751728640460264,18.298034382587566,0.007299997378140688,0.0,11.753994786917442,6.536739598291981,0,23.634683425430254,1512.6197392275362,2097152.0,2,0.0,0.0,1.0,0.0,0.0,52.095539957682746,0.010299991117790341,0.0,33.20119999834893,18.88403996821602,0,1,0,0.0,0.0,26.047769978841373,0,0,2097152,8,4,0.0,2,0.0,0,0,1.0,0.0,4,0,0,0.0,0.0,0.0,374.0,4,0.0,1.0,0.0,0.0,1.0,0.0,256,1024,0,0.0,319.7919716635702,212.55320002092049,0.0,93.44504862064596,13.793723022003736,0,3055.0387120136224,0,2716.5541120164494,1.202430118686191e-06,9.056505193321573e-07,7.024944273301047e-07,3.273152871063651e-08,7.051037184276158e-08,5.209553995768274e-07,3.434772365478679e-06,no_hotcold,nsga2
0,374,374,train,2.619051516056061,0.234375,0.62890625,8,64,512,355.197800003225,62.384747507191214,2.1281553847839527,17.462629164145554,43.046399994636886,5.572570899467349,12.05459352562699,17.62716442509434,0.007400012691505253,0.0,10.996150856945606,6.6236135554572275,0,22.52259861217821,1441.4463111794055,2097152.0,2,0.0,0.0,1.0,0.0,0.0,52.30046830748164,0.007200011168606579,0.0,31.471157623220435,20.822110673092595,0,1,0,0.0,0.0,26.15023415374082,0,0,2097152,8,4,0.0,2,0.0,0,0,1.0,0.0,4,4,0,1.0,0.0,0.0,375.0,0,0.0,1.0,0.0,0.0,1.0,0.0,256,1024,0,0.0,327.90212822448285,222.3334000009345,0.0,92.54253637319604,13.026191850352358,0,3055.0387120136224,0,2699.8409120103975,1.2476949501438243e-06,8.512621539135813e-07,6.985051665658222e-07,2.7862854497336747e-08,7.232756115376194e-08,5.230046830748164e-07,3.4206573693491427e-06,no_hotcold,nsga2
0,375,375,train,2.5734682083129883,0.259765625,0.65234375,8,64,512,370.9847999998601,64.91261663761458,2.1390665101612596,18.015520831212548,38.91609999118373,5.524121958332534,13.082837407446739,18.606959365779275,0.007000009645707905,0.0,10.734618174042442,7.865341182091123,0,21.564167685132468,1380.106731848478,2097152.0,2,0.0,0.0,1.0,0.0,0.0,51.16266531586287,0.006200003554113209,0.0,31.804935322908968,19.351529989399786,0,1,0,0.0,0.0,25.581332657931434,0,0,2097152,8,4,0.0,2,0.0,0,0,1.0,0.0,4,0,0,0.0,0.0,0.0,376.0,4,0.0,1.0,0.0,0.0,1.0,0.0,256,1024,0,0.0,340.2688159159535,230.5853999860119,0.0,94.787635658742,14.895780271199623,0,3055.0387120136224,0,2684.0539120137623,1.2982523327522915e-06,8.556266040645037e-07,7.20620833248502e-07,2.7620609791662672e-08,7.849702444468042e-08,5.116266531586286e-07,3.4922440574602686e-06,no_hotcold,nsga2
0,376,376,train,2.6026952266693115,0.23046875,0.65625,8,64,512,334.5499999995809,60.844867939572616,2.358392402431221,19.046513199582986,51.61059999954887,5.448300709335553,14.990051643860813,20.438352353196365,0.007599999662488699,0.0,11.191888058498705,9.238864295035171,0,23.912647100173135,1530.4094144110807,2097152.0,2,0.0,0.0,1.0,0.0,0.0,46.92460780717088,0.007599999662488699,0.0,28.10669211383264,18.81031569367575,0,1,0,0.0,0.0,23.46230390358544,0,0,2097152,8,4,0.0,2,0.0,0,0,1.0,0.0,4,4,0,1.0,0.0,0.0,377.0,0,0.0,1.0,0.0,0.0,1.0,0.0,256,1024,0,0.0,328.99909416634733,216.9300000387011,0.0,95.68561753840042,16.383476589245767,0,3055.0387120136224,0,2720.4887120140415,1.2168973587914524e-06,9.433569609724886e-07,7.618605279833195e-07,2.7241503546677764e-08,8.994030986316487e-08,4.692460780717088e-07,3.508542739228812e-06,no_hotcold,nsga2
0,377,377,train,2.6074830293655396,0.25390625,0.619140625,8,64,512,5384.9161000107415,944.7610710972765,2.4926520684359823,407.8335312811071,50.51600000297185,6.823506313117308,15.745819328390505,22.569325641507813,0.006799993570894003,0.0,11.963231358025233,10.599294289911686,0,1.4856310415594034,95.08038665980182,2097152.0,2,0.0,0.0,1.0,0.0,0.0,50.22331322042291,0.007200011168606579,0.0,30.693096011916168,19.52301719733814,0,1,0,0.0,0.0,25.111656610211455,0,0,2097152,8,4,0.0,2,0.0,0,0,1.0,0.0,4,0,0,0.0,0.0,0.0,378.0,4,0.0,1.0,0.0,0.0,1.0,0.0,256,1024,0,0.0,5420.349017787277,3747.132899996359,0.0,96.15515953989467,1577.0609582510253,0,4934.462291002343,1,-450.4538090083988,1.889522142194553e-05,9.970608273743928e-07,1.6313341251244284e-05,3.4117531565586545e-08,9.447491597034301e-08,5.022331322042291e-07,3.683644908030437e-05,no_hotcold,nsga2
0,378,378,train,2.5124675035476685,0.275390625,0.64453125,8,64,512,257.81319999077823,48.199379269654756,2.340253968286655,17.94516385220256,57.72900000738446,6.219866030512448,15.758784403206276,21.978650433718723,0.006699992809444666,0.0,12.452413141492782,9.519537299416498,0,31.030098420824583,1985.9262989327733,2097152.0,2,0.0,0.0,1.0,0.0,0.0,50.899937341000424,0.008799994247965515,0.0,31.568005908618403,19.323131438134062,0,1,0,0.0,0.0,25.449968670500212,0,0,2097152,8,4,0.0,2,0.0,0,0,1.0,0.0,4,4,0,1.0,0.0,0.0,379.0,0,0.0,1.0,0.0,0.0,1.0,0.0,256,1024,0,0.0,273.9391883605759,166.12980001082178,0.0,92.6584360997423,15.150952250011809,0,4934.462291002343,0,4676.649091011564,9.639875853930953e-07,9.361015873146622e-07,7.178065540881024e-07,3.1099330152562246e-08,9.455270641923764e-08,5.089993734100043e-07,3.252547136777664e-06,no_hotcold,nsga2
0,379,379,train,2.501198410987854,0.26953125,0.681640625,8,64,512,376.224399995408,65.0291946240484,2.2883781239007512,18.128619663254565,36.06650000438094,6.679444350548813,12.824715046614035,19.504159397162848,0.007499998901039362,0.0,11.916305159623018,7.58035423863879,0,21.263848746250634,1360.8863197600406,2097152.0,2,0.0,0.0,1.0,0.0,0.0,50.82955259962805,0.007599985110573471,0.0,31.432536162879607,19.38941645163787,0,1,0,0.0,0.0,25.414776299814026,0,0,2097152,8,4,0.0,2,0.0,0,0,1.0,0.0,4,0,0,0.0,0.0,0.0,380.0,4,0.0,1.0,0.0,0.0,1.0,0.0,256,1024,0,0.0,341.7847696448149,231.5595999971265,0.0,94.62189021864533,15.60327942904307,0,4934.462291002343,0,4558.237891006935,1.3005838924809683e-06,9.153512495603005e-07,7.251447865301827e-07,3.339722175274407e-08,7.694829027968419e-08,5.082955259962805e-07,3.55972096660016e-06,no_hotcold,nsga2
0,380,380,train,2.504455029964447,0.298828125,0.66796875,8,64,512,289.65429999516346,50.34766547558087,2.436192776812847,18.081553104651423,39.079600013792515,6.427949878035318,15.918940552159825,22.346890430195142,0.007599999662488699,0.0,12.45749675845138,9.881793672081272,0,27.619035453981272,1767.6182690548014,2097152.0,2,0.0,0.0,1.0,0.0,0.0,49.404267000370155,0.006599992047995329,0.0,29.664854234617906,19.73281277370425,0,1,0,0.0,0.0,24.702133500185077,0,0,2097152,8,4,0.0,2,0.0,0,0,1.0,0.0,4,4,0,1.0,0.0,0.0,381.0,0,0.0,1.0,0.0,0.0,1.0,0.0,256,1024,0,0.0,283.46164542818053,172.6081000379054,0.0,95.82159219485143,15.031953195423707,0,4934.462291002343,0,4644.807991007179,1.0069533095116174e-06,9.744771107251391e-07,7.232621241860569e-07,3.213974939017659e-08,9.551364331295893e-08,4.940426700037016e-07,3.326388607129651e-06,no_hotcold,nsga2
0,381,381,train,2.5064953565597534,0.248046875,0.693359375,8,64,512,327.60249999410007,61.24342428733445,2.310886416761746,17.744143190121335,36.748899990925565,6.955330531079595,14.790078749182324,21.74540928026192,0.007100010407157242,0.0,12.51751742858444,9.220791841270323,0,24.41976352555475,1562.864865635504,2097152.0,2,0.0,0.0,1.0,0.0,0.0,49.41061532682126,0.006900008884258568,0.0,30.34599987876652,19.057715439170472,0,1,0,0.0,0.0,24.70530766341063,0,0,2097152,8,4,0.0,2,0.0,0,0,1.0,0.0,4,0,0,0.0,0.0,0.0,382.0,4,0.0,1.0,0.0,0.0,1.0,0.0,256,1024,0,0.0,325.1938155768702,215.28090002539102,0.0,94.08931443815764,15.823601113321493,0,4934.462291002343,0,4606.859791008243,1.2248684857466892e-06,9.243545667046983e-07,7.097657276048536e-07,3.477665265539798e-08,8.874047249509394e-08,4.941061532682126e-07,3.476612058474946e-06,no_hotcold,nsga2
0,382,382,train,2.5561097264289856,0.26953125,0.66015625,8,64,512,331.8788000033237,55.94358896459926,2.2568653547944466,17.85623653664917,35.620900001958944,5.835397158400775,12.187818368951596,18.02321552735237,0.007899987394921482,0.0,10.85453409641741,7.160781443540039,0,24.105112754436643,1542.7272162839452,2097152.0,2,0.0,0.0,1.0,0.0,0.0,50.38993610382319,0.006599992047995329,0.0,30.360820063391536,20.02251604838366,0,1,0,0.0,0.0,25.194968051911594,0,0,2097152,8,4,0.0,2,0.0,0,0,1.0,0.0,4,4,0,1.0,0.0,0.0,383.0,0,0.0,1.0,0.0,0.0,1.0,0.0,256,1024,0,0.0,304.2267634241715,196.6169999941485,0.0,93.51180243436492,14.09796099565809,0,4934.462291002343,0,4602.583490999019,1.1188717792919854e-06,9.027461419177786e-07,7.142494614659669e-07,2.9176985792003873e-08,7.312691021370957e-08,5.03899361038232e-07,3.342070639719676e-06,no_hotcold,nsga2
0,383,383,train,2.506003975868225,0.248046875,0.65234375,8,64,512,311.18779999087565,53.37716507677737,2.2627299342972416,18.656672613388952,42.84110000298824,6.23583956032292,13.870946723884153,20.10678628420707,0.00790000194683671,0.0,11.953749963339657,8.145136318920578,0,25.707866093620876,1645.303429991736,2097152.0,2,0.0,0.0,1.0,0.0,0.0,52.319854830491835,0.006700021913275123,0.0,31.487093188869814,20.826061619708746,0,1,0,0.0,0.0,26.159927415245917,0,0,2097152,8,4,0.0,2,0.0,0,0,1.0,0.0,4,0,0,0.0,0.0,0.0,384.0,4,0.0,1.0,0.0,0.0,1.0,0.0,256,1024,0,0.0,297.18627049785425,186.1755000136327,0.0,97.07550052239131,13.935269961830244,0,4934.462291002343,0,4623.274491011467,1.0675433015355476e-06,9.050919737188968e-07,7.462669045355581e-07,3.11791978016146e-08,8.32256803433049e-08,5.231985483049184e-07,3.35650560623984e-06,no_hotcold,nsga2
0,384,384,train,2.564882755279541,0.26171875,0.658203125,8,64,512,342.6495000021532,59.948191675123084,2.322524087112854,18.941660322839393,36.264499998651445,5.719694763649943,13.797835439481593,19.517530203131535,0.007400012691505253,0.0,11.10155903345574,8.40857115698429,0,23.347405008747188,1494.23392055982,2097152.0,2,0.0,0.0,1.0,0.0,0.0,49.84461409571263,0.008200004231184721,0.0,29.425369012814443,20.411045078666994,0,1,0,0.0,0.0,24.922307047856314,0,0,2097152,8,4,0.0,2,0.0,0,0,1.0,0.0,4,4,0,1.0,0.0,0.0,385.0,0,0.0,1.0,0.0,0.0,1.0,0.0,256,1024,0,0.0,324.84950434030134,211.73960003943648,0.0,98.1151719113774,14.994732389487417,0,4934.462291002343,0,4591.8127910001895,1.198963833502462e-06,9.290096348451417e-07,7.576664129135757e-07,2.8598473818249716e-08,8.278701263688955e-08,4.984461409571263e-07,3.4954715086734448e-06,no_hotcold,nsga2
0,385,385,train,2.495960056781769,0.26171875,0.67578125,8,64,512,3421.2633999995887,628.8536079613956,3.1800364428351697,283.64471282165357,48.734199997852556,6.559039978900491,21.469877427589896,28.028917406490386,0.006999995093792677,0.0,12.535108788816515,15.48680862258008,0,2.338316793054919,149.6522747555148,2097152.0,2,0.0,0.0,1.0,0.0,0.0,50.05229935807789,0.00790000194683671,0.0,30.632462891128085,19.411936465002967,0,1,0,0.0,0.0,25.026149679038944,0,0,2097152,8,4,0.0,2,0.0,0,0,1.0,0.0,4,0,0,0.0,0.0,0.0,386.0,4,0.0,1.0,0.0,0.0,1.0,0.0,256,1024,0,0.0,3662.7134289035366,2486.691999991308,0.0,90.82611862536984,1085.1953102868592,0,4934.462291002343,0,1513.198891002754,1.2577072159227912e-05,1.272014577134068e-06,1.1345788512866143e-05,3.279519989450246e-08,1.2881926456553935e-07,5.005229935807789e-07,2.585701270726895e-05,no_hotcold,nsga2
0,386,386,train,2.5081892609596252,0.3125,0.646484375,8,64,512,262.49369999277405,48.43472559577158,2.1777823052936283,17.343675117718853,42.927999995299615,6.368047724298888,12.220333515968683,18.588381240267573,0.007499998901039362,0.0,11.688517283554537,6.892363957811995,0,30.476805818251663,1950.5155723681064,2097152.0,2,0.0,0.0,1.0,0.0,0.0,51.08735561320526,0.006699992809444666,0.0,31.97400324966313,19.10665237073269,0,1,0,0.0,0.0,25.54367780660263,0,0,2097152,8,4,0.0,2,0.0,0,0,1.0,0.0,4,4,0,1.0,0.0,0.0,387.0,0,0.0,1.0,0.0,0.0,1.0,0.0,256,1024,0,0.0,271.82473207513624,165.56459995626938,0.0,93.61966263655754,12.640469482309355,0,4934.462291002343,0,4671.968591009569,9.686945119154317e-07,8.711129221174513e-07,6.937470047087541e-07,3.1840238621494446e-08,7.332200109581208e-08,5.108735561320527e-07,3.149590234590996e-06,no_hotcold,nsga2
0,387,387,train,2.431160867214203,0.29296875,0.681640625,8,64,512,89.0030000009574,15.684350425983997,2.175749699997814,17.866784027415022,49.92580000543967,6.231047876800657,13.687032887915775,19.918080764716432,0.006600021151825786,0.0,12.775376206077048,7.136104537487558,0,89.88360073607866,5752.550447109034,2097152.0,2,0.0,0.0,1.0,0.0,0.0,50.390385836747456,0.006799993570894003,0.0,30.66556888289029,19.71801696028627,0,1,0,0.0,0.0,25.195192918373728,0,0,2097152,8,4,0.0,2,0.0,0,0,1.0,0.0,4,0,0,0.0,0.0,0.0,388.0,4,0.0,1.0,0.0,0.0,1.0,0.0,256,1024,0,0.0,142.90753661358733,33.84429999277927,0.0,94.20137704202365,14.861859578784417,0,4934.462291002343,0,4845.459291001385,3.1368700851967996e-07,8.702998799991258e-07,7.146713610966008e-07,3.115523938400329e-08,8.212219732749465e-08,5.039038583674746e-07,2.515839544694379e-06,no_hotcold,nsga2
0,388,388,train,2.5407718420028687,0.24609375,0.66015625,8,64,512,318.85359999432694,56.87475254179534,2.0354500291389295,18.260885546198253,35.710299998754635,5.907393587668017,12.096088868052114,18.003482455720132,0.006600006599910557,0.0,11.59335341832414,6.40352903079608,0,25.089805824166678,1605.7475727466674,2097152.0,2,0.0,0.0,1.0,0.0,0.0,52.40635238161379,0.007000009645707905,0.0,31.58582110373925,20.81353126822884,0,1,0,0.0,0.0,26.203176190806897,0,0,2097152,8,4,0.0,2,0.0,0,0,1.0,0.0,4,4,0,1.0,0.0,0.0,389.0,0,0.0,1.0,0.0,0.0,1.0,0.0,256,1024,0,0.0,308.6843524685301,199.8466000368353,0.0,96.24586468303342,12.59188774866137,0,4934.462291002343,0,4615.608691008016,1.137495050835907e-06,8.14180011655572e-07,7.304354218479301e-07,2.953696793834009e-08,7.257653320831268e-08,5.24063523816138e-07,3.3082875093022e-06,no_hotcold,nsga2
0,389,389,train,2.433525025844574,0.255859375,0.6796875,8,64,512,88.69060000870377,13.781014512389651,2.4025991578469075,18.88284802135785,49.47929999616463,6.158147276752738,13.747460824031561,19.9056081007843,0.006200003554113209,0.0,11.403508561789728,8.495899535440458,0,90.20019933358873,5772.812757349679,2097152.0,2,0.0,0.0,1.0,0.0,0.0,52.2233145379076,0.006499991286545992,0.0,30.566190347148563,21.65062419947248,0,1,0,0.0,0.0,26.1116572689538,0,0,2097152,8,4,0.0,2,0.0,0,0,1.0,0.0,4,0,0,0.0,0.0,0.0,390.0,4,0.0,1.0,0.0,0.0,1.0,0.0,256,1024,0,0.0,140.26584676637765,29.059200009214692,0.0,94.81044629154968,16.396200465613273,0,4934.462291002343,0,4845.771690993639,2.756202902477931e-07,9.610396631387628e-07,7.553139208543141e-07,3.079073638376369e-08,8.248476494418936e-08,5.22233145379076e-07,2.6274825209478993e-06,no_hotcold,nsga2
0,390,390,train,2.4478925466537476,0.2734375,0.677734375,8,64,512,311.47190000046976,55.3633990895828,2.3777361909482773,18.128271286065534,36.51249999529682,6.516122383752487,14.598939107191883,21.11506149094437,0.007399998139590025,0.0,11.864951723212322,9.24270976959246,0,25.684417488609554,1643.8027192710115,2097152.0,2,0.0,0.0,1.0,0.0,0.0,48.02307444116482,0.007299997378140688,0.0,28.97265606970111,19.04311837408557,0,1,0,0.0,0.0,24.01153722058241,0,0,2097152,8,4,0.0,2,0.0,0,0,1.0,0.0,4,4,0,1.0,0.0,0.0,391.0,0,0.0,1.0,0.0,0.0,1.0,0.0,256,1024,0,0.0,303.47762626638644,191.68420000642072,0.0,96.03921437445788,15.754211885507825,0,4934.462291002343,0,4622.990391001873,1.1072679817916562e-06,9.510944763793112e-07,7.251308514426212e-07,3.2580611918762434e-08,8.759363464315129e-08,4.802307444116483e-07,3.3838983005871506e-06,no_hotcold,nsga2
0,391,391,train,2.479488730430603,0.271484375,0.638671875,8,64,512,339.1183999920031,60.61458116104624,2.263758753054491,17.67823270641321,37.08419999748003,6.269824783218413,13.809450766109272,20.079275549327683,0.006999995093792677,0.0,11.478494849065733,8.593780705168157,0,23.590511189240875,1509.792716111416,2097152.0,2,0.0,0.0,1.0,0.0,0.0,50.73261943916334,0.007099995855242014,0.0,31.75765432141513,18.967865121892963,0,1,0,0.0,0.0,25.36630971958167,0,0,2097152,8,4,0.0,2,0.0,0,0,1.0,0.0,4,0,0,0.0,0.0,0.0,392.0,4,0.0,1.0,0.0,0.0,1.0,0.0,256,1024,0,0.0,322.2262904820558,215.41909998632036,0.0,92.57196362202772,14.235226873707651,0,4734.390418996768,0,4395.272019004765,1.2122916232209248e-06,9.055035012217964e-07,7.071293082565285e-07,3.134912391609206e-08,8.285670459665563e-08,5.073261943916335e-07,3.446456455603631e-06,no_hotcold,nsga2
0,392,392,train,2.3794333934783936,0.265625,0.712890625,8,64,512,307.4013000004925,51.10234633315336,2.2694922698724307,18.729482098710275,35.160800005542114,5.579303268124319,13.887435309330655,19.466738577454976,0.007199996616691351,0.0,11.858677431500277,7.600861149338005,0,26.02452876893629,1665.5698412119225,2097152.0,2,0.0,0.0,1.0,0.0,0.0,54.357939666079595,0.00650000583846122,0.0,33.301695499406385,21.04974416083475,0,1,0,0.0,0.0,27.178969833039798,0,0,2097152,8,4,0.0,2,0.0,0,0,1.0,0.0,4,4,0,1.0,0.0,0.0,393.0,0,0.0,1.0,0.0,0.0,1.0,0.0,256,1024,0,0.0,288.40528280694434,176.2147999543231,0.0,98.5422382751964,13.648244577424796,0,4734.390418996768,0,4426.9891189962755,1.0220469266630674e-06,9.077969079489724e-07,7.49179283948411e-07,2.7896516340621594e-08,8.332461185598392e-08,5.43579396660796e-07,3.333823643417852e-06,no_hotcold,nsga2
0,393,393,train,2.429477274417877,0.25390625,0.6953125,8,64,512,294.65779999736696,52.44759347449565,2.169205820671971,18.13382400022612,37.93310000037309,6.228005499902616,12.48766831984416,18.715673819746776,0.007599999662488699,0.0,11.463700545672761,7.244373274411525,0,27.150046087445844,1737.602949596534,2097152.0,2,0.0,0.0,1.0,0.0,0.0,48.820293668473894,0.00689999433234334,0.0,29.98878834014286,18.82460533399869,0,1,0,0.0,0.0,24.410146834236947,0,0,2097152,8,4,0.0,2,0.0,0,0,1.0,0.0,4,0,0,0.0,0.0,0.0,394.0,4,0.0,1.0,0.0,0.0,1.0,0.0,256,1024,0,0.0,291.00249318157495,182.35969996021595,0.0,95.17455222420185,13.468240997157157,0,4734.390418996768,0,4439.732618999401,1.048951869489913e-06,8.676823282687885e-07,7.253529600090449e-07,3.114002749951308e-08,7.492600991906496e-08,4.88202936684739e-07,3.2362561318710633e-06,no_hotcold,nsga2
0,394,394,train,2.256524384021759,0.302734375,0.720703125,8,64,512,356.4324999897508,68.25018091027376,2.3588029620806354,17.88295752130076,35.19419999793172,5.593691832915063,14.20360081915577,19.797292652070833,0.007499984349124134,0.0,11.367231794640926,8.422560873080783,0,22.44457942429665,1436.4530831549855,2097152.0,2,0.0,0.0,1.0,0.0,0.0,55.906307711714916,0.02479999966453761,0.0,34.71607243337969,21.165435278670678,0,1,0,0.0,0.0,27.953153855857458,0,0,2097152,8,4,0.0,2,0.0,0,0,1.0,0.0,4,4,0,1.0,0.0,0.0,395.0,0,0.0,1.0,0.0,0.0,1.0,0.0,256,1024,0,0.0,353.96776557462056,246.2633000104688,0.0,93.06565663247426,14.63880893167749,0,4734.390418996768,0,4377.957919007017,1.3650036182054752e-06,9.435211848322543e-07,7.153183008520305e-07,2.7968459164575315e-08,8.522160491493462e-08,5.590630771171492e-07,3.6960962450864193e-06,no_hotcold,nsga2
0,395,395,train,2.550713896751404,0.216796875,0.642578125,8,64,512,5298.182099999394,1043.5014977818566,6.7750948443013765,150.39213589112268,49.072900001192465,165.90396689681128,50.546315210337994,216.4502821071493,0.006699992809444666,0.0,11.622837576380295,204.82074453795954,0,1.5099515907634287,96.63690180885943,2097152.0,2,0.0,0.0,1.0,0.0,0.0,47.98494062381334,0.007399998139590025,0.0,29.159930920558914,18.817609705114833,0,1,0,0.0,0.0,23.99247031190667,0,0,2097152,8,4,0.0,2,0.0,0,0,1.0,0.0,4,0,0,0.0,0.0,0.0,396.0,4,0.0,1.0,0.0,0.0,1.0,0.0,256,1024,0,0.0,4802.674914069122,3850.7248000096297,0.0,96.88808752869579,855.0620265307974,0,5693.3806544971585,0,395.19855449776423,2.0870029955637134e-05,2.7100379377205508e-06,6.015685435644905e-06,8.295198344840565e-07,3.032778912620279e-07,4.798494062381334e-07,3.120840046098681e-05,no_hotcold,nsga2
0,396,396,train,2.393000841140747,0.283203125,0.662109375,8,64,512,263.1922000000486,51.095624747402724,2.355606397934414,18.429893798532053,38.12090000428725,5.607551679046557,14.226837713211097,19.834389392257656,0.007800001185387373,0.0,10.907425894747504,8.91916349632476,0,30.395922083087722,1945.3390133176142,2097152.0,2,0.0,0.0,1.0,0.0,0.0,49.16679981963624,0.007300011930055916,0.0,29.404032271348,19.755467536358175,0,1,0,0.0,0.0,24.58339990981812,0,0,2097152,8,4,0.0,2,0.0,0,0,1.0,0.0,4,4,0,1.0,0.0,0.0,397.0,0,0.0,1.0,0.0,0.0,1.0,0.0,256,1024,0,0.0,287.5244997754768,177.84200006281026,0.0,94.6908403067711,14.991659405895437,0,5693.3806544971585,0,5430.18845449711,1.0219124949480545e-06,9.422425591737658e-07,7.371957519412823e-07,2.8037758395232784e-08,8.536102627926657e-08,4.916679981963624e-07,3.306417588933964e-06,no_hotcold,nsga2
0,397,397,train,2.5384312868118286,0.251953125,0.630859375,8,64,512,260.0898000091547,47.109578386954055,2.224090504697795,18.127255964022975,43.40769999544136,5.95483860003552,14.822802012470628,20.777640612506147,0.009399998816661537,0.0,12.337327384989877,8.430913228699609,0,30.75848895738879,1968.5432932728825,2097152.0,2,0.0,0.0,1.0,0.0,0.0,53.56555906450782,0.007199982064776123,0.0,31.83861262619513,21.71974645624792,0,1,0,0.0,0.0,26.78277953225391,0,0,2097152,8,4,0.0,2,0.0,0,0,1.0,0.0,4,0,0,0.0,0.0,0.0,398.0,4,0.0,1.0,0.0,0.0,1.0,0.0,256,1024,0,0.0,269.84369942269933,161.1939999711467,0.0,95.28433537970636,13.365364071846273,0,5693.3806544971585,0,5433.290854488004,9.421915677390813e-07,8.896362018791182e-07,7.250902385609191e-07,2.9774193000177597e-08,8.893681207482376e-08,5.356555906450783e-07,3.2112846038991985e-06,no_hotcold,nsga2
0,398,398,train,2.675945997238159,0.267578125,0.625,8,64,512,324.2294999945443,61.73703981239013,2.334528055716447,18.442719631493148,42.36449999734759,6.85905898343311,13.414788943439063,20.273847926872172,0.008300019544549286,0.0,12.233933460732288,8.031614446595334,0,24.67380459313548,1579.1234939606707,2097152.0,2,0.0,0.0,1.0,0.0,0.0,54.0324975819917,0.006900008884258568,0.0,32.998916043589794,21.026681529517646,0,1,0,0.0,0.0,27.01624879099585,0,0,2097152,8,4,0.0,2,0.0,0,0,1.0,0.0,4,4,0,1.0,0.0,0.0,399.0,0,0.0,1.0,0.0,0.0,1.0,0.0,256,1024,0,0.0,330.0571499983989,219.9953000235837,0.0,94.5599864893255,15.50186348548968,0,5693.3806544971585,0,5369.151154502614,1.2347407962478026e-06,9.338112222865791e-07,7.377087852597259e-07,3.429529491716555e-08,8.048873366063437e-08,5.40324975819917e-07,3.5613698081918247e-06,no_hotcold,nsga2
0,399,399,train,2.695629298686981,0.216796875,0.62109375,8,64,512,318.03549999312963,59.23338980095003,2.2996087741855953,17.937716972740002,36.82759999355767,5.734600621606275,14.339248648733104,20.07384927033938,0.007599999662488699,0.0,10.990491701745745,9.075757568931145,0,25.154345492334436,1609.8781115094039,2097152.0,2,0.0,0.0,1.0,0.0,0.0,50.95925202496473,0.006400005077011883,0.0,31.053853389610587,19.898998630277124,0,1,0,0.0,0.0,25.479626012482363,0,0,2097152,8,4,0.0,2,0.0,0,0,1.0,0.0,4,0,0,0.0,0.0,0.0,400.0,4,0.0,1.0,0.0,0.0,1.0,0.0,256,1024,0,0.0,317.88286219150245,208.51489997585304,0.0,94.32479197917417,15.0431702364753,0,5693.3806544971585,0,5375.345154504029,1.1846677960190006e-06,9.198435096742382e-07,7.175086789096001e-07,2.867300310803138e-08,8.603549189239861e-08,5.095925202496472e-07,3.4463209998529156e-06,no_hotcold,nsga2
0,400,400,val,2.634062945842743,0.248046875,0.638671875,8,64,512,165.78419999859761,21.504413767378757,2.3674359214238576,58.624522548060874,0.0,0.0,0.0,0.0,0.0,0.0,0.0,0.0,0,48.25521216651229,3088.3335786567864,0.0,0,0.0,0.0,0.0,0.0,0.0,0.0,0.0,0.0,0.0,0.0,0,0,0,0.0,0.0,0.0,0,0,0,8,4,0.0,2,0.0,0,0,1.0,0.0,0,0,0,0.0,0.0,0.0,0.0,0,0.0,1.0,0.0,0.0,1.0,0.0,256,1024,0,0.0,329.985488947454,57.469300052616745,150.0,104.77543049635425,17.740758398482946,0,4898.9255534994245,0,4733.141353500827,4.3008827534757515e-07,9.46974368569543e-07,2.72116819533974e-06,0.0,0.0,0.0,4.098230839256858e-06,no_hotcold,nsga2
0,400,400,train,2.6278735995292664,0.23046875,0.6171875,8,64,512,1906.1860000074375,452.06554997265874,77.23911281531947,120.52724004145733,50.498299999162555,6.216002850724173,232.62659080329544,238.84259365401962,0.006600006599910557,220.0,11.49196180176575,7.344031845653962,0,4.196860014242457,268.59904091151725,2097152.0,2,0.0,0.0,1.0,0.0,0.0,48.83262321401848,0.006100002792663872,0.0,31.382754775703482,17.443768435522337,0,1,0,0.0,0.0,24.41631160700924,0,0,2097152,8,4,0.0,2,0.0,0,0,1.0,0.0,4,4,0,1.0,0.0,0.0,401.0,0,0.0,1.0,0.0,0.0,1.0,0.0,256,1024,0,0.0,2599.327611317742,1579.8462000093423,900.0,104.8632281843729,14.618183124026984,0,4898.9255534994245,0,2992.739553491987,9.041310999453175e-06,3.089564512612779e-05,5.191202697275074e-06,3.108001425362087e-08,1.3957595448197725e-06,5.370663391359768e-07,4.709206472106541e-05,no_hotcold,nsga2
0,401,401,train,2.649024724960327,0.2578125,0.6015625,8,64,512,272.34429999953136,51.3615407650519,2.2465842140257264,20.43247745333821,41.13080000388436,6.571131754744941,13.917182137755049,20.48831389249999,0.006700007361359894,0.0,11.607286092310382,8.874327792828248,0,29.37447424285922,1879.96635154299,2097152.0,2,0.0,0.0,1.0,0.0,0.0,51.497110889428924,0.008700008038431406,0.0,34.16780114567491,17.320609735715582,0,1,0,0.0,0.0,25.748555444714462,0,0,2097152,8,4,0.0,2,0.0,0,0,1.0,0.0,4,0,0,0.0,0.0,0.0,402.0,4,0.0,1.0,0.0,0.0,1.0,0.0,256,1024,0,0.0,296.1624097296634,177.96329996781424,0.0,102.59214438723552,15.606965374613601,0,4898.9255534994245,0,4626.581253499893,1.0272308153010382e-06,8.986336856102905e-07,8.864355096634481e-07,3.2855658773724704e-08,8.350309282653028e-08,5.678273764653153e-07,3.4964861386403474e-06,no_hotcold,nsga2
0,402,402,train,2.585344433784485,0.236328125,0.623046875,8,64,512,3787.2247000050265,802.8288107230351,2.792304225721484,40.03059476199283,37.85049999714829,5.861065354980357,16.20405123064553,22.065116585625887,0.006000002031214535,0.0,10.7950973712014,11.26401921239327,0,2.1123642036938497,135.19130903640638,2097152.0,2,0.0,0.0,1.0,0.0,0.0,53.19495148908701,0.006000002031214535,0.0,34.07373594832756,19.115215538728236,0,1,0,0.0,0.0,26.597475744543505,0,0,2097152,8,4,0.0,2,0.0,0,0,1.0,0.0,4,4,0,1.0,0.0,0.0,403.0,0,0.0,1.0,0.0,0.0,1.0,0.0,256,1024,0,0.0,3382.6068388429976,3183.619400006137,0.0,105.63414183111628,93.35329700574464,0,5080.076397002117,0,1292.8516969970906,1.6056576214460705e-05,1.1169216902885936e-06,1.670908089399856e-06,2.9305326774901787e-08,9.722430738387315e-08,5.870512590317912e-07,1.955798688733972e-05,no_hotcold,nsga2
0,403,403,train,2.6683507561683655,0.240234375,0.6171875,8,64,512,336.6257999878144,61.00160408826411,2.245673163472288,20.587923293539614,36.796400003368035,6.601603644033879,12.866975847806689,19.46857949184057,0.008099988917820156,0.0,11.614983388574805,7.8454961143479425,0,23.765190413507167,1520.9721864644587,2097152.0,2,0.0,0.0,1.0,0.0,0.0,49.738687282662454,0.006199989002197981,0.0,31.543576709122902,18.18891058453735,0,1,0,0.0,0.0,24.869343641331227,0,0,2097152,8,4,0.0,2,0.0,0,0,1.0,0.0,4,0,0,0.0,0.0,0.0,404.0,4,0.0,1.0,0.0,0.0,1.0,0.0,256,1024,0,0.0,335.34080218110404,216.73460000602063,0.0,105.839022693665,12.767179481418431,0,5080.076397002117,0,4743.450597014303,1.2200320817652824e-06,8.982692653889154e-07,8.97068098231335e-07,3.300801822016939e-08,7.720185508684013e-08,5.481881290490082e-07,3.6737674477415507e-06,no_hotcold,nsga2
0,404,404,train,2.620289981365204,0.26171875,0.63671875,8,64,512,310.47850000322796,52.29343306423382,2.1155787323421027,21.165426936003268,44.49729999760166,6.489434691543314,13.542924762393891,20.032359453937204,0.006999995093792677,0.0,12.839378093313709,7.185981365529706,0,25.76659650610371,1649.0621763906374,2097152.0,2,0.0,0.0,1.0,0.0,0.0,51.61258475670602,0.006799993570894003,0.0,33.37094742500348,18.234837338131648,0,1,0,0.0,0.0,25.80629237835301,0,0,2097152,8,4,0.0,2,0.0,0,0,1.0,0.0,4,4,0,1.0,0.0,0.0,405.0,0,0.0,1.0,0.0,0.0,1.0,0.0,256,1024,0,0.0,302.2977549303167,182.82119996729307,0.0,105.5098344598545,13.966720503169157,0,5080.076397002117,0,4769.597896998889,1.0458686612846765e-06,8.462314929368412e-07,9.206798357018738e-07,3.244717345771657e-08,8.125754857436334e-08,5.660161194189515e-07,3.4925008313744226e-06,no_hotcold,nsga2
0,405,405,train,2.590752899646759,0.21484375,0.609375,8,64,512,354.7104000026593,60.89227738502524,2.4013904562303443,20.97339188556071,37.70800000347663,5.896697556573595,14.980004859819413,20.87670241639301,0.007199996616691351,0.0,11.130177393077368,9.739325026698948,0,22.55354634765058,1443.4269662496372,2097152.0,2,0.0,0.0,1.0,0.0,0.0,49.3070117630643,0.006900008884258568,0.0,31.930415580463304,17.36969617371674,0,1,0,0.0,0.0,24.65350588153215,0,0,2097152,8,4,0.0,2,0.0,0,0,1.0,0.0,4,0,0,0.0,0.0,0.0,406.0,4,0.0,1.0,0.0,0.0,1.0,0.0,256,1024,0,0.0,337.06823890726514,217.08380000200123,0.0,104.88192849690626,15.102510408357665,0,5080.076397002117,0,4725.365996999458,1.2178455477005049e-06,9.605561824921378e-07,9.106935245215842e-07,2.9483487782867974e-08,8.988002915891646e-08,5.418335596478602e-07,3.7502923313038715e-06,no_hotcold,nsga2
0,406,406,train,2.6539966464042664,0.21875,0.599609375,8,64,512,276.0751000023447,52.38034213045202,2.257965412796637,20.33347247199818,41.6199999890523,6.503511215030819,13.02378076310044,19.52729197813126,0.00689999433234334,0.0,12.095482406999622,7.424909576799294,0,28.97751743063618,1854.5611155607155,2097152.0,2,0.0,0.0,1.0,0.0,0.0,54.809676407300806,0.00650000583846122,0.0,36.66102749176105,18.142148909701294,0,1,0,0.0,0.0,27.404838203650403,0,0,2097152,8,4,0.0,2,0.0,0,0,1.0,0.0,4,4,0,1.0,0.0,0.0,407.0,0,0.0,1.0,0.0,0.0,1.0,0.0,256,1024,0,0.0,299.88712006098734,181.15469999611378,0.0,104.99056041773039,13.741859647143176,0,3984.796326502837,0,3708.7212265004923,1.0476068426090404e-06,9.031861651186547e-07,8.836273525646799e-07,3.25175560751541e-08,7.814268457860264e-08,6.02607830439692e-07,3.547688431385824e-06,no_hotcold,nsga2
0,407,407,train,2.5767929553985596,0.267578125,0.603515625,8,64,512,339.0930999885313,60.74199873946969,2.068222029809155,20.135758549319796,37.24950000469107,6.5596729815520725,12.81812311393744,19.377796095489515,0.007599999662488699,0.0,12.95710275127971,6.413093344547315,0,23.592271290684717,1509.905362603822,2097152.0,2,0.0,0.0,1.0,0.0,0.0,52.74691248487127,0.006700007361359894,0.0,34.008851945163855,18.73136053234605,0,1,0,0.0,0.0,26.373456242435633,0,0,2097152,8,4,0.0,2,0.0,0,0,1.0,0.0,4,0,0,0.0,0.0,0.0,408.0,4,0.0,1.0,0.0,0.0,1.0,0.0,256,1024,0,0.0,331.78391727439464,215.48540002549998,0.0,102.83498939118556,13.463527857709037,0,3984.796326502837,0,3645.7032265143057,1.214839974789394e-06,8.27288811923662e-07,8.755238305251507e-07,3.279836490776036e-08,7.690873868362463e-08,5.795327644565674e-07,3.606892485286159e-06,no_hotcold,nsga2
0,408,408,train,2.5388623476028442,0.220703125,0.65234375,8,64,512,337.2250999964308,58.98490422879995,2.2137090127959445,21.18475958252396,35.57829999772366,6.220328207679837,13.968227914019575,20.188556121699413,0.007299997378140688,0.0,12.250285205304024,7.930970919017248,0,23.722956200853588,1518.2691968546296,2097152.0,2,0.0,0.0,1.0,0.0,0.0,50.910129290825346,0.006999995093792677,0.0,34.260576015900675,16.642553279830878,0,1,0,0.0,0.0,25.455064645412673,0,0,2097152,8,4,0.0,2,0.0,0,0,1.0,0.0,4,4,0,1.0,0.0,0.0,409.0,0,0.0,1.0,0.0,0.0,1.0,0.0,256,1024,0,0.0,329.5334912964794,208.75449999584816,0.0,106.90434248788907,13.874648812742207,0,3984.796326502837,0,3647.571226506406,1.179698084575999e-06,8.854836051183778e-07,9.181768666861648e-07,3.110164103839919e-08,8.380936748411745e-08,5.592267970053272e-07,3.6574963619083856e-06,no_hotcold,nsga2
0,409,409,train,2.700512647628784,0.24609375,0.580078125,8,64,512,421.75049999787007,80.10015359631325,2.2974225250324003,20.93701349033171,35.669799995957874,5.933582405997731,13.984281567180249,19.91786397317798,0.007199996616691351,0.0,11.353635335695524,8.557028640865765,0,18.968515820430756,1213.9850125075684,2097152.0,2,0.0,0.0,1.0,0.0,0.0,55.26907667086982,0.007099995855242014,0.0,37.38346264080944,17.878514034205132,0,1,0,0.0,0.0,27.63453833543491,0,0,2097152,8,4,0.0,2,0.0,0,0,1.0,0.0,4,0,0,0.0,0.0,0.0,410.0,4,0.0,1.0,0.0,0.0,1.0,0.0,256,1024,0,0.0,413.33835844670944,292.69240000576247,0.0,107.34088442238935,13.305074018557605,0,3984.796326502837,0,3563.045826504967,1.6020030719262651e-06,9.189690100129601e-07,9.11421312670666e-07,2.9667912029988655e-08,8.390568940308148e-08,6.075395098047717e-07,4.153506505847733e-06,no_hotcold,nsga2
0,410,410,train,2.557688593864441,0.255859375,0.63671875,8,64,512,101.42489999998361,19.02915891439492,2.825347830396043,21.50242878979964,59.888799994951114,6.381318680103483,18.08596843490838,24.467287115011864,0.008500006515532732,0.0,11.801758859993058,12.657028248503273,0,78.87531685694968,5048.02027884478,2097152.0,2,0.0,0.0,1.0,0.0,0.0,51.59748963880738,0.009199997293762863,0.0,33.480655914319414,18.107633727194205,0,1,0,0.0,0.0,25.79874481940369,0,0,2097152,8,4,0.0,2,0.0,0,0,1.0,0.0,4,4,0,1.0,0.0,0.0,411.0,0,0.0,1.0,0.0,0.0,1.0,0.0,256,1024,0,0.0,173.4277421383624,45.35209995810874,0.0,105.45858060454557,22.61706157570808,0,3984.796326502837,0,3883.3714265028534,3.805831782878984e-07,1.1301391321584172e-06,9.326761973614807e-07,3.190659340051742e-08,1.0851581060945028e-07,5.687894056859949e-07,3.152610317503759e-06,no_hotcold,nsga2
0,411,411,train,2.6216127276420593,0.251953125,0.630859375,8,64,512,1125.0763999996707,17.445669341389905,2.4518451788948195,21.412262403467004,1457.7026000042679,6.770430879664036,14.388817037929734,21.15924791759377,0.011900017852894962,0.0,11.714815456389228,9.432532443351645,0,7.110621900326451,455.07980162089285,2097152.0,2,0.0,0.0,1.0,0.0,0.0,54.50237729018447,0.006799993570894003,0.0,35.19930875351962,19.296268543093962,0,1,0,0.0,0.0,27.251188645092235,0,0,2097152,8,4,0.0,2,0.0,0,0,1.0,0.0,4,0,0,0.0,0.0,0.0,412.0,4,0.0,1.0,0.0,0.0,1.0,0.0,256,1024,0,0.0,165.2391076950069,42.17659999267198,0.0,105.0916960603343,17.97081164200064,0,3984.796326502837,0,2859.7199265031663,3.4891338682779817e-07,9.807380715579278e-07,9.304244507995104e-07,3.385215439832018e-08,8.633290222757839e-08,6.010331428244313e-07,2.981294108635566e-06,no_hotcold,nsga2
0,412,412,train,2.7008084058761597,0.23046875,0.625,8,64,512,339.09559999301564,60.3255393420327,2.3795890553794354,21.17606117558209,37.45109999726992,5.994207085249227,14.67749381133469,20.671700896583918,0.006800008122809231,0.0,11.630186887801884,9.034714000659223,0,23.592097355634873,1509.894230760632,2097152.0,2,0.0,0.0,1.0,0.0,0.0,51.52744471021718,0.006699992809444666,0.0,32.91589302211951,18.60485169528823,0,1,0,0.0,0.0,25.76372235510859,0,0,2097152,8,4,0.0,2,0.0,0,0,1.0,0.0,4,4,0,1.0,0.0,0.0,413.0,0,0.0,1.0,0.0,0.0,1.0,0.0,256,1024,0,0.0,335.52475829197687,213.26439999393187,0.0,106.23057420077751,16.029784097267495,0,3984.796326502837,0,3645.7007265098214,1.2065107868406541e-06,9.518356221517741e-07,9.176527378754548e-07,2.9971035426246135e-08,8.806496286800813e-08,5.684373471603514e-07,3.762472492322489e-06,no_hotcold,nsga2
0,413,413,train,2.6542986631393433,0.267578125,0.58984375,8,64,512,337.7108999993652,60.8603385277337,2.1680314462687216,21.326326378931075,37.280100004863925,5.856116839473382,11.86804916089236,17.72416600036574,0.007099995855242014,0.0,11.290319705153536,6.426746299356963,0,23.688830627570535,1516.0851601645143,2097152.0,2,0.0,0.0,1.0,0.0,0.0,52.57560093434557,0.006399990525096655,0.0,33.973232645618666,18.595968298201818,0,1,0,0.0,0.0,26.287800467172787,0,0,2097152,8,4,0.0,2,0.0,0,0,1.0,0.0,4,0,0,0.0,0.0,0.0,414.0,4,0.0,1.0,0.0,0.0,1.0,0.0,256,1024,0,0.0,337.418785411734,214.32430001732428,0.0,109.00008817402974,14.09439722037996,0,3984.796326502837,0,3647.085426503472,1.2172067705546742e-06,8.672125785074887e-07,9.266369153544366e-07,2.9280584197366908e-08,7.120829496535415e-08,5.795990238098776e-07,3.6911441673891984e-06,no_hotcold,nsga2
0,414,414,train,2.5166631937026978,0.236328125,0.625,8,64,512,344.60860000399407,62.39786049654877,2.2921294456883334,20.664687820249362,36.589099996490404,5.966610519503059,13.446195820865148,19.412806340368206,0.007099995855242014,0.0,12.250146252150522,7.155560092362444,0,23.214675388924974,1485.7392248911983,2097152.0,2,0.0,0.0,1.0,0.0,0.0,54.36840961979107,0.007199996616691351,0.0,34.681272701107595,19.679936922066787,0,1,0,0.0,0.0,27.184204809895537,0,0,2097152,8,4,0.0,2,0.0,0,0,1.0,0.0,4,4,0,1.0,0.0,0.0,415.0,0,0.0,1.0,0.0,0.0,1.0,0.0,256,1024,0,0.0,341.41871104994584,222.05539999413304,0.0,105.41239070264525,13.95092035316758,0,3234.8330135067167,0,2890.2244135027227,1.2479572099309754e-06,9.168517782753334e-07,9.00312815467655e-07,2.98330525975153e-08,8.067717492519087e-08,5.964023242748873e-07,3.7720343554715575e-06,no_hotcold,nsga2
0,415,415,train,2.6076048612594604,0.259765625,0.62890625,8,64,512,358.44490000454243,64.67927098073088,2.3015661961292846,22.484205288913053,52.939400004106574,5.64597532890858,13.868664413753574,19.514639742662155,0.007999988156370819,0.0,12.108194049200833,7.398445705304951,0,22.31857024978838,1428.3884959864563,2097152.0,2,0.0,0.0,1.0,0.0,0.0,52.84642566719639,0.006700007361359894,0.0,35.0332633036472,17.80646235618783,0,1,0,0.0,0.0,26.423212833598196,0,0,2097152,8,4,0.0,2,0.0,0,0,1.0,0.0,4,0,0,0.0,0.0,0.0,416.0,4,0.0,1.0,0.0,0.0,1.0,0.0,256,1024,0,0.0,357.8601698630929,229.66659994563088,0.0,107.9005078667893,20.29306205067269,0,3234.8330135067167,0,2876.3881135021743,1.2935854196146178e-06,9.206264784517138e-07,9.726331695977852e-07,2.8229876644542904e-08,8.321198648252143e-08,5.809474101992377e-07,3.879234340990419e-06,no_hotcold,nsga2
0,416,416,train,2.7172409892082214,0.251953125,0.59375,8,64,512,307.8864999988582,52.62646547386037,2.354324706728396,20.431966183435,40.73619999689981,6.817128547300397,14.5252826627387,21.342411210039096,0.00750001345295459,0.0,13.125400187929138,8.209511008657007,0,25.98351670668562,1662.9450692278797,2097152.0,2,0.0,0.0,1.0,0.0,0.0,51.462006370737086,0.006400005077011883,0.0,34.616239629588364,16.83936673607171,0,1,0,0.0,0.0,25.731003185368543,0,0,2097152,8,4,0.0,2,0.0,0,0,1.0,0.0,4,4,0,1.0,0.0,0.0,417.0,0,0.0,1.0,0.0,0.0,1.0,0.0,256,1024,0,0.0,301.65102545609506,182.96259999624453,0.0,103.36418585113782,15.324239608712723,0,3234.8330135067167,0,2926.9465135078585,1.0525293094772076e-06,9.417298826913583e-07,8.880241410013502e-07,3.408564273650199e-08,8.715169597643219e-08,5.662932529686052e-07,3.569813924851455e-06,no_hotcold,nsga2
0,417,417,train,2.563186287879944,0.2421875,0.66015625,8,64,512,336.9702000054531,59.742896422833425,2.203052792461896,20.696642380134428,36.09860000142362,6.519407323825766,12.432896446191393,18.95230377001716,0.006999995093792677,0.0,12.621671502663283,6.323632272260085,0,23.74090129919275,1519.417683148336,2097152.0,2,0.0,0.0,1.0,0.0,0.0,54.164123740383076,0.008100003469735384,0.0,36.098524118345,18.057499618568343,0,1,0,0.0,0.0,27.082061870191538,0,0,2097152,8,4,0.0,2,0.0,0,0,1.0,0.0,4,0,0,0.0,0.0,0.0,418.0,4,0.0,1.0,0.0,0.0,1.0,0.0,256,1024,0,0.0,330.57036638171894,212.58499998657499,0.0,105.01351320484524,12.971853190298757,0,3234.8330135067167,0,2897.8628135012636,1.1948579284566685e-06,8.812211169847584e-07,9.012036926690819e-07,3.2597036619128835e-08,7.459737867714835e-08,5.980048189628894e-07,3.682481972369676e-06,no_hotcold,nsga2
0,418,418,train,2.547113060951233,0.265625,0.634765625,8,64,512,228.5866000020178,44.91369799524716,2.368113427374112,20.489184093545084,37.70099999383092,6.2935761917722095,15.026986072507722,21.320562264279932,0.007499998901039362,0.0,12.58633556988907,8.726726695489821,0,34.99752392487336,2239.8415311918952,2097152.0,2,0.0,0.0,1.0,0.0,0.0,51.88681390834186,0.00650000583846122,0.0,33.589313344574435,18.29100055792896,0,1,0,0.0,0.0,25.94340695417093,0,0,2097152,8,4,0.0,2,0.0,0,0,1.0,0.0,4,4,0,1.0,0.0,0.0,419.0,0,0.0,1.0,0.0,0.0,1.0,0.0,256,1024,0,0.0,271.0839820646654,150.9330999251688,0.0,106.59278356325264,13.558098576243992,0,3234.8330135067167,0,3006.246413504699,8.982739599049431e-07,9.472453709496447e-07,8.921020112057306e-07,3.146788095886105e-08,9.016191643504632e-08,5.704564886391668e-07,3.4297076280933927e-06,no_hotcold,nsga2
0,419,419,train,2.5202986001968384,0.267578125,0.607421875,8,64,512,390.21179999690503,65.81713099451478,2.3115117141214148,20.41223446796037,38.76690000470262,6.2494155057787495,14.83572449467622,21.08514000045497,0.006800008122809231,0.0,12.583252509556413,8.495087482775748,0,20.501633980390835,1312.1045747450135,2097152.0,2,0.0,0.0,1.0,0.0,0.0,51.27228372616356,0.006300004315562546,0.0,33.82029076194223,17.445692959905767,0,1,0,0.0,0.0,25.63614186308178,0,0,2097152,8,4,0.0,2,0.0,0,0,1.0,0.0,4,0,0,0.0,0.0,0.0,420.0,4,0.0,1.0,0.0,0.0,1.0,0.0,256,1024,0,0.0,354.16350870638627,235.51660004886799,0.0,103.57337603811635,15.073532619401966,0,3234.8330135067167,0,2844.6212135098117,1.316342619890296e-06,9.246046856485661e-07,8.861911666619207e-07,3.124707752889375e-08,8.901434696805732e-08,5.608039918549995e-07,3.808203888552734e-06,no_hotcold,nsga2
0,420,420,train,2.474891781806946,0.271484375,0.654296875,8,64,512,339.9077999929432,62.10049047114774,2.4870546232154664,20.136929480550606,38.55959999782499,6.794256741520205,15.31840065364596,22.112657395166163,0.007600014214403927,0.0,12.274665905683491,9.83039147526827,0,23.535724877279105,1506.2863921458627,2097152.0,2,0.0,0.0,1.0,0.0,0.0,53.0101542449253,0.0092999980552122,0.0,35.37043101703898,17.63042322983111,0,1,0,0.0,0.0,26.50507712246265,0,0,2097152,8,4,0.0,2,0.0,0,0,1.0,0.0,4,4,0,1.0,0.0,0.0,421.0,0,0.0,1.0,0.0,0.0,1.0,0.0,256,1024,0,0.0,338.89789829965525,220.39470002346206,0.0,103.01996322275329,15.48323505343988,0,3234.8330135067167,0,2894.9252135137735,1.242009809422955e-06,9.948218492861868e-07,8.73646022930938e-07,3.397128370760103e-08,9.191040392187575e-08,5.837745620267916e-07,3.820133931296348e-06,no_hotcold,nsga2
0,421,421,train,2.434106230735779,0.26953125,0.6484375,8,64,512,1883.5403000121005,292.58935968463027,6.3786402267713775,31.113039360825567,241.39400001149625,5.915866575327994,48.754812532185994,54.67067910751399,0.007599999662488699,0.0,11.825989992896421,42.83708911495508,0,4.247318601375295,271.8283904880189,2097152.0,2,0.0,0.0,1.0,0.0,0.0,53.05860219846089,0.007200011168606579,0.0,35.04717595529957,18.004226231992703,0,1,0,0.0,0.0,26.529301099230445,0,0,2097152,8,4,0.0,2,0.0,0,0,1.0,0.0,4,0,0,0.0,0.0,0.0,422.0,4,0.0,1.0,0.0,0.0,1.0,0.0,256,1024,0,0.0,1320.3241570889088,1143.0884000146762,0.0,107.51917669902272,69.71658037520992,0,3234.8330135067167,0,1351.2927134946162,5.851787193692605e-06,2.5514560907085513e-06,1.3491708626882724e-06,2.9579332876639974e-08,2.925288751931159e-07,5.85158983597916e-07,1.06596813387571e-05,no_hotcold,nsga2
0,422,422,train,2.561123490333557,0.294921875,0.65234375,8,64,512,382.7686000004178,63.07711291402667,2.1176786742238187,21.24330147789326,35.92650000064168,6.39824793239415,12.537910881320913,18.936158813715064,0.007599999662488699,0.0,12.351942735532662,6.576616078519913,0,20.90030138232312,1337.6192884686798,2097152.0,2,0.0,0.0,1.0,0.0,0.0,51.07158176779426,0.005999987479299307,0.0,32.963846975421646,18.10173480489332,0,1,0,0.0,0.0,25.53579088389713,0,0,2097152,8,4,0.0,2,0.0,0,0,1.0,0.0,4,4,0,1.0,0.0,0.0,423.0,0,0.0,1.0,0.0,0.0,1.0,0.0,256,1024,0,0.0,345.752372264575,227.13380001368932,0.0,105.46424899069629,13.154323260189416,0,3234.8330135067167,0,2852.064413506299,1.2615422582805334e-06,8.470714696895277e-07,9.228340526410654e-07,3.199123966197075e-08,7.522746528792547e-08,5.597452387921306e-07,3.698411724353153e-06,no_hotcold,nsga2
0,423,423,train,2.693655490875244,0.25390625,0.615234375,8,64,512,326.5904000145383,62.512588266863496,2.4773484960750642,21.131656798758407,36.57129999191966,6.454394282703268,14.904608193800279,21.359002476503548,0.007800001185387373,0.0,12.052302283090047,9.298900192228114,0,24.495439866585215,1567.7081514614538,2097152.0,2,0.0,0.0,1.0,0.0,0.0,54.650450432436415,0.006399990525096655,0.0,35.86685100884918,18.777199433062137,0,1,0,0.0,0.0,27.325225216218207,0,0,2097152,8,4,0.0,2,0.0,0,0,1.0,0.0,4,0,0,0.0,0.0,0.0,424.0,4,0.0,1.0,0.0,0.0,1.0,0.0,256,1024,0,0.0,344.4863742467878,223.410699996748,0.0,106.19385078605595,14.881823463983906,0,3234.8330135067167,0,2908.2426134921784,1.2502517653372698e-06,9.909393984300258e-07,9.186831145930777e-07,3.227197141351634e-08,8.942764916280166e-08,6.004273924208711e-07,3.882001291357562e-06,no_hotcold,nsga2
0,424,424,train,2.565757393836975,0.26171875,0.662109375,8,64,512,367.6814999926137,62.801573305903275,2.482694114816142,20.547026306567787,39.525700005469844,5.833819446666483,16.0157234533235,21.849542899989984,0.007499984349124134,0.0,11.479384492910008,10.362658422730851,0,21.75790253863241,1392.5057624724743,2097152.0,2,0.0,0.0,1.0,0.0,0.0,51.018897172904055,0.006399990525096655,0.0,33.83817449947309,17.174322682905867,0,1,0,0.0,0.0,25.509448586452027,0,0,2097152,8,4,0.0,2,0.0,0,0,1.0,0.0,4,4,0,1.0,0.0,0.0,425.0,0,0.0,1.0,0.0,0.0,1.0,0.0,256,1024,0,0.0,343.3251749091488,222.96970001480076,0.0,104.82442377021385,15.531051124134201,0,2085.5949785104895,0,1717.9134785178758,1.2560314661180657e-06,9.930776459264569e-07,8.934646184587118e-07,2.916909723333242e-08,9.609434071994099e-08,5.573537163626042e-07,3.825190884819112e-06,no_hotcold,nsga2
0,425,425,train,2.4847896099090576,0.294921875,0.681640625,8,64,512,374.6584000036819,66.11222290297962,2.468960574592864,20.95856791033205,44.603099988307804,5.690953197705641,14.477802740863721,20.16875593856936,0.007199996616691351,0.0,11.377581061469758,8.783974880482912,0,21.352727303575946,1366.5745474288606,2097152.0,2,0.0,0.0,1.0,0.0,0.0,51.402709062453006,0.006599992047995329,0.0,32.83522345250901,18.560885617895998,0,1,0,0.0,0.0,25.701354531226503,0,0,2097152,8,4,0.0,2,0.0,0,0,1.0,0.0,4,0,0,0.0,0.0,0.0,426.0,4,0.0,1.0,0.0,0.0,1.0,0.0,256,1024,0,0.0,358.1590055516182,237.53390001365915,0.0,105.6704480515878,14.954657486371236,0,2085.5949785104895,0,1710.9365785068076,1.322244458059593e-06,9.875842298371455e-07,9.100286451084253e-07,2.8454765988528203e-08,8.686681644518232e-08,5.63064432204447e-07,3.8982433476433215e-06,no_hotcold,nsga2
0,426,426,train,2.4187000393867493,0.291015625,0.689453125,8,64,512,294.85140000178944,49.484427927949696,2.042643793556503,20.33406453292114,38.67049999826122,6.50641297361815,13.63188855525389,20.13830152887204,0.007700000423938036,0.0,12.39775870469776,7.732842823750342,0,27.13221937468187,1736.4620399796397,2097152.0,2,0.0,0.0,1.0,0.0,0.0,54.606482434567944,0.006299989763647318,0.0,36.51811105454808,18.082071390256218,0,1,0,0.0,0.0,27.303241217283972,0,0,2097152,8,4,0.0,2,0.0,0,0,1.0,0.0,4,4,0,1.0,0.0,0.0,427.0,0,0.0,1.0,0.0,0.0,1.0,0.0,256,1024,0,0.0,287.44454501770934,169.84970000339672,0.0,104.50704598862949,13.087799025683168,0,2085.5949785104895,0,1790.7435785087,9.896885585589941e-07,8.170575174226014e-07,8.835115715359054e-07,3.253206486809075e-08,8.179133133152334e-08,5.994618265459991e-07,3.4040428702631136e-06,no_hotcold,nsga2
0,427,427,train,2.548135757446289,0.2265625,0.6640625,8,64,512,355.96209998766426,61.42343433799192,2.207251032776564,21.1386074150025,35.4040999955032,5.929882387113297,11.910069425697575,17.839951812810874,0.007600014214403927,0.0,11.097676206638306,6.734675591958163,0,22.474239605951396,1438.3513347808894,2097152.0,2,0.0,0.0,1.0,0.0,0.0,54.129644151951595,0.006499991286545992,0.0,35.03986667763948,19.083277483025572,0,1,0,0.0,0.0,27.064822075975798,0,0,2097152,8,4,0.0,2,0.0,0,0,1.0,0.0,4,0,0,0.0,0.0,0.0,428.0,4,0.0,1.0,0.0,0.0,1.0,0.0,256,1024,0,0.0,339.07717114308394,218.8867999939248,0.0,106.66884922918896,13.521521919970219,0,2085.5949785104895,0,1729.6328785228252,1.2284686867598388e-06,8.829004131106259e-07,9.155143070411235e-07,2.9649411935566487e-08,7.146041655418545e-08,5.916477884214488e-07,3.7196410238227894e-06,no_hotcold,nsga2
0,428,428,train,2.614307940006256,0.26953125,0.60546875,8,64,512,354.0542999980971,61.3999038456559,2.315177910122809,20.425042654306992,38.61980000510812,5.740102929764828,13.666815377331034,19.40691830709586,0.007399998139590025,0.0,11.342748308412663,8.056770000543608,0,22.595340332549736,1446.101781283183,2097152.0,2,0.0,0.0,1.0,0.0,0.0,51.53407676917553,0.006599992047995329,0.0,33.685517736757255,17.841959040370277,0,1,0,0.0,0.0,25.767038384587764,0,0,2097152,8,4,0.0,2,0.0,0,0,1.0,0.0,4,4,0,1.0,0.0,0.0,429.0,0,0.0,1.0,0.0,0.0,1.0,0.0,256,1024,0,0.0,336.56049764034276,216.67450001405086,0.0,104.8570291840042,15.028968442287736,0,2085.5949785104895,0,1731.5406785123923,1.2279980769131182e-06,9.260711640491236e-07,8.872374613761915e-07,2.870051464882414e-08,8.20008922639862e-08,5.675683894235578e-07,3.7195764986748015e-06,no_hotcold,nsga2
0,429,429,train,2.6261709928512573,0.23046875,0.615234375,8,64,512,325.6115999975009,60.67174274977029,2.3283043333799114,21.01706521146307,42.581500005326234,6.556711750910764,13.282740483761348,19.839452234672112,0.007399998139590025,0.0,11.738582461702155,8.093469774830366,0,24.569073801386683,1572.4207232887477,2097152.0,2,0.0,0.0,1.0,0.0,0.0,51.71174082064826,0.006099988240748644,0.0,33.466490028502754,18.239150803904757,0,1,0,0.0,0.0,25.85587041032413,0,0,2097152,8,4,0.0,2,0.0,0,0,1.0,0.0,4,0,0,0.0,0.0,0.0,430.0,4,0.0,1.0,0.0,0.0,1.0,0.0,256,1024,0,0.0,336.0684491784531,215.54449999530334,0.0,107.04269016927509,13.481259013874672,0,2085.5949785104895,0,1759.9833785129886,1.2134348549954057e-06,9.313217333519646e-07,9.183779110902823e-07,3.278355875455382e-08,7.969644290256808e-08,5.633000739135417e-07,3.738914575008316e-06,no_hotcold,nsga2
0,430,430,train,2.528611421585083,0.291015625,0.62109375,8,64,512,290.0923999986844,47.848389543862815,2.1009949796386618,19.844929172081024,40.203199998359196,6.470512262645749,13.577153184502038,20.047665447147786,0.00689999433234334,0.0,11.61749122939651,8.423274223418934,0,27.577325096111394,1764.9488061511292,2097152.0,2,0.0,0.0,1.0,0.0,0.0,48.495303216564736,0.006600006599910557,0.0,31.696999703229103,16.791703506735722,0,1,0,0.0,0.0,24.247651608282368,0,0,2097152,8,4,0.0,2,0.0,0,0,1.0,0.0,4,4,0,1.0,0.0,0.0,431.0,0,0.0,1.0,0.0,0.0,1.0,0.0,256,1024,0,0.0,279.17725478233,163.8006000139285,0.0,100.11506875629065,15.261586012110874,0,1696.4546995071555,0,1406.362299508471,9.569677908772563e-07,8.403979918554647e-07,8.627406467199342e-07,3.235256131322875e-08,8.146291910701223e-08,5.334767456543614e-07,3.3073986555272574e-06,no_hotcold,nsga2
0,431,431,train,2.653104782104492,0.259765625,0.611328125,8,64,512,570.9191000059946,102.52561410380413,2.847824183162743,24.925315901463463,58.42260000645183,6.135964631998952,18.58030314023018,24.71626777222913,0.008099988917820156,0.0,10.805705526134133,13.902462257177175,0,14.01246864476483,896.7979932649491,2097152.0,2,0.0,0.0,1.0,0.0,0.0,53.346637744764664,0.008600007276982069,0.0,34.83329040886696,18.504747328620727,0,1,0,0.0,0.0,26.673318872382332,0,0,2097152,8,4,0.0,2,0.0,0,0,1.0,0.0,4,0,0,0.0,0.0,0.0,432.0,4,0.0,1.0,0.0,0.0,1.0,0.0,256,1024,0,0.0,521.1950167537213,381.26310001825914,0.0,109.30069180752511,30.631224927937122,0,1696.4546995071555,0,1125.535599501161,2.0505122820760826e-06,1.1391296732650972e-06,1.0717936146778072e-06,3.0679823159994764e-08,1.1148181884138105e-07,5.82224425820284e-07,4.9858216378406465e-06,no_hotcold,nsga2
0,432,432,train,2.551896393299103,0.271484375,0.64453125,8,64,512,707.3948000033852,134.0277457806961,3.026398534897516,24.32474589131,38.08589999971446,6.7609600801109915,19.334916661381985,26.095876741492976,0.007700000423938036,0.0,11.525570222559613,14.562606518509426,0,11.309086087253721,723.7815095842382,2097152.0,2,0.0,0.0,1.0,0.0,0.0,53.10066803606789,0.007100010407157242,0.0,34.117119870437236,18.976448155223494,0,1,0,0.0,0.0,26.550334018033944,0,0,2097152,8,4,0.0,2,0.0,0,0,1.0,0.0,4,4,0,1.0,0.0,0.0,433.0,0,0.0,1.0,0.0,0.0,1.0,0.0,256,1024,0,0.0,645.5155608276145,507.870700021158,0.0,105.5438603479644,32.10100045849214,0,1030.8316480014753,0,323.4368479980901,2.6805549156139225e-06,1.2105594139590068e-06,1.0504825266267447e-06,3.380480040055496e-08,1.160094999682919e-07,5.802705091326951e-07,5.671681665701216e-06,no_hotcold,nsga2
0,433,433,train,2.6341455578804016,0.23828125,0.615234375,8,64,512,305.89830000826623,53.18795137627394,2.3252384069633085,20.334491854088615,38.42389999772422,6.440167016481023,14.275861406027815,20.71602842250884,0.007299997378140688,0.0,12.579112137201623,8.129616287929075,0,26.152397209747846,1673.7534214238622,2097152.0,2,0.0,0.0,1.0,0.0,0.0,54.886599053031375,0.007199996616691351,0.0,37.035424128818036,17.84397492759665,0,1,0,0.0,0.0,27.443299526515688,0,0,2097152,8,4,0.0,2,0.0,0,0,1.0,0.0,4,0,0,0.0,0.0,0.0,434.0,4,0.0,1.0,0.0,0.0,1.0,0.0,256,1024,0,0.0,303.3907265493035,183.68500002543442,0.0,106.0716422573066,13.634084266562457,0,1030.8316480014753,0,724.933347993209,1.063759027525479e-06,9.300953627853233e-07,8.830728474476742e-07,3.220083508240512e-08,8.565516843616688e-08,6.033291868999924e-07,3.5981124281770406e-06,no_hotcold,nsga2
0,434,434,train,2.5436564087867737,0.263671875,0.6484375,8,64,512,284.96230000746436,51.93532354471744,2.266343607227742,20.038057495286385,36.37949998665135,5.853192546850264,13.283778322074031,19.136970868924294,0.008000002708286047,0.0,11.324702172141901,7.804268694074109,0,28.073790554048355,1796.7225954590947,2097152.0,2,0.0,0.0,1.0,0.0,0.0,51.89359131843156,0.006799993570894003,0.0,34.86128962002562,17.025501704835037,0,1,0,0.0,0.0,25.94679565921578,0,0,2097152,8,4,0.0,2,0.0,0,0,1.0,0.0,4,4,0,1.0,0.0,0.0,435.0,0,0.0,1.0,0.0,0.0,1.0,0.0,256,1024,0,0.0,296.95889858892633,180.5008999799611,0.0,101.65765326916834,14.80034533979683,0,1030.8316480014753,0,745.8693479940109,1.038706470894349e-06,9.065374428910967e-07,8.696111848532956e-07,2.926596273425132e-08,7.970266993244419e-08,5.698999708225093e-07,3.4937237021279455e-06,no_hotcold,nsga2
0,435,435,train,2.558842420578003,0.24609375,0.625,8,64,512,77.83900000504218,16.073044080147525,2.3682584375380262,20.34328414473347,49.499699991429225,6.329659651763217,15.19398629468368,21.523645946446898,0.006400005077011883,0.0,12.28545476754383,9.231791173826055,0,102.77492291215044,6577.595066377628,2097152.0,2,0.0,0.0,1.0,0.0,0.0,51.13994557038365,0.006900023436173797,0.0,32.554490255972354,18.578555290975125,0,1,0,0.0,0.0,25.569972785191826,0,0,2097152,8,4,0.0,2,0.0,0,0,1.0,0.0,4,0,0,0.0,0.0,0.0,436.0,4,0.0,1.0,0.0,0.0,1.0,0.0,256,1024,0,0.0,155.1383466496761,36.72790004929993,0.0,103.56228705724756,14.8481595431286,0,1030.8316480014753,0,952.9926479964331,3.2146088160295054e-07,9.473033750152105e-07,8.850772762154539e-07,3.164829825881609e-08,9.116391776810207e-08,5.585640978751891e-07,2.835217846735722e-06,no_hotcold,nsga2
0,436,436,train,2.5095863342285156,0.287109375,0.619140625,8,64,512,463.2216000027256,81.32308948319694,2.769369099479343,22.47619398396739,49.85349999333266,6.3835854301240635,17.708953518640122,24.092538948764187,0.00820001878309995,0.0,11.329183673396098,12.755155256584986,0,17.270314531184205,1105.3001299957891,2097152.0,2,0.0,0.0,1.0,0.0,0.0,52.846265977797955,0.006300018867477775,0.0,34.366682339913,18.47328361901748,0,1,0,0.0,0.0,26.423132988898978,0,0,2097152,8,4,0.0,2,0.0,0,0,1.0,0.0,4,4,0,1.0,0.0,0.0,437.0,0,0.0,1.0,0.0,0.0,1.0,0.0,256,1024,0,0.0,426.2746102665747,295.59579999477137,0.0,109.064475228221,21.614335043582336,0,1030.8316480014753,0,567.6100479987497,1.6264617896639387e-06,1.1077476397917375e-06,9.756570724103044e-07,3.191792715062032e-08,1.0625372111184072e-07,5.788823194632706e-07,4.426920469591712e-06,no_hotcold,nsga2
0,437,437,train,2.426251769065857,0.28515625,0.677734375,8,64,512,486.594400004833,84.18550027631717,2.2558226613018415,21.300276471145644,39.25050000543706,5.563170028410718,12.91813680487181,18.481306833282527,0.007400012691505253,0.0,10.898301031764294,7.575605788826728,0,16.44076372263392,1052.208878248571,2097152.0,2,0.0,0.0,1.0,0.0,0.0,54.11168212178454,0.006999995093792677,0.0,35.10798569203868,18.996696434652065,0,1,0,0.0,0.0,27.05584106089227,0,0,2097152,8,4,0.0,2,0.0,0,0,1.0,0.0,4,0,0,0.0,0.0,0.0,438.0,4,0.0,1.0,0.0,0.0,1.0,0.0,256,1024,0,0.0,430.9663976350586,310.88890005776193,0.0,106.84158257389589,13.235915003400809,0,1030.8316480014753,0,544.2372479966423,1.6837100055263436e-06,9.023290645207366e-07,9.282265299413039e-07,2.781585014205359e-08,7.750882082923085e-08,5.956150868731293e-07,4.2152053578327974e-06,no_hotcold,nsga2
0,438,438,train,2.6575949788093567,0.240234375,0.609375,8,64,512,372.04299999575596,63.938647085478244,2.3219779220348586,21.257966981240052,35.930600002757274,6.320921260111414,14.385673080358913,20.70659434047033,0.007499998901039362,0.0,12.55541987206778,8.143674469501507,0,21.50283299849281,1376.1813119035398,2097152.0,2,0.0,0.0,1.0,0.0,0.0,53.06573189325908,0.006599992047995329,0.0,34.172336392048635,18.886795509162447,0,1,0,0.0,0.0,26.53286594662954,0,0,2097152,8,4,0.0,2,0.0,0,0,1.0,0.0,4,4,0,1.0,0.0,0.0,439.0,0,0.0,1.0,0.0,0.0,1.0,0.0,256,1024,0,0.0,350.0743679550126,228.1741999759106,0.0,107.8773003506008,14.022867628501228,0,1030.8316480014753,0,658.7886480057193,1.278772941709565e-06,9.287911688139434e-07,9.233361693748041e-07,3.160460630055707e-08,8.631403848215347e-08,5.799219530948541e-07,3.8287408777758765e-06,no_hotcold,nsga2
0,439,439,train,2.4798715114593506,0.2734375,0.671875,8,64,512,340.55910000461154,61.01687898539933,2.208420589496809,20.36874311132005,37.102699992829,6.326269235900892,13.290837444874896,19.617106680775787,0.007599999662488699,0.0,12.61518836611761,6.994318314995688,0,23.49071426714895,1503.4057130975327,2097152.0,2,0.0,0.0,1.0,0.0,0.0,52.39876436179493,0.006699992809444666,0.0,34.34711470880536,18.04494966018013,0,1,0,0.0,0.0,26.199382180897466,0,0,2097152,8,4,0.0,2,0.0,0,0,1.0,0.0,4,0,0,0.0,0.0,0.0,440.0,4,0.0,1.0,0.0,0.0,1.0,0.0,256,1024,0,0.0,334.3761707448648,217.18019996478688,0.0,103.27488614914687,13.921084630931068,0,1030.8316480014753,0,690.2725479968638,1.2203375797079868e-06,8.833682357987239e-07,8.867607145822444e-07,3.163134617950446e-08,7.974502466924936e-08,5.762663193743155e-07,3.6781092203120245e-06,no_hotcold,nsga2
0,440,440,train,2.507003962993622,0.265625,0.66015625,8,64,512,328.4494999970775,56.16205777284795,2.3738737833210966,20.755216498081914,37.703300011344254,6.623101783054576,14.26815256263572,20.891254345690296,0.007799986633472145,0.0,12.149506013407276,8.733948345649548,0,24.35679044504783,1558.8345884830612,2097152.0,2,0.0,0.0,1.0,0.0,0.0,51.69740468594443,0.006700007361359894,0.0,32.549201600698076,19.14150307788499,0,1,0,0.0,0.0,25.848702342972214,0,0,2097152,8,4,0.0,2,0.0,0,0,1.0,0.0,4,4,0,1.0,0.0,0.0,441.0,0,0.0,1.0,0.0,0.0,1.0,0.0,256,1024,0,0.0,317.1645922170038,197.06809995113872,0.0,105.96695384070776,14.129538425157381,0,1030.8316480014753,0,702.3821480043978,1.123241155456959e-06,9.495495133284388e-07,8.983858695044291e-07,3.3115508915272885e-08,8.560891537581431e-08,5.677133661416829e-07,3.6576143287225977e-06,no_hotcold,nsga2
0,441,441,train,2.6597588062286377,0.240234375,0.59765625,8,64,512,342.8178000031039,62.21375284352699,2.344743060805007,20.575243229461307,39.12300000956748,5.992260216814655,15.277215551442273,21.269475768256928,0.008500006515532732,0.0,11.713668726345343,9.547307035396052,0,23.335943069422004,1493.5003564430083,2097152.0,2,0.0,0.0,1.0,0.0,0.0,51.66406687510643,0.009199997293762863,0.0,33.80128865521935,17.853578222593317,0,1,0,0.0,0.0,25.832033437553214,0,0,2097152,8,4,0.0,2,0.0,0,0,1.0,0.0,4,0,0,0.0,0.0,0.0,442.0,4,0.0,1.0,0.0,0.0,1.0,0.0,256,1024,0,0.0,340.53495653517325,221.52059998188633,0.0,105.56390090523864,13.450455648048244,0,710.578808505015,0,367.7610085019111,1.24427505687054e-06,9.378972243220029e-07,8.946526704909e-07,2.9961301084073274e-08,9.166329330865364e-08,5.681690320210347e-07,3.766618578097205e-06,no_hotcold,nsga2
0,442,442,train,2.56966894865036,0.232421875,0.66796875,8,64,512,2751.140699998359,507.4147178182464,3.41127019378819,28.910491324832293,59.24409998988267,6.355901282030012,22.977607201045963,29.333508483075974,0.00689999433234334,0.0,11.255130008463166,18.07147848028047,0,2.9078836615375976,186.10455433840625,2097152.0,2,0.0,0.0,1.0,0.0,0.0,54.85619139625729,0.00829999044071883,0.0,37.202464208040304,17.645427197776264,0,1,0,0.0,0.0,27.428095698128644,0,0,2097152,8,4,0.0,2,0.0,0,0,1.0,0.0,4,4,0,1.0,0.0,0.0,443.0,0,0.0,1.0,0.0,0.0,1.0,0.0,256,1024,0,0.0,2158.9459173474675,2001.910000006319,0.0,103.43311235075825,53.60280499039024,0,1489.702307508993,1,-1261.4383924893662,1.0148294356364929e-05,1.364508077515276e-06,1.281173335091118e-06,3.177950641015006e-08,1.3786564320627576e-07,6.023411193177406e-07,1.3565962037905488e-05,no_hotcold,nsga2
0,443,443,train,2.530675172805786,0.267578125,0.62890625,8,64,512,406.3005000061821,65.5079213951919,2.6652414899148043,21.966670170107236,50.096200007828884,6.0126500143222374,15.71885803525928,21.731508049581517,0.007100010407157242,0.0,11.196443613418467,10.527964425755894,0,19.68981162973377,1260.1479443029614,2097152.0,2,0.0,0.0,1.0,0.0,0.0,52.80532583660406,0.007000009645707905,0.0,34.29291998110973,18.50540584584862,0,1,0,0.0,0.0,26.40266291830203,0,0,2097152,8,4,0.0,2,0.0,0,0,1.0,0.0,4,0,0,0.0,0.0,0.0,444.0,4,0.0,1.0,0.0,0.0,1.0,0.0,256,1024,0,0.0,360.55933222085577,235.3877000423381,0.0,105.68706478722649,19.484567391291172,0,1489.702307508993,0,1083.401807502811,1.3101584279038382e-06,1.0660965959659215e-06,9.516967533818273e-07,3.006325007161119e-08,9.431314821155568e-08,5.802792107709884e-07,4.032607386305742e-06,no_hotcold,nsga2
0,444,444,train,2.362057149410248,0.337890625,0.671875,8,64,512,404.5759000000544,74.51550772862107,2.5022045886531643,23.20492089455992,49.85619999933988,5.917567740991097,15.729898710776538,21.647466451767635,0.008100003469735384,0.0,11.781900314705169,9.857466133592732,0,19.773743879096717,1265.5196082621899,2097152.0,2,0.0,0.0,1.0,0.0,0.0,54.59489107801139,0.006000016583129764,0.0,36.40445280051632,18.184438260911943,0,1,0,0.0,0.0,27.297445539005697,0,0,2097152,8,4,0.0,2,0.0,0,0,1.0,0.0,4,4,0,1.0,0.0,0.0,445.0,0,0.0,1.0,0.0,0.0,1.0,0.0,256,1024,0,0.0,400.89053284733666,269.76680000370834,0.0,105.84091548669747,25.282817356930853,0,1489.702307508993,0,1085.1264075089387,1.4903101545724216e-06,1.0008818354612659e-06,1.0011313849981239e-06,2.9587838704955487e-08,9.437939226465921e-08,5.972899643605015e-07,4.213580570361928e-06,no_hotcold,nsga2
0,445,445,train,2.4572907090187073,0.30859375,0.650390625,8,64,512,259.6293999959016,48.11818262163777,2.190001334844869,21.069249671517497,36.45919999689795,6.246416133971891,13.259640154163824,19.506056288135717,0.007899987394921482,0.0,12.094494720420585,7.403661580320209,0,30.81303268078886,1972.0340915704871,2097152.0,2,0.0,0.0,1.0,0.0,0.0,50.459283160158556,0.006300004315562546,0.0,33.729912024137235,16.72307113170576,0,1,0,0.0,0.0,25.229641580079278,0,0,2097152,8,4,0.0,2,0.0,0,0,1.0,0.0,4,0,0,0.0,0.0,0.0,446.0,4,0.0,1.0,0.0,0.0,1.0,0.0,256,1024,0,0.0,285.50973451200053,165.35889997612685,0.0,106.82709517869802,13.32373935717569,0,1489.702307508993,0,1230.0729075130914,9.623636524327554e-07,8.760005339379476e-07,9.196578372625113e-07,3.123208066985946e-08,7.955784092498293e-08,5.558058422204211e-07,3.424617787448478e-06,no_hotcold,nsga2
0,446,446,train,2.3588709235191345,0.310546875,0.6875,8,64,512,327.9456000018399,56.913798197821954,2.1282198208045218,21.20795758720489,40.04380000696983,5.753304624389539,12.818062554013427,18.571367178402966,0.007599985110573471,0.0,11.741968551401662,6.821798641890731,0,24.394215399565407,1561.229785572186,2097152.0,2,0.0,0.0,1.0,0.0,0.0,52.018267985497914,0.006800008122809231,0.0,34.233376574703186,17.778091402671915,0,1,0,0.0,0.0,26.009133992748957,0,0,2097152,8,4,0.0,2,0.0,0,0,1.0,0.0,4,4,0,1.0,0.0,0.0,447.0,0,0.0,1.0,0.0,0.0,1.0,0.0,256,1024,0,0.0,320.99990242332547,200.1204999978654,0.0,107.16792601350798,13.711476411952063,0,1489.702307508993,0,1161.7567075071531,1.138275963956439e-06,8.512879283218086e-07,9.220593946452594e-07,2.8766523121947696e-08,7.690837532408055e-08,5.750152384500191e-07,3.592313423819554e-06,no_hotcold,nsga2
0,447,447,train,2.418041229248047,0.275390625,0.66796875,8,64,512,337.8640000009909,61.62367377338467,2.2990383940582557,20.752687944925952,38.12580001249444,5.3893778654006494,14.050674483313571,19.44005234871422,0.007399998139590025,0.0,11.514206928634039,7.91844542194059,0,23.67809628098956,1515.3981619833319,2097152.0,2,0.0,0.0,1.0,0.0,0.0,52.96205472095298,0.006499991286545992,0.0,34.41226852237575,18.543286207290688,0,1,0,0.0,0.0,26.48102736047649,0,0,2097152,8,4,0.0,2,0.0,0,0,1.0,0.0,4,0,0,0.0,0.0,0.0,448.0,4,0.0,1.0,0.0,0.0,1.0,0.0,256,1024,0,0.0,338.7016004494755,219.91000001435168,0.0,104.22301195024575,14.568588484878067,0,1489.702307508993,0,1151.8383075080021,1.2324734754676933e-06,9.196153576233023e-07,9.026771487230394e-07,2.694688932700325e-08,8.430404689988142e-08,5.839008771984542e-07,3.7499177952393738e-06,no_hotcold,nsga2
0,448,448,train,2.4772698879241943,0.27734375,0.6484375,8,64,512,402.4227000045357,72.20237043998353,2.2208717739824753,21.282494149319668,36.02719999616966,6.639385537807787,13.635363265272174,20.27474880307996,0.007399998139590025,0.0,12.467498796885586,7.799850008054784,0,19.879544867535962,1272.2908715223016,2097152.0,2,0.0,0.0,1.0,0.0,0.0,51.24346277265239,0.007099995855242014,0.0,33.3678790679308,17.86848370886635,0,1,0,0.0,0.0,25.621731386326196,0,0,2097152,8,4,0.0,2,0.0,0,0,1.0,0.0,4,4,0,1.0,0.0,0.0,449.0,0,0.0,1.0,0.0,0.0,1.0,0.0,256,1024,0,0.0,382.82294545314267,260.39649997255765,0.0,106.93170337202264,15.49474210856235,0,1489.702307508993,0,1087.2796075044573,1.4440474087996708e-06,8.883487095929901e-07,9.249416476350743e-07,3.319692768903893e-08,8.181217959163302e-08,5.634303625172911e-07,3.935777235825698e-06,no_hotcold,nsga2
0,449,449,train,2.5132113099098206,0.279296875,0.6640625,8,64,512,347.37989999121055,60.26769421184583,2.26213764473041,20.202659728050932,35.23229999700561,6.2212506018595795,14.84946687692629,21.07071747878587,0.007599999662488699,0.0,12.567758278832466,8.495359200290913,0,23.029475714417277,1473.8864457227057,2097152.0,2,0.0,0.0,1.0,0.0,0.0,53.0552548612726,0.006599992047995329,0.0,34.592605627911354,18.45604924131326,0,1,0,0.0,0.0,26.5276274306363,0,0,2097152,8,4,0.0,2,0.0,0,0,1.0,0.0,4,0,0,0.0,0.0,0.0,450.0,4,0.0,1.0,0.0,0.0,1.0,0.0,256,1024,0,0.0,330.9299663385087,214.94979999260977,0.0,102.13607285919772,13.844093486701194,0,1489.702307508993,0,1142.3224075177825,1.2053538842369167e-06,9.048550578921641e-07,8.812632920235944e-07,3.11062530092979e-08,8.909680126155773e-08,5.834962503338152e-07,3.6951715387573462e-06,no_hotcold,nsga2
0,450,450,train,2.5465404391288757,0.251953125,0.65234375,8,64,512,353.2215000013821,58.72030545271944,2.2426708828431137,20.552849223480212,50.30109999643173,6.604821004559306,13.809711768383345,20.41453277294265,0.007200011168606579,0.0,12.297154432861417,8.110178328912628,0,22.64861383396782,1449.5112853739404,2097152.0,2,0.0,0.0,1.0,0.0,0.0,54.62320805712193,0.006300018867477775,0.0,35.993212626184075,18.623695412070372,0,1,0,0.0,0.0,27.311604028560964,0,0,2097152,8,4,0.0,2,0.0,0,0,1.0,0.0,4,4,0,1.0,0.0,0.0,451.0,0,0.0,1.0,0.0,0.0,1.0,0.0,256,1024,0,0.0,326.063302236171,208.00330000929534,0.0,104.0212811372785,14.038721089597189,0,1489.702307508993,0,1136.480807507611,1.1744061090543888e-06,8.970683531372455e-07,8.929466827763105e-07,3.302410502279654e-08,8.285827061030006e-08,5.995759732120792e-07,3.6798794938131205e-06,no_hotcold,nsga2
0,451,451,train,2.563065469264984,0.2578125,0.625,8,64,512,787.8313000110211,89.37193014869192,2.8941547220216974,29.21170264646532,2584.759399993345,5.905884026790168,18.159342303575443,24.06522633036561,0.010199990356341004,0.0,11.012881402267833,13.042144937741437,0,10.154445305032667,649.8844995220907,2097152.0,2,0.0,0.0,1.0,0.0,0.0,56.2269433625136,0.007200011168606579,0.0,37.014218993237975,19.205524358107024,0,1,0,0.0,0.0,28.1134716812568,0,0,2097152,8,4,0.0,2,0.0,0,0,1.0,0.0,4,0,0,0.0,0.0,0.0,452.0,4,0.0,1.0,0.0,0.0,1.0,0.0,256,1024,0,0.0,485.91115006871576,331.8915000127163,0.0,102.26935439356109,51.750295662438376,0,826.7983625083432,0,38.967062497322104,1.7874386029738385e-06,1.157661888808679e-06,1.241783806251991e-06,2.952942013395084e-08,1.0895605382145264e-07,6.172570786142403e-07,4.942626850604152e-06,no_hotcold,nsga2
0,452,452,train,2.3792521357536316,0.3046875,0.6796875,8,64,512,339.2139999923529,60.78947096730251,2.291915005052461,20.329122296666718,37.03210000821855,6.3735284024886445,14.119036700936366,20.49256510342501,0.007300011930055916,0.0,12.661059892963316,7.824205198531639,0,23.583862742450506,1509.3672155168324,2097152.0,2,0.0,0.0,1.0,0.0,0.0,52.11390686933931,0.006600006599910557,0.0,34.304022766138715,17.803284096600688,0,1,0,0.0,0.0,26.056953434669655,0,0,2097152,8,4,0.0,2,0.0,0,0,1.0,0.0,4,4,0,1.0,0.0,0.0,453.0,0,0.0,1.0,0.0,0.0,1.0,0.0,256,1024,0,0.0,333.6420330760868,215.4955999867525,0.0,102.97809531563763,15.168337773696646,0,826.7983625083432,0,487.5843625159903,1.2157894193460504e-06,9.167660020209846e-07,8.845930240493158e-07,3.186764201244323e-08,8.471422020561819e-08,5.693571752942963e-07,3.703087482928709e-06,no_hotcold,nsga2
0,453,453,train,2.5201938152313232,0.287109375,0.60546875,8,64,512,72.81319999310654,15.787847171678417,2.2422502522985432,21.179100685544817,58.252400005585514,5.83932359190373,13.722887514269223,19.562211106172953,0.006300004315562546,0.0,12.25490538894216,7.30100571291523,0,109.86867947127587,7031.595486161656,2097152.0,2,0.0,0.0,1.0,0.0,0.0,50.640611397257416,0.006100017344579101,0.0,33.25806534961451,17.376446030298325,0,1,0,0.0,0.0,25.320305698628708,0,0,2097152,8,4,0.0,2,0.0,0,0,1.0,0.0,4,0,0,0.0,0.0,0.0,454.0,4,0.0,1.0,0.0,0.0,1.0,0.0,256,1024,0,0.0,156.83679243808712,35.90780003287364,0.0,105.95485207819517,14.974140327018308,0,826.7983625083432,0,753.9851625152367,3.1575694343356836e-07,8.969001009194172e-07,9.20328822378731e-07,2.9196617959518652e-08,8.233732508561533e-08,5.581477886192776e-07,2.802667598396128e-06,no_hotcold,nsga2
0,454,454,train,2.380211889743805,0.279296875,0.69921875,8,64,512,321.94860000163317,57.897962995680324,2.1676025168438935,21.355535885260885,35.4494000057457,5.842165416061638,14.33990104625277,20.18206646231441,0.007700000423938036,0.0,11.85658530608675,8.31778115580372,0,24.8486098443962,1590.3110300413568,2097152.0,2,0.0,0.0,1.0,0.0,0.0,49.43516972389682,0.007600014214403927,0.0,31.89339256752043,17.53417714216198,0,1,0,0.0,0.0,24.71758486194841,0,0,2097152,8,4,0.0,2,0.0,0,0,1.0,0.0,4,4,0,1.0,0.0,0.0,455.0,0,0.0,1.0,0.0,0.0,1.0,0.0,256,1024,0,0.0,325.6844055911404,204.14839997829404,0.0,107.79156448008025,13.74444113276612,0,826.7983625083432,0,504.84976250671,1.1579592599136067e-06,8.670410067375574e-07,9.281304563112302e-07,2.9210827080308193e-08,8.60394062775166e-08,5.422309909028533e-07,3.6106119472230725e-06,no_hotcold,nsga2
0,455,455,train,2.361941158771515,0.29296875,0.7109375,8,64,512,330.4562999983318,52.49693252250045,2.3780651838829163,20.765761927796884,36.34829999646172,5.951153815454292,15.54066883083981,21.491822646294104,0.007000009645707905,0.0,12.262801923692429,9.222020712955965,0,24.20887660838597,1549.3681029367021,2097152.0,2,0.0,0.0,1.0,0.0,0.0,53.89025966880649,0.007399998139590025,0.0,35.40047477411176,18.482384896555153,0,1,0,0.0,0.0,26.945129834403247,0,0,2097152,8,4,0.0,2,0.0,0,0,1.0,0.0,4,0,0,0.0,0.0,0.0,456.0,4,0.0,1.0,0.0,0.0,1.0,0.0,256,1024,0,0.0,302.563038536721,182.6584000082221,0.0,105.14146371770333,14.763174810795585,0,826.7983625083432,0,496.3420625100114,1.0499386504500092e-06,9.512260735531663e-07,9.082621994076139e-07,2.9755769077271465e-08,9.324401298503885e-08,5.895173170000901e-07,3.6219440224731897e-06,no_hotcold,nsga2
0,456,456,train,2.4934054613113403,0.2734375,0.638671875,8,64,512,290.40420000092126,52.21433286982267,2.3805302118904494,21.0156631984818,38.746999998693354,5.952176775106739,13.743207540630554,19.695384315737293,0.006799993570894003,0.0,11.28623787436378,8.40234644780262,0,27.547716087641067,1763.0538296090283,2097152.0,2,0.0,0.0,1.0,0.0,0.0,54.1547078323106,0.006400005077011883,0.0,35.275969711151674,18.87233811608191,0,1,0,0.0,0.0,27.0773539161553,0,0,2097152,8,4,0.0,2,0.0,0,0,1.0,0.0,4,4,0,1.0,0.0,0.0,457.0,0,0.0,1.0,0.0,0.0,1.0,0.0,256,1024,0,0.0,302.4421051207796,180.80399997415952,0.0,106.30422912745748,15.3338760191627,0,826.7983625083432,0,536.3941625074219,1.0442866573964534e-06,9.522120847561799e-07,9.145034972826533e-07,2.9760883875533697e-08,8.245924524378331e-08,5.931028499706494e-07,3.616325218525253e-06,no_hotcold,nsga2
0,457,457,train,2.5086379051208496,0.291015625,0.646484375,8,64,512,86.05050000187475,14.496003499539402,2.271459448522301,20.446253777715626,51.347200002055615,6.142990135858868,13.869213092265568,20.012203228124434,0.007800001185387373,0.0,11.547313518650398,8.45708970828865,0,92.96758336374971,5949.9253352799815,2097152.0,2,0.0,0.0,1.0,0.0,0.0,49.59175073068516,0.006699992809444666,0.0,32.836578472655496,16.74847226522023,0,1,0,0.0,0.0,24.79587536534258,0,0,2097152,8,4,0.0,2,0.0,0,0,1.0,0.0,4,0,0,0.0,0.0,0.0,458.0,4,0.0,1.0,0.0,0.0,1.0,0.0,256,1024,0,0.0,148.85486690310933,30.430800004978664,0.0,105.06712718686659,13.356939711264058,0,826.7983625083432,0,740.7478625064684,2.899200699907881e-07,9.085837794089204e-07,8.912116096704769e-07,3.071495067929434e-08,8.32152785535934e-08,5.469191560640251e-07,2.7505648443670977e-06,no_hotcold,nsga2
0,458,458,train,2.5223297476768494,0.263671875,0.685546875,8,64,512,344.3461999995634,62.69040334199382,2.1958962668738042,20.62874203506692,35.69749998860061,6.376794889979406,12.967958253357684,19.34475314333709,0.00790000194683671,0.0,11.289340830013149,8.047512311377107,0,23.232365473017186,1486.8713902731,2097152.0,2,0.0,0.0,1.0,0.0,0.0,52.46282022232483,0.006599992047995329,0.0,35.65653716152276,16.799683068754074,0,1,0,0.0,0.0,26.231410111162415,0,0,2097152,8,4,0.0,2,0.0,0,0,1.0,0.0,4,4,0,1.0,0.0,0.0,459.0,0,0.0,1.0,0.0,0.0,1.0,0.0,256,1024,0,0.0,342.0601665757382,222.6284999778727,0.0,106.367037611418,13.064628986447467,0,826.7983625083432,0,482.4521625087798,1.2538080668398764e-06,8.783585067495216e-07,8.971485160981303e-07,3.188397444989703e-08,7.780774952014609e-08,5.748894110486244e-07,3.7138962247061955e-06,no_hotcold,nsga2
0,459,459,train,2.4923371076583862,0.265625,0.646484375,8,64,512,341.4619999966817,61.97607678127622,2.4028205621355414,20.44048356634642,36.046699999133125,6.572349653126074,13.902001619499773,20.474351272625846,0.007400012691505253,0.0,12.473560320851753,7.993390939082588,0,23.428599877813244,1499.4303921800476,2097152.0,2,0.0,0.0,1.0,0.0,0.0,54.07416557867535,0.006299989763647318,0.0,35.669360532751284,18.398505056160424,0,1,0,0.0,0.0,27.037082789337674,0,0,2097152,8,4,0.0,2,0.0,0,0,1.0,0.0,4,0,0,0.0,0.0,0.0,460.0,4,0.0,1.0,0.0,0.0,1.0,0.0,256,1024,0,0.0,339.27752363903267,220.80510000523645,0.0,103.30811654137224,15.164307092424012,0,826.7983625083432,0,485.3363625116615,1.2395215356255245e-06,9.611282248542165e-07,8.86404658011443e-07,3.286174826563037e-08,8.341200971699863e-08,5.919614038572101e-07,3.7952895803310237e-06,no_hotcold,nsga2
0,460,460,train,2.498675286769867,0.25,0.66015625,8,64,512,320.15030000184197,59.44260599148284,2.3620049749501657,19.95306308058889,37.53380000125617,6.477204297796655,14.381598148198119,20.858802445994776,0.007600014214403927,0.0,12.548544865102286,8.302657566678082,0,24.988185273506538,1599.2438575044184,2097152.0,2,0.0,0.0,1.0,0.0,0.0,54.40096382853751,0.00689999433234334,0.0,35.8222413810782,18.571822453126977,0,1,0,0.0,0.0,27.200481914268757,0,0,2097152,8,4,0.0,2,0.0,0,0,1.0,0.0,4,4,0,1.0,0.0,0.0,461.0,0,0.0,1.0,0.0,0.0,1.0,0.0,256,1024,0,0.0,327.0306961880876,209.41200001107063,0.0,103.53491704912726,14.08377912788969,0,826.7983625083432,0,506.6480625065012,1.1888521198296567e-06,9.448019899800664e-07,8.703970338878941e-07,3.238602148898328e-08,8.62895888891887e-08,5.950470222136881e-07,3.7177737762894773e-06,no_hotcold,nsga2
0,461,461,train,2.383656620979309,0.318359375,0.67578125,8,64,512,295.06670001137536,47.763238276055546,2.482520247784258,20.458612816310406,50.928800003021024,6.4724059876005855,15.921027748389,22.393433735989586,0.007800001185387373,0.0,12.188114260713963,10.197519474090235,0,27.112421995669425,1735.1950077228432,2097152.0,2,0.0,0.0,1.0,0.0,0.0,52.67229041846248,0.012099990271963179,0.0,35.06750694285347,17.59268348533704,0,1,0,0.0,0.0,26.33614520923124,0,0,2097152,8,4,0.0,2,0.0,0,0,1.0,0.0,4,0,0,0.0,0.0,0.0,462.0,4,0.0,1.0,0.0,0.0,1.0,0.0,256,1024,0,0.0,282.8174853606008,163.63720000663307,0.0,101.5948914752127,17.585393878755077,0,826.7983625083432,0,531.7316624969678,9.55264765521111e-07,9.93008099113703e-07,8.873754343901815e-07,3.236202993800293e-08,9.552616649033399e-08,5.76662139860811e-07,3.5401986353141436e-06,no_hotcold,nsga2
0,462,462,train,2.49926096200943,0.28125,0.66015625,8,64,512,955.2651999983937,193.19956112940434,4.058271001960782,25.27365794545225,37.01240000373218,70.65865275838392,29.033221044028654,99.69187380241257,0.006999995093792677,0.0,11.49272052403225,88.19215328328653,0,8.374628977779652,535.9762545778977,2097152.0,2,0.0,0.0,1.0,0.0,0.0,51.95093797233899,0.007199996616691351,0.0,33.91736751036571,18.026370465356585,0,1,0,0.0,0.0,25.975468986169496,0,0,2097152,8,4,0.0,2,0.0,0,0,1.0,0.0,4,4,0,1.0,0.0,0.0,463.0,0,0.0,1.0,0.0,0.0,1.0,0.0,256,1024,0,0.0,890.1259603072696,613.5409999842523,0.0,104.6666726271247,171.91828769589262,0,967.9119395044831,0,12.646739506089489,3.863991222588088e-06,1.6233084007843129e-06,1.0855911605639869e-06,3.532932637919197e-07,1.741993262641719e-07,5.67612394045767e-07,7.667995768038246e-06,no_hotcold,nsga2
0,463,463,train,2.330361843109131,0.2890625,0.703125,8,64,512,386.3517999998294,66.48047547042587,2.234226229989001,20.620884882404116,37.379400004283525,6.085739625052507,13.911664422836507,19.997404047889013,0.007300011930055916,0.0,12.433725724744548,7.556378311214409,0,20.70646310833915,1325.2136389337056,2097152.0,2,0.0,0.0,1.0,0.0,0.0,52.794812014445704,0.006400005077011883,0.0,35.39876102740946,17.389650981959225,0,1,0,0.0,0.0,26.397406007222852,0,0,2097152,8,4,0.0,2,0.0,0,0,1.0,0.0,4,0,0,0.0,0.0,0.0,464.0,4,0.0,1.0,0.0,0.0,1.0,0.0,256,1024,0,0.0,357.34234633127596,237.77940003492404,0.0,104.71752540594558,14.845420890406324,0,967.9119395044831,0,581.5601395046538,1.3296095094085177e-06,8.936904919956001e-07,8.951477946049573e-07,3.042869812526254e-08,8.346998653701904e-08,5.809550750199612e-07,3.813301555691318e-06,no_hotcold,nsga2
0,464,464,train,2.7676594853401184,0.271484375,0.583984375,8,64,512,366.8908999970881,62.91801154975952,2.4839775138037226,19.93354371444766,37.382399998023175,6.58788504243985,15.343939114582277,21.931824157022128,0.00790000194683671,0.0,12.25090233697698,9.67302181809831,0,21.804787731927288,1395.5064148433464,2097152.0,2,0.0,0.0,1.0,0.0,0.0,50.66585854583367,0.00689999433234334,0.0,32.53325197203863,18.125706579462694,0,1,0,0.0,0.0,25.332929272916836,0,0,2097152,8,4,0.0,2,0.0,0,0,1.0,0.0,4,4,0,1.0,0.0,0.0,465.0,0,0.0,1.0,0.0,0.0,1.0,0.0,256,1024,0,0.0,341.3421311120436,223.9242000359809,0.0,101.64818161619934,15.769749459863341,0,967.9119395044831,0,601.021039507395,1.2583602309951905e-06,9.93591005521489e-07,8.651837062945292e-07,3.293942521219925e-08,9.206363468749365e-08,5.554784546701046e-07,3.7976164573810066e-06,no_hotcold,nsga2
0,465,465,train,2.542515993118286,0.255859375,0.669921875,8,64,512,86.70660000643693,15.998647103626894,2.5041572131713834,20.724950909977554,38.35310001159087,5.888314914524395,14.660565347253359,20.548880261777754,0.006599992047995329,0.0,11.013383536857877,9.528896732871882,0,92.26411524948335,5904.903375966935,2097152.0,2,0.0,0.0,1.0,0.0,0.0,47.93557509148218,0.007599999662488699,0.0,30.75174570412427,17.176229387695415,0,1,0,0.0,0.0,23.96778754574109,0,0,2097152,8,4,0.0,2,0.0,0,0,1.0,0.0,4,0,0,0.0,0.0,0.0,466.0,4,0.0,1.0,0.0,0.0,1.0,0.0,256,1024,0,0.0,156.91102090710334,38.25760002655443,0.0,104.05505364310342,14.59836723744548,0,967.9119395044831,0,881.2053394980462,3.199729420725379e-07,1.0016628852685535e-06,9.022433068004455e-07,2.9441574572621976e-08,8.796339208352015e-08,5.260848103999542e-07,2.8673689111976334e-06,no_hotcold,nsga2
0,466,466,train,2.547137200832367,0.3125,0.6484375,8,64,512,74.44180001039058,17.129789220849318,2.449330461139213,21.540707916587703,56.22410000069067,5.993314473353729,15.318825038808349,21.312139512162076,0.006900008884258568,0.0,11.93447093683087,9.37076856644695,0,107.46506040723045,6877.763866062749,2097152.0,2,0.0,0.0,1.0,0.0,0.0,52.385582742661406,0.007800001185387373,0.0,34.262005998874685,18.115776742601327,0,1,0,0.0,0.0,26.192791371330703,0,0,2097152,8,4,0.0,2,0.0,0,0,1.0,0.0,4,4,0,1.0,0.0,0.0,467.0,0,0.0,1.0,0.0,0.0,1.0,0.0,256,1024,0,0.0,164.47931039430495,39.44800001045223,0.0,105.3666155658379,19.664694818014794,0,967.9119395044831,0,893.4701394940926,3.4259578441698645e-07,9.79732184455685e-07,9.322790944232243e-07,2.996657236676865e-08,9.191295023285007e-08,5.740202478054366e-07,2.950506833700951e-06,no_hotcold,nsga2
0,467,467,train,2.3309877514839172,0.306640625,0.6953125,8,64,512,353.65160000219475,62.56078424512941,2.683059086228382,22.951523895657218,54.06750000838656,5.823768869284595,16.68746071008233,22.511229579366926,0.008899995009414852,0.0,10.770772353333939,11.73155723102357,0,22.621069376982817,1447.7484401269003,2097152.0,2,0.0,0.0,1.0,0.0,0.0,50.57370787582669,0.006699992809444666,0.0,33.054184514120394,17.512823368896857,0,1,0,0.0,0.0,25.286853937913346,0,0,2097152,8,4,0.0,2,0.0,0,0,1.0,0.0,4,0,0,0.0,0.0,0.0,468.0,4,0.0,1.0,0.0,0.0,1.0,0.0,256,1024,0,0.0,352.78146890806,221.79500001948327,0.0,108.68504421527756,22.301424673299216,0,967.9119395044831,0,614.2603395022884,1.2512156849025883e-06,1.0732236344913527e-06,9.940281045483524e-07,2.9118844346422977e-08,1.0012476426049398e-07,5.55743291389992e-07,4.003454323939202e-06,no_hotcold,nsga2
0,468,468,train,2.52134245634079,0.279296875,0.634765625,8,64,512,86.8386000074679,16.88140398994459,2.264090736363579,20.56243430552127,38.62269999808632,5.862057277041537,13.930837624675199,19.792894901716735,0.006699992809444666,0.0,12.354251155772616,7.431943753134678,0,92.12386974735061,5895.927663830439,2097152.0,2,0.0,0.0,1.0,0.0,0.0,52.93946499201702,0.007100010407157242,0.0,34.64719821351078,18.28516676809909,0,1,0,0.0,0.0,26.46973249600851,0,0,2097152,8,4,0.0,2,0.0,0,0,1.0,0.0,4,4,0,1.0,0.0,0.0,469.0,0,0.0,1.0,0.0,0.0,1.0,0.0,256,1024,0,0.0,158.83171612731775,38.78879998228513,0.0,105.30267558347558,14.740240561557044,0,967.9119395044831,0,881.0733394970152,3.3762807979889184e-07,9.056362945454316e-07,8.95049864744656e-07,2.9310286385207692e-08,8.358502574805118e-08,5.816587920913871e-07,2.832868343313626e-06,no_hotcold,nsga2
0,469,469,train,2.3788479566574097,0.296875,0.69140625,8,64,512,290.1947999926051,51.94484417621104,2.5668896655815177,20.91187550277,63.26720000652131,6.34175496564878,17.25767822216124,23.59943318781002,0.008300004992634058,0.0,12.591744401849352,10.999388780968035,0,27.567594018258912,1764.3260171685704,2097152.0,2,0.0,0.0,1.0,0.0,0.0,51.273538548726215,0.006499991286545992,0.0,33.598488554971674,17.668550002467992,0,1,0,0.0,0.0,25.636769274363107,0,0,2097152,8,4,0.0,2,0.0,0,0,1.0,0.0,4,0,0,0.0,0.0,0.0,470.0,4,0.0,1.0,0.0,0.0,1.0,0.0,256,1024,0,0.0,301.6944373782502,179.54709999321494,0.0,105.03664938306511,17.110688001970168,0,967.9119395044831,0,677.717139511878,1.0388968835242208e-06,1.026755866232607e-06,9.069127863270528e-07,3.170877482824391e-08,1.0354606933296743e-07,5.651860348864488e-07,3.6730064151315407e-06,no_hotcold,nsga2
0,470,470,train,2.554421901702881,0.259765625,0.626953125,8,64,512,118.85660000552889,17.00874664263142,2.1896925948480854,20.545385564086526,58.48179999156855,6.773349878706378,12.769665404136122,19.5430152828425,0.007099995855242014,0.0,11.980888488995147,7.555026797992111,0,67.3074334298174,4307.675739508313,2097152.0,2,0.0,0.0,1.0,0.0,0.0,51.52497540221045,0.008600007276982069,0.0,34.49503478192817,17.021340613005297,0,1,0,0.0,0.0,25.762487701105226,0,0,2097152,8,4,0.0,2,0.0,0,0,1.0,0.0,4,4,0,1.0,0.0,0.0,471.0,0,0.0,1.0,0.0,0.0,1.0,0.0,256,1024,0,0.0,158.9752992062641,39.444099995307624,0.0,104.35995262289649,15.171246588060006,0,967.9119395044831,0,849.0553394989543,3.401749328526284e-07,8.758770379392339e-07,8.917808105305272e-07,3.3866749393531895e-08,7.661799242481672e-08,5.636059595796164e-07,2.7819234827203543e-06,no_hotcold,nsga2
0,471,471,train,2.341972768306732,0.283203125,0.69921875,8,64,512,204.92730000114534,34.30764664352844,2.2997596454050946,21.36392537441416,38.79050000978168,6.730851538959071,12.540736072559572,19.27158761151864,0.007199996616691351,0.0,11.939258359299467,7.325129255602484,0,39.038044037623344,2498.434818407894,2097152.0,2,0.0,0.0,1.0,0.0,0.0,50.42867144188062,0.006600006599910557,0.0,31.723062791347473,18.699008643933233,0,1,0,0.0,0.0,25.21433572094031,0,0,2097152,8,4,0.0,2,0.0,0,0,1.0,0.0,4,0,0,0.0,0.0,0.0,472.0,4,0.0,1.0,0.0,0.0,1.0,0.0,256,1024,0,0.0,231.8853266533908,110.58269999921322,0.0,105.81322109817546,15.489405556002112,0,967.9119395044831,0,762.9846395033378,6.86152932870569e-07,9.199038581620379e-07,9.294227137077928e-07,3.3654257694795356e-08,7.524441643535742e-08,5.540214792004675e-07,3.19839965807102e-06,no_hotcold,nsga2
0,472,472,train,2.451314866542816,0.298828125,0.703125,8,64,512,209.6507000096608,38.94479162597078,2.2075222491854847,20.426450042779102,62.72750000061933,5.443872486063211,12.870410358291853,18.314282844355063,0.00790000194683671,0.0,10.724144775724282,7.582238066683944,0,38.15852673568284,2442.145711083702,2097152.0,2,0.0,0.0,1.0,0.0,0.0,53.50612114864008,0.009000010322779417,0.0,36.099071357374626,17.398049780942678,0,1,0,0.0,0.0,26.75306057432004,0,0,2097152,8,4,0.0,2,0.0,0,0,1.0,0.0,4,4,0,1.0,0.0,0.0,473.0,0,0.0,1.0,0.0,0.0,1.0,0.0,256,1024,0,0.0,246.3150556717415,128.84160001704004,0.0,102.94300842202176,14.530447232679663,0,677.7566840097267,0,468.10598400006586,7.788958325194157e-07,8.83008899674194e-07,8.875790843594628e-07,2.7219362430316057e-08,7.722246214975111e-08,5.852395641455297e-07,3.239165205278669e-06,no_hotcold,nsga2
0,473,473,train,2.496749699115753,0.28515625,0.658203125,8,64,512,3293.7999999994645,353.8481320696169,3.7363242588918375,191.57948470317436,38.82339999836404,6.4869239445413776,24.42526042243447,30.912184366975847,0.00650000583846122,0.0,12.422611525790462,18.483072835346924,0,2.42880489744259,155.44351343632576,2097152.0,2,0.0,0.0,1.0,0.0,0.0,52.43243244716284,0.006499991286545992,0.0,33.74674918349403,18.67918327238226,0,1,0,0.0,0.0,26.21621622358142,0,0,2097152,8,4,0.0,2,0.0,0,0,1.0,0.0,4,0,0,0.0,0.0,0.0,474.0,4,0.0,1.0,0.0,0.0,1.0,0.0,256,1024,0,0.0,2196.6557641267323,1386.2211000232492,0.0,106.86677810502079,703.5678859984624,0,967.9119395044831,1,-2325.8880604949813,7.076962641392338e-06,1.4945297035567352e-06,7.735906819554936e-06,3.2434619722706894e-08,1.465515625346068e-07,5.757078445703417e-07,1.7062093191331663e-05,no_hotcold,nsga2
0,474,474,train,2.6127761602401733,0.2421875,0.640625,8,64,512,82.67379998869728,16.2624742878991,2.235796859860573,20.68711331013499,54.269500004011206,6.723840624359786,13.823775819438033,20.54761644379782,0.006800008122809231,0.0,12.091935752298653,8.448880683376357,0,96.76467316635424,6192.9390826466715,2097152.0,2,0.0,0.0,1.0,0.0,0.0,49.75544958266211,0.00650000583846122,0.0,32.144256821014544,17.604692755809097,0,1,0,0.0,0.0,24.877724791331055,0,0,2097152,8,4,0.0,2,0.0,0,0,1.0,0.0,4,4,0,1.0,0.0,0.0,475.0,0,0.0,1.0,0.0,0.0,1.0,0.0,256,1024,0,0.0,156.74153783157863,38.09970000293106,0.0,101.45771723964094,17.184120589006646,0,967.9119395044831,0,885.2381395157859,3.25249485757982e-07,8.943187439442293e-07,8.956945183891904e-07,3.361920312179893e-08,8.294265491662818e-08,5.448933918755674e-07,2.776717998005396e-06,no_hotcold,nsga2
0,475,475,train,2.609060525894165,0.259765625,0.61328125,8,64,512,326.01019999128766,60.57462758478292,2.3305775973251714,20.911511072340275,34.65719999803696,6.711184859428091,13.167272379463718,19.87845723889181,0.007200011168606579,0.0,12.136908091068236,7.7343491366549655,0,24.539034242424165,1570.4981915151466,2097152.0,2,0.0,0.0,1.0,0.0,0.0,52.551509579269954,0.00689999433234334,0.0,32.913157285512696,19.631452299424915,0,1,0,0.0,0.0,26.275754789634977,0,0,2097152,8,4,0.0,2,0.0,0,0,1.0,0.0,4,0,0,0.0,0.0,0.0,476.0,4,0.0,1.0,0.0,0.0,1.0,0.0,256,1024,0,0.0,335.26686501779346,215.11830000963528,0.0,105.67012820745686,14.47843680070133,0,967.9119395044831,0,641.9017395131955,1.2114925516956584e-06,9.322310389300685e-07,9.058067862055816e-07,3.3555924297140457e-08,7.90036342767823e-08,5.790460455858011e-07,3.741135980991032e-06,no_hotcold,nsga2
0,476,476,train,2.4623043537139893,0.255859375,0.646484375,8,64,512,392.88630000373814,66.51381636834978,2.1176573036978756,20.4601561705824,38.13099999388214,5.815913647973036,12.859972484528488,18.675886132501525,0.00829999044071883,0.0,11.313490724824078,7.354095417236728,0,20.36207329665246,1303.1726909857575,2097152.0,2,0.0,0.0,1.0,0.0,0.0,51.6549492967646,0.009700001101009548,0.0,33.62176246317362,18.023486832489972,0,1,0,0.0,0.0,25.8274746483823,0,0,2097152,8,4,0.0,2,0.0,0,0,1.0,0.0,4,4,0,1.0,0.0,0.0,477.0,0,0.0,1.0,0.0,0.0,1.0,0.0,256,1024,0,0.0,356.3665193705202,238.43749999650754,0.0,103.84261020404378,14.086409169968903,0,967.9119395044831,0,575.025639500745,1.3302763273669956e-06,8.470629214791504e-07,8.882169671610761e-07,2.9079568239865183e-08,7.715983490717091e-08,5.702498562679756e-07,3.742045475422234e-06,no_hotcold,nsga2
0,477,477,train,2.2909961342811584,0.326171875,0.701171875,8,64,512,341.30739999818616,61.86083780189665,2.162954801739742,20.695453218336183,36.850399992545135,5.5348661950460905,12.02063848314676,17.55550467819285,0.007499998901039362,0.0,11.259954034992507,6.288050644299303,0,23.439212161325404,1500.1095783248259,2097152.0,2,0.0,0.0,1.0,0.0,0.0,52.73933002058702,0.008000002708286047,0.0,34.98595812002098,17.74537189785776,0,1,0,0.0,0.0,26.36966501029351,0,0,2097152,8,4,0.0,2,0.0,0,0,1.0,0.0,4,0,0,0.0,0.0,0.0,478.0,4,0.0,1.0,0.0,0.0,1.0,0.0,256,1024,0,0.0,338.8769832878903,220.3412000235403,0.0,103.55232039016856,14.983462874181473,0,967.9119395044831,0,626.604539506297,1.237216756037933e-06,8.651819206958969e-07,8.991520574221224e-07,2.7674330975230457e-08,7.212383089888056e-08,5.816976125358493e-07,3.6830465085659127e-06,no_hotcold,nsga2
0,478,478,train,2.4726296067237854,0.2578125,0.662109375,8,64,512,323.01490000099875,53.045681943794776,2.3071365491587845,20.32194478228027,35.650199992232956,6.548828433317714,14.437686691141518,20.98651512445923,0.007199996616691351,0.0,12.07653996449202,8.90277516335052,0,24.766582697555336,1585.0612926435415,2097152.0,2,0.0,0.0,1.0,0.0,0.0,51.306607253374416,0.007199996616691351,0.0,32.11548277500913,19.183924481748598,0,1,0,0.0,0.0,25.653303626687208,0,0,2097152,8,4,0.0,2,0.0,0,0,1.0,0.0,4,4,0,1.0,0.0,0.0,479.0,0,0.0,1.0,0.0,0.0,1.0,0.0,256,1024,0,0.0,302.6990531009353,184.25129997194745,0.0,104.57339091809975,13.87436221088814,0,967.9119395044831,0,644.8970395034844,1.0609136388758956e-06,9.228546196635138e-07,8.845537934012528e-07,3.2744142166588575e-08,8.66261201468491e-08,5.619052967412231e-07,3.549597610995323e-06,no_hotcold,nsga2
0,479,479,train,2.387682259082794,0.314453125,0.669921875,8,64,512,340.39800000027753,60.682242679851896,2.321983686786277,21.496377187500563,36.36079998977948,6.496648165493244,14.988535937275273,21.485184102768518,0.007700000423938036,0.0,11.956833686539238,9.52065041580534,0,23.501831673986935,1504.1172271351638,2097152.0,2,0.0,0.0,1.0,0.0,0.0,53.05482523162245,0.006800008122809231,0.0,35.67230665885156,17.375718564648082,0,1,0,0.0,0.0,26.527412615811226,0,0,2097152,8,4,0.0,2,0.0,0,0,1.0,0.0,4,0,0,0.0,0.0,0.0,480.0,4,0.0,1.0,0.0,0.0,1.0,0.0,256,1024,0,0.0,338.00241421655494,214.68639999511652,0.0,108.21113192598618,15.104882295452253,0,967.9119395044831,0,627.5139395042056,1.213644853597038e-06,9.287934747145109e-07,9.381367898702194e-07,3.2483240827466226e-08,8.993121562365163e-08,5.83321499258358e-07,3.7863110738912446e-06,no_hotcold,nsga2
0,480,480,train,2.454498589038849,0.255859375,0.6796875,8,64,512,304.51390000234824,51.520456023923856,2.404219337971071,20.53099524145488,38.26939999999013,6.012343528273996,13.973831200909014,19.98617472918301,0.00790000194683671,0.0,12.209987972548623,7.7682867546875505,0,26.271292471857073,1681.3627181988527,2097152.0,2,0.0,0.0,1.0,0.0,0.0,53.78557144069542,0.006600006599910557,0.0,34.84423999314025,18.934731440955254,0,1,0,0.0,0.0,26.89278572034771,0,0,2097152,8,4,0.0,2,0.0,0,0,1.0,0.0,4,4,0,1.0,0.0,0.0,481.0,0,0.0,1.0,0.0,0.0,1.0,0.0,256,1024,0,0.0,297.82268241339926,178.29029996937606,0.0,104.41021163320707,15.122170810816133,0,967.9119395044831,0,663.3980395021349,1.0304091204784772e-06,9.616877351884285e-07,8.922787459731486e-07,3.006171764136998e-08,8.384298720545407e-08,5.892206888380776e-07,3.5875009953249556e-06,no_hotcold,nsga2
0,481,481,train,2.413566470146179,0.259765625,0.6875,8,64,512,290.3461999958381,49.30238931762716,2.2363871105919895,19.892506818940888,38.993499998468906,5.916429390898078,13.355032962957354,19.271462353855433,0.00790000194683671,0.0,11.588090151943582,7.675472199965013,0,27.5532190429757,1763.406018750445,2097152.0,2,0.0,0.0,1.0,0.0,0.0,55.17531037186983,0.00689999433234334,0.0,36.548746157305274,18.619664220232213,0,1,0,0.0,0.0,27.587655185934914,0,0,2097152,8,4,0.0,2,0.0,0,0,1.0,0.0,4,0,0,0.0,0.0,0.0,482.0,4,0.0,1.0,0.0,0.0,1.0,0.0,256,1024,0,0.0,285.72513298864015,170.3508000500733,0.0,102.24105572186403,13.133277216702856,0,772.4141645008768,0,482.06796450503873,9.860477863525435e-07,8.945548442367958e-07,8.641493586850768e-07,2.9582146954490396e-08,8.013019777774411e-08,6.066295987652252e-07,3.4610939327718755e-06,no_hotcold,nsga2
0,482,482,train,2.4224554300308228,0.271484375,0.669921875,8,64,512,305.27490000531543,54.66895671233358,2.3436087211320373,20.746759876650344,36.8568999983836,5.718252096076278,14.589455444988275,20.307707541064552,0.00680002267472446,0.0,11.461065530159015,8.839841988230814,0,26.205802684917824,1677.1713718347407,2097152.0,2,0.0,0.0,1.0,0.0,0.0,54.66968764689148,0.009899988071992993,0.0,37.01759944928669,17.642188209532797,0,1,0,0.0,0.0,27.33484382344574,0,0,2097152,8,4,0.0,2,0.0,0,0,1.0,0.0,4,4,0,1.0,0.0,0.0,483.0,0,0.0,1.0,0.0,0.0,1.0,0.0,256,1024,0,0.0,311.0373012404638,193.05159998475574,0.0,103.61261225443894,14.373089001269152,0,772.4141645008768,0,467.1392644955614,1.0933791342466718e-06,9.37443488452815e-07,9.002407176774072e-07,2.8591260480381393e-08,8.753673266992964e-08,6.017694162102358e-07,3.6489607497374404e-06,no_hotcold,nsga2
0,483,483,train,2.469439744949341,0.251953125,0.66015625,8,64,512,3987.706900006742,836.1861988885225,3.1317606220633594,24.927129044983495,49.462000009953044,6.661623688991269,19.830450824713854,26.492074513705123,0.010100004146806896,0.0,11.385232819965967,15.096741689592347,0,2.006164995180934,128.3945596915798,2097152.0,2,0.0,0.0,1.0,0.0,0.0,52.63844593718481,0.007700000423938036,0.0,33.784560005116305,18.846185931644566,0,1,0,0.0,0.0,26.319222968592406,0,0,2097152,8,4,0.0,2,0.0,0,0,1.0,0.0,4,0,0,0.0,0.0,0.0,484.0,4,0.0,1.0,0.0,0.0,1.0,0.0,256,1024,0,0.0,3456.980354222277,3316.112200016505,0.0,108.31871267678125,32.54944152899081,0,2465.605273998874,1,-1522.1016260078682,1.672372397777045e-05,1.2527042488253439e-06,1.0801886906459195e-06,3.330811844495635e-08,1.189827049482831e-07,5.751429642732532e-07,1.9784050704908207e-05,no_hotcold,nsga2
0,484,484,train,2.385533034801483,0.271484375,0.703125,8,64,512,499.4948000094155,88.36753918727247,2.459999179667207,21.177025628868712,36.51669999817386,6.217876164621684,14.357598346966052,20.575474511587736,0.007099995855242014,0.0,11.40581698918261,9.162557526549884,0,16.016150686050214,1025.0336439072137,2097152.0,2,0.0,0.0,1.0,0.0,0.0,54.51791656644957,0.0070999813033267856,0.0,35.15956913987874,19.3512474452675,0,1,0,0.0,0.0,27.258958283224786,0,0,2097152,8,4,0.0,2,0.0,0,0,1.0,0.0,4,4,0,1.0,0.0,0.0,485.0,0,0.0,1.0,0.0,0.0,1.0,0.0,256,1024,0,0.0,448.01825598323353,325.65480000630487,0.0,106.22525096768356,16.138205009245137,0,2465.605273998874,0,1966.1104739894586,1.7673507837454494e-06,9.83999671866883e-07,9.191814881720678e-07,3.1089380823108426e-08,8.614559008179631e-08,6.001706372100137e-07,4.387937551899318e-06,no_hotcold,nsga2
0,485,485,train,2.5042918920516968,0.27734375,0.65625,8,64,512,310.36149999999907,52.54492675233068,2.228317462320371,20.262574020759885,36.81540000252426,6.339715903679647,13.882962105931846,20.222678009611492,0.007800001185387373,0.0,12.224135951423367,7.990742057002737,0,25.77630996012735,1649.6838374481504,2097152.0,2,0.0,0.0,1.0,0.0,0.0,52.614076912091406,0.00820001878309995,0.0,35.01978221454941,17.58609467875889,0,1,0,0.0,0.0,26.307038456045703,0,0,2097152,8,4,0.0,2,0.0,0,0,1.0,0.0,4,0,0,0.0,0.0,0.0,486.0,4,0.0,1.0,0.0,0.0,1.0,0.0,256,1024,0,0.0,300.1432729416438,182.66039997979533,0.0,104.10190622408908,13.380966737759353,0,2465.605273998874,0,2155.243773998875,1.0508985350466138e-06,8.913269849281485e-07,8.822686244050301e-07,3.169857951839824e-08,8.329777263559107e-08,5.777204293892613e-07,3.517210925923043e-06,no_hotcold,nsga2
0,486,486,train,2.4975133538246155,0.2421875,0.669921875,8,64,512,82.32409998890944,16.296636545088873,2.1462966804380263,21.178346230164422,40.737999996053986,5.89357750219136,13.476623064374774,19.370200566566133,0.006499991286545992,0.0,11.465477632253133,7.8982229430264566,0,97.17570948687258,6219.245407159845,2097152.0,2,0.0,0.0,1.0,0.0,0.0,51.593343878212224,0.007000024197623134,0.0,33.7833532794518,17.802990574562795,0,1,0,0.0,0.0,25.796671939106112,0,0,2097152,8,4,0.0,2,0.0,0,0,1.0,0.0,4,4,0,1.0,0.0,0.0,487.0,0,0.0,1.0,0.0,0.0,1.0,0.0,256,1024,0,0.0,158.4851178227653,36.615499993786216,0.0,107.23533692465095,14.6342809043281,0,2465.605273998874,0,2383.2811740099646,3.259327309017775e-07,8.585186721752106e-07,9.17662057565151e-07,2.9467887510956803e-08,8.085973838624864e-08,5.648809807428097e-07,2.777322067282154e-06,no_hotcold,nsga2
0,487,487,train,2.3380990624427795,0.30859375,0.681640625,8,64,512,343.38019999268,63.20279885631436,2.162167104255138,21.13079755587517,41.34369999519549,6.340749994140902,13.992001205051867,20.33275119919277,0.007499998901039362,0.0,12.535195100934262,7.790056099357468,0,23.297722764585075,1491.0542569334448,2097152.0,2,0.0,0.0,1.0,0.0,0.0,49.32154951402336,0.006699992809444666,0.0,31.3948531285567,17.919996392657218,0,1,0,0.0,0.0,24.66077475701168,0,0,2097152,8,4,0.0,2,0.0,0,0,1.0,0.0,4,0,0,0.0,0.0,0.0,488.0,4,0.0,1.0,0.0,0.0,1.0,0.0,256,1024,0,0.0,345.9830540657787,224.64500002388377,0.0,107.32563449562171,14.012419546273184,0,2465.605273998874,0,2122.225074006194,1.2640559771262873e-06,8.648668417020553e-07,9.179412069385053e-07,3.1703749970704515e-08,8.395200723031119e-08,5.41849993804787e-07,3.704369776772651e-06,no_hotcold,nsga2
0,488,488,train,2.5255200266838074,0.28515625,0.64453125,8,64,512,333.66179998847656,59.04901424782356,2.3330137216838795,21.31226848976391,35.78710000147112,6.056969500374148,14.63348155770717,20.69045105808132,0.007100010407157242,0.0,12.285454713297126,8.397896334377036,0,23.976301824105924,1534.4833167427792,2097152.0,2,0.0,0.0,1.0,0.0,0.0,49.75235050741242,0.007399998139590025,0.0,32.600308081489,17.144642427783836,0,1,0,0.0,0.0,24.87617525370621,0,0,2097152,8,4,0.0,2,0.0,0,0,1.0,0.0,4,4,0,1.0,0.0,0.0,489.0,0,0.0,1.0,0.0,0.0,1.0,0.0,256,1024,0,0.0,330.77718583708537,208.79259999492206,0.0,107.33497203963894,14.649613802524396,0,2465.605273998874,0,2131.9434740103975,1.1809802849564711e-06,9.332054886735519e-07,9.291886202944072e-07,3.0284847501870744e-08,8.780088934624301e-08,5.446178947194724e-07,3.7060780254920162e-06,no_hotcold,nsga2
0,489,489,train,2.455655097961426,0.28515625,0.6796875,8,64,512,339.04350000375416,61.130394810189955,2.327176931141458,20.63013897202614,36.857200000667945,5.540337520705968,14.0868850665433,19.627222587249268,0.007299997378140688,0.0,11.5293215326022,8.090601057268925,0,23.595722685108942,1510.1262518469723,2097152.0,2,0.0,0.0,1.0,0.0,0.0,53.03127445367961,0.007700014975853264,0.0,35.536025091404824,17.487549347298927,0,1,0,0.0,0.0,26.515637226839804,0,0,2097152,8,4,0.0,2,0.0,0,0,1.0,0.0,4,0,0,0.0,0.0,0.0,490.0,4,0.0,1.0,0.0,0.0,1.0,0.0,256,1024,0,0.0,336.3508428534302,217.31589996488765,0.0,105.1768515930382,13.858091295504357,0,2465.605273998874,0,2126.56177399512,1.222607896203799e-06,9.308707724565833e-07,8.977582268624474e-07,2.7701687603529843e-08,8.452131039925979e-08,5.845412285624194e-07,3.7480011220880385e-06,no_hotcold,nsga2
0,490,490,train,2.4068156480789185,0.298828125,0.701171875,8,64,512,85.36060000187717,16.648578765822535,2.220771054904928,20.37037088849934,59.87549999554176,6.900697119250905,13.966244846576533,20.866941965827436,0.006600006599910557,0.0,12.349126262590142,8.511215696637386,0,93.71895559389787,5998.013158009464,2097152.0,2,0.0,0.0,1.0,0.0,0.0,51.86401636847016,0.006799993570894003,0.0,34.88289086599275,16.974325508906517,0,1,0,0.0,0.0,25.93200818423508,0,0,2097152,8,4,0.0,2,0.0,0,0,1.0,0.0,4,4,0,1.0,0.0,0.0,491.0,0,0.0,1.0,0.0,0.0,1.0,0.0,256,1024,0,0.0,156.9588828369072,38.382700018701144,0.0,103.72914414508111,14.847038673124953,0,2465.605273998874,0,2380.244673996997,3.329715753164507e-07,8.883084219619713e-07,8.847602466194219e-07,3.450348559625453e-08,8.37974690794592e-08,5.690301583952567e-07,2.7933713569688148e-06,no_hotcold,nsga2
0,491,491,train,2.4265130162239075,0.283203125,0.650390625,8,64,512,352.75649999675807,60.70220632771497,2.1711527177945826,20.433563238321003,38.61499999766238,6.334661807849758,13.188625934962914,19.523287742812673,0.007399998139590025,0.0,12.654023166332601,6.861864578340481,0,22.67846892007547,1451.4220108848301,2097152.0,2,0.0,0.0,1.0,0.0,0.0,54.70359577879326,0.00689999433234334,0.0,36.31313394403164,18.383561840429273,0,1,0,0.0,0.0,27.35179788939663,0,0,2097152,8,4,0.0,2,0.0,0,0,1.0,0.0,4,0,0,0.0,0.0,0.0,492.0,4,0.0,1.0,0.0,0.0,1.0,0.0,256,1024,0,0.0,333.2276891353222,216.80060001381207,0.0,103.43443444270446,12.992654678805707,0,2465.605273998874,0,2112.848774002116,1.2140441265542995e-06,8.684610871178331e-07,8.879534422385009e-07,3.16733090392488e-08,7.913175560977748e-08,6.006986525178872e-07,3.681962373077547e-06,no_hotcold,nsga2
0,492,492,train,2.49191015958786,0.228515625,0.662109375,8,64,512,366.98649999743793,65.16489401865834,2.972505204748791,21.980095105574872,60.616000002482906,6.477625614153202,19.40456039484184,25.882186008995042,0.009600014891475439,0.0,11.562211497504284,14.310374496599284,0,21.799107599184854,1395.1428863478307,2097152.0,2,0.0,0.0,1.0,0.0,0.0,51.630764850600116,0.007600014214403927,0.0,33.08257956905661,18.540585267329107,0,1,0,0.0,0.0,25.815382425300058,0,0,2097152,8,4,0.0,2,0.0,0,0,1.0,0.0,4,4,0,1.0,0.0,0.0,493.0,0,0.0,1.0,0.0,0.0,1.0,0.0,256,1024,0,0.0,360.46997731592796,232.95620000862982,0.0,105.3474628251981,22.16631448210009,0,2239.998926004328,0,1873.01242600689,1.303297880373167e-06,1.1890020818995166e-06,9.547001650059157e-07,3.2388128070766016e-08,1.1642736236905103e-07,5.705461012557111e-07,4.1663617189741276e-06,no_hotcold,nsga2
0,493,493,train,2.4807448387145996,0.234375,0.6796875,8,64,512,4451.5513999940595,916.1313517437239,14.20513249532852,46.91850721315861,41.589300002669916,6.3626187671748795,108.16319342677866,114.52581219395354,0.006700007361359894,0.0,12.397335340411944,102.12177684618024,0,1.797125874562473,115.01605597199827,2097152.0,2,0.0,0.0,1.0,0.0,0.0,53.35280647073533,0.00689999433234334,0.0,35.01450313810406,18.331403338298927,0,1,0,0.0,0.0,26.676403235367665,0,0,2097152,8,4,0.0,2,0.0,0,0,1.0,0.0,4,0,0,0.0,0.0,0.0,494.0,4,0.0,1.0,0.0,0.0,1.0,0.0,256,1024,0,0.0,3909.019965808844,3636.934800000745,0.0,106.58998460046412,165.4951812076355,0,4042.993674503812,1,-408.5577254902473,1.832262703487448e-05,5.682052998131407e-06,2.127878741543804e-06,3.18130938358744e-08,6.489791605606719e-07,5.817718376242632e-07,2.7395122866570502e-05,no_hotcold,nsga2
0,494,494,train,2.3912222385406494,0.2578125,0.6796875,8,64,512,356.3173999864375,60.491978437610655,2.2010270541856327,20.8310852295383,39.030100000672974,5.68892429728002,12.465050752733575,18.153975050013596,0.007399998139590025,0.0,10.781803186769116,7.364771865104889,0,22.45182960044865,1436.9170944287137,2097152.0,2,0.0,0.0,1.0,0.0,0.0,50.151623681810285,0.006999995093792677,0.0,32.105454407893205,18.039169278823287,0,1,0,0.0,0.0,25.075811840905143,0,0,2097152,8,4,0.0,2,0.0,0,0,1.0,0.0,4,4,0,1.0,0.0,0.0,495.0,0,0.0,1.0,0.0,0.0,1.0,0.0,256,1024,0,0.0,334.09636288533835,216.3356000382919,0.0,104.7067342712096,13.054028575836838,0,4042.993674503812,0,3686.6762745173746,1.2098395687522133e-06,8.804108216742531e-07,9.035352024164926e-07,2.8444621486400106e-08,7.479030451640145e-08,5.512891976536677e-07,3.6483097164994284e-06,no_hotcold,nsga2
0,495,495,train,2.5375232696533203,0.267578125,0.66015625,8,64,512,358.2876000000397,62.068505114871904,2.1743020330399787,21.70526820867648,35.8010999916587,6.678687909064939,12.744152884183062,19.422840793248,0.007199996616691351,0.0,12.235608878927858,7.180031917703452,0,22.328368806596455,1429.015603622173,2097152.0,2,0.0,0.0,1.0,0.0,0.0,50.100359891067725,0.00750001345295459,0.0,32.64169112769723,17.451168749917542,0,1,0,0.0,0.0,25.050179945533863,0,0,2097152,8,4,0.0,2,0.0,0,0,1.0,0.0,4,0,0,0.0,0.0,0.0,496.0,4,0.0,1.0,0.0,0.0,1.0,0.0,256,1024,0,0.0,343.79230142635345,219.62689998326823,0.0,108.98085578600212,15.184545657083092,0,4042.993674503812,0,3684.7060745037725,1.241370102297438e-06,8.697208132159915e-07,9.378091643822461e-07,3.33934395453247e-08,7.646491730509836e-08,5.47852314162525e-07,3.7066107509086237e-06,no_hotcold,nsga2
0,496,496,train,2.3358154892921448,0.279296875,0.703125,8,64,512,358.0836999899475,62.668271208487376,2.3337008540947943,20.476901074462702,38.61319999850821,6.433674220642574,13.76091904047384,20.194593261116417,0.007700000423938036,0.0,11.81025360495908,8.376639655733397,0,22.341082990210374,1429.829311373464,2097152.0,2,0.0,0.0,1.0,0.0,0.0,52.85413831331928,0.006999995093792677,0.0,34.99530997360214,17.85182834462335,0,1,0,0.0,0.0,26.42706915665964,0,0,2097152,8,4,0.0,2,0.0,0,0,1.0,0.0,4,4,0,1.0,0.0,0.0,497.0,0,0.0,1.0,0.0,0.0,1.0,0.0,256,1024,0,0.0,341.9154925481795,222.71979997458402,0.0,105.3902098887881,13.805482684807316,0,4042.993674503812,0,3684.9099745138647,1.2533654241697476e-06,9.334803416379176e-07,8.872323025594205e-07,3.2168371103212873e-08,8.256551424284303e-08,5.773371580499621e-07,3.7661491117631036e-06,no_hotcold,nsga2
0,497,497,train,2.4030117988586426,0.275390625,0.68359375,8,64,512,357.7899000083562,64.60052955786543,2.151479421644914,21.095518979073454,36.15749999880791,5.993374212708964,14.290010346302864,20.28338455901183,0.007299997378140688,0.0,11.969183565841691,8.306900995791997,0,22.359428369511804,1431.0034156487554,2097152.0,2,0.0,0.0,1.0,0.0,0.0,53.126316648728775,0.006499991286545992,0.0,35.481481979869926,17.63833467757231,0,1,0,0.0,0.0,26.563158324364387,0,0,2097152,8,4,0.0,2,0.0,0,0,1.0,0.0,4,0,0,0.0,0.0,0.0,498.0,4,0.0,1.0,0.0,0.0,1.0,0.0,256,1024,0,0.0,351.39011183433524,230.9605999471387,0.0,106.1587430973976,14.27076878979888,0,4042.993674503812,0,3685.203774495456,1.2920105911573085e-06,8.605917686579655e-07,9.174769031276634e-07,2.9966871063544823e-08,8.574006207781717e-08,5.815523557828663e-07,3.7673385518671653e-06,no_hotcold,nsga2
0,498,498,train,2.4954870343208313,0.251953125,0.64453125,8,64,512,405.848700000206,75.83524999447513,2.3219967118902893,21.389372639538088,35.90989999065641,6.32946657327059,12.694506436006552,19.023973009277142,0.007099995855242014,0.0,10.982553175564172,8.034319837857728,0,19.71173072197895,1261.5507662066527,2097152.0,2,0.0,0.0,1.0,0.0,0.0,52.84294332682397,0.007199996616691351,0.0,36.11933910660823,16.716404223599046,0,1,0,0.0,0.0,26.421471663411985,0,0,2097152,8,4,0.0,2,0.0,0,0,1.0,0.0,4,4,0,1.0,0.0,0.0,499.0,0,0.0,1.0,0.0,0.0,1.0,0.0,256,1024,0,0.0,398.1864773836141,275.36489999329206,0.0,105.70828361806942,17.113293772252593,0,4042.993674503812,0,3637.144974503606,1.5167049998895028e-06,9.287986847561158e-07,9.288703522771438e-07,3.1647332866352954e-08,7.61670386160393e-08,5.80790123327164e-07,4.0629785317323185e-06,no_hotcold,nsga2
0,499,499,train,2.4154480695724487,0.2578125,0.67578125,8,64,512,340.35969999968074,60.731938596345245,2.407504845852297,20.783889247536756,38.016499995137565,5.564607201558097,14.186022731125991,19.750629932684088,0.00790000194683671,0.0,11.78254327023576,7.960186660501493,0,23.504476280626715,1504.2864819601098,2097152.0,2,0.0,0.0,1.0,0.0,0.0,53.066494571161485,0.006799993570894003,0.0,35.54890195689522,17.51079262069537,0,1,0,0.0,0.0,26.533247285580742,0,0,2097152,8,4,0.0,2,0.0,0,0,1.0,0.0,4,0,0,0.0,0.0,0.0,500.0,4,0.0,1.0,0.0,0.0,1.0,0.0,256,1024,0,0.0,335.6933307589372,214.69680000154767,0.0,105.93630679198938,15.060223965400166,0,4042.993674503812,0,3702.6339745041314,1.2146387719269049e-06,9.630019383409189e-07,9.018007607142032e-07,2.7823036007790485e-08,8.511613638675594e-08,5.810581192273666e-07,3.7734387626039404e-06,no_hotcold,nsga2
0,500,500,val,2.5939497351646423,0.244140625,0.66015625,8,64,512,240.41910000960343,21.432266051475263,2.353070164559992,69.40585174996122,0.0,0.0,0.0,0.0,0.0,0.0,0.0,0.0,0,33.275088063271106,2129.605636049351,0.0,0,0.0,0.0,0.0,0.0,0.0,0.0,0.0,0.0,0.0,0.0,0,0,0,0.0,0.0,0.0,0,0,0,8,4,0.0,2,0.0,0,0,1.0,0.0,0,0,0,0.0,0.0,0.0,0.0,0,0.0,1.0,0.0,0.0,1.0,0.0,256,1024,0,0.0,372.7647518639859,57.67740000737831,200.0,100.78036140170414,14.306990454903426,0,4042.993674503812,0,3802.5745744942087,4.286453210295053e-07,9.412280658239968e-07,2.877019671899202e-06,0.0,0.0,0.0,4.246893058752705e-06,no_hotcold,nsga2
0,500,500,train,2.5036685466766357,0.271484375,0.65234375,8,64,512,206.73019999230746,34.79878587992967,2.229280664775435,18.50259824814751,43.39780000736937,5.836836315645781,14.22844420205294,20.06528051769872,0.007699985872022808,0.0,12.041746627341439,8.015833904485259,0,38.69759378505849,2476.646002243743,2097152.0,2,0.0,0.0,1.0,0.0,0.0,51.46957955699151,0.00999998883344233,0.0,32.38175659531868,19.07782297283939,0,1,0,0.0,0.0,25.734789778495756,0,0,2097152,8,4,0.0,2,0.0,0,0,1.0,0.0,4,4,0,1.0,0.0,0.0,501.0,0,0.0,1.0,0.0,0.0,1.0,0.0,256,1024,0,0.0,222.12265917141048,111.37569999846164,0.0,98.74971368218058,11.997245490768233,0,4042.993674503812,0,3836.2634745115047,6.959757175985935e-07,8.91712265910174e-07,8.3366702420326e-07,2.918418157822891e-08,8.537066521231763e-08,5.663522884475171e-07,3.102262142950091e-06,no_hotcold,nsga2
0,501,501,train,2.456017017364502,0.2734375,0.677734375,8,64,512,2338.1139999983134,480.546346842184,5.171377888778112,32.340476311271985,54.33949999860488,5.931270165099986,41.397138135245974,47.32840830034596,0.007899987394921482,0.0,12.107557326224455,35.21295098672658,0,3.421559675210916,218.97981921349862,2097152.0,2,0.0,0.0,1.0,0.0,0.0,55.24613618237153,0.006300004315562546,0.0,36.1397398359161,19.100096342139864,0,1,0,0.0,0.0,27.623068091185765,0,0,2097152,8,4,0.0,2,0.0,0,0,1.0,0.0,4,0,0,0.0,0.0,0.0,502.0,4,0.0,1.0,0.0,0.0,1.0,0.0,256,1024,0,0.0,2072.232804168936,1893.5017000912922,0.0,99.66682057510135,79.06428350254292,0,4042.993674503812,0,1704.8796745054988,9.61092693684368e-06,2.0685511555112453e-06,1.4982415848890263e-06,2.965635082549993e-08,2.483828288114758e-07,6.069448704495273e-07,1.4062703727330454e-05,no_hotcold,nsga2
0,502,502,train,2.6374831199645996,0.2421875,0.61328125,8,64,512,309.8638999945251,55.672903127475735,2.0583575612485063,19.355887706311957,37.83679999469314,5.846568131664944,13.02209025959614,18.868658391261086,0.007300011930055916,0.0,12.307225021340427,6.554133357990602,0,25.81770313495123,1652.3330006368788,2097152.0,2,0.0,0.0,1.0,0.0,0.0,50.276871310543896,0.007499998901039362,0.0,32.39873207583373,17.87063923580913,0,1,0,0.0,0.0,25.138435655271948,0,0,2097152,8,4,0.0,2,0.0,0,0,1.0,0.0,4,4,0,1.0,0.0,0.0,503.0,0,0.0,1.0,0.0,0.0,1.0,0.0,256,1024,0,0.0,308.3485935801448,195.51590003538877,0.0,101.03795395430909,11.794739590446921,0,3569.9291045032396,0,3260.0652045087145,1.1134580625495147e-06,8.233430244994026e-07,8.744557138700704e-07,2.9232840658324723e-08,7.813254155757683e-08,5.538266043477501e-07,3.4724487874826386e-06,no_hotcold,nsga2
0,503,503,train,2.492732048034668,0.2421875,0.6328125,8,64,512,77.0156000071438,16.067215578867124,2.4673767403693314,20.036820105513087,39.12130001117475,6.315407795638245,15.799782274393586,22.11519007003183,0.008799994247965515,0.0,11.023114978504278,11.083275097279587,0,103.87371033333004,6647.917461333122,2097152.0,2,0.0,0.0,1.0,0.0,0.0,49.62431656379387,0.00689999433234334,0.0,30.489473368871174,19.127943200590355,0,1,0,0.0,0.0,24.812158281896934,0,0,2097152,8,4,0.0,2,0.0,0,0,1.0,0.0,4,0,0,0.0,0.0,0.0,504.0,4,0.0,1.0,0.0,0.0,1.0,0.0,256,1024,0,0.0,154.28564969899818,36.372799979289994,0.0,101.66202061577937,16.250829103928826,0,3569.9291045032396,0,3492.913504496096,3.2134431157734254e-07,9.869506961477326e-07,9.058095880690022e-07,3.1577038978191226e-08,9.479869364636151e-08,5.456367410313761e-07,2.886117069450006e-06,no_hotcold,nsga2
0,504,504,train,2.5067249536514282,0.2578125,0.666015625,8,64,512,421.8569000076968,76.06782180656764,2.417085520420363,18.9721798243252,36.365200008731335,5.73232245895136,14.04801334899251,19.78033580794387,0.006700007361359894,0.0,11.318960272153893,8.454675528428618,0,18.96373162587222,1213.6788240558221,2097152.0,2,0.0,0.0,1.0,0.0,0.0,51.99476443168289,0.00650000583846122,0.0,33.55966602147301,18.42859840437142,0,1,0,0.0,0.0,25.997382215841444,0,0,2097152,8,4,0.0,2,0.0,0,0,1.0,0.0,4,4,0,1.0,0.0,0.0,505.0,0,0.0,1.0,0.0,0.0,1.0,0.0,256,1024,0,0.0,389.8283486052528,276.5020999650005,0.0,98.457711422946,14.868537217306258,0,3569.9291045032396,0,3148.072204495543,1.5213564361313527e-06,9.668342081681451e-07,8.566929663735902e-07,2.8661612294756803e-08,8.428808009395504e-08,5.694162127534747e-07,4.027249515815275e-06,no_hotcold,nsga2
0,505,505,train,2.4748235940933228,0.259765625,0.666015625,8,64,512,344.1940000047907,61.00298768191214,2.327050287513786,19.864663203176868,40.00750000705011,5.8151588715443125,13.944673526017205,19.759832397561517,0.00790000194683671,0.0,11.18857684095587,8.563355554658811,0,23.242638620225893,1487.5288716944572,2097152.0,2,0.0,0.0,1.0,0.0,0.0,51.21594221481106,0.006800008122809231,0.0,33.4198332882835,17.78930891840475,0,1,0,0.0,0.0,25.60797110740553,0,0,2097152,8,4,0.0,2,0.0,0,0,1.0,0.0,4,0,0,0.0,0.0,0.0,506.0,4,0.0,1.0,0.0,0.0,1.0,0.0,256,1024,0,0.0,332.7788046904111,217.17330001411028,0.0,102.80247801846272,12.803026657838181,0,3569.9291045032396,0,3225.735104498449,1.220059753638243e-06,9.308201150055145e-07,8.979310073255771e-07,2.9075794357721564e-08,8.366804115610322e-08,5.59235540046042e-07,3.720790251529201e-06,no_hotcold,nsga2
0,506,506,train,2.4889436960220337,0.265625,0.666015625,8,64,512,324.7886000026483,53.32864363166941,2.26074728884543,19.277511284966454,38.34159999678377,6.100004126421968,12.391283053751199,18.491287180173167,0.007900016498751938,0.0,11.658525478611299,6.824861685063114,0,24.631330559644674,1576.4051558172591,2097152.0,2,0.0,0.0,1.0,0.0,0.0,53.28614537431865,0.007700014975853264,0.0,35.0627041919936,18.215741167349194,0,1,0,0.0,0.0,26.643072687159325,0,0,2097152,8,4,0.0,2,0.0,0,0,1.0,0.0,4,4,0,1.0,0.0,0.0,507.0,0,0.0,1.0,0.0,0.0,1.0,0.0,256,1024,0,0.0,299.4676088219252,184.70310006523505,0.0,101.44922064459263,13.315288112097502,0,3569.9291045032396,0,3245.1405045005913,1.0665728726333883e-06,9.042989155381721e-07,8.741249962633061e-07,3.0500020632109846e-08,7.434769832250719e-08,5.873919371897934e-07,3.5372364405792768e-06,no_hotcold,nsga2
0,507,507,train,2.4250901341438293,0.291015625,0.69140625,8,64,512,337.51920000941027,60.294945745513914,2.155810977782866,19.183435252625976,36.95540000626352,6.1137010851968245,12.857505839715362,18.971206924912188,0.006900023436173797,0.0,11.316651582939974,7.647655318536037,0,23.70228507738783,1516.9462449528212,2097152.0,2,0.0,0.0,1.0,0.0,0.0,50.88978830103031,0.007099995855242014,0.0,32.23957466519744,18.643113639977628,0,1,0,0.0,0.0,25.444894150515154,0,0,2097152,8,4,0.0,2,0.0,0,0,1.0,0.0,4,0,0,0.0,0.0,0.0,508.0,4,0.0,1.0,0.0,0.0,1.0,0.0,256,1024,0,0.0,326.53676790369104,213.1701000034809,0.0,101.07177780197833,12.294890098231805,0,3569.9291045032396,0,3232.4099044938293,1.2058989149102784e-06,8.623243911131463e-07,8.658639720090472e-07,3.0568505425984124e-08,7.714503503829216e-08,5.584528143911703e-07,3.600253632887919e-06,no_hotcold,nsga2
0,508,508,train,2.6613407135009766,0.2890625,0.609375,8,64,512,398.47800000279676,70.14618390293761,3.246477417764488,19.048167068235262,42.55189999821596,5.747851861181794,22.59097159302789,28.338823454209685,0.008500006515532732,0.0,11.553545663282097,16.776777784412054,0,20.076340283788735,1284.885778162479,2097152.0,2,0.0,0.0,1.0,0.0,0.0,50.129420543998265,0.007200011168606579,0.0,32.26058768880263,17.861632844027028,0,1,0,0.0,0.0,25.064710271999132,0,0,2097152,8,4,0.0,2,0.0,0,0,1.0,0.0,4,4,0,1.0,0.0,0.0,509.0,0,0.0,1.0,0.0,0.0,1.0,0.0,256,1024,0,0.0,369.7633135557494,252.8394000546541,0.0,99.6476979283778,17.27621557271751,0,3569.9291045032396,0,3171.451104500443,1.4029236780587522e-06,1.2985909671057954e-06,8.588592136025918e-07,2.8739259305908973e-08,1.3554582955816735e-07,5.500145554866751e-07,4.274673503117891e-06,no_hotcold,nsga2
0,509,509,train,2.58398973941803,0.283203125,0.66015625,8,64,512,357.97090000414755,61.06959448622701,2.1934338730988014,19.19050104488938,35.56689999822993,6.046524062956988,13.475343513535718,19.521867576492706,0.00790000194683671,0.0,11.571898434907164,7.942069139638705,0,22.34812285519425,1430.279862732432,2097152.0,2,0.0,0.0,1.0,0.0,0.0,51.521162535799036,0.006400019628927112,0.0,33.110679535550965,18.40408298061914,0,1,0,0.0,0.0,25.760581267899518,0,0,2097152,8,4,0.0,2,0.0,0,0,1.0,0.0,4,0,0,0.0,0.0,0.0,510.0,4,0.0,1.0,0.0,0.0,1.0,0.0,256,1024,0,0.0,329.81411761686076,216.12949996779207,0.0,101.06681003335183,12.617807615716899,0,3569.9291045032396,0,3211.958204499092,1.2213918897245405e-06,8.773735492395206e-07,8.68661027182105e-07,3.023262031478494e-08,8.08520610812143e-08,5.677346504672721e-07,3.646245798009437e-06,no_hotcold,nsga2
0,510,510,train,2.5374732613563538,0.302734375,0.62109375,8,64,512,274.71759999752976,47.15087536146679,2.367993740001244,19.383075270240727,50.32759999448899,6.62471071262419,15.516791432521504,22.141502145145694,0.007599999662488699,0.0,12.54870371259388,9.585198432889326,0,29.120707516971677,1863.7252810861874,2097152.0,2,0.0,0.0,1.0,0.0,0.0,51.145567609455725,0.008300004992634058,0.0,33.760829503716266,17.376438100746824,0,1,0,0.0,0.0,25.572783804727862,0,0,2097152,8,4,0.0,2,0.0,0,0,1.0,0.0,4,4,0,1.0,0.0,0.0,511.0,0,0.0,1.0,0.0,0.0,1.0,0.0,256,1024,0,0.0,275.60777748683506,160.59740001219325,0.0,100.72173987202478,14.288637602617019,0,3569.9291045032396,0,3295.21150450571,9.430175072293359e-07,9.471974960004977e-07,8.748792475488522e-07,3.3123553563120956e-08,9.310074859512902e-08,5.615455999564014e-07,3.4528641528933373e-06,no_hotcold,nsga2
0,511,511,train,2.6921920776367188,0.232421875,0.599609375,8,64,512,3115.7249999960186,278.9519135527179,2.7597885742080215,130.47853197580744,50.584100012201816,15.133219011842638,18.736018014156333,33.86923702599897,0.008500006515532732,0.0,12.585080338378393,21.275656681105048,0,2.5676198741513927,164.32767194568913,2097152.0,2,0.0,0.0,1.0,0.0,0.0,52.17392660663087,0.006399990525096655,0.0,34.787095493331265,17.380431122774503,0,1,0,0.0,0.0,26.086963303315436,0,0,2097152,8,4,0.0,2,0.0,0,0,1.0,0.0,4,0,0,0.0,0.0,0.0,512.0,4,0.0,1.0,0.0,0.0,1.0,0.0,256,1024,0,0.0,1648.7609364109333,1071.6558000131045,0.0,101.98157806478139,475.1235583330474,0,3954.8465495021055,0,839.1215495060869,5.579038271054357e-06,1.1039154296832086e-06,6.205806935069043e-06,7.56660950592132e-08,1.1241610808493798e-07,5.755190827480794e-07,1.3652361921698839e-05,no_hotcold,nsga2
0,512,512,train,2.433566451072693,0.318359375,0.671875,8,64,512,355.3305000095861,60.0945005641952,2.163293907998474,19.19451474331024,36.88480000710115,5.794442499662534,12.693126294737091,18.487568794399625,0.008100003469735384,0.0,11.192521846691811,7.286946944238077,0,22.514187455331648,1440.9079971412255,2097152.0,2,0.0,0.0,1.0,0.0,0.0,50.88006661958167,0.006999995093792677,0.0,32.35352422572654,18.51954239876134,0,1,0,0.0,0.0,25.440033309790834,0,0,2097152,8,4,0.0,2,0.0,0,0,1.0,0.0,4,4,0,1.0,0.0,0.0,513.0,0,0.0,1.0,0.0,0.0,1.0,0.0,256,1024,0,0.0,325.80923686201567,212.73480002128053,0.0,101.303706655501,11.77073018523414,0,3042.380054996754,0,2687.049554987168,1.2018900112839042e-06,8.653175631993897e-07,8.682946791314754e-07,2.8972212498312674e-08,7.615875776842254e-08,5.581532004088193e-07,3.5987864242903236e-06,no_hotcold,nsga2
0,513,513,train,2.5761988759040833,0.26953125,0.625,8,64,512,418.41840000415687,75.75413047065283,2.580073228383325,20.164409389622474,38.24449999956414,5.778672705637915,13.769108124194798,19.54778082983271,0.007399998139590025,0.0,10.71110519007502,8.8292756416181,0,19.11957237145439,1223.6526317730809,2097152.0,2,0.0,0.0,1.0,0.0,0.0,53.29158415402108,0.006999995093792677,0.0,34.31939077879848,18.96519338012881,0,1,0,0.0,0.0,26.64579207701054,0,0,2097152,8,4,0.0,2,0.0,0,0,1.0,0.0,4,0,0,0.0,0.0,0.0,514.0,4,0.0,1.0,0.0,0.0,1.0,0.0,256,1024,0,0.0,393.9944523546345,275.8175000199117,0.0,101.895718520776,16.28123381394677,0,3042.380054996754,0,2623.9616549925972,1.5150826094130565e-06,1.0320292913533301e-06,9.10079781995107e-07,2.8893363528189575e-08,8.261464874516877e-08,5.857038914792963e-07,4.154403586514148e-06,no_hotcold,nsga2
0,514,514,train,2.6152632236480713,0.255859375,0.62109375,8,64,512,201.8308000115212,34.09495547736023,2.213639846221566,20.06719571506923,41.21830000076443,6.463130201062955,12.268403472782959,18.731533673845913,0.007399998139590025,0.0,11.501944451599993,7.22218922410633,0,39.63696503496146,2536.7657622375336,2097152.0,2,0.0,0.0,1.0,0.0,0.0,50.6476465824706,0.007100010407157242,0.0,32.595183868524934,18.0453627035385,0,1,0,0.0,0.0,25.3238232912353,0,0,2097152,8,4,0.0,2,0.0,0,0,1.0,0.0,4,4,0,1.0,0.0,0.0,515.0,0,0.0,1.0,0.0,0.0,1.0,0.0,256,1024,0,0.0,225.50316415460412,108.14970004139468,0.0,103.9321473373985,13.421316775810917,0,3042.380054996754,0,2840.549254985233,6.818991095472047e-07,8.854559384886265e-07,9.094008842661246e-07,3.231565100531478e-08,7.361042083669775e-08,5.561601751124355e-07,3.1388421792564038e-06,no_hotcold,nsga2
0,515,515,train,2.4966445565223694,0.283203125,0.671875,8,64,512,201.4363000052981,33.50302700218646,2.281012419790522,18.78126188303301,55.167600003187545,6.18846847074183,14.258337783258092,20.446806253999924,0.008799994247965515,0.0,11.52683427842344,8.911171981328518,0,39.71459109007908,2541.7338297650613,2097152.0,2,0.0,0.0,1.0,0.0,0.0,48.361140797889135,0.007399998139590025,0.0,31.305138972385294,17.048601827364248,0,1,0,0.0,0.0,24.180570398944568,0,0,2097152,8,4,0.0,2,0.0,0,0,1.0,0.0,4,0,0,0.0,0.0,0.0,516.0,4,0.0,1.0,0.0,0.0,1.0,0.0,256,1024,0,0.0,218.26120522003998,106.4310000219848,0.0,98.24328239108753,13.586922806967626,0,3042.380054996754,0,2840.943754991456,6.700605400437293e-07,9.124049679162089e-07,8.499497385605064e-07,3.094234235370915e-08,8.555002669954853e-08,5.319471594579603e-07,3.0808547750316625e-06,no_hotcold,nsga2
0,516,516,train,2.6411864161491394,0.255859375,0.61328125,8,64,512,305.46780000440776,53.501246066717215,2.5339196030389153,19.230514488821022,37.97610000765417,6.468637998810868,17.583500611100607,24.052138609911474,0.007099995855242014,0.0,12.110722129470886,11.934316484585347,0,26.189254024910447,1676.1122575942686,2097152.0,2,0.0,0.0,1.0,0.0,0.0,49.69052081856005,0.006699992809444666,0.0,32.20697006365218,17.47685076209843,0,1,0,0.0,0.0,24.845260409280026,0,0,2097152,8,4,0.0,2,0.0,0,0,1.0,0.0,4,4,0,1.0,0.0,0.0,517.0,0,0.0,1.0,0.0,0.0,1.0,0.0,256,1024,0,0.0,301.0627206343087,187.00910000188742,0.0,100.88465370448684,13.168966927934378,0,3042.380054996754,0,2736.9122549923463,1.0700249213343447e-06,1.0135678412155661e-06,8.655166319468948e-07,3.2343189994054346e-08,1.0550100366660362e-07,5.442348377932911e-07,3.6311884259507546e-06,no_hotcold,nsga2
0,517,517,train,2.5984050035476685,0.259765625,0.646484375,8,64,512,307.9283000115538,52.548091280115784,2.655701189844649,20.523161791388706,35.52570000465494,6.162012676747027,16.139774035483857,22.301786712230886,0.007499998901039362,0.0,12.160415266176061,10.133871447153785,0,25.979989561564402,1662.7193319401217,2097152.0,2,0.0,0.0,1.0,0.0,0.0,50.055630969203975,0.007399998139590025,0.0,31.95310339528826,18.09512757577613,0,1,0,0.0,0.0,25.027815484601987,0,0,2097152,8,4,0.0,2,0.0,0,0,1.0,0.0,4,0,0,0.0,0.0,0.0,518.0,4,0.0,1.0,0.0,0.0,1.0,0.0,256,1024,0,0.0,302.90781704539654,182.35840000852477,0.0,105.1601467831424,15.389270253729354,0,3042.380054996754,0,2734.4517549852003,1.0509618256023157e-06,1.0622804759378596e-06,9.285715031069849e-07,3.081006338373514e-08,9.683864421290314e-08,5.485959469191691e-07,3.7180584591629677e-06,no_hotcold,nsga2
0,518,518,train,2.6186326146125793,0.248046875,0.6171875,8,64,512,347.5696999958018,58.63237686702078,2.2204966157719253,19.550442257798355,36.2981999933254,6.671773338151961,13.296506992318193,19.968280330470154,0.008200004231184721,0.0,12.49421647526804,7.465863850970931,0,23.016899871297063,1473.081591763012,2097152.0,2,0.0,0.0,1.0,0.0,0.0,54.74452205040481,0.006400005077011883,0.0,35.9252980997517,18.812823945576095,0,1,0,0.0,0.0,27.372261025202405,0,0,2097152,8,4,0.0,2,0.0,0,0,1.0,0.0,4,4,0,1.0,0.0,0.0,519.0,0,0.0,1.0,0.0,0.0,1.0,0.0,256,1024,0,0.0,321.6132629623642,206.28710003802553,0.0,103.33660007378275,11.989562850555952,0,3042.380054996754,0,2694.8103550009523,1.1726475373404157e-06,8.881986463087702e-07,8.829216610869097e-07,3.335886669075981e-08,7.977904195390915e-08,6.022334973322997e-07,3.659139250713064e-06,no_hotcold,nsga2
0,519,519,train,2.526801645755768,0.265625,0.654296875,8,64,512,191.55879999743775,34.60625636899077,2.1794046974274677,18.75800265286621,39.254200004506856,6.668225881530777,12.832997921292616,19.501223802823393,0.00790000194683671,0.0,11.83092613504698,7.662397665829577,0,41.76241570573265,2672.7946051668896,2097152.0,2,0.0,0.0,1.0,0.0,0.0,48.392292850742386,0.006900008884258568,0.0,31.349360779659392,17.036032062198736,0,1,0,0.0,0.0,24.196146425371193,0,0,2097152,8,4,0.0,2,0.0,0,0,1.0,0.0,4,0,0,0.0,0.0,0.0,520.0,4,0.0,1.0,0.0,0.0,1.0,0.0,256,1024,0,0.0,222.1746548771378,112.23760002758354,0.0,96.77064876372393,13.166406085830342,0,3042.380054996754,0,2850.8212549993164,6.921251273798156e-07,8.717618789709872e-07,8.463680456651091e-07,3.334112940765389e-08,7.699798752775569e-08,5.315383658467268e-07,3.0521325347980482e-06,no_hotcold,nsga2
0,520,520,train,2.7266581654548645,0.21484375,0.595703125,8,64,512,348.53519999887794,57.958392341558884,2.111228790366064,19.713731697172733,37.476500001503155,6.261373872512406,11.898933518769136,18.160307391281542,0.007300011930055916,0.0,11.242859970278856,6.91014740907263,0,22.95313944441282,1469.0009244424205,2097152.0,2,0.0,0.0,1.0,0.0,0.0,51.89424395005712,0.009100011084228754,0.0,33.123038180865365,18.762105758107523,0,1,0,0.0,0.0,25.94712197502856,0,0,2097152,8,4,0.0,2,0.0,0,0,1.0,0.0,4,4,0,1.0,0.0,0.0,521.0,0,0.0,1.0,0.0,0.0,1.0,0.0,256,1024,0,0.0,319.1334113163907,203.32720002625138,0.0,103.81907146513078,11.987139825008569,0,3042.380054996754,0,2693.844854997876,1.1591678468311779e-06,8.444915161464256e-07,8.887057145691947e-07,3.130686936256203e-08,7.139360111261481e-08,5.721244932207742e-07,3.56719004124275e-06,no_hotcold,nsga2
0,521,521,train,2.5851873755455017,0.26171875,0.6484375,8,64,512,4727.148199992371,823.3937887879633,9.338950541043841,240.912703868317,49.478900007670745,6.484516655161863,69.89348186385654,76.3779985190184,0.006799993570894003,0.0,11.404854415746785,64.96634410970073,0,1.6923519147677655,108.31052254513699,2097152.0,2,0.0,0.0,1.0,0.0,0.0,48.05098783477627,0.00689999433234334,0.0,29.956482624836426,18.087605215607503,0,1,0,0.0,0.0,24.025493917388136,0,0,2097152,8,4,0.0,2,0.0,0,0,1.0,0.0,4,0,0,0.0,0.0,0.0,522.0,4,0.0,1.0,0.0,0.0,1.0,0.0,256,1024,0,0.0,4294.581772789297,3264.3008999730228,0.0,101.36025630189785,928.9206165143769,0,4235.4724719944315,1,-491.67572799793925,1.646787577575927e-05,3.7355802164175365e-06,1.1509022974441828e-05,3.2422583275809314e-08,4.193608911831392e-07,5.267217073426643e-07,3.269098414842024e-05,no_hotcold,nsga2
0,522,522,train,2.628831684589386,0.234375,0.609375,8,64,512,286.4242000068771,48.4400707188497,2.340159861561411,19.47455971011524,37.44499999447726,5.727669491549813,14.491717426784483,20.219386918334294,0.007599999662488699,0.0,12.289482768632414,7.922304150039393,0,27.930503320964498,1787.5522125417278,2097152.0,2,0.0,0.0,1.0,0.0,0.0,48.27267943836398,0.006999995093792677,0.0,31.5433646734813,16.722314769788884,0,1,0,0.0,0.0,24.13633971918199,0,0,2097152,8,4,0.0,2,0.0,0,0,1.0,0.0,4,4,0,1.0,0.0,0.0,523.0,0,0.0,1.0,0.0,0.0,1.0,0.0,256,1024,0,0.0,281.01916116210543,168.16920004202984,0.0,99.7770338313894,13.072927288686149,0,3042.380054996754,0,2755.955854989877,9.68801414376994e-07,9.360639446245644e-07,8.808416309474117e-07,2.8638347457749068e-08,8.695030456070688e-08,5.30906177977912e-07,3.432201819945338e-06,no_hotcold,nsga2
0,523,523,train,2.5605685710906982,0.298828125,0.6640625,8,64,512,370.0290999986464,69.93740016114626,2.2261493624952395,20.62692323528031,36.28939999907743,6.390962513889278,12.800756261760755,19.19171877565003,0.007499998901039362,0.0,11.754421592993536,7.429797183755458,0,21.619862816644552,1383.6712202652513,2097152.0,2,0.0,0.0,1.0,0.0,0.0,52.764197877729224,0.00689999433234334,0.0,34.32792421986238,18.4293736635345,0,1,0,0.0,0.0,26.382098938864612,0,0,2097152,8,4,0.0,2,0.0,0,0,1.0,0.0,4,0,0,0.0,0.0,0.0,524.0,4,0.0,1.0,0.0,0.0,1.0,0.0,256,1024,0,0.0,371.1618910356873,251.55120002455078,0.0,99.37916449925659,20.23152651187988,0,3042.380054996754,0,2672.3509549981077,1.3987480032229255e-06,8.904597449980957e-07,9.330674415944095e-07,3.195481256944639e-08,7.680453757056452e-08,5.798930093250534e-07,3.910927549280495e-06,no_hotcold,nsga2
0,524,524,train,2.4114162921905518,0.31640625,0.693359375,8,64,512,351.13510000519454,62.25086162720174,2.360044349442121,19.54863098933097,35.68559999985155,6.428810054579935,15.883989332569266,22.3127993871492,0.007499998901039362,0.0,12.068284329830107,10.237015058418056,0,22.783188626523028,1458.1240720974738,2097152.0,2,0.0,0.0,1.0,0.0,0.0,50.789011962543825,0.00689999433234334,0.0,32.85712256939382,17.924989398817658,0,1,0,0.0,0.0,25.394505981271912,0,0,2097152,8,4,0.0,2,0.0,0,0,1.0,0.0,4,4,0,1.0,0.0,0.0,525.0,0,0.0,1.0,0.0,0.0,1.0,0.0,256,1024,0,0.0,336.63814786389935,219.71920006035361,0.0,103.23819753406964,13.680750269476091,0,3042.380054996754,0,2691.2449549915596,1.245017232544035e-06,9.440177397768483e-07,8.822323685888159e-07,3.214405027289967e-08,9.530393599541558e-08,5.592111573670632e-07,3.7579264845450775e-06,no_hotcold,nsga2
0,525,525,train,2.4180200695991516,0.30859375,0.6875,8,64,512,72.52250000601634,16.291484072163627,2.327722058073684,19.523712260124373,48.8688000041293,5.768577486098589,15.631035344118748,21.399612830217336,0.007199996616691351,0.0,12.14840542092097,9.244007412679675,0,110.30907222260844,7059.78062224694,2097152.0,2,0.0,0.0,1.0,0.0,0.0,48.77565471959686,0.006700007361359894,0.0,31.855245698428607,16.913709013806887,0,1,0,0.0,0.0,24.38782735979843,0,0,2097152,8,4,0.0,2,0.0,0,0,1.0,0.0,4,0,0,0.0,0.0,0.0,526.0,4,0.0,1.0,0.0,0.0,1.0,0.0,256,1024,0,0.0,152.57167356144672,38.14760003297124,0.0,101.44734056908922,12.97673295938626,0,3042.380054996754,0,2969.8575549907378,3.258296814432725e-07,9.310888232294736e-07,8.80952382607297e-07,2.8842887430492947e-08,9.378621206471249e-08,5.368864696047922e-07,2.7973864563800405e-06,no_hotcold,nsga2
0,526,526,train,2.4711179733276367,0.306640625,0.685546875,8,64,512,330.77050000429153,54.57725467603579,2.342394618983819,19.836203855080274,37.64059999957681,6.514564742123469,13.838738590453104,20.353303332576573,0.007599999662488699,0.0,11.317610260611737,9.028093072302347,0,24.185880584924053,1547.8963574351394,2097152.0,2,0.0,0.0,1.0,0.0,0.0,50.35790537204839,0.006699992809444666,0.0,33.06777065937413,17.28343471986481,0,1,0,0.0,0.0,25.178952686024196,0,0,2097152,8,4,0.0,2,0.0,0,0,1.0,0.0,4,4,0,1.0,0.0,0.0,527.0,0,0.0,1.0,0.0,0.0,1.0,0.0,256,1024,0,0.0,307.0234126003995,192.3065999581013,0.0,101.33287271549095,13.383939926807297,0,3042.380054996754,0,2711.6095549924626,1.0915450935207159e-06,9.369578475935276e-07,8.947463093173024e-07,3.257282371061735e-08,8.303243154271861e-08,5.555502423216404e-07,3.594404748006522e-06,no_hotcold,nsga2
0,527,527,train,2.331053614616394,0.35546875,0.6875,8,64,512,307.90289999276865,47.89524041400881,2.636175767458447,22.107958710630363,53.362300008302554,6.353532597166116,15.49408042720317,21.847613024369284,0.007499984349124134,0.0,11.175479189615096,10.664633850405064,0,25.982132737480384,1662.8564951987446,2097152.0,2,0.0,0.0,1.0,0.0,0.0,50.36242366592076,0.006200003554113209,0.0,33.10457607613934,17.251647586227307,0,1,0,0.0,0.0,25.18121183296038,0,0,2097152,8,4,0.0,2,0.0,0,0,1.0,0.0,4,0,0,0.0,0.0,0.0,528.0,4,0.0,1.0,0.0,0.0,1.0,0.0,256,1024,0,0.0,290.5574995683904,164.3531999870902,0.0,101.26168872008817,24.942610861212085,0,3042.380054996754,0,2734.4771550039854,9.579048082801763e-07,1.0544703069833789e-06,1.0026217702937353e-06,3.176766298583059e-08,9.2964482563219e-08,5.559695414590142e-07,3.6956985725653538e-06,no_hotcold,nsga2
0,528,528,train,2.5535454154014587,0.25390625,0.66015625,8,64,512,434.708300002967,78.81589983956026,2.247774928525992,19.38402621433537,36.617200006730855,5.928536545176048,13.276114499869408,19.204651045045456,0.008300004992634058,0.0,11.786565255099198,7.409785784953623,0,18.40310294706232,1177.7985886119884,2097152.0,2,0.0,0.0,1.0,0.0,0.0,52.720616539448905,0.007099995855242014,0.0,35.19108023898818,17.52243630460549,0,1,0,0.0,0.0,26.360308269724452,0,0,2097152,8,4,0.0,2,0.0,0,0,1.0,0.0,4,4,0,1.0,0.0,0.0,529.0,0,0.0,1.0,0.0,0.0,1.0,0.0,256,1024,0,0.0,401.7908039296865,288.37949999433476,0.0,101.0163282737552,12.394975661596536,0,3042.380054996754,0,2607.671754993787,1.5763179967912053e-06,8.991099714103967e-07,8.714689884696699e-07,2.964268272588024e-08,7.965668699921644e-08,5.808530884909523e-07,4.037049414887321e-06,no_hotcold,nsga2
0,529,529,train,2.758574426174164,0.220703125,0.603515625,8,64,512,481.4637999952538,84.64345747088876,2.2146760798455247,19.34831597611878,36.4728999993531,5.934476998781674,13.313118229049053,19.24759522783073,0.006800008122809231,0.0,11.443700370968788,7.797094848739132,0,16.61596029466508,1063.421458858565,2097152.0,2,0.0,0.0,1.0,0.0,0.0,49.27776563477752,0.009899988071992993,0.0,32.81251110749355,16.45535453921198,0,1,0,0.0,0.0,24.63888281738876,0,0,2097152,8,4,0.0,2,0.0,0,0,1.0,0.0,4,0,0,0.0,0.0,0.0,530.0,4,0.0,1.0,0.0,0.0,1.0,0.0,256,1024,0,0.0,424.8257981074123,311.97640001482796,0.0,100.60305229291407,12.246345799670248,0,3042.380054996754,0,2560.9162550015003,1.6928691494177754e-06,8.8587043193821e-07,8.740813231156541e-07,2.9672384993908377e-08,7.98787093742943e-08,5.408470140228256e-07,4.103219012862668e-06,no_hotcold,nsga2
0,530,530,train,2.4489493370056152,0.279296875,0.673828125,8,64,512,315.49389999418054,54.62600757485522,2.90970868479534,20.159351970912887,50.61569999088533,6.733290117538812,19.01725065213757,25.75054076967638,0.009199997293762863,0.0,11.84655122880789,13.894789543574731,0,25.356986753660884,1622.8471522342966,2097152.0,2,0.0,0.0,1.0,0.0,0.0,49.20463324717845,0.009499999578110874,0.0,31.480657561493334,17.714475686107,0,1,0,0.0,0.0,24.602316623589225,0,0,2097152,8,4,0.0,2,0.0,0,0,1.0,0.0,4,4,0,1.0,0.0,0.0,531.0,0,0.0,1.0,0.0,0.0,1.0,0.0,256,1024,0,0.0,310.78027292225386,190.58869998843875,0.0,98.04191991497359,22.149653018841455,0,3042.380054996754,0,2726.8861550025736,1.0925201514971046e-06,1.1638834739181361e-06,9.087149183230485e-07,3.366645058769406e-08,1.141035039128254e-07,5.39766255716844e-07,3.852654753955653e-06,no_hotcold,nsga2
0,531,531,train,2.503472924232483,0.27734375,0.640625,8,64,512,587.0356000086758,105.98263842605488,3.4931218690206323,21.70849679575778,35.944300005212426,7.050797730052681,26.27350262168882,33.3243003517415,0.007399998139590025,0.0,12.132260847107457,21.184639506494456,0,13.627770397760152,872.1773054566497,2097152.0,2,0.0,0.0,1.0,0.0,0.0,51.676740570306436,0.007299997378140688,0.0,33.08737911672346,18.58206145620483,0,1,0,0.0,0.0,25.838370285153218,0,0,2097152,8,4,0.0,2,0.0,0,0,1.0,0.0,4,0,0,0.0,0.0,0.0,532.0,4,0.0,1.0,0.0,0.0,1.0,0.0,256,1024,0,0.0,524.7370283633331,396.0197000124026,0.0,102.29124738075492,26.42608097017565,0,2175.596247001878,0,1588.5606469932022,2.119652768521098e-06,1.397248747608253e-06,9.81216288605744e-07,3.5253988650263404e-08,1.576410157301329e-07,5.725784412994784e-07,5.26359125041497e-06,no_hotcold,nsga2
0,532,532,train,2.5478380918502808,0.279296875,0.638671875,8,64,512,371.6489000071306,66.21925601845618,2.480312610347896,20.135075295944468,36.558400010108016,6.858361939023978,15.34409189454215,22.20245383356613,0.007899987394921482,0.0,11.82074276697538,10.373811079195825,0,21.525634743468277,1377.6406235819697,2097152.0,2,0.0,0.0,1.0,0.0,0.0,52.60121807954548,0.007400012691505253,0.0,34.69551326623281,17.89830480062117,0,1,0,0.0,0.0,26.30060903977274,0,0,2097152,8,4,0.0,2,0.0,0,0,1.0,0.0,4,4,0,1.0,0.0,0.0,533.0,0,0.0,1.0,0.0,0.0,1.0,0.0,256,1024,0,0.0,355.3385756989942,236.93860005005263,0.0,102.80184690784364,15.598128741097941,0,2175.596247001878,0,1803.9473469947475,1.3243851203691238e-06,9.921250441391582e-07,9.097926687620121e-07,3.429180969511989e-08,9.206455136725289e-08,5.785851764290645e-07,3.931244370761732e-06,no_hotcold,nsga2
0,533,533,train,2.6093398928642273,0.25,0.6171875,8,64,512,283.9203000039561,50.26037870450082,2.305305991359991,18.973338319838895,35.632500002975576,7.03206235692365,14.564290753006738,21.596353109930387,0.00689999433234334,0.0,13.104167195748724,8.485285919849318,0,28.176822238727883,1803.3166232785845,2097152.0,2,0.0,0.0,1.0,0.0,0.0,52.26263027854629,0.008899995009414852,0.0,34.33010782593779,17.92362245759908,0,1,0,0.0,0.0,26.131315139273145,0,0,2097152,8,4,0.0,2,0.0,0,0,1.0,0.0,4,0,0,0.0,0.0,0.0,534.0,4,0.0,1.0,0.0,0.0,1.0,0.0,256,1024,0,0.0,286.15609206279885,172.62959996878635,0.0,101.02603095612866,12.5004611378838,0,2175.596247001878,0,1891.675946997922,1.0052075740900164e-06,9.221223965439967e-07,8.556945103278675e-07,3.5160311784618254e-08,8.738574451804041e-08,5.734385604130158e-07,3.479009097677555e-06,no_hotcold,nsga2
0,534,534,train,2.672699451446533,0.24609375,0.603515625,8,64,512,83.18970000254922,16.941103837431037,2.226371301523293,19.457195537780958,49.113700006273575,5.791441823475556,13.571431804552194,19.36287362802775,0.00689999433234334,0.0,11.724008619317448,7.631965014377958,0,96.16459531840525,6154.534100377936,2097152.0,2,0.0,0.0,1.0,0.0,0.0,49.1711343425739,0.007199996616691351,0.0,31.250917410519058,17.91301693543815,0,1,0,0.0,0.0,24.58556717128695,0,0,2097152,8,4,0.0,2,0.0,0,0,1.0,0.0,4,4,0,1.0,0.0,0.0,535.0,0,0.0,1.0,0.0,0.0,1.0,0.0,256,1024,0,0.0,154.49868270694117,41.09580001386348,0.0,100.07055113046128,13.33233156261641,0,2175.596247001878,0,2092.406546999329,3.388220767486208e-07,8.905485206093174e-07,8.808320805292221e-07,2.8957209117377785e-08,8.142859082731315e-08,5.378517529566221e-07,2.7584402307884735e-06,no_hotcold,nsga2
0,535,535,train,2.850503146648407,0.228515625,0.568359375,8,64,512,71.82369999645744,16.058340357118805,2.330620260574187,19.612427850880447,48.84479999600444,6.151254486742912,13.695232935583348,19.846487422326263,0.006399990525096655,0.0,11.884076515342379,7.956010916458785,0,111.38229606799024,7128.466948351375,2097152.0,2,0.0,0.0,1.0,0.0,0.0,51.140906137013545,0.007199996616691351,0.0,32.962459093507746,18.171247046889107,0,1,0,0.0,0.0,25.570453068506772,0,0,2097152,8,4,0.0,2,0.0,0,0,1.0,0.0,4,0,0,0.0,0.0,0.0,536.0,4,0.0,1.0,0.0,0.0,1.0,0.0,256,1024,0,0.0,152.00555387429375,36.566900002071634,0.0,101.79507020422922,13.643583667992914,0,2175.596247001878,0,2103.7725470054206,3.2116680714237615e-07,9.322481042296748e-07,8.868154029662459e-07,3.0756272433714567e-08,8.217139761350009e-08,5.610440503375472e-07,2.814202034723059e-06,no_hotcold,nsga2
0,536,536,train,2.6741838455200195,0.2109375,0.59765625,8,64,512,332.746700005373,58.876522700544534,2.257649420787569,20.04058115083057,36.970400004065596,6.467346968693711,14.342817983680796,20.810164952374507,0.007100010407157242,0.0,12.446551403918745,8.356513538048603,0,24.042239810735946,1538.7033478871006,2097152.0,2,0.0,0.0,1.0,0.0,0.0,50.32309953049746,0.006399990525096655,0.0,33.574756175228096,16.741943364744262,0,1,0,0.0,0.0,25.16154976524873,0,0,2097152,8,4,0.0,2,0.0,0,0,1.0,0.0,4,4,0,1.0,0.0,0.0,537.0,0,0.0,1.0,0.0,0.0,1.0,0.0,256,1024,0,0.0,324.69901308865064,207.12159998947755,0.0,104.0864143538933,13.49099874527982,0,2175.596247001878,0,1842.849546996505,1.1775304540108906e-06,9.030597683150275e-07,9.04641172198998e-07,3.2336734843468555e-08,8.605690790208476e-08,5.56608507612367e-07,3.660233544882837e-06,no_hotcold,nsga2
0,537,537,train,2.657939612865448,0.224609375,0.65625,8,64,512,351.4528999949107,60.26609700777172,2.3207540269157656,19.512055239742978,36.550399992847815,6.111116161552188,14.89852931802863,21.00964547958082,0.007300011930055916,0.0,12.162791129872836,8.839554337777924,0,22.76258707078182,1456.8055725300364,2097152.0,2,0.0,0.0,1.0,0.0,0.0,52.892659479433206,0.007299997378140688,0.0,34.52130467024446,18.364054811810604,0,1,0,0.0,0.0,26.446329739716603,0,0,2097152,8,4,0.0,2,0.0,0,0,1.0,0.0,4,0,0,0.0,0.0,0.0,538.0,4,0.0,1.0,0.0,0.0,1.0,0.0,256,1024,0,0.0,328.39562509772185,213.93909999460448,0.0,101.76350827154401,12.69301683157336,0,2175.596247001878,0,1824.1433470069674,1.2053219401554345e-06,9.283016107663064e-07,8.814785912338677e-07,3.055558080776094e-08,8.939117590817175e-08,5.849708151873355e-07,3.7200197140588765e-06,no_hotcold,nsga2
0,538,538,train,2.5884849429130554,0.255859375,0.623046875,8,64,512,354.9582000123337,59.529929253182736,2.1922171942595488,18.88634430865311,35.2734999905806,5.5504682694556315,12.212162988499816,17.762631257955448,0.007499998901039362,0.0,11.035509589582446,6.719621669471963,0,22.537801526829075,1442.4192977170608,2097152.0,2,0.0,0.0,1.0,0.0,0.0,50.64146461357896,0.0092999980552122,0.0,32.382884399156495,18.249280216367254,0,1,0,0.0,0.0,25.32073230678948,0,0,2097152,8,4,0.0,2,0.0,0,0,1.0,0.0,4,4,0,1.0,0.0,0.0,539.0,0,0.0,1.0,0.0,0.0,1.0,0.0,256,1024,0,0.0,322.43396302438157,210.9337000438245,0.0,98.73827544439533,12.761987536161744,0,2175.596247001878,0,1820.6380469895444,1.1905985850636549e-06,8.768868777038195e-07,8.502817760730805e-07,2.775234134727816e-08,7.327297793099889e-08,5.570346304320548e-07,3.575827188550887e-06,no_hotcold,nsga2
0,539,539,train,2.590002954006195,0.25,0.634765625,8,64,512,509.39479999942705,88.68757899777634,2.275648967460568,18.768533371023672,39.22210000746418,5.771803858547247,13.002000594020206,18.773804452567454,0.00750001345295459,0.0,11.058388551375959,7.7079158877385385,0,15.704880173745048,1005.1123311196831,2097152.0,2,0.0,0.0,1.0,0.0,0.0,50.40851776811912,0.007099995855242014,0.0,31.48468788390526,18.916729888358617,0,1,0,0.0,0.0,25.20425888405956,0,0,2097152,8,4,0.0,2,0.0,0,0,1.0,0.0,4,0,0,0.0,0.0,0.0,540.0,4,0.0,1.0,0.0,0.0,1.0,0.0,256,1024,0,0.0,438.9270453450423,325.7683000265388,0.0,99.26099107509546,13.897754243408105,0,2175.596247001878,0,1666.201447002451,1.773751579955527e-06,9.102595869842272e-07,8.482436841054622e-07,2.8859019292736238e-08,7.801200356412122e-08,5.538467222520439e-07,4.192972596154118e-06,no_hotcold,nsga2
0,540,540,train,2.5072742104530334,0.271484375,0.638671875,8,64,512,335.4812000034144,59.2662754599415,2.3037099711473417,19.387353836005417,50.975300007849,5.757038795059694,14.67211114909665,20.429149944156343,0.008400005754083395,0.0,11.826446228600581,8.594303709801679,0,23.84627261869208,1526.161447596293,2097152.0,2,0.0,0.0,1.0,0.0,0.0,54.28795045267414,0.00999998883344233,0.0,36.079071964050286,18.19887849979041,0,1,0,0.0,0.0,27.14397522633707,0,0,2097152,8,4,0.0,2,0.0,0,0,1.0,0.0,4,4,0,1.0,0.0,0.0,541.0,0,0.0,1.0,0.0,0.0,1.0,0.0,256,1024,0,0.0,323.829357068377,208.48669999395497,0.0,102.14355884449617,13.199098229925855,0,2175.596247001878,0,1840.1150469984636,1.18532550919883e-06,9.214839884589366e-07,8.743459697466363e-07,2.8785193975298473e-08,8.80326668945799e-08,5.96468454563946e-07,3.694441782838227e-06,no_hotcold,nsga2
0,541,541,train,2.499919056892395,0.244140625,0.640625,8,64,512,6875.188499994692,1403.041808894937,2.5411759321007317,28.789445345269648,37.20979999343399,41.99255978014188,16.685901340238132,58.678461120380014,0.007099995855242014,0.0,12.587470293224257,46.083890831300515,0,1.1636042904717283,74.47067459019061,2097152.0,2,0.0,0.0,1.0,0.0,0.0,53.08720487166954,0.006800008122809231,0.0,35.014463453999724,18.065941409547012,0,1,0,0.0,0.0,26.54360243583477,0,0,2097152,8,4,0.0,2,0.0,0,0,1.0,0.0,4,0,0,0.0,0.0,0.0,542.0,4,0.0,1.0,0.0,0.0,1.0,0.0,256,1024,0,0.0,5737.489720689229,5513.049799963483,0.0,102.19125423689081,122.24866648885633,0,3150.507282999666,1,-3724.6812169950263,2.8060836177898744e-05,1.0164703728402927e-06,1.3250050315015678e-06,2.0996279890070942e-07,1.0011540804142878e-07,5.821784357396312e-07,3.129456822492237e-05,no_hotcold,nsga2
0,542,542,train,2.408538818359375,0.34765625,0.66796875,8,64,512,357.203199993819,60.52431120932909,2.247733890949143,19.03674866136644,38.22580000269227,6.0945515786408,12.943101850551308,19.03765342919211,0.006999995093792677,0.0,11.633437002926563,7.397216431171752,0,22.3961532371076,1433.3538071748865,2097152.0,2,0.0,0.0,1.0,0.0,0.0,52.665711527628986,0.006500020390376449,0.0,34.661700777793385,17.997510729445224,0,1,0,0.0,0.0,26.332855763814493,0,0,2097152,8,4,0.0,2,0.0,0,0,1.0,0.0,4,4,0,1.0,0.0,0.0,543.0,0,0.0,1.0,0.0,0.0,1.0,0.0,256,1024,0,0.0,327.23517504657866,214.1770000307588,0.0,101.10529672502344,11.952878290796452,0,3150.507282999666,0,2793.304083005847,1.210486224186582e-06,8.990935563796574e-07,8.575114834809447e-07,3.0472757893204e-08,7.765861110330784e-08,5.786650274723329e-07,3.653887660516029e-06,no_hotcold,nsga2
0,543,543,train,2.4330955147743225,0.27734375,0.66796875,8,64,512,89.10409999953117,14.61364283352271,2.431329356260761,18.974161601077142,49.18659999384545,6.551805815660627,14.974879608169186,21.52668542382981,0.006699992809444666,0.0,12.253493359622391,9.266492071397977,0,89.78161743875594,5746.02351608038,2097152.0,2,0.0,0.0,1.0,0.0,0.0,50.93281980901047,0.006200003554113209,0.0,31.87968773186872,19.046932073587627,0,1,0,0.0,0.0,25.466409904505234,0,0,2097152,8,4,0.0,2,0.0,0,0,1.0,0.0,4,0,0,0.0,0.0,0.0,544.0,4,0.0,1.0,0.0,0.0,1.0,0.0,256,1024,0,0.0,144.0765351634425,31.543099976261146,0.0,98.32205607583028,14.21137911135105,0,3150.507282999666,0,3061.403183000135,2.9227285667045426e-07,9.725317425043045e-07,8.547419880981608e-07,3.2759029078303135e-08,8.98492776490151e-08,5.604237896529786e-07,2.802578683653216e-06,no_hotcold,nsga2
0,544,544,train,2.4407286643981934,0.306640625,0.673828125,8,64,512,339.1711000003852,58.7083380814098,2.3136584925279235,19.505032028377958,37.066800010506995,5.956156362890749,15.218790250519103,21.17494661340985,0.009000010322779417,0.0,11.891826468066423,9.274120135020647,0,23.586845734041553,1509.5581269786594,2097152.0,2,0.0,0.0,1.0,0.0,0.0,48.986316958076685,0.006699992809444666,0.0,31.869711509843473,17.10990545542377,0,1,0,0.0,0.0,24.493158479038343,0,0,2097152,8,4,0.0,2,0.0,0,0,1.0,0.0,4,4,0,1.0,0.0,0.0,545.0,0,0.0,1.0,0.0,0.0,1.0,0.0,256,1024,0,0.0,322.1081144092627,206.89979998860508,0.0,102.86718974652013,12.341124674137538,0,3150.507282999666,0,2811.336182999281,1.1741667616281962e-06,9.254633970111696e-07,8.8113041091751e-07,2.9780781814453744e-08,9.131274150311461e-08,5.382386539832099e-07,3.6400927468576537e-06,no_hotcold,nsga2
0,545,545,train,2.6280202865600586,0.2578125,0.626953125,8,64,512,342.44110000145156,61.422929250942886,2.3950972467175986,19.842773563507045,35.90740000072401,6.656157966396719,15.062673729719881,21.718831696116602,0.007099995855242014,0.0,12.914445189265598,8.797286510995761,0,23.36161353982495,1495.1432665487969,2097152.0,2,0.0,0.0,1.0,0.0,0.0,48.84044486036244,0.007399998139590025,0.0,31.373393250786123,17.459651611436726,0,1,0,0.0,0.0,24.42022243018122,0,0,2097152,8,4,0.0,2,0.0,0,0,1.0,0.0,4,0,0,0.0,0.0,0.0,546.0,4,0.0,1.0,0.0,0.0,1.0,0.0,256,1024,0,0.0,334.64320024467014,219.10470000875648,0.0,102.08113119700553,13.457369038908144,0,3150.507282999666,0,2808.0661829982146,1.2284585850188577e-06,9.580388986870397e-07,8.963023945131021e-07,3.32807898319836e-08,9.037604237831927e-08,5.358897530751107e-07,3.7423464635044134e-06,no_hotcold,nsga2
0,546,546,train,2.4264992475509644,0.306640625,0.685546875,8,64,512,258.7667000043439,46.88792484106668,2.296076933423846,18.734312921360694,38.17329999583308,6.753273310226346,14.03669080826213,20.789964118488477,0.008499991963617504,0.0,11.728417318650392,9.053046807874466,0,30.915759578439296,1978.608613020115,2097152.0,2,0.0,0.0,1.0,0.0,0.0,52.26772262106735,0.007099995855242014,0.0,34.04798407823045,18.21263854698166,0,1,0,0.0,0.0,26.133861310533675,0,0,2097152,8,4,0.0,2,0.0,0,0,1.0,0.0,4,4,0,1.0,0.0,0.0,547.0,0,0.0,1.0,0.0,0.0,1.0,0.0,256,1024,0,0.0,271.67325878340483,160.7283999910578,0.0,98.33227341603846,12.61258537630858,0,3150.507282999666,0,2891.7405829953223,9.377584968213335e-07,9.184307733695386e-07,8.474752825993127e-07,3.376636655113173e-08,8.422014484957276e-08,5.774011867141695e-07,3.3990522509050585e-06,no_hotcold,nsga2
0,547,547,train,2.5719656348228455,0.2734375,0.634765625,8,64,512,2600.0893999880645,63.39717871135544,18.55310255530016,186.7738135347393,75.47080000222195,6.800152067785649,152.4029900355804,159.20314210336605,0.008099988917820156,0.0,12.843180009945012,146.3518621045032,0,3.076816098408241,196.91623029812743,2097152.0,2,0.0,0.0,1.0,0.0,0.0,51.67584300327041,0.00689999433234334,0.0,34.544135471960935,17.12480753697713,0,1,0,0.0,0.0,25.837921501635204,0,0,2097152,8,4,0.0,2,0.0,0,0,1.0,0.0,4,0,0,0.0,0.0,0.0,548.0,4,0.0,1.0,0.0,0.0,1.0,0.0,256,1024,0,0.0,1074.8963792055797,225.37949997058604,0.0,99.03886923172743,750.478010003266,0,4146.96891398947,0,1546.8795140014054,1.2679435742271086e-06,7.4212410221200645e-06,8.909694192965751e-06,3.400076033892825e-08,9.144179402134822e-07,5.699803029771255e-07,1.9117277792842457e-05,no_hotcold,nsga2
0,548,548,train,2.5787752270698547,0.267578125,0.64453125,8,64,512,365.35079999885056,62.34331437974599,2.3439955761573548,20.182454041648732,38.308899995172396,5.839721397090459,13.9904189150459,19.830140312136358,0.007099995855242014,0.0,11.72079761421184,8.10224270206928,0,21.89670339663078,1401.38901738437,2097152.0,2,0.0,0.0,1.0,0.0,0.0,52.785025124603315,0.006800008122809231,0.0,34.54211087780303,18.236114238677473,0,1,0,0.0,0.0,26.392512562301658,0,0,2097152,8,4,0.0,2,0.0,0,0,1.0,0.0,4,4,0,1.0,0.0,0.0,549.0,0,0.0,1.0,0.0,0.0,1.0,0.0,256,1024,0,0.0,339.4790559902083,222.79939999862108,0.0,102.23970837680871,14.439947614778518,0,4146.96891398947,0,3781.6181139906193,1.24686628759492e-06,9.375982304629418e-07,9.104642671460919e-07,2.91986069854523e-08,8.39425134902754e-08,5.810191116748242e-07,3.7890890173545063e-06,no_hotcold,nsga2
0,549,549,train,2.561108410358429,0.2578125,0.615234375,8,64,512,357.4451000022236,62.518959686781585,2.2676358310767695,19.374078737623563,40.58400000212714,6.348063602851409,13.934379970466793,20.2824435733182,0.006800008122809231,0.0,12.60415409426895,7.671489470926443,0,22.380996743145985,1432.383791561343,2097152.0,2,0.0,0.0,1.0,0.0,0.0,51.58577624915472,0.007400012691505253,0.0,33.728928213374175,17.849448023089035,0,1,0,0.0,0.0,25.79288812457736,0,0,2097152,8,4,0.0,2,0.0,0,0,1.0,0.0,4,0,0,0.0,0.0,0.0,550.0,4,0.0,1.0,0.0,0.0,1.0,0.0,256,1024,0,0.0,336.6426970219277,220.9180999925593,0.0,102.42032931888048,13.304267710487862,0,4146.96891398947,0,3789.5238139872463,1.2503791937356317e-06,9.070543324307077e-07,8.757213895005326e-07,3.174031801425705e-08,8.360627982280074e-08,5.681038700654127e-07,3.7166053835693424e-06,no_hotcold,nsga2
0,550,550,train,2.513695180416107,0.287109375,0.65234375,8,64,512,85.10070000193082,17.061148964055143,2.430302912723344,19.825575038994625,42.358899998362176,6.5870196194450354,14.002689730593898,20.589709350038934,0.006800008122809231,0.0,11.592593949948899,8.990315391967226,0,94.0051726324914,6016.331048479449,2097152.0,2,0.0,0.0,1.0,0.0,0.0,50.320494434786035,0.007199996616691351,0.0,31.935880514908796,18.377413923260548,0,1,0,0.0,0.0,25.160247217393017,0,0,2097152,8,4,0.0,2,0.0,0,0,1.0,0.0,4,4,0,1.0,0.0,0.0,551.0,0,0.0,1.0,0.0,0.0,1.0,0.0,256,1024,0,0.0,157.26810766309245,40.131499990820885,0.0,101.36336869147854,15.773238980793014,0,4146.96891398947,0,4061.868213987539,3.4122297928110285e-07,9.721211650893376e-07,8.967609532163804e-07,3.293509809722518e-08,8.401613838356339e-08,5.515774133179227e-07,2.8786337473855317e-06,no_hotcold,nsga2
0,551,551,train,2.419823110103607,0.30078125,0.6640625,8,64,512,338.7030000012601,60.58092454309346,2.3149273253260945,20.19025384929164,37.5175999943167,6.481416877995746,14.724114985064691,21.205531863060436,0.007700014975853264,0.0,12.833007912121968,8.364823935962617,0,23.61944352582266,1511.6443856526503,2097152.0,2,0.0,0.0,1.0,0.0,0.0,54.645424381922325,0.007099995855242014,0.0,36.2779821270744,18.36034225899268,0,1,0,0.0,0.0,27.322712190961163,0,0,2097152,8,4,0.0,2,0.0,0,0,1.0,0.0,4,0,0,0.0,0.0,0.0,552.0,4,0.0,1.0,0.0,0.0,1.0,0.0,256,1024,0,0.0,332.3444228708447,214.5548000407871,0.0,103.04025480559369,14.749368024463974,0,1863.6367089970674,0,1524.9337089958074,1.2116184908618695e-06,9.259709301304378e-07,9.141156026735589e-07,3.2407084389978734e-08,8.834468991038814e-08,6.026244704349677e-07,3.7750812684012013e-06,no_hotcold,nsga2
0,552,552,train,2.528631627559662,0.263671875,0.615234375,8,64,512,485.29019999841694,84.93473149027825,2.200567493520717,19.78938141423889,37.13630000129342,5.571686095878913,13.43711412773374,19.008800223612653,0.007300011930055916,0.0,11.385168734278448,7.616331477404148,0,16.484947594405373,1055.0366460419439,2097152.0,2,0.0,0.0,1.0,0.0,0.0,48.65037737951873,0.00790000194683671,0.0,32.068889197433734,16.57358818013816,0,1,0,0.0,0.0,24.325188689759365,0,0,2097152,8,4,0.0,2,0.0,0,0,1.0,0.0,4,4,0,1.0,0.0,0.0,553.0,0,0.0,1.0,0.0,0.0,1.0,0.0,256,1024,0,0.0,427.6987215921514,310.66650002321694,0.0,103.0936405321015,13.938581036832991,0,1863.6367089970674,0,1378.3465089986505,1.6986946298055652e-06,8.802269974082867e-07,8.936665787321498e-07,2.785843047939457e-08,8.062268476640242e-08,5.363319811494509e-07,4.11740130234125e-06,no_hotcold,nsga2
0,553,553,train,2.456114411354065,0.283203125,0.6328125,8,64,512,280.6807999877492,49.91795567928352,2.2611140847087796,18.87031610146576,38.91509999812115,6.712411099355898,13.714480282098107,20.426891381454006,0.007400012691505253,0.0,12.89487193045371,7.524619438308788,0,28.502026139027087,1824.1296728977336,2097152.0,2,0.0,0.0,1.0,0.0,0.0,53.524891196833536,0.006699992809444666,0.0,36.012620751680245,17.505570452343854,0,1,0,0.0,0.0,26.762445598416768,0,0,2097152,8,4,0.0,2,0.0,0,0,1.0,0.0,4,0,0,0.0,0.0,0.0,554.0,4,0.0,1.0,0.0,0.0,1.0,0.0,256,1024,0,0.0,284.19754346183225,173.13389999617357,0.0,98.67498780369004,12.388655661968617,0,1863.6367089970674,0,1582.9559090093182,9.983591135856706e-07,9.044456338835121e-07,8.530897898327284e-07,3.35620554967795e-08,8.228688169258863e-08,5.891465343291554e-07,3.4608900088204344e-06,no_hotcold,nsga2
0,554,554,train,2.4388933181762695,0.283203125,0.673828125,8,64,512,276.4078000036534,48.81850023982504,2.4642564156707176,18.483691489211733,35.22389999125153,5.873639490118102,14.823553156274933,20.697192646393034,0.008600007276982069,0.0,11.729660788181057,8.958931850934995,0,28.94263858420666,1852.3288693892262,2097152.0,2,0.0,0.0,1.0,0.0,0.0,54.76592361184202,0.006599992047995329,0.0,35.26830633378906,19.49101728600496,0,1,0,0.0,0.0,27.38296180592101,0,0,2097152,8,4,0.0,2,0.0,0,0,1.0,0.0,4,4,0,1.0,0.0,0.0,555.0,0,0.0,1.0,0.0,0.0,1.0,0.0,256,1024,0,0.0,279.06579257883,167.74779999104794,0.0,98.81586688546727,12.502125702314723,0,1863.6367089970674,0,1587.228908993414,9.763700047965008e-07,9.857025662682872e-07,8.331917198805082e-07,2.9368197450590514e-08,8.89413189376496e-08,6.028319127255414e-07,3.5164057200590775e-06,no_hotcold,nsga2
0,555,555,train,2.411133050918579,0.291015625,0.673828125,8,64,512,71.39040000038221,15.17044430567264,2.1866722450087437,19.410165253036354,60.313200010568835,5.87846863517675,12.203189644324587,18.081658279501337,0.007399998139590025,0.0,11.107210019579941,6.967048261781805,0,112.05831514660267,7171.732169382571,2097152.0,2,0.0,0.0,1.0,0.0,0.0,54.041515065129666,0.007200011168606579,0.0,35.8166700378888,18.217645016072264,0,1,0,0.0,0.0,27.020757532564833,0,0,2097152,8,4,0.0,2,0.0,0,0,1.0,0.0,4,0,0,0.0,0.0,0.0,556.0,4,0.0,1.0,0.0,0.0,1.0,0.0,256,1024,0,0.0,147.06912721487095,34.44029996171594,0.0,99.76121048608877,12.867616767066238,0,1863.6367089970674,0,1792.2463089966852,3.0340888611345283e-07,8.746688980034975e-07,8.739970347299504e-07,2.9392343175883754e-08,7.321913786594751e-08,5.937238864887185e-07,2.7484101863774507e-06,no_hotcold,nsga2
0,556,556,train,2.3618486523628235,0.287109375,0.6875,8,64,512,82.49990000331309,16.69093655983315,2.68483697526562,20.265306507030047,36.90360000473447,5.597727568704469,15.585017247043819,21.182744815748286,0.007499998901039362,0.0,10.97040057172932,10.204844245117929,0,96.96863912610328,6205.99290407061,2097152.0,2,0.0,0.0,1.0,0.0,0.0,50.61420466371632,0.006800008122809231,0.0,32.585412259112395,18.021992396481117,0,1,0,0.0,0.0,25.30710233185816,0,0,2097152,8,4,0.0,2,0.0,0,0,1.0,0.0,4,4,0,1.0,0.0,0.0,557.0,0,0.0,1.0,0.0,0.0,1.0,0.0,256,1024,0,0.0,158.56432016851528,39.37549993861467,0.0,100.29242814712677,18.89639208277384,0,1863.6367089970674,0,1781.1368089937544,3.3381873119666306e-07,1.073934790106248e-06,9.18839604718503e-07,2.798863784352235e-08,9.35101034822629e-08,5.603614540438921e-07,3.008453321391091e-06,no_hotcold,nsga2
0,557,557,train,2.30386084318161,0.3203125,0.6953125,8,64,512,357.83269999956246,61.65313434776176,2.2223184120232062,19.920397606800755,41.470100011792965,5.754382655669647,13.733726723066507,19.488109378736155,0.007300011930055916,0.0,11.847713038947479,7.633096327858618,0,22.356753989380493,1430.8322553203516,2097152.0,2,0.0,0.0,1.0,0.0,0.0,47.22336790361129,0.007199996616691351,0.0,29.78477046301836,17.43139744397624,0,1,0,0.0,0.0,23.611683951805645,0,0,2097152,8,4,0.0,2,0.0,0,0,1.0,0.0,4,0,0,0.0,0.0,0.0,558.0,4,0.0,1.0,0.0,0.0,1.0,0.0,256,1024,0,0.0,335.18340146634284,219.57449996261857,0.0,103.51316932703789,12.095732176686454,0,1863.6367089970674,0,1505.804008997505,1.2330626869552351e-06,8.889273648092826e-07,8.982571683603232e-07,2.8771913278348235e-08,8.240236033839904e-08,5.181261646994838e-07,3.649547658441072e-06,no_hotcold,nsga2
0,558,558,train,2.1835636496543884,0.341796875,0.736328125,8,64,512,387.0515000016894,63.229873041913876,2.7752868402138238,20.477994384673345,52.5886000104947,6.409029422751775,15.838996412574208,22.248025835325983,0.008400020305998623,0.0,11.600005746679754,10.639620068340232,0,20.669030686961282,1322.817963965522,2097152.0,2,0.0,0.0,1.0,0.0,0.0,48.40323644859395,0.009399984264746308,0.0,31.35531115877359,17.038525305555616,0,1,0,0.0,0.0,24.201618224296976,0,0,2097152,8,4,0.0,2,0.0,0,0,1.0,0.0,4,4,0,1.0,0.0,0.0,559.0,0,0.0,1.0,0.0,0.0,1.0,0.0,256,1024,0,0.0,345.9326170672041,224.7104999696603,0.0,102.86036993753497,18.36174716000889,0,1863.6367089970674,0,1476.585208995378,1.2645974608382776e-06,1.1101147360855298e-06,9.285451466830868e-07,3.204514711375888e-08,9.503397847544523e-08,5.313501506050487e-07,3.961686619801147e-06,no_hotcold,nsga2
0,559,559,train,2.456268310546875,0.302734375,0.673828125,8,64,512,4916.949199992814,897.3589051538206,3.2166820050532574,208.0964703693036,64.78640000568703,6.718509693454586,22.37884870995161,29.097358403406194,0.00689999433234334,0.0,12.642258556348441,16.44819985272541,0,1.6270248171339403,104.12958829657218,2097152.0,2,0.0,0.0,1.0,0.0,0.0,49.58318098615962,0.006900008884258568,0.0,31.55064514030908,18.025635836966288,0,1,0,0.0,0.0,24.79159049307981,0,0,2097152,8,4,0.0,2,0.0,0,0,1.0,0.0,4,0,0,0.0,0.0,0.0,560.0,4,0.0,1.0,0.0,0.0,1.0,0.0,256,1024,0,0.0,4434.68823011271,3561.37260000105,0.0,100.83495746567016,772.480672645989,0,4261.798518989738,1,-655.150681003076,1.794717810307641e-05,1.286672802021303e-06,8.455895893504742e-06,3.3592548467272935e-08,1.3427309225970964e-07,5.456923041888476e-07,2.8403304743518285e-05,no_hotcold,nsga2
0,560,560,train,2.3169018030166626,0.30078125,0.701171875,8,64,512,273.59310000611003,46.91428627611165,2.2783179063322203,18.908907507919317,37.277800001902506,6.445274212811375,13.902999949645881,20.34827416245726,0.006600021151825786,0.0,12.4605366364949,7.88113750481053,0,29.2403966307071,1871.3853843652544,2097152.0,2,0.0,0.0,1.0,0.0,0.0,49.81146023368553,0.007199996616691351,0.0,31.70313604133084,18.101124195737995,0,1,0,0.0,0.0,24.905730116842765,0,0,2097152,8,4,0.0,2,0.0,0,0,1.0,0.0,4,4,0,1.0,0.0,0.0,561.0,0,0.0,1.0,0.0,0.0,1.0,0.0,256,1024,0,0.0,272.4060467614528,160.80200001306366,0.0,98.7897253670665,12.814321381322625,0,4261.798518989738,0,3988.205418983628,9.382857255222332e-07,9.113271625328881e-07,8.517001863512245e-07,3.2226371064056876e-08,8.341799969787529e-08,5.489998554311681e-07,3.3659573005994462e-06,no_hotcold,nsga2
0,561,561,train,2.533243775367737,0.2734375,0.626953125,8,64,512,324.98529998701997,55.99781043880103,2.447291404206294,19.45882619562792,39.21239999181125,5.581956722712472,15.166181666639648,20.74813838935212,0.007199996616691351,0.0,12.03072155170008,8.710216841035349,0,24.616422293245968,1575.451026767742,2097152.0,2,0.0,0.0,1.0,0.0,0.0,53.281557058843354,0.007000009645707905,0.0,34.60561664293487,18.668940406262777,0,1,0,0.0,0.0,26.640778529421677,0,0,2097152,8,4,0.0,2,0.0,0,0,1.0,0.0,4,0,0,0.0,0.0,0.0,562.0,4,0.0,1.0,0.0,0.0,1.0,0.0,256,1024,0,0.0,311.61571215454103,196.77830004366115,0.0,101.77297619867929,13.064435912200569,0,4261.798518989738,0,3936.813219002718,1.119956208776021e-06,9.789165616825177e-07,8.79080910306925e-07,2.7909783613562364e-08,9.099708999983789e-08,5.859354649418118e-07,3.682796019320676e-06,no_hotcold,nsga2
0,562,562,train,2.5285072922706604,0.23046875,0.646484375,8,64,512,324.1723999963142,59.01449688363928,2.2134565085935813,18.504102829435098,37.189099995885044,6.078082302589416,13.652003529795753,19.730085832385168,0.007499984349124134,0.0,12.249028610192626,7.473557237843418,0,24.678150644349472,1579.4016412383662,2097152.0,2,0.0,0.0,1.0,0.0,0.0,53.22418006377061,0.006300004315562546,0.0,33.71867555508334,19.49920450437171,0,1,0,0.0,0.0,26.612090031885305,0,0,2097152,8,4,0.0,2,0.0,0,0,1.0,0.0,4,4,0,1.0,0.0,0.0,563.0,0,0.0,1.0,0.0,0.0,1.0,0.0,256,1024,0,0.0,318.92822488667184,209.84799996949732,0.0,96.64694426379312,12.433280653381424,0,4261.798518989738,0,3937.626118993424,1.1802899376727857e-06,8.853826034374324e-07,8.345194280562797e-07,3.039041151294708e-08,8.19120211787745e-08,5.837164310442266e-07,3.5962108329024466e-06,no_hotcold,nsga2
0,563,563,train,2.5499361753463745,0.265625,0.6328125,8,64,512,360.49750000529457,61.87217184933829,2.3325075296183115,19.382969632834975,36.917899997206405,5.826140630460545,13.832933520610691,19.659074151071238,0.007099995855242014,0.0,11.991431365895082,7.660542789320911,0,22.191493168161603,1420.2555627623426,2097152.0,2,0.0,0.0,1.0,0.0,0.0,52.84511730125365,0.010000003385357559,0.0,35.512383558751736,17.322733739116558,0,1,0,0.0,0.0,26.422558650626826,0,0,2097152,8,4,0.0,2,0.0,0,0,1.0,0.0,4,0,0,0.0,0.0,0.0,564.0,4,0.0,1.0,0.0,0.0,1.0,0.0,256,1024,0,0.0,334.35059604716633,220.6124999356689,0.0,101.08918384515496,12.648912266342418,0,4261.798518989738,0,3901.3010189844435,1.2374434369867659e-06,9.330030118473247e-07,8.714082641045645e-07,2.9130703152302724e-08,8.299760112366413e-08,5.816495248370824e-07,3.7356325420517045e-06,no_hotcold,nsga2
0,564,564,train,2.567063570022583,0.25,0.634765625,8,64,512,292.49379999237135,49.81190916617014,2.289401910445969,20.161415741473736,36.10579999804031,5.938824675861118,12.268733854011442,18.20755852987256,0.0070999813033267856,0.0,11.291408030736562,6.90905051783267,0,27.350913589604502,1750.4584697346882,2097152.0,2,0.0,0.0,1.0,0.0,0.0,54.235462741640575,0.006999995093792677,0.0,36.644468260352355,17.583994486194424,0,1,0,0.0,0.0,27.117731370820287,0,0,2097152,8,4,0.0,2,0.0,0,0,1.0,0.0,4,4,0,1.0,0.0,0.0,565.0,0,0.0,1.0,0.0,0.0,1.0,0.0,256,1024,0,0.0,289.0509072723594,170.5919999803882,0.0,105.72103234684639,12.73787494512478,0,4261.798518989738,0,3969.3047189973668,9.96238183323403e-07,9.157607641783876e-07,9.120765521315247e-07,2.969412337930559e-08,7.361240312406864e-08,5.96732819669432e-07,3.5241148458061215e-06,no_hotcold,nsga2
0,565,565,train,2.2487635016441345,0.294921875,0.7265625,8,64,512,72.67709998995997,16.293063344012303,2.4003145103899595,19.135220663361615,38.73720001138281,6.340940223274582,12.907499038263843,19.248439261538426,0.006499991286545992,0.0,11.549280698161027,7.692658572090852,0,110.07442408518041,7044.763141451546,2097152.0,2,0.0,0.0,1.0,0.0,0.0,48.507754446719275,0.00689999433234334,0.0,30.309837994110083,18.19101645827684,0,1,0,0.0,0.0,24.253877223359638,0,0,2097152,8,4,0.0,2,0.0,0,0,1.0,0.0,4,0,0,0.0,0.0,0.0,566.0,4,0.0,1.0,0.0,0.0,1.0,0.0,256,1024,0,0.0,151.31439407105552,37.087599994265474,0.0,101.74773238642193,12.479061690368114,0,4261.798518989738,0,4189.121418999778,3.2586126688024614e-07,9.601258041559838e-07,8.657431871578346e-07,3.170470111637291e-08,7.744499422958305e-08,5.342311940926443e-07,2.795111147632665e-06,no_hotcold,nsga2
0,566,566,train,2.1779569387435913,0.318359375,0.728515625,8,64,512,86.04229999764357,17.22245825389423,2.3203354208650104,19.96919625379617,50.352999998722225,6.485018710159898,12.793392680778059,19.278411390937958,0.006200003554113209,0.0,11.370862582636708,7.901348804747136,0,92.97644325844189,5950.492368540281,2097152.0,2,0.0,0.0,1.0,0.0,0.0,49.624503274114986,0.006400005077011883,0.0,32.847832428350955,16.770270840687015,0,1,0,0.0,0.0,24.812251637057493,0,0,2097152,8,4,0.0,2,0.0,0,0,1.0,0.0,4,4,0,1.0,0.0,0.0,567.0,0,0.0,1.0,0.0,0.0,1.0,0.0,256,1024,0,0.0,158.04795971422166,39.57619999710005,0.0,104.54131912829882,13.93044058882279,0,4261.798518989738,0,4175.756218992095,3.4444916507788466e-07,9.281341683460042e-07,9.013186499762793e-07,3.242509355079949e-08,7.676035608466834e-08,5.4918833593819e-07,2.832275768973826e-06,no_hotcold,nsga2
0,567,567,train,2.2151365280151367,0.330078125,0.748046875,8,64,512,139.37930000247434,17.403428645443434,2.648450971663119,19.85689716992687,49.73989998688921,6.28660703901581,15.434019893787084,21.720626932802894,0.006999995093792677,0.0,10.904794150630977,10.808832787078126,0,57.39692051070331,3673.402912685012,2097152.0,2,0.0,0.0,1.0,0.0,0.0,53.094851753043244,0.010500007192604244,0.0,33.3726692483475,19.711682497503134,0,1,0,0.0,0.0,26.547425876521622,0,0,2097152,8,4,0.0,2,0.0,0,0,1.0,0.0,4,0,0,0.0,0.0,0.0,568.0,4,0.0,1.0,0.0,0.0,1.0,0.0,256,1024,0,0.0,159.6351071481337,41.00420001486782,0.0,103.05226719999074,15.578639933275142,0,4261.798518989738,0,4122.419218987264,3.480685729088687e-07,1.0593803886652476e-06,8.937881910195142e-07,3.1433035195079055e-08,9.260411936272249e-08,5.837482716383825e-07,3.0090225787898145e-06,no_hotcold,nsga2
0,568,568,train,2.348816156387329,0.31640625,0.6796875,8,64,512,5867.503800007398,1149.7958532931648,2.9334149220801597,207.5885685052968,36.71419998863712,65.43174398084186,19.57763622352273,85.00938020436459,0.007600014214403927,0.0,12.298872275498468,72.70290791465172,0,1.3634415774129256,87.26026095442724,2097152.0,2,0.0,0.0,1.0,0.0,0.0,53.34168116962603,0.006699992809444666,0.0,35.236643892446025,18.098337284370558,0,1,0,0.0,0.0,26.670840584813014,0,0,2097152,8,4,0.0,2,0.0,0,0,1.0,0.0,4,4,0,1.0,0.0,0.0,569.0,0,0.0,1.0,0.0,0.0,1.0,0.0,256,1024,0,0.0,5441.271346882168,4457.537499984028,0.0,98.24729457853351,885.4865523196062,0,5983.729653000916,0,116.22585299351795,2.2995917065863298e-05,1.173365968832064e-06,8.415440395126237e-06,3.271587199042093e-07,1.1746581734113636e-07,5.850249535782928e-07,3.361437292064524e-05,no_hotcold,nsga2
0,569,569,train,2.1661086976528168,0.359375,0.734375,8,64,512,203.0667000071844,34.173528186652916,2.134634844594527,19.20732225269301,50.64950000087265,6.325774624038178,12.690797530631283,19.01657215466946,0.007199996616691351,0.0,11.770020489539078,7.239351668513689,0,39.39572861522027,2521.3266313740974,2097152.0,2,0.0,0.0,1.0,0.0,0.0,52.36017938246708,0.006699992809444666,0.0,35.39841261811214,16.955066771545496,0,1,0,0.0,0.0,26.18008969123354,0,0,2097152,8,4,0.0,2,0.0,0,0,1.0,0.0,4,0,0,0.0,0.0,0.0,570.0,4,0.0,1.0,0.0,0.0,1.0,0.0,256,1024,0,0.0,222.06194113576186,109.89050005446188,0.0,100.11002115194974,12.061419929350205,0,5983.729653000916,0,5780.662952993732,6.834705637330584e-07,8.538539378378107e-07,8.669029550564729e-07,3.1628873120190886e-08,7.614478518378769e-08,5.775292256609619e-07,3.0895303405922825e-06,no_hotcold,nsga2
0,570,570,train,2.374126613140106,0.28515625,0.6953125,8,64,512,384.7949999908451,61.87416850734123,2.2178567307680717,20.208858106252205,38.01030000613537,6.537647389879052,13.274015275480215,19.81166266535927,0.006599992047995329,0.0,12.330379829178906,7.474682844132366,0,20.790236905244164,1330.5751619356265,2097152.0,2,0.0,0.0,1.0,0.0,0.0,51.62279908066133,0.006400005077011883,0.0,32.532689092964794,19.083709982619524,0,1,0,0.0,0.0,25.811399540330665,0,0,2097152,8,4,0.0,2,0.0,0,0,1.0,0.0,4,4,0,1.0,0.0,0.0,571.0,0,0.0,1.0,0.0,0.0,1.0,0.0,256,1024,0,0.0,337.2035333774461,220.39309998217504,0.0,104.45439256496108,12.356040830309912,0,5983.729653000916,0,5598.934653010071,1.2374833701468247e-06,8.871426923072286e-07,9.117251022389175e-07,3.268823694939526e-08,7.964409165288128e-08,5.656118715139687e-07,3.714295364809216e-06,no_hotcold,nsga2
0,571,571,train,2.4743321537971497,0.2734375,0.642578125,8,64,512,307.7823000057833,52.35579729442071,2.124218891540538,19.151255689242117,36.0559000109788,5.925607490365458,13.770032621138833,19.69564011150429,0.007000009645707905,0.0,11.853513671005192,7.83512643085339,0,25.99231342262455,1663.5080590479713,2097152.0,2,0.0,0.0,1.0,0.0,0.0,51.838697937396894,0.006900008884258568,0.0,33.41335074894884,18.4184471795638,0,1,0,0.0,0.0,25.919348968698447,0,0,2097152,8,4,0.0,2,0.0,0,0,1.0,0.0,4,0,0,0.0,0.0,0.0,572.0,4,0.0,1.0,0.0,0.0,1.0,0.0,256,1024,0,0.0,294.52508750081347,181.57070000597741,0.0,99.90204023505828,13.052347259777779,0,4261.798518989738,0,3954.016218983955,1.0471159458884141e-06,8.49687556616215e-07,8.651481504524608e-07,2.962803745182729e-08,8.262019572683299e-08,5.711498267620163e-07,3.4453497128977666e-06,no_hotcold,nsga2
0,572,572,train,2.5966784954071045,0.24609375,0.634765625,8,64,512,337.678900003084,60.77294817496756,2.3518877299676477,19.35958858701839,36.92040000169072,6.440379114683333,13.877971464721652,20.318350579404985,0.006999995093792677,0.0,12.711904336932534,7.599446247378659,0,23.691075482807648,1516.2288308996895,2097152.0,2,0.0,0.0,1.0,0.0,0.0,47.99136822553032,0.00689999433234334,0.0,30.675924526114848,17.30854370508313,0,1,0,0.0,0.0,23.99568411276516,0,0,2097152,8,4,0.0,2,0.0,0,0,1.0,0.0,4,4,0,1.0,0.0,0.0,573.0,0,0.0,1.0,0.0,0.0,1.0,0.0,256,1024,0,0.0,329.9376979678144,215.32949998800177,0.0,101.49638908596788,13.111808893844723,0,4261.798518989738,0,3924.119618986654,1.2154589634993513e-06,9.407550919870591e-07,8.743781319222552e-07,3.220189557341667e-08,8.32678287883299e-08,5.265707360127286e-07,3.672632647783141e-06,no_hotcold,nsga2
0,573,573,train,2.2527469396591187,0.3203125,0.708984375,8,64,512,464.3384000082733,83.59450003276089,2.2313726406904406,18.41453299947249,37.23899999749847,6.003298241466867,12.569742222183447,18.573040463650315,0.009499999578110874,0.0,11.386842960526263,7.17669750354594,0,17.2287770537186,1102.6417314379903,2097152.0,2,0.0,0.0,1.0,0.0,0.0,51.33450120230431,0.006999995093792677,0.0,34.0244707791921,17.303030428018424,0,1,0,0.0,0.0,25.667250601152155,0,0,2097152,8,4,0.0,2,0.0,0,0,1.0,0.0,4,0,0,0.0,0.0,0.0,574.0,4,0.0,1.0,0.0,0.0,1.0,0.0,256,1024,0,0.0,416.9616226916952,306.1584999813931,0.0,98.26717235463012,12.535950355672016,0,4261.798518989738,0,3797.460118981465,1.6718900006552179e-06,8.925490562761761e-07,8.321125910200668e-07,3.001649120733434e-08,7.541845333310068e-08,5.67928197743783e-07,4.069914790235679e-06,no_hotcold,nsga2
0,574,574,train,2.4166641235351562,0.2890625,0.66796875,8,64,512,334.94729999802075,58.878533722994504,2.253089683655759,18.200520821611626,38.06639999675099,6.636366615093176,12.862911223609085,19.499277838702262,0.007499998901039362,0.0,11.718595435807018,7.773182403994205,0,23.884283037254626,1528.594114384296,2097152.0,2,0.0,0.0,1.0,0.0,0.0,47.71661950133143,0.006200003554113209,0.0,30.459482101863355,17.25093739591396,0,1,0,0.0,0.0,23.858309750665715,0,0,2097152,8,4,0.0,2,0.0,0,0,1.0,0.0,4,4,0,1.0,0.0,0.0,575.0,0,0.0,1.0,0.0,0.0,1.0,0.0,256,1024,0,0.0,317.3285769130476,209.15359999344219,0.0,95.76710677918877,12.407870140416591,0,4261.798518989738,0,3926.8512189917174,1.1775706744598903e-06,9.012358734623035e-07,8.224499904036593e-07,3.3181833075465886e-08,7.71774673416545e-08,5.254681993381074e-07,3.5370840380810813e-06,no_hotcold,nsga2
0,575,575,train,2.5797923803329468,0.296875,0.650390625,8,64,512,72.79740000376478,17.202475882127025,3.115895237386866,19.61035183412051,60.77539999387227,5.685019474864469,21.32971038505945,27.014729859923918,0.007199996616691351,0.0,11.18871792806423,15.818811935242996,0,109.89252510475887,7033.121606704568,2097152.0,2,0.0,0.0,1.0,0.0,0.0,48.169703149699814,0.009499985026195645,0.0,31.26458090211978,16.895622262553843,0,1,0,0.0,0.0,24.084851574849907,0,0,2097152,8,4,0.0,2,0.0,0,0,1.0,0.0,4,0,0,0.0,0.0,0.0,576.0,4,0.0,1.0,0.0,0.0,1.0,0.0,256,1024,0,0.0,159.71489181453762,40.621099979034625,0.0,99.3102483349717,19.783543500531298,0,4261.798518989738,0,4189.001118985973,3.4404951764254057e-07,1.2463580949547464e-06,8.869100325680222e-07,2.8425097374322348e-08,1.279782623103567e-07,5.311177936268783e-07,3.1648387984768665e-06,no_hotcold,nsga2
0,576,576,train,2.5307730436325073,0.26171875,0.6328125,8,64,512,2727.8781999921193,376.80923476438863,35.058099032368624,38.20099489487225,81.85750000120606,7.078643691401332,273.4089830355417,280.48762672694306,0.00890000956133008,0.0,11.658260391062377,268.8204663263193,0,2.932681183251484,187.69159572809497,2097152.0,2,0.0,0.0,1.0,0.0,0.0,53.61593226893426,0.007399998139590025,0.0,34.742954963591835,18.865577307202837,0,1,0,0.0,0.0,26.80796613446713,0,0,2097152,8,4,0.0,2,0.0,0,0,1.0,0.0,4,4,0,1.0,0.0,0.0,577.0,0,0.0,1.0,0.0,0.0,1.0,0.0,256,1024,0,0.0,1800.273314766518,1476.9494000065606,0.0,102.88126255246792,220.44265220748952,0,4325.053974991745,0,1597.175774999626,7.536184695287773e-06,1.4023239612947449e-05,1.7764979273851379e-06,3.539321845700666e-08,1.6404538982132501e-06,5.88544279675181e-07,2.5600313631965802e-05,no_hotcold,nsga2
0,577,577,train,2.4787718057632446,0.275390625,0.64453125,8,64,512,84.33100000547711,16.065996280597027,2.1727592044193806,19.074882150156792,58.68390000250656,6.071530427788107,12.688852442802148,18.760382870590256,0.00689999433234334,0.0,11.967531331991445,6.785951544266467,0,94.86315988569493,6071.242232684475,2097152.0,2,0.0,0.0,1.0,0.0,0.0,52.05580777738251,0.007399998139590025,0.0,34.30381346431368,17.744594314929248,0,1,0,0.0,0.0,26.027903888691256,0,0,2097152,8,4,0.0,2,0.0,0,0,1.0,0.0,4,0,0,0.0,0.0,0.0,578.0,4,0.0,1.0,0.0,0.0,1.0,0.0,256,1024,0,0.0,149.2545505406928,37.85229998175055,0.0,98.83442012994985,12.567830428992385,0,4325.053974991745,0,4240.722974986268,3.213199256119406e-07,8.691036817677522e-07,8.585609686589554e-07,3.0357652138940536e-08,7.613311465681288e-08,5.720698492289344e-07,2.7275451920633362e-06,no_hotcold,nsga2
0,578,578,train,2.5162582397460938,0.2890625,0.63671875,8,64,512,356.3633000012487,60.64034446711135,2.2267383931627482,18.71869766080853,37.09689999232069,6.153654526366437,12.372906542560738,18.526561068927176,0.007100010407157242,0.0,11.332689144600433,7.186771913919585,0,22.448937786338217,1436.7320183256459,2097152.0,2,0.0,0.0,1.0,0.0,0.0,53.47151936355244,0.011900003300979733,0.0,35.74386900842889,17.715750351822567,0,1,0,0.0,0.0,26.73575968177622,0,0,2097152,8,4,0.0,2,0.0,0,0,1.0,0.0,4,4,0,1.0,0.0,0.0,579.0,0,0.0,1.0,0.0,0.0,1.0,0.0,256,1024,0,0.0,326.3431220843305,214.19330000935588,0.0,98.720973921475,13.428848153499626,0,4325.053974991745,0,3968.6906749904965,1.212806889342227e-06,8.906953572650992e-07,8.455984011733254e-07,3.0768272631832185e-08,7.423743925536443e-08,5.895549943846945e-07,3.643661354052543e-06,no_hotcold,nsga2
0,579,579,train,2.417103350162506,0.29296875,0.67578125,8,64,512,437.25189998804126,80.01605223926649,2.4035334981082386,19.41481615896507,37.1175000036601,6.177285825748444,14.376191722545792,20.553477548294236,0.007700000423938036,0.0,12.145933695551044,8.399843852319254,0,18.296047894064962,1170.9470652201576,2097152.0,2,0.0,0.0,1.0,0.0,0.0,53.46305458166171,0.007299997378140688,0.0,34.851551514045866,18.604203070237702,0,1,0,0.0,0.0,26.731527290830854,0,0,2097152,8,4,0.0,2,0.0,0,0,1.0,0.0,4,0,0,0.0,0.0,0.0,580.0,4,0.0,1.0,0.0,0.0,1.0,0.0,256,1024,0,0.0,407.33760758535914,292.41550000733696,0.0,100.1243168031755,14.797790774846678,0,4325.053974991745,0,3887.802075003704,1.6003210447853298e-06,9.614133992432954e-07,8.765135894068285e-07,3.088642912874222e-08,8.625715033527474e-08,5.86710216517271e-07,4.142101829416741e-06,no_hotcold,nsga2
0,580,580,train,2.4697930216789246,0.27734375,0.685546875,8,64,512,333.28910000273027,56.658714978832236,2.36447644351086,19.059891127754117,39.03790000185836,6.417390876814145,12.964498384145372,19.381889260959518,0.007700000423938036,0.0,11.302134338464965,8.072054922070615,0,24.0031132035859,1536.1992450294977,2097152.0,2,0.0,0.0,1.0,0.0,0.0,54.11506771956343,0.006799993570894003,0.0,36.2028925834548,17.90537514253773,0,1,0,0.0,0.0,27.057533859781714,0,0,2097152,8,4,0.0,2,0.0,0,0,1.0,0.0,4,4,0,1.0,0.0,0.0,581.0,0,0.0,1.0,0.0,0.0,1.0,0.0,256,1024,0,0.0,312.3323302003889,197.48759995854925,0.0,101.27371176441872,13.571018477420878,0,4325.053974991745,0,3991.764874989015,1.1331742995766448e-06,9.45790577404344e-07,8.58556900795495e-07,3.2086954384070725e-08,7.778699030487222e-08,5.951280157888631e-07,3.6425237382542892e-06,no_hotcold,nsga2
0,581,581,train,2.6277045011520386,0.251953125,0.6171875,8,64,512,323.170100004063,59.63209785992247,2.262525446180506,19.340226347734827,35.669799995957874,6.34502941574007,13.838397707611342,20.183427123351414,0.007599999662488699,0.0,12.258550744168401,7.917276379520523,0,24.75468876981705,1584.3000812682913,2097152.0,2,0.0,0.0,1.0,0.0,0.0,49.50977844709955,0.007799986633472145,0.0,32.24310288839712,17.25887557206896,0,1,0,0.0,0.0,24.754889223549775,0,0,2097152,8,4,0.0,2,0.0,0,0,1.0,0.0,4,0,0,0.0,0.0,0.0,582.0,4,0.0,1.0,0.0,0.0,1.0,0.0,256,1024,0,0.0,324.9393986153512,210.65720001934096,0.0,101.7533949322992,12.528803663711034,0,4325.053974991745,0,4001.8838749876822,1.1926419571984495e-06,9.050101784722025e-07,8.721947083027079e-07,3.172514707870035e-08,8.303038624566806e-08,5.446262773319982e-07,3.6292286546297265e-06,no_hotcold,nsga2
0,582,582,train,2.410805404186249,0.29296875,0.6875,8,64,512,311.05370000295807,53.14044428275511,2.0905727055848216,19.435768528404346,36.39290000137407,6.1780373790588055,12.454089432631463,18.63212681169027,0.006900008884258568,0.0,12.427676478750165,6.197550324055845,0,25.718949110635275,1646.0127430806576,2097152.0,2,0.0,0.0,1.0,0.0,0.0,51.34067754031386,0.007399998139590025,0.0,33.74096563181274,17.59231191036153,0,1,0,0.0,0.0,25.67033877015693,0,0,2097152,8,4,0.0,2,0.0,0,0,1.0,0.0,4,4,0,1.0,0.0,0.0,583.0,0,0.0,1.0,0.0,0.0,1.0,0.0,256,1024,0,0.0,298.66714206697714,184.38729998888448,0.0,101.87854468426809,12.401297393824565,0,4325.053974991745,0,4014.000274988787,1.0628088856551024e-06,8.362290822339287e-07,8.773536730902614e-07,3.0890186895294026e-08,7.472453659578877e-08,5.641593624221405e-07,3.4461657268925158e-06,no_hotcold,nsga2
0,583,583,train,2.6373941898345947,0.240234375,0.61328125,8,64,512,306.6824999987148,55.4070799900859,2.3457429452771343,20.00112530740636,37.474199998541735,6.484152008979603,13.001510490795575,19.485662499775177,0.007700000423938036,0.0,11.910149771675748,7.5678127276754905,0,26.085524653375636,1669.4735778160407,2097152.0,2,0.0,0.0,1.0,0.0,0.0,48.584807385382035,0.006700021913275123,0.0,32.04562781260948,16.53247955085927,0,1,0,0.0,0.0,24.292403692691018,0,0,2097152,8,4,0.0,2,0.0,0,0,1.0,0.0,4,0,0,0.0,0.0,0.0,584.0,4,0.0,1.0,0.0,0.0,1.0,0.0,256,1024,0,0.0,311.01579297107753,193.51980005740188,0.0,103.64206348774613,13.853929425929557,0,4325.053974991745,0,4018.3714749930305,1.108141599801718e-06,9.382971781108539e-07,9.045214379581631e-07,3.242076004489801e-08,7.800906294477344e-08,5.333252451625494e-07,3.594715284022956e-06,no_hotcold,nsga2
0,584,584,train,2.5748390555381775,0.2578125,0.650390625,8,64,512,85.14709999144543,17.48204617920964,2.4523552740466714,19.933836619560775,60.64980001247022,5.773520750544362,16.256557638142947,22.030078388687308,0.006599992047995329,0.0,12.113068212503807,9.910410184135507,0,93.95394613389772,6013.052552569454,2097152.0,2,0.0,0.0,1.0,0.0,0.0,49.65362981259079,0.007100024959072471,0.0,32.15878910595689,17.48774068167483,0,1,0,0.0,0.0,24.826814906295397,0,0,2097152,8,4,0.0,2,0.0,0,0,1.0,0.0,4,4,0,1.0,0.0,0.0,585.0,0,0.0,1.0,0.0,0.0,1.0,0.0,256,1024,0,0.0,159.47295229126837,42.21189999952912,0.0,102.63860369640615,14.622448595333072,0,4325.053974991745,0,4239.9068750003,3.496409235841928e-07,9.809421096186688e-07,9.001591156012789e-07,2.886760375272181e-08,9.753934582885766e-08,5.492830064791086e-07,2.9064321048648285e-06,no_hotcold,nsga2
0,585,585,train,2.851077139377594,0.23046875,0.619140625,8,64,512,341.5875000064261,61.34369379639925,2.135110788040825,18.931410248299834,43.38260000804439,6.662643351301755,13.217675110375911,19.880318461677668,0.007599999662488699,0.0,12.297278233892534,7.575440228122641,0,23.419992183137023,1498.8794997207694,2097152.0,2,0.0,0.0,1.0,0.0,0.0,53.350066041223315,0.006700007361359894,0.0,34.36281409639145,18.9805519374705,0,1,0,0.0,0.0,26.675033020611657,0,0,2097152,8,4,0.0,2,0.0,0,0,1.0,0.0,4,0,0,0.0,0.0,0.0,586.0,4,0.0,1.0,0.0,0.0,1.0,0.0,256,1024,0,0.0,329.6408593309596,217.9914999869652,0.0,99.70004857323563,11.949310770758789,0,4325.053974991745,0,3983.466474985319,1.226873875927985e-06,8.5404431521633e-07,8.540826985297578e-07,3.331321675650878e-08,7.930605066225545e-08,5.863088101341857e-07,3.6339289672270232e-06,no_hotcold,nsga2
0,586,586,train,2.571720063686371,0.28125,0.64453125,8,64,512,2972.079400002258,194.15383841406023,43.219710851966525,201.47487686670456,49.31129999749828,6.615476666835643,339.14585081511717,345.76132748195283,0.006900008884258568,0.0,12.289661801846814,333.4647656712217,0,2.6917172227218087,172.26990225419576,2097152.0,2,0.0,0.0,1.0,0.0,0.0,49.66407449441782,0.006599992047995329,0.0,31.775594885566147,17.881879616803673,0,1,0,0.0,0.0,24.83203724720891,0,0,2097152,8,4,0.0,2,0.0,0,0,1.0,0.0,4,4,0,1.0,0.0,0.0,587.0,0,0.0,1.0,0.0,0.0,1.0,0.0,256,1024,0,0.0,1755.393704530925,748.5016000136966,0.0,101.76313635950473,905.1289681577239,0,4445.933568996765,0,1473.8541689945068,3.883076768281205e-06,1.7287884340786607e-05,9.607561750779626e-06,3.307738333417821e-08,2.0348751048907027e-06,5.492371862454835e-07,3.3395712534317804e-05,no_hotcold,nsga2
0,587,587,train,2.551473557949066,0.251953125,0.640625,8,64,512,102.01170000073034,20.316719538362577,2.2434207911929094,19.886570918070646,49.70599999069236,6.609745019178408,14.552243926674883,21.16198894585329,0.006900008884258568,0.0,13.080372027141337,8.074716909827695,0,78.42160828938677,5018.982930520753,2097152.0,2,0.0,0.0,1.0,0.0,0.0,53.04443520973467,0.00689999433234334,0.0,34.67489876761162,18.362636447790706,0,1,0,0.0,0.0,26.522217604867336,0,0,2097152,8,4,0.0,2,0.0,0,0,1.0,0.0,4,0,0,0.0,0.0,0.0,588.0,4,0.0,1.0,0.0,0.0,1.0,0.0,256,1024,0,0.0,169.78684499050453,52.274000001489185,0.0,104.08344186211212,13.429403126903221,0,4445.933568996765,0,4343.921868996034,4.063343907672516e-07,8.973683164771636e-07,8.991928391245926e-07,3.3048725095892046e-08,8.73134635600493e-08,5.836963981715451e-07,2.906954133196494e-06,no_hotcold,nsga2
0,588,588,train,2.628229022026062,0.251953125,0.63671875,8,64,512,339.10509999259375,60.67288829611667,2.258100325941732,20.256140264462957,35.451899995678104,7.011361295459977,12.699491140319983,19.710852435779962,0.008700008038431406,0.0,11.801889420729221,7.900263007012309,0,23.5914364270496,1509.8519313311745,2097152.0,2,0.0,0.0,1.0,0.0,0.0,51.963423061916416,0.007399998139590025,0.0,33.55064380886613,18.4053792549107,0,1,0,0.0,0.0,25.981711530958208,0,0,2097152,8,4,0.0,2,0.0,0,0,1.0,0.0,4,4,0,1.0,0.0,0.0,589.0,0,0.0,1.0,0.0,0.0,1.0,0.0,256,1024,0,0.0,332.7485155460854,214.96470001875423,0.0,103.32769154763805,14.456123979693146,0,4445.933568996765,0,4106.828469004171,1.2134577659223332e-06,9.032401303766928e-07,9.164592688115322e-07,3.505680647729989e-08,7.619694684191989e-08,5.700658737177438e-07,3.7144767921475212e-06,no_hotcold,nsga2
0,589,589,train,2.52336984872818,0.275390625,0.638671875,8,64,512,359.49560000153724,60.58462630249856,2.3325808273019644,19.225728312739587,35.85620000376366,6.333474387186057,13.664337559594513,19.99781194678057,0.007999988156370819,0.0,11.597733445849641,8.392078512774557,0,22.253339808960064,1424.213747773444,2097152.0,2,0.0,0.0,1.0,0.0,0.0,52.28692845691476,0.007700000423938036,0.0,34.49455034670438,17.784678109786437,0,1,0,0.0,0.0,26.14346422845738,0,0,2097152,8,4,0.0,2,0.0,0,0,1.0,0.0,4,0,0,0.0,0.0,0.0,590.0,4,0.0,1.0,0.0,0.0,1.0,0.0,256,1024,0,0.0,328.5717417701605,216.18600003421307,0.0,99.5286938081551,12.857047927792287,0,3148.407745997464,0,2788.912145995927,1.2116925260499715e-06,9.330323309207858e-07,8.677285316869756e-07,3.166737193593029e-08,8.198602535756707e-08,5.775896968525215e-07,3.7036964828037516e-06,no_hotcold,nsga2
0,590,590,train,2.573591113090515,0.25,0.646484375,8,64,512,303.1691999931354,50.27863807019063,2.1139686197599077,18.994623505229942,37.21560000849422,6.289477484234239,13.708864208791951,19.99834169302619,0.007399998139590025,0.0,12.340586658365666,7.650355036520934,0,26.38781780063193,1688.8203392404434,2097152.0,2,0.0,0.0,1.0,0.0,0.0,48.28531467356686,0.006799993570894003,0.0,30.11879228337002,18.159722396625945,0,1,0,0.0,0.0,24.14265733678343,0,0,2097152,8,4,0.0,2,0.0,0,0,1.0,0.0,4,4,0,1.0,0.0,0.0,591.0,0,0.0,1.0,0.0,0.0,1.0,0.0,256,1024,0,0.0,285.54892078072197,172.749700024724,0.0,99.20115095061308,13.598069805384846,0,3148.407745997464,0,2845.238546004329,1.0055727614038127e-06,8.45587447903963e-07,8.578104594562198e-07,3.14473874211712e-08,8.225318525275169e-08,5.304261146457314e-07,3.35309735608365e-06,no_hotcold,nsga2
0,591,591,train,2.581129014492035,0.279296875,0.63671875,8,64,512,340.03399999346584,60.26210185740303,2.170287309930141,19.94677669675211,34.95999998995103,6.50529661240939,13.152563819189414,19.657860431598806,0.007800015737302601,0.0,11.916622738267897,7.733437677593604,0,23.52698986914209,1505.7273516250937,2097152.0,2,0.0,0.0,1.0,0.0,0.0,52.954340864561246,0.007499998901039362,0.0,35.19006594942156,17.75677491623865,0,1,0,0.0,0.0,26.477170432280623,0,0,2097152,8,4,0.0,2,0.0,0,0,1.0,0.0,4,0,0,0.0,0.0,0.0,592.0,4,0.0,1.0,0.0,0.0,1.0,0.0,256,1024,0,0.0,329.5166634563411,214.14989996992517,0.0,101.70783516616,13.658928320255947,0,3148.407745997464,0,2808.3737460039983,1.2052420371480608e-06,8.681149239720564e-07,9.027934310707048e-07,3.252648306204695e-08,7.891538291513647e-08,5.846220515705226e-07,3.6722143097385283e-06,no_hotcold,nsga2
0,592,592,train,2.4544014930725098,0.310546875,0.669921875,8,64,512,290.2911999990465,49.38859677498269,2.4750323630909454,19.474712780366396,39.275199989788234,5.656338225058117,15.807617431284541,21.46395565634266,0.008099988917820156,0.0,11.582174742494438,9.873680924930401,0,27.558439393226127,1763.7401211664721,2097152.0,2,0.0,0.0,1.0,0.0,0.0,53.29970342070623,0.006900008884258568,0.0,36.15855651653547,17.1342468952865,0,1,0,0.0,0.0,26.649851710353115,0,0,2097152,8,4,0.0,2,0.0,0,0,1.0,0.0,4,4,0,1.0,0.0,0.0,593.0,0,0.0,1.0,0.0,0.0,1.0,0.0,256,1024,0,0.0,285.3533676737601,170.09960001450963,0.0,101.70452042098428,13.549247238266211,0,3148.407745997464,0,2858.1165459984177,9.877719354996538e-07,9.900129452363782e-07,8.761285904697212e-07,2.8281691125290585e-08,9.484570458770725e-08,5.875728379736978e-07,3.5646137048924486e-06,no_hotcold,nsga2
0,593,593,train,2.633561849594116,0.2265625,0.619140625,8,64,512,465.65490000648424,84.36927806741795,2.3593665267550787,18.265997467507646,43.598499993095174,6.182066131995414,14.361931981555076,20.54399811355049,0.007799986633472145,0.0,11.891073606615057,8.64512452030196,0,17.180067942634466,1099.5243483286058,2097152.0,2,0.0,0.0,1.0,0.0,0.0,49.87874937380999,0.006699992809444666,0.0,31.864665653788713,18.00738372721183,0,1,0,0.0,0.0,24.939374686904994,0,0,2097152,8,4,0.0,2,0.0,0,0,1.0,0.0,4,0,0,0.0,0.0,0.0,594.0,4,0.0,1.0,0.0,0.0,1.0,0.0,256,1024,0,0.0,419.97856824672266,309.8047999665141,0.0,97.8638955110191,12.309872769189461,0,3148.407745997464,0,2682.75284599098,1.687385561348359e-06,9.437466107020314e-07,8.224455668595497e-07,3.091033065997707e-08,8.617159188933045e-08,5.483435932175461e-07,4.119003254676794e-06,no_hotcold,nsga2
0,594,594,train,2.597396731376648,0.26171875,0.62109375,8,64,512,349.04180000012275,61.57051498031319,2.246373812825093,18.706255452263207,37.31540001172107,6.174356521075866,12.76455379871708,18.938910319792946,0.006999995093792677,0.0,11.703720640589609,7.2281896841095445,0,22.919825305083467,1466.868819525342,2097152.0,2,0.0,0.0,1.0,0.0,0.0,49.08600603952331,0.007299997378140688,0.0,32.47616469663832,16.602541345506854,0,1,0,0.0,0.0,24.543003019761656,0,0,2097152,8,4,0.0,2,0.0,0,0,1.0,0.0,4,4,0,1.0,0.0,0.0,595.0,0,0.0,1.0,0.0,0.0,1.0,0.0,256,1024,0,0.0,330.09257698160593,219.80320004513487,0.0,98.53395837478227,11.755418561688806,0,3148.407745997464,0,2799.3659459973414,1.2314102996062638e-06,8.985495251300374e-07,8.442122532709907e-07,3.0871782605379334e-08,7.658732279230247e-08,5.388800446845728e-07,3.6205112280895466e-06,no_hotcold,nsga2
0,595,595,train,2.6590559482574463,0.240234375,0.5859375,8,64,512,388.6123999982374,64.91728322190272,2.099882654850584,19.567356178347495,37.13909999351017,5.780243431150078,13.213778703571595,18.994022134721675,0.007199996616691351,0.0,11.980834741635146,7.005987396469836,0,20.586011702211724,1317.5047489415504,2097152.0,2,0.0,0.0,1.0,0.0,0.0,50.401608049879016,0.008000002708286047,0.0,32.162145028653896,18.231463018516834,0,1,0,0.0,0.0,25.200804024939508,0,0,2097152,8,4,0.0,2,0.0,0,0,1.0,0.0,4,0,0,0.0,0.0,0.0,596.0,4,0.0,1.0,0.0,0.0,1.0,0.0,256,1024,0,0.0,346.33808822040316,230.76760000549257,0.0,103.55395581532026,12.016532399590368,0,3148.407745997464,0,2759.795345999227,1.2983456644380545e-06,8.399530619402336e-07,8.840960386480456e-07,2.8901217155750388e-08,7.928267222142956e-08,5.536529241781927e-07,3.6842315785817065e-06,no_hotcold,nsga2
0,596,596,train,2.489715814590454,0.265625,0.64453125,8,64,512,785.0633999914862,96.94187135203497,2.901866101228654,19.53874299301131,212.3111999972025,9.587567481836606,20.12394370939485,29.71151119123146,0.009099996532313526,0.0,11.697910730482965,18.00450046421618,0,10.19024681298344,652.1757960309402,2097152.0,2,0.0,0.0,1.0,0.0,0.0,53.59952770227197,0.009499999578110874,0.0,35.17000598454871,18.420021718145158,0,1,0,0.0,0.0,26.799763851135985,0,0,2097152,8,4,0.0,2,0.0,0,0,1.0,0.0,4,4,0,1.0,0.0,0.0,597.0,0,0.0,1.0,0.0,0.0,1.0,0.0,256,1024,0,0.0,477.5299217850997,352.59960002440494,0.0,98.76478756834797,26.165534192346833,0,3148.407745997464,0,2363.344346005978,1.9388374270406994e-06,1.1607464404914617e-06,8.80189988010167e-07,4.793783740918303e-08,1.2074366225636908e-07,5.902234244622663e-07,4.738678779670147e-06,no_hotcold,nsga2
0,597,597,train,2.5987221002578735,0.275390625,0.6171875,8,64,512,4323.790599999484,869.3816625052848,2.75982892119526,256.31994521693844,37.69450000254437,6.074296334294253,16.99841294619975,23.072709280494003,0.007199996616691351,0.0,10.679595209972192,12.385914073905118,0,1.8502279342050054,118.41458778912035,2097152.0,2,0.0,0.0,1.0,0.0,0.0,52.57782564833226,0.006999995093792677,0.0,35.01360916351486,17.557216489723608,0,1,0,0.0,0.0,26.28891282416613,0,0,2097152,8,4,0.0,2,0.0,0,0,1.0,0.0,4,0,0,0.0,0.0,0.0,598.0,4,0.0,1.0,0.0,0.0,1.0,0.0,256,1024,0,0.0,4513.845746573674,3449.6055000199703,0.0,98.6116337434469,965.6286128102566,0,4087.0726160008016,1,-236.71798399868203,1.7387633250105695e-05,1.1039315684781038e-06,1.0359646595384106e-05,3.0371481671471266e-08,1.019904776771985e-07,5.781207992282571e-07,2.9561694172544835e-05,no_hotcold,nsga2
0,598,598,train,2.5515689849853516,0.2734375,0.623046875,8,64,512,355.13609999907203,60.2363534760381,2.239108947828023,19.402760649953034,35.231100002420135,5.493358008481196,14.27626105797825,19.769619066459445,0.007199996616691351,0.0,11.484823225340598,8.277595844502155,0,22.52651159234252,1441.6967419099212,2097152.0,2,0.0,0.0,1.0,0.0,0.0,51.77382087536904,0.007799986633472145,0.0,34.17811213128825,17.58790875744732,0,1,0,0.0,0.0,25.88691043768452,0,0,2097152,8,4,0.0,2,0.0,0,0,1.0,0.0,4,4,0,1.0,0.0,0.0,599.0,0,0.0,1.0,0.0,0.0,1.0,0.0,256,1024,0,0.0,327.51289229527663,214.12809999310412,0.0,100.2561556971886,13.128636604983917,0,3148.407745997464,0,2793.271645998392,1.2047270695207621e-06,8.956435791312094e-07,8.783364463177859e-07,2.7466790042405983e-08,8.565756634786948e-08,5.722817876587986e-07,3.6641132390188317e-06,no_hotcold,nsga2
0,599,599,train,2.49341356754303,0.24609375,0.65625,8,64,512,325.97759999043774,63.220261860543594,2.2442562823472962,18.919342722752056,40.90369999175891,5.9283508374159535,13.82123287569937,19.74958371311532,0.007200011168606579,0.0,12.380588905238266,7.361794796708451,0,24.541488307007494,1570.6552516484796,2097152.0,2,0.0,0.0,1.0,0.0,0.0,49.71353035680566,0.007000009645707905,0.0,32.49917720088034,17.207353146279615,0,1,0,0.0,0.0,24.85676517840283,0,0,2097152,8,4,0.0,2,0.0,0,0,1.0,0.0,4,0,0,0.0,0.0,0.0,600.0,4,0.0,1.0,0.0,0.0,1.0,0.0,256,1024,0,0.0,337.53544346257183,223.77579999738373,0.0,100.39558994018645,13.364053525001616,0,3148.407745997464,0,2822.4301460070265,1.2644052372108722e-06,8.977025129389186e-07,8.551011832052953e-07,2.964175418707977e-08,8.292739725419621e-08,5.458807625885939e-07,3.6756588473849554e-06,no_hotcold,nsga2
0,600,600,val,2.505442798137665,0.25390625,0.6484375,8,64,512,403.3614999934798,72.68627521511797,2.2791752800858314,70.17295162308278,0.0,0.0,0.0,0.0,0.0,0.0,0.0,0.0,0,19.83327651958057,1269.3296972531564,0.0,0,0.0,0.0,0.0,0.0,0.0,0.0,0.0,0.0,0.0,0.0,0,0,0,0.0,0.0,0.0,0,0,0,8,4,0.0,2,0.0,0,0,1.0,0.0,0,0,0,0.0,0.0,0.0,0.0,0,0.0,1.0,0.0,0.0,1.0,0.0,256,1024,0,0.0,580.5536084731464,261.7679000250064,210.0,92.98044103880935,15.805267409330657,0,3148.407745997464,0,2745.0462460039844,1.4537255043023598e-06,9.116701120343327e-07,2.806918064923312e-06,0.0,0.0,0.0,5.172313681260005e-06,no_hotcold,nsga2
0,600,600,train,2.6060180068016052,0.2578125,0.61328125,8,64,512,1909.3288000003668,450.11717197308906,77.181048215477,119.72343394200747,39.66789999685716,5.89307055823965,232.7193290467015,238.61239960494115,0.00650000583846122,220.0,11.17261617065263,7.433283428450044,0,4.189951887829156,268.15692082106597,2097152.0,2,0.0,0.0,1.0,0.0,0.0,51.90488639800168,0.009199997293762863,0.0,30.796082492355758,21.099603908352154,0,1,0,0.0,0.0,25.95244319900084,0,0,2097152,8,4,0.0,2,0.0,0,0,1.0,0.0,4,4,0,1.0,0.0,0.0,601.0,0,0.0,1.0,0.0,0.0,1.0,0.0,256,1024,0,0.0,2588.0866165222938,1571.9608999788761,910.0,90.54565594029229,15.580060603125713,0,3148.407745997464,0,1239.0789459970974,9.002343439461782e-06,3.087241928619081e-05,4.7889373576802995e-06,2.9465352791198252e-08,1.3963159742802087e-06,5.190488639800168e-07,4.660853027438431e-05,no_hotcold,nsga2
0,601,601,train,2.643250524997711,0.255859375,0.625,8,64,512,102.16680000303313,19.898020098135433,2.271355228178506,16.614224263677137,57.43600000278093,6.130958038849732,12.77741326313546,18.90837130198519,0.006799993570894003,0.0,12.121724922739755,6.779846385674542,0,78.30255716343602,5011.363658459905,2097152.0,2,0.0,0.0,1.0,0.0,0.0,50.574360707613806,0.006399990525096655,0.0,30.420143164679466,20.147817552409244,0,1,0,0.0,0.0,25.287180353806903,0,0,2097152,8,4,0.0,2,0.0,0,0,1.0,0.0,4,0,0,0.0,0.0,0.0,602.0,4,0.0,1.0,0.0,0.0,1.0,0.0,256,1024,0,0.0,155.1343983599643,52.624899966758676,0.0,89.87554502074639,12.63395337245925,0,3148.407745997464,0,3046.240945994431,3.979604019627087e-07,9.085420912714022e-07,6.645689705470855e-07,3.065479019424866e-08,7.666447957881275e-08,5.057436070761381e-07,2.584134340630396e-06,no_hotcold,nsga2
0,602,602,train,2.733589470386505,0.220703125,0.591796875,8,64,512,339.24439999100287,60.67818767154615,2.370586339153066,17.653583309551337,37.26470000401605,6.129292609972108,14.1782295970898,20.307522207061908,0.006700007361359894,0.0,11.921594833759674,8.379227365940874,0,23.5817493773303,1509.2319601491392,2097152.0,2,0.0,0.0,1.0,0.0,0.0,49.96104867168755,0.007300011930055916,0.0,30.183804059870297,19.769944599887197,0,1,0,0.0,0.0,24.980524335843775,0,0,2097152,8,4,0.0,2,0.0,0,0,1.0,0.0,4,4,0,1.0,0.0,0.0,603.0,0,0.0,1.0,0.0,0.0,1.0,0.0,256,1024,0,0.0,322.80942928100217,214.66529996541794,0.0,92.12726618337354,16.016863132210748,0,3148.407745997464,0,2809.1633460064613,1.2135637534309232e-06,9.482345356612264e-07,7.061433323820535e-07,3.064646304986054e-08,8.506937758253879e-08,4.996104867168755e-07,3.483267948823478e-06,no_hotcold,nsga2
0,603,603,train,2.6617314219474792,0.2109375,0.625,8,64,512,336.7778999963775,47.4553687934909,3.1704048600048194,19.56530475932206,95.63290000369307,6.941972337395434,21.9572609794027,28.899233316798135,0.007400012691505253,0.0,12.26925211161816,16.62258119248847,0,23.754457301470048,1520.285267294083,2097152.0,2,0.0,0.0,1.0,0.0,0.0,50.88462485419903,0.009499999578110874,0.0,30.855451960851703,20.01967289376922,0,1,0,0.0,0.0,25.442312427099516,0,0,2097152,8,4,0.0,2,0.0,0,0,1.0,0.0,4,0,0,0.0,0.0,0.0,604.0,4,0.0,1.0,0.0,0.0,1.0,0.0,256,1024,0,0.0,280.7643136512711,161.60930000478402,0.0,90.26147031895482,28.89354332753227,0,3148.407745997464,0,2811.6298460010867,9.49107375869818e-07,1.2681619440019279e-06,7.826121903728824e-07,3.4709861686977175e-08,1.3174356587641618e-07,5.088462485419903e-07,3.675181186350012e-06,no_hotcold,nsga2
0,604,604,train,2.6130728721618652,0.263671875,0.63671875,8,64,512,349.53910000331234,63.79559930483873,2.5480933268882477,18.223543467089353,36.55089999665506,6.027616752396378,14.705966249268425,20.733583001664805,0.007000009645707905,0.0,10.763153700281833,9.963429291737262,0,22.887216659616996,1464.7818662154878,2097152.0,2,0.0,0.0,1.0,0.0,0.0,50.81377047043941,0.006800008122809231,0.0,32.122181480832445,18.684788981484157,0,1,0,0.0,0.0,25.406885235219704,0,0,2097152,8,4,0.0,2,0.0,0,0,1.0,0.0,4,4,0,1.0,0.0,0.0,605.0,0,0.0,1.0,0.0,0.0,1.0,0.0,256,1024,0,0.0,338.2689443952653,226.8317999696592,0.0,92.69541367901431,18.74173074659181,0,3148.407745997464,0,2798.868645994152,1.2759119860967748e-06,1.019237330755299e-06,7.289417386835741e-07,3.013808376198189e-08,8.823579749561053e-08,5.081377047043941e-07,3.6506026414976344e-06,no_hotcold,nsga2
0,605,605,train,2.6121299862861633,0.2734375,0.61328125,8,64,512,188.90409999585245,34.499923411336425,2.581902815889385,17.738799205224787,38.62370000570081,5.921572912882255,16.431720264058693,22.353293176940948,0.008499991963617504,0.0,12.069885482087406,10.274907702889926,0,42.34930661043903,2710.355623068098,2097152.0,2,0.0,0.0,1.0,0.0,0.0,50.582907639234946,0.006100002792663872,0.0,31.0308804166618,19.54592721978048,0,1,0,0.0,0.0,25.291453819617473,0,0,2097152,8,4,0.0,2,0.0,0,0,1.0,0.0,4,0,0,0.0,0.0,0.0,606.0,4,0.0,1.0,0.0,0.0,1.0,0.0,256,1024,0,0.0,219.2825017298024,109.47019998275209,0.0,92.78527203699387,17.02702971005644,0,2743.2257930015444,0,2554.321693005692,6.899984682267287e-07,1.032761126355754e-06,7.095519682089914e-07,2.9607864564411278e-08,9.859032158435215e-08,5.058290763923496e-07,3.066338825332587e-06,no_hotcold,nsga2
0,606,606,train,2.6424484252929688,0.23046875,0.595703125,8,64,512,261.5552000061143,48.50137209160826,2.2759575252443787,17.05821899196337,41.816900004050694,6.557862363596253,13.901204686362547,20.4590670499588,0.00820001878309995,0.0,13.027561195652877,7.4233058355228225,0,30.586160832023815,1957.5142932495241,2097152.0,2,0.0,0.0,1.0,0.0,0.0,54.477106126696135,0.007000009645707905,0.0,33.1586328953663,21.311473221684125,0,1,0,0.0,0.0,27.238553063348068,0,0,2097152,8,4,0.0,2,0.0,0,0,1.0,0.0,4,4,0,1.0,0.0,0.0,607.0,0,0.0,1.0,0.0,0.0,1.0,0.0,256,1024,0,0.0,271.34219443526405,166.0890000348445,0.0,90.67969487386716,14.573499526552396,0,2743.2257930015444,0,2481.67059299543,9.700274418321653e-07,9.103830100977515e-07,6.823287596785348e-07,3.2789311817981266e-08,8.340722811817528e-08,5.447710612669613e-07,3.2237068128115697e-06,no_hotcold,nsga2
0,607,607,train,2.5404356122016907,0.271484375,0.646484375,8,64,512,356.4994000043953,62.080364760407384,2.3510474946952886,17.01032942251677,39.83270000026096,6.429404442151599,15.161758422192522,21.59116286434412,0.007099995855242014,0.0,12.506815529494336,9.077247338994543,0,22.440367528062716,1436.1835217960138,2097152.0,2,0.0,0.0,1.0,0.0,0.0,51.593572379627695,0.006600006599910557,0.0,30.11915413585934,21.46781823716845,0,1,0,0.0,0.0,25.796786189813847,0,0,2097152,8,4,0.0,2,0.0,0,0,1.0,0.0,4,0,0,0.0,0.0,0.0,608.0,4,0.0,1.0,0.0,0.0,1.0,0.0,256,1024,0,0.0,325.7669667104778,221.02169998106547,0.0,88.06864279848389,16.676623930928415,0,2743.2257930015444,0,2386.726392997149,1.2416072952081478e-06,9.404189978781154e-07,6.804131769006708e-07,3.2147022210757994e-08,9.097055053315512e-08,5.159357237962769e-07,3.5014927665271244e-06,no_hotcold,nsga2
0,608,608,train,2.5078970193862915,0.25,0.658203125,8,64,512,333.7271000054898,57.95990294757665,2.2587073165493132,17.054613739524846,37.774299999000505,6.008813828376679,12.357027826173642,18.365841654550323,0.007300011930055916,0.0,11.152345999726911,7.206195642893355,0,23.97161042138316,1534.1830669685223,2097152.0,2,0.0,0.0,1.0,0.0,0.0,48.80731561129817,0.006300004315562546,0.0,30.313899171466048,18.487116435516562,0,1,0,0.0,0.0,24.403657805649086,0,0,2097152,8,4,0.0,2,0.0,0,0,1.0,0.0,4,4,0,1.0,0.0,0.0,609.0,0,0.0,1.0,0.0,0.0,1.0,0.0,256,1024,0,0.0,309.09289601460324,204.976400025771,0.0,90.77454220001876,13.34195378881346,0,2743.2257930015444,0,2409.4986929960546,1.159198058951533e-06,9.034829266197252e-07,6.821845495809941e-07,3.00440691418834e-08,7.414216695704184e-08,4.880731561129818e-07,3.337124927364159e-06,no_hotcold,nsga2
0,609,609,train,2.5081929564476013,0.251953125,0.6484375,8,64,512,68.744100004551,16.092362023174985,2.1735807081701912,17.232709667867425,58.69869999878574,5.506557600410697,13.601328012141156,19.107885612551854,0.007100010407157242,0.0,11.707488783109984,7.393296819034712,0,116.37193050079775,7447.803552051056,2097152.0,2,0.0,0.0,1.0,0.0,0.0,50.81054144296206,0.006199989002197981,0.0,31.72178010480978,19.082561349150083,0,1,0,0.0,0.0,25.40527072148103,0,0,2097152,8,4,0.0,2,0.0,0,0,1.0,0.0,4,0,0,0.0,0.0,0.0,610.0,4,0.0,1.0,0.0,0.0,1.0,0.0,256,1024,0,0.0,141.9946095968504,38.171099993633106,0.0,89.7147567004287,14.108752902788599,0,2743.2257930015444,0,2674.4816929969934,3.218472404634998e-07,8.694322832680766e-07,6.89308386714697e-07,2.753278800205349e-08,8.160796807284693e-08,5.081054144296206e-07,2.4978340809507945e-06,no_hotcold,nsga2
0,610,610,train,2.5280994176864624,0.3125,0.6484375,8,64,512,322.7962000091793,58.508566948087406,2.0720383501095574,17.201813087033443,36.939500001608394,6.6870400972490405,12.410107097123513,19.097147194372553,0.007199996616691351,0.0,12.093799778348599,6.996147419407263,0,24.783362432426635,1586.1351956753047,2097152.0,2,0.0,0.0,1.0,0.0,0.0,50.69395662502069,0.006200003554113209,0.0,30.53523779835201,20.152518823114566,0,1,0,0.0,0.0,25.346978312510345,0,0,2097152,8,4,0.0,2,0.0,0,0,1.0,0.0,4,4,0,1.0,0.0,0.0,611.0,0,0.0,1.0,0.0,0.0,1.0,0.0,256,1024,0,0.0,311.1296735409216,206.0164000140503,0.0,91.58705161201232,13.526221914859011,0,2743.2257930015444,0,2420.429592992365,1.1701713389617481e-06,8.288153400438229e-07,6.880725234813377e-07,3.3435200486245205e-08,7.446064258274107e-08,5.069395662502069e-07,3.3018946118061023e-06,no_hotcold,nsga2
0,611,611,train,2.491541624069214,0.28515625,0.658203125,8,64,512,365.651500003878,59.67393527690166,2.384356498563284,17.608525973906502,38.94970001420006,6.382536227102343,14.515024378305196,20.897560605407538,0.00750001345295459,0.0,11.725108547446705,9.16495204450788,0,21.878696302951994,1400.2365633889276,2097152.0,2,0.0,0.0,1.0,0.0,0.0,50.2501165985026,0.007099995855242014,0.0,28.92803711350443,21.314979489142928,0,1,0,0.0,0.0,25.1250582992513,0,0,2097152,8,4,0.0,2,0.0,0,0,1.0,0.0,4,0,0,0.0,0.0,0.0,612.0,4,0.0,1.0,0.0,0.0,1.0,0.0,256,1024,0,0.0,318.66727099748573,211.07990003656596,0.0,91.77618176434447,15.81118919657536,0,2743.2257930015444,0,2377.5742929976664,1.1934787055380335e-06,9.537425994253136e-07,7.043410389562601e-07,3.1912681135511716e-08,8.709014626983117e-08,5.02501165985026e-07,3.473066337309976e-06,no_hotcold,nsga2
0,612,612,train,2.5160654187202454,0.27734375,0.66015625,8,64,512,285.67099999054335,50.854725020068955,2.297400370645401,17.43745873538444,37.98619999724906,5.836591895266044,14.229262917073617,20.065854812339662,0.007399998139590025,0.0,11.022801509387126,9.035653304812945,0,28.004144614329814,1792.265255317108,2097152.0,2,0.0,0.0,1.0,0.0,0.0,52.68523482040906,0.006599992047995329,0.0,32.56468913818678,20.11394569017428,0,1,0,0.0,0.0,26.34261741020453,0,0,2097152,8,4,0.0,2,0.0,0,0,1.0,0.0,4,4,0,1.0,0.0,0.0,613.0,0,0.0,1.0,0.0,0.0,1.0,0.0,256,1024,0,0.0,282.3583365043952,175.15129996172618,0.0,91.47523553894217,15.731801003726828,0,2743.2257930015444,0,2457.554793011001,1.0170945004013792e-06,9.189601482581606e-07,6.974983494153777e-07,2.9182959476330223e-08,8.53755775024417e-08,5.268523482040906e-07,3.2749638832577796e-06,no_hotcold,nsga2
0,613,613,train,2.5109188556671143,0.28515625,0.65234375,8,64,512,326.3662999961525,60.691706882747106,2.3288708156677504,16.53068866215967,35.61029999400489,5.962931856916845,13.675702849692364,19.63863470660921,0.007000009645707905,0.0,11.516297295326709,8.115337401636792,0,24.51225965375303,1568.784617840194,2097152.0,2,0.0,0.0,1.0,0.0,0.0,50.59891581084483,0.006800008122809231,0.0,28.960594508029786,21.63152129469224,0,1,0,0.0,0.0,25.299457905422415,0,0,2097152,8,4,0.0,2,0.0,0,0,1.0,0.0,4,0,0,0.0,0.0,0.0,614.0,4,0.0,1.0,0.0,0.0,1.0,0.0,256,1024,0,0.0,318.2050654422981,215.71340002992656,0.0,87.60841961309683,14.883245799274716,0,2743.2257930015444,0,2416.859493005392,1.2138341376549422e-06,9.315483262671003e-07,6.61227546486387e-07,2.981465928458423e-08,8.205421709815417e-08,5.059891581084483e-07,3.4244680448996156e-06,no_hotcold,nsga2
0,614,614,train,2.5809516310691833,0.251953125,0.6328125,8,64,512,358.35330000554677,58.50421451295195,2.5688434815984276,18.372025910668754,52.968999996664934,6.445279317232009,17.256501127925382,23.70178044515739,0.007899987394921482,0.0,11.866465302752196,11.827415155010275,0,22.324275165321506,1428.7536105805764,2097152.0,2,0.0,0.0,1.0,0.0,0.0,51.64169497759639,0.008200004231184721,0.0,32.93848458333874,18.695010390026457,0,1,0,0.0,0.0,25.820847488798194,0,0,2097152,8,4,0.0,2,0.0,0,0,1.0,0.0,4,4,0,1.0,0.0,0.0,615.0,0,0.0,1.0,0.0,0.0,1.0,0.0,256,1024,0,0.0,317.7803356208765,205.8167999930447,0.0,89.41676328410476,22.54677234372705,0,2743.2257930015444,0,2384.8724929959976,1.170084290259039e-06,1.0275373926393712e-06,7.348810364267502e-07,3.222639658616005e-08,1.0353900676755228e-07,5.164169497759638e-07,3.584685072454836e-06,no_hotcold,nsga2
0,615,615,train,2.5034332871437073,0.3046875,0.642578125,8,64,512,351.7030000075465,56.88261294069829,3.565204023343025,30.014415358825705,81.19460000307299,6.732742037517706,24.276652855309624,31.00939489282733,0.00829999044071883,0.0,12.499867959348132,18.501226943038482,0,22.74640038165146,1455.7696244256933,2097152.0,2,0.0,0.0,1.0,0.0,0.0,49.88118341906363,0.0109999964479357,0.0,28.435628250001372,21.434555172614317,0,1,0,0.0,0.0,24.940591709531816,0,0,2097152,8,4,0.0,2,0.0,0,0,1.0,0.0,4,0,0,0.0,0.0,0.0,616.0,4,0.0,1.0,0.0,0.0,1.0,0.0,256,1024,0,0.0,361.84892929146804,198.9471999986563,0.0,90.80814344802857,72.0935858447832,0,1543.7503069960042,0,1192.0473069884576,1.1376522588139658e-06,1.4260816093372103e-06,1.2005766143530284e-06,3.366371018758853e-08,1.4565991713185774e-07,4.988118341906363e-07,4.442445944014287e-06,no_hotcold,nsga2
0,616,616,train,2.703883647918701,0.25,0.591796875,8,64,512,5411.128299994743,1140.991952922196,2.616520020575151,214.10284976491764,50.90590000327211,7.134443212373178,16.306203927422292,23.44064713979547,0.007099995855242014,0.0,12.70359685212895,10.729950291811276,0,1.4784344554486568,94.61980514871404,2097152.0,2,0.0,0.0,1.0,0.0,0.0,51.32404420177897,0.006800008122809231,0.0,30.422527647364305,20.894716546291853,0,1,0,0.0,0.0,25.662022100889484,0,0,2097152,8,4,0.0,2,0.0,0,0,1.0,0.0,4,4,0,1.0,0.0,0.0,617.0,0,0.0,1.0,0.0,0.0,1.0,0.0,256,1024,0,0.0,5430.845290830755,4535.66470000078,0.0,90.40493445614943,804.7756563738263,0,3561.011068999862,1,-1850.1172309948815,2.2819839058443926e-05,1.0466080082300604e-06,8.564113990596704e-06,3.567221606186589e-08,9.783722356453375e-08,5.132404420177898e-07,3.307731093891488e-05,no_hotcold,nsga2
0,617,617,train,2.4474376440048218,0.28515625,0.65625,8,64,512,472.2445999941556,86.10809663357651,2.2753822868997933,16.76518004624596,36.23340000922326,5.455712367841008,14.506377114715132,19.96208948255614,0.007800001185387373,0.0,11.419579663499276,8.534709817871477,0,16.940337824426543,1084.1816207632987,2097152.0,2,0.0,0.0,1.0,0.0,0.0,50.707835256573915,0.006599992047995329,0.0,31.251842272059598,19.449392992466322,0,1,0,0.0,0.0,25.353917628286958,0,0,2097152,8,4,0.0,2,0.0,0,0,1.0,0.0,4,0,0,0.0,0.0,0.0,618.0,4,0.0,1.0,0.0,0.0,1.0,0.0,256,1024,0,0.0,420.594635866889,316.75139999424573,0.0,89.30525122062542,14.537984652017865,0,3561.011068999862,0,3088.7664690057063,1.7221619326715302e-06,9.101529147599174e-07,6.706072018498383e-07,2.7278561839205044e-08,8.703826268829078e-08,5.070783525657393e-07,3.924317226374521e-06,no_hotcold,nsga2
0,618,618,train,2.5591025352478027,0.265625,0.630859375,8,64,512,292.83059999579564,52.742746136002026,2.309654961756064,16.73927907116181,35.97050000098534,6.623990972871137,15.650209962817803,22.27420093568894,0.007599999662488699,0.0,12.609860584811749,9.656740351214701,0,27.31945596074625,1748.44518148776,2097152.0,2,0.0,0.0,1.0,0.0,0.0,49.13959539839493,0.006300004315562546,0.0,28.335507914704003,20.797787479375366,0,1,0,0.0,0.0,24.569797699197466,0,0,2097152,8,4,0.0,2,0.0,0,0,1.0,0.0,4,4,0,1.0,0.0,0.0,619.0,0,0.0,1.0,0.0,0.0,1.0,0.0,256,1024,0,0.0,287.1667206756796,184.46840000979137,0.0,87.65032865748094,15.047992008407256,0,3561.011068999862,0,3268.1804690040663,1.0548549227200405e-06,9.238619847024257e-07,6.695711628464724e-07,3.3119954864355684e-08,9.390125977690681e-08,4.913959539839494e-07,3.26670523889415e-06,no_hotcold,nsga2
0,619,619,train,2.5332738161087036,0.27734375,0.6640625,8,64,512,351.85079999791924,66.96474891359246,2.2483418772798736,17.343469856654494,38.144699996337295,6.328286841418517,15.138668295976794,21.46695513739531,0.006999995093792677,0.0,12.446855786305617,9.013099355995902,0,22.736845456090634,1455.1581091898006,2097152.0,2,0.0,0.0,1.0,0.0,0.0,47.4326343846553,0.006000002031214535,0.0,27.5582386327125,19.86839574991159,0,1,0,0.0,0.0,23.71631719232765,0,0,2097152,8,4,0.0,2,0.0,0,0,1.0,0.0,4,0,0,0.0,0.0,0.0,620.0,4,0.0,1.0,0.0,0.0,1.0,0.0,256,1024,0,0.0,346.2262425901073,239.82670000987127,0.0,91.53484162570774,14.864700954528304,0,3561.011068999862,0,3209.1602690019427,1.3392949782718493e-06,8.993367509119495e-07,6.937387942661798e-07,3.1641434207092585e-08,9.083200977586076e-08,4.74326343846553e-07,3.529170311279485e-06,no_hotcold,nsga2
0,620,620,train,2.610181510448456,0.2421875,0.646484375,8,64,512,288.31040000659414,51.550584892679524,2.4526761256813625,17.896878277990332,40.50430000643246,5.980067796057439,16.251899274264186,22.231967070321623,0.007399998139590025,0.0,11.632247265723063,10.59231980645897,0,27.74777549488861,1775.857631672871,2097152.0,2,0.0,0.0,1.0,0.0,0.0,51.28194487020397,0.006999995093792677,0.0,30.565807031347436,20.709137843762747,0,1,0,0.0,0.0,25.640972435101986,0,0,2097152,8,4,0.0,2,0.0,0,0,1.0,0.0,4,4,0,1.0,0.0,0.0,621.0,0,0.0,1.0,0.0,0.0,1.0,0.0,256,1024,0,0.0,287.60055718540485,177.2509999864269,0.0,92.74062377706937,17.60893342190858,0,3561.011068999862,0,3272.7006689932678,1.0310116978535906e-06,9.810704502725451e-07,7.158751311196132e-07,2.9900338980287196e-08,9.751139564558512e-08,5.128194487020398e-07,3.368188462573661e-06,no_hotcold,nsga2
0,621,621,train,2.7059922218322754,0.2578125,0.615234375,8,64,512,275.158399992506,48.60924271827228,2.3916388407342386,17.06559431751596,38.863499998115,6.551349554024394,14.642996406055708,21.194345960080103,0.006699992809444666,0.0,11.89041346729553,9.297232499975127,0,29.07405671119315,1860.7396295163617,2097152.0,2,0.0,0.0,1.0,0.0,0.0,52.30802951305911,0.006400005077011883,0.0,31.974736516797172,20.32689299118493,0,1,0,0.0,0.0,26.154014756529556,0,0,2097152,8,4,0.0,2,0.0,0,0,1.0,0.0,4,0,0,0.0,0.0,0.0,622.0,4,0.0,1.0,0.0,0.0,1.0,0.0,256,1024,0,0.0,272.2659035060899,166.05839996191207,0.0,90.692081767121,15.515421777056815,0,3561.011068999862,0,3285.852669007356,9.721848543654457e-07,9.566555362936955e-07,6.826237727006384e-07,3.2756747770121974e-08,8.785797843633424e-08,5.230802951305912e-07,3.2551591846968264e-06,no_hotcold,nsga2
0,622,622,train,2.4500603675842285,0.25,0.671875,8,64,512,291.99670000525657,52.49660948989347,2.275832268917108,17.048886634238684,36.46269999444485,5.745608690879746,12.422999054477474,18.16860774535722,0.017099999240599573,0.0,11.131233718332174,7.020274027784446,0,27.397476075516977,1753.4384688330865,2097152.0,2,0.0,0.0,1.0,0.0,0.0,51.422099836937875,0.009000010322779417,0.0,30.077456363274422,21.33564346334067,0,1,0,0.0,0.0,25.711049918468937,0,0,2097152,8,4,0.0,2,0.0,0,0,1.0,0.0,4,4,0,1.0,0.0,0.0,623.0,0,0.0,1.0,0.0,0.0,1.0,0.0,256,1024,0,0.0,287.2853135721971,181.4674000197556,0.0,91.1448801361866,14.673033416254878,0,3561.011068999862,0,3269.0143689946053,1.0499321897978695e-06,9.103329075668433e-07,6.819554653695475e-07,2.872804345439873e-08,7.453799432686483e-08,5.142209983693788e-07,3.259707598884903e-06,no_hotcold,nsga2
0,623,623,train,2.5707972645759583,0.265625,0.65625,8,64,512,566.9278999994276,66.60061516814196,2.724050786827511,19.12059901057807,74.46459999482613,6.201257458974266,16.69201131169976,22.893268770674023,0.012599994079209864,0.0,11.25300865310745,11.627660123487365,0,14.111116931961092,903.1114836455099,2097152.0,2,0.0,0.0,1.0,0.0,0.0,51.540903329935844,0.00960000033956021,0.0,30.18994150660329,21.341361822992987,0,1,0,0.0,0.0,25.770451664967922,0,0,2097152,8,4,0.0,2,0.0,0,0,1.0,0.0,4,0,0,0.0,0.0,0.0,624.0,4,0.0,1.0,0.0,0.0,1.0,0.0,256,1024,0,0.0,353.78105986219015,238.2987999881152,0.0,92.37034159825048,23.111918275824443,0,3561.011068999862,0,2994.0831690004343,1.332012303362839e-06,1.0896203147310044e-06,7.64823960423123e-07,3.100628729487133e-08,1.0015206787019854e-07,5.154090332993585e-07,3.833023966981395e-06,no_hotcold,nsga2
0,624,624,train,2.5638301968574524,0.24609375,0.650390625,8,64,512,883.8056999957189,176.72247319022534,2.279409158734405,30.6505286916467,36.119500000495464,20.93081411789675,14.742099791231515,35.67291390912827,0.00689999433234334,0.0,11.76526222840523,23.900751686390695,0,9.051753058716065,579.3121957578281,2097152.0,2,0.0,0.0,1.0,0.0,0.0,49.95746532272682,0.00689999433234334,0.0,29.887684728082192,20.06288060031228,0,1,0,0.0,0.0,24.97873266136341,0,0,2097152,8,4,0.0,2,0.0,0,0,1.0,0.0,4,4,0,1.0,0.0,0.0,625.0,0,0.0,1.0,0.0,0.0,1.0,0.0,256,1024,0,0.0,838.6096441624258,642.4339999939548,0.0,92.8488584607744,103.32678570769657,0,3561.011068999862,0,2677.205369004143,3.5344494638045068e-06,9.11763663493762e-07,1.226021147665868e-06,1.0465407058948376e-07,8.845259874738908e-08,4.995746532272683e-07,6.364915597528278e-06,no_hotcold,nsga2
0,625,625,train,2.564833164215088,0.240234375,0.642578125,8,64,512,382.09630000346806,72.46887355648023,2.2555506674942376,17.808909016748068,41.252900002291426,5.943550434096492,13.441810346129444,19.385360780225938,0.007700000423938036,0.0,11.249963239666421,8.127697540135577,0,20.937075451533914,1339.9728288981705,2097152.0,2,0.0,0.0,1.0,0.0,0.0,49.16438421702317,0.006400005077011883,0.0,29.89189322233898,19.26609098960718,0,1,0,0.0,0.0,24.582192108511585,0,0,2097152,8,4,0.0,2,0.0,0,0,1.0,0.0,4,0,0,0.0,0.0,0.0,626.0,4,0.0,1.0,0.0,0.0,1.0,0.0,256,1024,0,0.0,370.13333296289017,260.9288999956334,0.0,89.72402085210784,19.480412115148926,0,3561.011068999862,0,3178.914768996394,1.4493774711296049e-06,9.022202669976951e-07,7.123563606699228e-07,2.9717752170482462e-08,8.065086207677664e-08,4.916438421702318e-07,3.6659665552147136e-06,no_hotcold,nsga2
0,626,626,train,2.576057195663452,0.255859375,0.638671875,8,64,512,335.0075999915134,59.534075200951534,2.1556904604125244,16.979022156742914,35.916499997256324,6.27147440402062,13.376261765651842,19.647736169672463,0.007299997378140688,0.0,11.864926289030247,7.775509883264075,0,23.87998397713569,1528.3189745366842,2097152.0,2,0.0,0.0,1.0,0.0,0.0,50.11641717554108,0.007099995855242014,0.0,30.339596164335713,19.769721015350125,0,1,0,0.0,0.0,25.05820858777054,0,0,2097152,8,4,0.0,2,0.0,0,0,1.0,0.0,4,4,0,1.0,0.0,0.0,627.0,0,0.0,1.0,0.0,0.0,1.0,0.0,256,1024,0,0.0,314.67515127242785,209.39889999863226,0.0,92.26646434154576,13.00978693224987,0,1592.6277454980996,0,1257.6201455065861,1.1906815040190306e-06,8.622761841650098e-07,6.791608862697165e-07,3.13573720201031e-08,8.025757059391105e-08,5.011641717554108e-07,3.344897688823182e-06,no_hotcold,nsga2
0,627,627,train,2.4990862607955933,0.2734375,0.658203125,8,64,512,73.67379999777768,14.599245063054443,2.404706053829421,17.156848069005573,47.89280000841245,6.377915900587926,14.471734677313234,20.84965057790116,0.006699992809444666,0.0,11.800963446508643,9.041987138583073,0,108.58529646828103,6949.458973969986,2097152.0,2,0.0,0.0,1.0,0.0,0.0,53.38210509125441,0.007499998901039362,0.0,33.277473349473716,20.097131742879657,0,1,0,0.0,0.0,26.691052545627205,0,0,2097152,8,4,0.0,2,0.0,0,0,1.0,0.0,4,0,0,0.0,0.0,0.0,628.0,4,0.0,1.0,0.0,0.0,1.0,0.0,256,1024,0,0.0,136.64319674355772,31.432600037078373,0.0,90.83725628710468,14.37334041937471,0,1592.6277454980996,0,1518.9539455003219,2.919849012610889e-07,9.618824215317683e-07,6.86273922760223e-07,3.1889579502939634e-08,8.68304080638794e-08,5.338210509125442e-07,2.5926822840324433e-06,no_hotcold,nsga2
0,628,628,train,2.53830486536026,0.2265625,0.638671875,8,64,512,274.2285999993328,48.22728855472292,2.329635864171326,19.258919483006192,36.740800002007745,6.545476814798737,15.066588948155285,21.61206576295402,0.007299997378140688,0.0,11.651841190504417,9.952924575071465,0,29.172634901627923,1867.048633704187,2097152.0,2,0.0,0.0,1.0,0.0,0.0,52.784456146261704,0.006799993570894003,0.0,31.89278780613853,20.88486834655228,0,1,0,0.0,0.0,26.392228073130852,0,0,2097152,8,4,0.0,2,0.0,0,0,1.0,0.0,4,4,0,1.0,0.0,0.0,629.0,0,0.0,1.0,0.0,0.0,1.0,0.0,256,1024,0,0.0,279.26337560760174,164.59399995801505,0.0,91.45041908872732,23.218956560859397,0,1592.6277454980996,0,1318.3991454987668,9.645457710944585e-07,9.318543456685303e-07,7.703567793202478e-07,3.2727384073993684e-08,9.039953368893171e-08,5.278445614626171e-07,3.3177283753087792e-06,no_hotcold,nsga2
0,629,629,train,2.5372074842453003,0.23828125,0.638671875,8,64,512,324.22549999319017,60.040120988843555,2.3069594381371923,16.816932842823263,35.68030000315048,5.692218762241428,12.824450944448703,18.51666970669013,0.0070999813033267856,0.0,10.864795145570444,7.644774579816362,0,24.674108995310462,1579.1429756998696,2097152.0,2,0.0,0.0,1.0,0.0,0.0,50.735204301211965,0.006400005077011883,0.0,31.345498782679464,19.383305513455486,0,1,0,0.0,0.0,25.367602150605983,0,0,2097152,8,4,0.0,2,0.0,0,0,1.0,0.0,4,0,0,0.0,0.0,0.0,630.0,4,0.0,1.0,0.0,0.0,1.0,0.0,256,1024,0,0.0,316.656053079216,213.13969999027904,0.0,89.3106188739247,14.205734215012301,0,1592.6277454980996,0,1268.4022455049094,1.200802419776871e-06,9.227837752548771e-07,6.726773137129305e-07,2.8461093811207142e-08,7.69467056666922e-08,5.073520430121197e-07,3.4090233512346976e-06,no_hotcold,nsga2
0,630,630,train,2.6043107509613037,0.234375,0.63671875,8,64,512,262.65129999956116,48.89802565344368,2.2160969986516506,16.783326259252597,37.924100004602224,5.691140141113223,13.186517139150752,18.877657280263975,0.007200011168606579,0.0,11.662405549349868,7.2080517197455,0,30.458518733753206,1949.3451989602052,2097152.0,2,0.0,0.0,1.0,0.0,0.0,48.72942270968099,0.006799993570894003,0.0,29.587920603604513,19.13470211250558,0,1,0,0.0,0.0,24.364711354840495,0,0,2097152,8,4,0.0,2,0.0,0,0,1.0,0.0,4,4,0,1.0,0.0,0.0,631.0,0,0.0,1.0,0.0,0.0,1.0,0.0,256,1024,0,0.0,271.58979564539175,168.95940000540577,0.0,85.34143305960097,17.28896258038499,0,815.3317589971257,0,552.6804589975645,9.779605130688737e-07,8.864387994606604e-07,6.713330503701039e-07,2.845570070556612e-08,7.91191028349045e-08,4.872942270968098e-07,3.1306013935369185e-06,no_hotcold,nsga2
0,631,631,train,2.5147292017936707,0.236328125,0.662109375,8,64,512,309.43069999921136,53.27266205299308,2.116496383673411,17.300925977131953,36.578700004611164,6.642737496016536,12.855471761990845,19.498209258007382,0.007200011168606579,0.0,12.621732155520764,6.8692770913180095,0,25.85384755350014,1654.646243424009,2097152.0,2,0.0,0.0,1.0,0.0,0.0,51.62656537459869,0.00689999433234334,0.0,33.26466342642874,18.3550019538376,0,1,0,0.0,0.0,25.813282687299345,0,0,2097152,8,4,0.0,2,0.0,0,0,1.0,0.0,4,0,0,0.0,0.0,0.0,632.0,4,0.0,1.0,0.0,0.0,1.0,0.0,256,1024,0,0.0,290.7603376551938,185.87600004684646,0.0,89.44184818006397,15.442489428283334,0,815.3317589971257,0,505.90105899791433,1.0654532410598616e-06,8.465985534693645e-07,6.920370390852782e-07,3.321368748008268e-08,7.713283057194506e-08,5.162656537459869e-07,3.230701005412519e-06,no_hotcold,nsga2
0,632,632,train,2.5929254293441772,0.23046875,0.609375,8,64,512,316.36679999064654,55.21185839991975,2.1322766773090653,17.555096084837956,36.46479999588337,6.212243929475039,12.740938246760898,18.953182176235938,0.007600014214403927,0.0,11.16077163455429,7.784810527467243,0,25.28702352210472,1618.3695054147022,2097152.0,2,0.0,0.0,1.0,0.0,0.0,48.95488358331542,0.006299989763647318,0.0,30.40151392556704,18.54706966798473,0,1,0,0.0,0.0,24.47744179165771,0,0,2097152,8,4,0.0,2,0.0,0,0,1.0,0.0,4,4,0,1.0,0.0,0.0,633.0,0,0.0,1.0,0.0,0.0,1.0,0.0,256,1024,0,0.0,299.59692464826713,194.01479997031856,0.0,89.9668917612338,15.615232916714744,0,815.3317589971257,0,498.96495900647915,1.1042371679983952e-06,8.529106709236262e-07,7.022038433935183e-07,3.1061219647375194e-08,7.644562948056539e-08,4.895488358331543e-07,3.256407367276634e-06,no_hotcold,nsga2
0,633,633,train,2.5754676461219788,0.2421875,0.6171875,8,64,512,336.54370000294875,61.003161294854735,2.344513746673651,17.7886765919799,36.2641999963671,6.105452717583006,13.76301291399017,19.868465631573176,0.008799994247965515,0.0,12.013990853951343,7.845674783373868,0,23.77098792502127,1521.3432272013613,2097152.0,2,0.0,0.0,1.0,0.0,0.0,52.56664061375288,0.007800001185387373,0.0,31.864637286967856,20.69420332559964,0,1,0,0.0,0.0,26.28332030687644,0,0,2097152,8,4,0.0,2,0.0,0,0,1.0,0.0,4,0,0,0.0,0.0,0.0,634.0,4,0.0,1.0,0.0,0.0,1.0,0.0,256,1024,0,0.0,324.54540653403313,215.88040005008224,0.0,92.97166982409979,15.693336659851113,0,815.3317589971257,0,478.78805899417694,1.2200632258970948e-06,9.378054986694604e-07,7.115470636791962e-07,3.0527263587915034e-08,8.257807748394101e-08,5.256664061375289e-07,3.508187535455136e-06,no_hotcold,nsga2
0,634,634,train,2.531887173652649,0.248046875,0.634765625,8,64,512,4219.722599998931,760.2763938062229,96.05662706555445,51.18041228915385,62.12400000367779,5.860034241095811,780.5770062242444,786.4370404653403,0.006999995093792677,0.0,11.627312674332442,774.802727795914,0,1.8958587714138493,121.33496137048635,2097152.0,2,0.0,0.0,1.0,0.0,0.0,51.522423866470575,0.006799993570894003,0.0,30.1431575482926,21.372466324607082,0,1,0,0.0,0.0,25.761211933235288,0,0,2097152,8,4,0.0,2,0.0,0,0,1.0,0.0,4,4,0,1.0,0.0,0.0,635.0,0,0.0,1.0,0.0,0.0,1.0,0.0,256,1024,0,0.0,3630.053732643725,3014.120299980277,0.0,88.80759892541234,527.1258337380356,0,2990.415994497224,1,-1229.3066055017075,1.5205527876124459e-05,3.842265082622178e-05,2.047216491566154e-06,2.930017120547906e-08,4.683462037345466e-06,5.152242386647058e-07,6.090338164112804e-05,no_hotcold,nsga2
0,635,635,train,2.5307310223579407,0.26171875,0.634765625,8,64,512,135.17370000772644,16.94778495486583,2.2630525669878474,16.45937392884448,64.68300000415184,5.990945766046057,14.010701665510801,20.001647431556858,0.006200018106028438,0.0,11.683475492825004,8.311971920625828,0,59.18267249376347,3787.691039600862,2097152.0,2,0.0,0.0,1.0,0.0,0.0,49.74689969199208,0.006100002792663872,0.0,29.196102162808234,20.544697526391182,0,1,0,0.0,0.0,24.87344984599604,0,0,2097152,8,4,0.0,2,0.0,0,0,1.0,0.0,4,0,0,0.0,0.0,0.0,636.0,4,0.0,1.0,0.0,0.0,1.0,0.0,256,1024,0,0.0,142.68084580279265,39.95270001178142,0.0,89.27485390210873,13.453291888902507,0,2990.415994497224,0,2855.2422944894975,3.389556990973167e-07,9.05221026795139e-07,6.583749571537793e-07,2.995472883023029e-08,8.40642099930648e-08,4.974689969199209e-07,2.514039618789451e-06,no_hotcold,nsga2
0,636,636,train,2.4642558097839355,0.224609375,0.6640625,8,64,512,342.11250000225846,60.82096369909245,2.3704382025621493,17.160723695953877,41.767299990169704,6.158605372109754,14.16915764200049,20.327763014110246,0.007999988156370819,0.0,11.256886753221043,9.062876272732831,0,23.38405236843091,1496.5793515795783,2097152.0,2,0.0,0.0,1.0,0.0,0.0,52.836948878249515,0.006299989763647318,0.0,32.016351343984134,20.814297544501734,0,1,0,0.0,0.0,26.418474439124758,0,0,2097152,8,4,0.0,2,0.0,0,0,1.0,0.0,4,4,0,1.0,0.0,0.0,637.0,0,0.0,1.0,0.0,0.0,1.0,0.0,256,1024,0,0.0,321.4085023904339,213.95829998073168,0.0,92.25120126517983,15.199001144522406,0,2990.415994497224,0,2648.3034944949654,1.216419273981849e-06,9.481752810248599e-07,6.864289478381552e-07,3.079302686054878e-08,8.501494585200294e-08,5.283694887824951e-07,3.4952009643399106e-06,no_hotcold,nsga2
0,637,637,train,2.5308491587638855,0.255859375,0.6484375,8,64,512,342.11390001291875,61.52379491871373,2.216171909495836,16.54413031464085,37.62040000583511,6.474461677039043,12.633016471570834,19.10747814860988,0.006799993570894003,0.0,11.772369127829785,7.328309027209198,0,23.383956675660457,1496.5732272422692,2097152.0,2,0.0,0.0,1.0,0.0,0.0,50.2508627379164,0.007299997378140688,0.0,29.56625817316934,20.677304567368918,0,1,0,0.0,0.0,25.1254313689582,0,0,2097152,8,4,0.0,2,0.0,0,0,1.0,0.0,4,0,0,0.0,0.0,0.0,638.0,4,0.0,1.0,0.0,0.0,1.0,0.0,256,1024,0,0.0,321.13638857140165,218.9836999605177,0.0,87.10519676382789,15.047491847056074,0,2990.415994497224,0,2648.302094484305,1.2304758983742746e-06,8.864687637983346e-07,6.61765212585634e-07,3.237230838519522e-08,7.579809882942498e-08,5.02508627379164e-07,3.3893889093520277e-06,no_hotcold,nsga2
0,638,638,train,2.4656201004981995,0.263671875,0.654296875,8,64,512,339.0337000018917,60.789643787026215,2.1679889686564375,17.08857486154655,44.02339999796823,6.557005013622288,13.875641247659026,20.432646261281313,0.007199996616691351,0.0,12.913226364553474,7.51221990011115,0,23.59640473366108,1510.169902954309,2097152.0,2,0.0,0.0,1.0,0.0,0.0,51.62754182373107,0.006599992047995329,0.0,30.47100955093943,21.14993228074364,0,1,0,0.0,0.0,25.813770911865536,0,0,2097152,8,4,0.0,2,0.0,0,0,1.0,0.0,4,4,0,1.0,0.0,0.0,639.0,0,0.0,1.0,0.0,0.0,1.0,0.0,256,1024,0,0.0,320.18483046891686,214.28759999980684,0.0,90.89123602298133,15.005994446128643,0,2990.415994497224,0,2651.382294495332,1.2157928757405244e-06,8.67195587462575e-07,6.835429944618621e-07,3.2785025068111445e-08,8.325384748595414e-08,5.162754182373107e-07,3.3988457484563376e-06,no_hotcold,nsga2
0,639,639,train,2.4222392439842224,0.2734375,0.6796875,8,64,512,262.32559999334626,48.93299464670481,2.33219175009254,17.15118786377788,37.035500005003996,6.207508999151534,13.104474800335524,19.31198379948706,0.007199996616691351,0.0,12.106449731442973,7.198334071427392,0,30.496335484860914,1951.7654710310985,2097152.0,2,0.0,0.0,1.0,0.0,0.0,48.72835502632596,0.006599992047995329,0.0,27.871322007564046,20.850433026713915,0,1,0,0.0,0.0,24.36417751316298,0,0,2097152,8,4,0.0,2,0.0,0,0,1.0,0.0,4,0,0,0.0,0.0,0.0,640.0,4,0.0,1.0,0.0,0.0,1.0,0.0,256,1024,0,0.0,273.6654970423009,168.5841999715194,0.0,90.04625218818653,15.035044882595013,0,2990.415994497224,0,2728.0903945038776,9.786598929340963e-07,9.32876700037016e-07,6.860475145511153e-07,3.103754499575767e-08,7.862684880201313e-08,4.872835502632596e-07,3.1945320515832576e-06,no_hotcold,nsga2
0,640,640,train,2.5532281398773193,0.25,0.63671875,8,64,512,83.05689999542665,18.354092129809594,2.565257462472528,17.35589413480862,49.7791999951005,7.051601832444755,16.16018289388367,23.211784726328425,0.006699992809444666,0.0,12.933991080641444,10.271093652877536,0,96.31835142040067,6164.374490905643,2097152.0,2,0.0,0.0,1.0,0.0,0.0,50.69440011226307,0.006699992809444666,0.0,31.103396884808053,19.584303234645574,0,1,0,0.0,0.0,25.347200056131534,0,0,2097152,8,4,0.0,2,0.0,0,0,1.0,0.0,4,4,0,1.0,0.0,0.0,641.0,0,0.0,1.0,0.0,0.0,1.0,0.0,256,1024,0,0.0,153.10097490836296,43.248900008620694,0.0,92.4450074589665,17.407067440775766,0,2990.415994497224,0,2907.3590945017972,3.670818425961919e-07,1.0261029849890114e-06,6.942357653923448e-07,3.525800916222378e-08,9.696109736330198e-08,5.069440011226307e-07,2.726583700625705e-06,no_hotcold,nsga2
0,641,641,train,2.51808625459671,0.2734375,0.638671875,8,64,512,335.48560000781436,61.036212062879756,2.3377458493260956,17.420433370786967,36.40179999638349,6.198032723252738,14.635543532586631,20.83357625583937,0.006900008884258568,0.0,12.055558910572291,8.771117336382819,0,23.845959867886407,1526.14143154473,2097152.0,2,0.0,0.0,1.0,0.0,0.0,49.69519301352909,0.007199996616691351,0.0,29.340232378495905,20.347760638416496,0,1,0,0.0,0.0,24.847596506764546,0,0,2097152,8,4,0.0,2,0.0,0,0,1.0,0.0,4,0,0,0.0,0.0,0.0,642.0,4,0.0,1.0,0.0,0.0,1.0,0.0,256,1024,0,0.0,323.1775651319713,216.54409998154733,0.0,90.49713616156421,16.136328988859745,0,2990.415994497224,0,2654.9303944894095,1.2207242412575952e-06,9.350983397304382e-07,6.968173348314787e-07,3.0990163616263695e-08,8.781326119551977e-08,4.969519301352909e-07,3.4683952707665865e-06,no_hotcold,nsga2
0,642,642,train,2.6283374428749084,0.216796875,0.607421875,8,64,512,338.59990000200924,59.3190434992153,2.1177316575873095,17.62583394244484,36.34419999434613,5.844556310437043,11.952645189068559,17.7972014995056,0.00750001345295459,0.0,11.11334229337017,6.676359192682477,0,23.62663536911015,1512.1046636230496,2097152.0,2,0.0,0.0,1.0,0.0,0.0,51.39779606048312,0.00750001345295459,0.0,29.870389343674095,21.51990670335607,0,1,0,0.0,0.0,25.69889803024156,0,0,2097152,8,4,0.0,2,0.0,0,0,1.0,0.0,4,4,0,1.0,0.0,0.0,643.0,0,0.0,1.0,0.0,0.0,1.0,0.0,256,1024,0,0.0,316.2504363969898,209.04739998513833,0.0,92.5517052054438,14.651331206407672,0,2990.415994497224,0,2651.8160944952147,1.186380869984306e-06,8.47092663034924e-07,7.050333576977936e-07,2.9222781552185218e-08,7.171587113441134e-08,5.139779606048312e-07,3.353423504008451e-06,no_hotcold,nsga2
0,643,643,train,2.608701705932617,0.244140625,0.623046875,8,64,512,666.8780999898445,62.39353693212096,3.1530822331211095,22.389483573071548,900.681800005259,7.214345315206391,21.175450447210327,28.389795762416718,0.0092999980552122,0.0,12.362031031720718,16.018464732640787,0,11.996177418248415,767.7553547678986,2097152.0,2,0.0,0.0,1.0,0.0,0.0,47.03080000902266,0.010000003385357559,0.0,27.605864529919245,19.41493547571806,0,1,0,0.0,0.0,23.51540000451133,0,0,2097152,8,4,0.0,2,0.0,0,0,1.0,0.0,4,0,0,0.0,0.0,0.0,644.0,4,0.0,1.0,0.0,0.0,1.0,0.0,256,1024,0,0.0,351.7444109532545,221.14730000612326,0.0,87.3062831262734,43.2908278208578,0,2990.415994497224,0,2323.5378945073794,1.2478707386424193e-06,1.2612328932484437e-06,8.955793429228621e-07,3.607172657603196e-08,1.2705270268326193e-07,4.7030800009022667e-07,4.038115404163246e-06,no_hotcold,nsga2
0,644,644,train,2.5426108837127686,0.265625,0.623046875,8,64,512,2730.589200000395,552.775451244922,3.441644494663814,23.27069300786673,38.13609998906031,6.152128858575816,23.283025313360508,29.435154171936325,0.006800008122809231,0.0,11.309700651174655,18.11865351263886,0,2.9297695421300647,187.50525069632414,2097152.0,2,0.0,0.0,1.0,0.0,0.0,52.82964541413814,0.006600006599910557,0.0,31.312208544321717,21.51083686321651,0,1,0,0.0,0.0,26.41482270706907,0,0,2097152,8,4,0.0,2,0.0,0,0,1.0,0.0,4,4,0,1.0,0.0,0.0,645.0,0,0.0,1.0,0.0,0.0,1.0,0.0,256,1024,0,0.0,2317.95115498981,2183.4974000084912,0.0,91.57903804635606,42.874716934962905,0,3904.573826999545,0,1173.98462699915,1.105550902489844e-05,1.3766577978655258e-06,9.308277203146692e-07,3.0760644292879084e-08,1.3969815188016303e-07,5.282964541413814e-07,1.4061749793393056e-05,no_hotcold,nsga2
0,645,645,train,2.5196592211723328,0.275390625,0.65625,8,64,512,251.8636000022525,41.9516861855446,2.4411198951699826,17.253190445246194,50.500700002885424,6.302156987631529,15.081797066296962,21.38395405392849,0.007800001185387373,0.0,12.546045590809015,8.830108461934088,0,31.7630981087793,2032.8382789618752,2097152.0,2,0.0,0.0,1.0,0.0,0.0,49.961231079793585,0.008999995770864189,0.0,29.98904497123999,19.96318611278273,0,1,0,0.0,0.0,24.980615539896792,0,0,2097152,8,4,0.0,2,0.0,0,0,1.0,0.0,4,0,0,0.0,0.0,0.0,646.0,4,0.0,1.0,0.0,0.0,1.0,0.0,256,1024,0,0.0,246.5839861038431,141.5860999695724,0.0,88.61537132413476,16.38251481013596,0,3904.573826999545,0,3652.7102269972925,8.390337237108921e-07,9.76447958067993e-07,6.901276178098478e-07,3.1510784938157646e-08,9.049078239778176e-08,4.996123107979359e-07,3.1272231777226085e-06,no_hotcold,nsga2
0,646,646,train,2.541958451271057,0.251953125,0.62890625,8,64,512,321.7072000115877,57.71062558239336,2.159183102568313,16.690752176509505,37.7779999980703,5.569400799378983,12.167984828001398,17.73738562738038,0.00750001345295459,0.0,11.095138548408835,6.634747065518592,0,24.867255480935352,1591.5043507798625,2097152.0,2,0.0,0.0,1.0,0.0,0.0,49.88852908714535,0.006599992047995329,0.0,29.747308787137577,20.13462030795978,0,1,0,0.0,0.0,24.944264543572675,0,0,2097152,8,4,0.0,2,0.0,0,0,1.0,0.0,4,4,0,1.0,0.0,0.0,647.0,0,0.0,1.0,0.0,0.0,1.0,0.0,256,1024,0,0.0,306.2422434458847,204.493100012769,0.0,87.9830837838912,13.766059649224495,0,2089.4902874981144,0,1767.7830874865267,1.1542125116478674e-06,8.636732410273253e-07,6.676300870603803e-07,2.784700399689492e-08,7.300790896800837e-08,4.988852908714535e-07,3.28525604357193e-06,no_hotcold,nsga2
0,647,647,train,2.504223883152008,0.26171875,0.669921875,8,64,512,223.35429998929612,39.103325402070055,2.201865690933604,17.321017610881555,43.83320000488311,6.7118637216074974,13.959519111512256,20.671382833119754,0.006800008122809231,0.0,12.360467373460393,8.304115451536552,0,35.81737259148713,2292.311845855176,2097152.0,2,0.0,0.0,1.0,0.0,0.0,50.767315916036736,0.008700022590346634,0.0,30.25030028711123,20.508315606335156,0,1,0,0.0,0.0,25.383657958018368,0,0,2097152,8,4,0.0,2,0.0,0,0,1.0,0.0,4,0,0,0.0,0.0,0.0,648.0,4,0.0,1.0,0.0,0.0,1.0,0.0,256,1024,0,0.0,234.5048348155409,128.03759997768793,0.0,90.61781080952686,15.849424028326084,0,2089.4902874981144,0,1866.1359875088183,7.820665080414012e-07,8.807462763734417e-07,6.928407044352622e-07,3.355931860803749e-08,8.375711466907353e-08,5.076731591603673e-07,2.9806430812875836e-06,no_hotcold,nsga2
0,648,648,train,2.463879406452179,0.291015625,0.658203125,8,64,512,274.42359999986365,49.41547673670958,2.268409767945676,16.852293655032977,37.20570000587031,5.6157196246427405,12.685325824270283,18.301045448913023,0.007099995855242014,0.0,10.701976599871646,7.591968853186136,0,29.151905477876166,1865.7219505840746,2097152.0,2,0.0,0.0,1.0,0.0,0.0,48.90669325202864,0.006299989763647318,0.0,28.202763178299897,20.697630083965095,0,1,0,0.0,0.0,24.45334662601432,0,0,2097152,8,4,0.0,2,0.0,0,0,1.0,0.0,4,4,0,1.0,0.0,0.0,649.0,0,0.0,1.0,0.0,0.0,1.0,0.0,256,1024,0,0.0,274.1447206387529,168.74780000944156,0.0,92.66560935086201,12.731311278449338,0,2089.4902874981144,0,1815.0666874982508,9.883095347341916e-07,9.073639071782703e-07,6.740917462013191e-07,2.8078598123213704e-08,7.611195494562168e-08,4.890669325202864e-07,3.1630226737029023e-06,no_hotcold,nsga2
0,649,649,train,2.4926342368125916,0.25,0.66015625,8,64,512,344.4909999961965,62.05485798671373,2.1147830200394844,17.25056553269323,36.91939999407623,5.806909389116551,12.78060937227733,18.58751876139388,0.006800008122809231,0.0,10.892532084043355,7.688186669227718,0,23.222600234804663,1486.2464150274984,2097152.0,2,0.0,0.0,1.0,0.0,0.0,54.10142468925613,0.006999995093792677,0.0,32.796622058695334,21.297802635466997,0,1,0,0.0,0.0,27.050712344628064,0,0,2097152,8,4,0.0,2,0.0,0,0,1.0,0.0,4,0,0,0.0,0.0,0.0,650.0,4,0.0,1.0,0.0,0.0,1.0,0.0,256,1024,0,0.0,325.68082615778576,221.0295999684604,0.0,90.04897215330847,14.602254036016898,0,2089.4902874981144,0,1744.999287501918,1.2410971597342745e-06,8.459132080157939e-07,6.900226213077294e-07,2.9034546945582755e-08,7.668365623366397e-08,5.410142468925614e-07,3.423765439129606e-06,no_hotcold,nsga2
0,650,650,train,2.6079697608947754,0.263671875,0.638671875,8,64,512,338.9284000004409,61.02462023371386,2.472406622478862,17.110842785328686,38.30639999068808,6.148924130241346,14.766298059078444,20.915222189319792,0.007200011168606579,0.0,11.763825838919669,9.144196339231515,0,23.60373576322855,1510.6390888466271,2097152.0,2,0.0,0.0,1.0,0.0,0.0,51.310372952364,0.006700007361359894,0.0,32.27420694883653,19.02946599616611,0,1,0,0.0,0.0,25.655186476182,0,0,2097152,8,4,0.0,2,0.0,0,0,1.0,0.0,4,4,0,1.0,0.0,0.0,651.0,0,0.0,1.0,0.0,0.0,1.0,0.0,256,1024,0,0.0,322.4314785660857,216.0876999987522,0.0,91.7226761892095,14.621102378123938,0,2089.4902874981144,0,1750.5618874976735,1.2204924046742772e-06,9.88962648991545e-07,6.844337114131477e-07,3.074462065120673e-08,8.859778835447066e-08,5.1310372952364e-07,3.526334903608287e-06,no_hotcold,nsga2
0,651,651,train,2.526237964630127,0.236328125,0.646484375,8,64,512,254.13380000100005,43.24563309500879,2.34505239211239,17.112459729997788,36.25340000144206,6.02304010283936,14.364356494066968,20.387396596906328,0.006999995093792677,0.0,11.797601841244532,8.582794760568003,0,31.479356624785428,2014.6788239862674,2097152.0,2,0.0,0.0,1.0,0.0,0.0,49.5113874022514,0.007300011930055916,0.0,29.922905206805908,19.581182183515438,0,1,0,0.0,0.0,24.7556937011257,0,0,2097152,8,4,0.0,2,0.0,0,0,1.0,0.0,4,0,0,0.0,0.0,0.0,652.0,4,0.0,1.0,0.0,0.0,1.0,0.0,256,1024,0,0.0,250.8125808684759,143.86070000182372,0.0,91.73864207519523,15.213238791456924,0,2089.4902874981144,0,1835.3564874971144,8.649126619001758e-07,9.380209568449561e-07,6.844983891999116e-07,3.01152005141968e-08,8.61861389644018e-08,4.95113874022514e-07,3.098847221446156e-06,no_hotcold,nsga2
0,652,652,train,2.533105969429016,0.271484375,0.65625,8,64,512,4599.408299996867,600.3296244547556,2.374375104520792,563.5782790219107,48.74220000056084,6.520385503531507,15.878130023655913,22.39851552718742,0.007199996616691351,0.0,12.498239512114193,9.893076018456538,0,1.7393537904977165,111.31864259185386,2097152.0,2,0.0,0.0,1.0,0.0,0.0,50.0583393176274,0.006699992809444666,0.0,29.634055867144994,20.41758345767296,0,1,0,0.0,0.0,25.0291696588137,0,0,2097152,8,4,0.0,2,0.0,0,0,1.0,0.0,4,4,0,1.0,0.0,0.0,653.0,0,0.0,1.0,0.0,0.0,1.0,0.0,256,1024,0,0.0,4665.129114324749,2373.07550002879,0.0,89.50571591162085,2202.5478983843373,0,3904.573826999545,1,-694.8344729973219,1.2006592489095112e-05,9.497500418083169e-07,2.2543131160876435e-05,3.260192751765754e-08,9.526878014193547e-08,5.00583393176274e-07,3.612792779261573e-05,no_hotcold,nsga2
0,653,653,train,2.4679112434387207,0.279296875,0.6953125,8,64,512,335.1166999927955,59.17712552697854,2.160439057849512,16.928177443902367,38.88370000640862,5.852183160425007,12.075364548951253,17.92754770937626,0.007300011930055916,0.0,10.944970576999022,6.975277120447182,0,23.872209674905232,1527.8214191939348,2097152.0,2,0.0,0.0,1.0,0.0,0.0,50.290821868576174,0.006200003554113209,0.0,30.336763643133487,19.947858221888573,0,1,0,0.0,0.0,25.145410934288087,0,0,2097152,8,4,0.0,2,0.0,0,0,1.0,0.0,4,0,0,0.0,0.0,0.0,654.0,4,0.0,1.0,0.0,0.0,1.0,0.0,256,1024,0,0.0,313.06296811492166,210.09040002536494,0.0,89.35936926979485,13.613198819761894,0,3904.573826999545,0,3569.4571270067495,1.183542510539571e-06,8.641756231398049e-07,6.771270977560948e-07,2.9260915802125036e-08,7.24521872937075e-08,5.029082186857617e-07,3.329466553217065e-06,no_hotcold,nsga2
0,654,654,train,2.468698263168335,0.251953125,0.650390625,8,64,512,340.34650000103284,60.57789533630204,2.1395122794946495,16.59475880835415,38.15249999752268,6.573045195374684,13.145679677050868,19.718724872425554,0.007200011168606579,0.0,12.868636679981819,6.842888181275127,0,23.505387875555787,1504.3448240355704,2097152.0,2,0.0,0.0,1.0,0.0,0.0,48.12537036973262,0.009399998816661537,0.0,28.647813877858184,19.46815649305778,0,1,0,0.0,0.0,24.06268518486631,0,0,2097152,8,4,0.0,2,0.0,0,0,1.0,0.0,4,4,0,1.0,0.0,0.0,655.0,0,0.0,1.0,0.0,0.0,1.0,0.0,256,1024,0,0.0,317.2486656966033,214.83150002313778,0.0,88.38582570978953,14.03133996367605,0,3904.573826999545,0,3564.227326998512,1.211557906726041e-06,8.5580491179786e-07,6.637903523341661e-07,3.286522597687342e-08,7.88740780623052e-08,4.812537036973263e-07,3.324146178594572e-06,no_hotcold,nsga2
0,655,655,train,2.6295438408851624,0.201171875,0.626953125,8,64,512,339.68299999833107,61.33018756727524,2.4374351096482085,17.69547384485589,38.23180000472348,6.394599274366406,16.513468145758488,22.908067420124894,0.00750001345295459,0.0,12.506265008761083,10.394302397910856,0,23.551300620692484,1507.283239724319,2097152.0,2,0.0,0.0,1.0,0.0,0.0,48.84535290269932,0.007200011168606579,0.0,30.164538043178986,18.673614848351725,0,1,0,0.0,0.0,24.42267645134966,0,0,2097152,8,4,0.0,2,0.0,0,0,1.0,0.0,4,0,0,0.0,0.0,0.0,656.0,4,0.0,1.0,0.0,0.0,1.0,0.0,256,1024,0,0.0,325.8523860871174,218.10969997022767,0.0,91.98274763990776,15.759938476981906,0,3904.573826999545,0,3564.890827001214,1.2266037513455047e-06,9.749740438592833e-07,7.078189537942358e-07,3.1972996371832035e-08,9.908080887455092e-08,4.884535290269932e-07,3.5289040832723997e-06,no_hotcold,nsga2
0,656,656,train,2.4994295835494995,0.23046875,0.669921875,8,64,512,260.7374999934109,47.89822927207334,2.351981490288733,16.893412264588903,36.380200006533414,6.291791272891471,13.475339779407413,19.767131052298886,0.007700014975853264,0.0,12.527713201322662,7.231717836000371,0,30.6820818567345,1963.653238831008,2097152.0,2,0.0,0.0,1.0,0.0,0.0,48.869256056919525,0.009199997293762863,0.0,29.493746903306047,19.36630915631971,0,1,0,0.0,0.0,24.434628028459763,0,0,2097152,8,4,0.0,2,0.0,0,0,1.0,0.0,4,4,0,1.0,0.0,0.0,657.0,0,0.0,1.0,0.0,0.0,1.0,0.0,256,1024,0,0.0,268.57449210780385,163.32129995862488,0.0,92.02428161085962,13.228910538319385,0,3904.573826999545,0,3643.836327006134,9.579645854414667e-07,9.407925961154934e-07,6.757364905835561e-07,3.1458956364457356e-08,8.085203867644446e-08,4.886925605691953e-07,3.1754972277506136e-06,no_hotcold,nsga2
0,657,657,train,2.5547616481781006,0.244140625,0.65625,8,64,512,256.5388999937568,43.35938489766595,2.2527724570836023,16.944173186157016,37.41289999743458,6.5104165147753905,13.308682967325975,19.819099482101365,0.007399998139590025,0.0,11.786227397265915,8.025472086695864,0,31.184232940742124,1995.790908207496,2097152.0,2,0.0,0.0,1.0,0.0,0.0,51.05978704957528,0.00859999272506684,0.0,31.507681896355177,19.54350516049503,0,1,0,0.0,0.0,25.52989352478764,0,0,2097152,8,4,0.0,2,0.0,0,0,1.0,0.0,4,0,0,0.0,0.0,0.0,658.0,4,0.0,1.0,0.0,0.0,1.0,0.0,256,1024,0,0.0,250.22532216362626,145.6105999823194,0.0,88.79626178036298,15.818460400943895,0,3904.573826999545,0,3648.034927005788,8.67187697953319e-07,9.01108982833441e-07,6.777669274462807e-07,3.255208257387696e-08,7.985209780395584e-08,5.105978704957529e-07,3.0690656591066262e-06,no_hotcold,nsga2
0,658,658,train,2.526516020298004,0.240234375,0.650390625,8,64,512,291.12650000024587,51.44018710670086,2.2139400405797383,17.4620576269021,39.20890000881627,6.113833015833551,13.933537915474593,20.047370931308144,0.007299997378140688,0.0,12.22488494186046,7.815185992069545,0,27.479369004966017,1758.679616317825,2097152.0,2,0.0,0.0,1.0,0.0,0.0,49.286701891352976,0.006700007361359894,0.0,29.660954863767277,19.619047020224336,0,1,0,0.0,0.0,24.643350945676488,0,0,2097152,8,4,0.0,2,0.0,0,0,1.0,0.0,4,4,0,1.0,0.0,0.0,659.0,0,0.0,1.0,0.0,0.0,1.0,0.0,256,1024,0,0.0,284.4647390967308,179.12600000272505,0.0,90.80728661498173,14.531452479024036,0,3904.573826999545,0,3613.447326999299,1.0288037421340176e-06,8.855760162318952e-07,6.98482305076084e-07,3.056916507916775e-08,8.360122749284755e-08,4.928670189135298e-07,3.2198994749275416e-06,no_hotcold,nsga2
0,659,659,train,2.5378604531288147,0.24609375,0.64453125,8,64,512,338.45080000173766,61.788432602630905,2.2246505040250364,16.476790615873618,36.97690000990406,6.609263269687244,12.520869793506353,19.130133063193597,0.007899987394921482,0.0,12.350291503588032,6.771941572210646,0,23.637043738455304,1512.7707992611395,2097152.0,2,0.0,0.0,1.0,0.0,0.0,50.85050536329725,0.006699992809444666,0.0,30.74042863000249,20.103376740485317,0,1,0,0.0,0.0,25.425252681648626,0,0,2097152,8,4,0.0,2,0.0,0,0,1.0,0.0,4,0,0,0.0,0.0,0.0,660.0,4,0.0,1.0,0.0,0.0,1.0,0.0,256,1024,0,0.0,321.9594948901182,218.9998000394553,0.0,89.16186972523224,13.797825125430712,0,3904.573826999545,0,3566.1230269978073,1.2357686520526182e-06,8.898602016100147e-07,6.590716246349447e-07,3.3046316348436226e-08,7.512521876103812e-08,5.085050536329726e-07,3.401377067040025e-06,no_hotcold,nsga2
0,660,660,train,2.553305506706238,0.2578125,0.666015625,8,64,512,353.69640000863,58.92317618126381,2.26714144306449,18.01637773346828,36.2299999978859,6.615064323482982,14.327422747528814,20.942487071011797,0.007399998139590025,0.0,12.430638655389508,8.504448417482697,0,22.618204147966043,1447.5650654698268,2097152.0,2,0.0,0.0,1.0,0.0,0.0,51.070650950524836,0.007299997378140688,0.0,31.91926127838285,19.144089674763848,0,1,0,0.0,0.0,25.535325475262418,0,0,2097152,8,4,0.0,2,0.0,0,0,1.0,0.0,4,4,0,1.0,0.0,0.0,661.0,0,0.0,1.0,0.0,0.0,1.0,0.0,256,1024,0,0.0,316.8267814311863,208.29220005543903,0.0,91.33716094592864,17.197420429818628,0,3904.573826999545,0,3550.877426990915,1.1784635236252763e-06,9.068565772257962e-07,7.206551093387311e-07,3.307532161741491e-08,8.596453648517288e-08,5.107065095052484e-07,3.4357215777976397e-06,no_hotcold,nsga2
0,661,661,train,2.5271310806274414,0.25,0.638671875,8,64,512,68.12700000591576,16.908204284626084,2.9947816713335706,18.90064977206214,51.9507999997586,5.942513870934169,18.926737957762406,24.869251828696576,0.007200011168606579,0.0,11.297554078672487,13.564497738855483,0,117.42602159619152,7515.265382156257,2097152.0,2,0.0,0.0,1.0,0.0,0.0,53.4303611241343,0.007599999662488699,0.0,33.074315505078964,20.348445619392848,0,1,0,0.0,0.0,26.71518056206715,0,0,2097152,8,4,0.0,2,0.0,0,0,1.0,0.0,4,0,0,0.0,0.0,0.0,662.0,4,0.0,1.0,0.0,0.0,1.0,0.0,256,1024,0,0.0,155.21454291208718,40.098299985402264,0.0,93.25200916450169,21.86423376218322,0,3904.573826999545,0,3836.446826993629,3.381640856925218e-07,1.1979126685334283e-06,7.560259908824856e-07,2.9712569354670848e-08,1.1356042774657442e-07,5.34303611241343e-07,2.9696793534510244e-06,no_hotcold,nsga2
0,662,662,train,2.5436814427375793,0.265625,0.658203125,8,64,512,7060.11629999557,1537.047413280579,3.2227394907810893,36.177974562478866,40.22709999117069,300.50864947309,22.12859897202839,322.63724844511836,0.007499998901039362,0.0,12.197822167012802,310.4319262792045,0,1.1331256493436759,72.52004155799526,2097152.0,2,0.0,0.0,1.0,0.0,0.0,49.015760362287175,0.006100002792663872,0.0,29.926484769918,19.083175589576506,0,1,0,0.0,0.0,24.507880181143587,0,0,2097152,8,4,0.0,2,0.0,0,0,1.0,0.0,4,4,0,1.0,0.0,0.0,663.0,0,0.0,1.0,0.0,0.0,1.0,0.0,256,1024,0,0.0,6305.792509335355,5561.120599973947,0.0,92.37527052478072,652.2966388366281,0,4871.404708497575,1,-2188.711591497996,3.0740948265611576e-05,1.2890957963124358e-06,1.447118982499155e-06,1.50254324736545e-06,1.3277159383217032e-07,4.901576036228718e-07,3.5602635489243655e-05,no_hotcold,nsga2
0,663,663,train,2.470699191093445,0.224609375,0.650390625,8,64,512,286.29419999197125,48.79336630081181,3.167026386891247,17.308363554669,38.77709999505896,6.760071007780462,19.24163347855398,26.00170448633444,0.006599992047995329,0.0,11.74836622099006,14.246738273296385,0,27.943185915182475,1788.3638985716784,2097152.0,2,0.0,0.0,1.0,0.0,0.0,51.18321676164955,0.00689999433234334,0.0,31.625286338608888,19.551030428708316,0,1,0,0.0,0.0,25.591608380824773,0,0,2097152,8,4,0.0,2,0.0,0,0,1.0,0.0,4,0,0,0.0,0.0,0.0,664.0,4,0.0,1.0,0.0,0.0,1.0,0.0,256,1024,0,0.0,277.07502496948825,167.30440001992974,0.0,90.25474212517294,19.515882824385542,0,4871.404708497575,0,4585.110508505603,9.758673260162362e-07,1.266810554756499e-06,6.9233454218676e-07,3.380035503890231e-08,1.1544980087132386e-07,5.118321676164956e-07,3.5960947464862168e-06,no_hotcold,nsga2
0,664,664,train,2.506637752056122,0.2578125,0.650390625,8,64,512,318.8663000037195,58.380455699854714,2.1592071804932127,18.702256575083446,37.15849999571219,5.630896241621192,11.882410320653374,17.513306562274565,0.007400012691505253,0.0,10.733185219301998,6.772721330281063,0,25.088806534588784,1605.6836182136822,2097152.0,2,0.0,0.0,1.0,0.0,0.0,51.20783059448164,0.007299997378140688,0.0,32.0196157572107,19.1809148398928,0,1,0,0.0,0.0,25.60391529724082,0,0,2097152,8,4,0.0,2,0.0,0,0,1.0,0.0,4,4,0,1.0,0.0,0.0,665.0,0,0.0,1.0,0.0,0.0,1.0,0.0,256,1024,0,0.0,316.9676778217255,204.81900000595488,0.0,91.91532580065547,20.23335201511516,0,4134.2836754982945,0,3815.417375494575,1.1676091139970945e-06,8.636828721972851e-07,7.48090263003338e-07,2.8154481208105966e-08,7.129446192392024e-08,5.120783059448165e-07,3.39090949827456e-06,no_hotcold,nsga2
0,665,665,train,2.538996458053589,0.21875,0.634765625,8,64,512,343.759700001101,61.687346838585036,2.34029750166055,17.73186924026773,36.66450000309851,5.630742940108968,13.960320816183266,19.591063756292236,0.007099995855242014,0.0,10.80216869276239,8.781795067674603,0,23.27200287867222,1489.4081842350222,2097152.0,2,0.0,0.0,1.0,0.0,0.0,51.853270065491635,0.006199989002197981,0.0,32.64208055030915,19.204989526180288,0,1,0,0.0,0.0,25.926635032745818,0,0,2097152,8,4,0.0,2,0.0,0,0,1.0,0.0,4,0,0,0.0,0.0,0.0,666.0,4,0.0,1.0,0.0,0.0,1.0,0.0,256,1024,0,0.0,327.0380543220533,218.35260001535062,0.0,92.25121133952923,16.43424296717343,0,4134.2836754982945,0,3790.5239754971935,1.2337469367717007e-06,9.361190006642201e-07,7.092747696107093e-07,2.8153714700544843e-08,8.376192489709959e-08,5.185327006549164e-07,3.5095890472991915e-06,no_hotcold,nsga2
0,666,666,train,2.526826500892639,0.25390625,0.65625,8,64,512,306.68660000083037,51.15849332249459,2.128744491698825,17.013736497071104,37.075799991725944,5.791713747993709,12.678248278297938,18.469962026291647,0.007599999662488699,0.0,11.33559358072235,7.126768445906809,0,26.085175924877106,1669.4512591921348,2097152.0,2,0.0,0.0,1.0,0.0,0.0,53.661753068694566,0.006699992809444666,0.0,33.73140664613744,19.92364642974768,0,1,0,0.0,0.0,26.830876534347283,0,0,2097152,8,4,0.0,2,0.0,0,0,1.0,0.0,4,4,0,1.0,0.0,0.0,667.0,0,0.0,1.0,0.0,0.0,1.0,0.0,256,1024,0,0.0,281.20389724505804,177.38680001639295,0.0,90.36910713654137,13.447990092123746,0,4134.2836754982945,0,3827.597075497464,1.0231698664498918e-06,8.5149779667953e-07,6.805494598828443e-07,2.8958568739968548e-08,7.606948966978762e-08,5.366175306869457e-07,3.196862712108968e-06,no_hotcold,nsga2
0,667,667,train,2.5153896808624268,0.234375,0.6484375,8,64,512,355.13340000761673,60.69628253603953,2.531507022108725,18.041143114206662,40.04749999148771,6.103255220344094,15.586974025918657,21.690229246262753,0.007399998139590025,0.0,11.400031376515436,10.282797871607725,0,22.526682855359606,1441.7077027430148,2097152.0,2,0.0,0.0,1.0,0.0,0.0,53.021716414814854,0.008499991963617504,0.0,32.08421077705716,20.929005645794078,0,1,0,0.0,0.0,26.510858207407427,0,0,2097152,8,4,0.0,2,0.0,0,0,1.0,0.0,4,0,0,0.0,0.0,0.0,668.0,4,0.0,1.0,0.0,0.0,1.0,0.0,256,1024,0,0.0,325.0757306894197,215.68690001731738,0.0,92.2960672841155,17.092763387986803,0,4134.2836754982945,0,3779.150275490678,1.2139256507207907e-06,1.01260280884349e-06,7.216457245682665e-07,3.051627610172047e-08,9.352184415551194e-08,5.302171641481486e-07,3.6024294685379284e-06,no_hotcold,nsga2
0,668,668,train,2.4619038701057434,0.279296875,0.658203125,8,64,512,398.237400004291,60.319568455730185,4.909771670154196,29.890287411603573,326.5300999919418,7.278043342075125,37.14569748954294,44.42374083161806,0.01160001556854695,0.0,12.02888627283103,32.383254543218484,0,20.088469619990942,1285.6620556794203,2097152.0,2,0.0,0.0,1.0,0.0,0.0,50.39288290817584,0.008500006515532732,0.0,29.483912379558824,20.900470522101486,0,1,0,0.0,0.0,25.19644145408792,0,0,2097152,8,4,0.0,2,0.0,0,0,1.0,0.0,4,4,0,1.0,0.0,0.0,669.0,0,0.0,1.0,0.0,0.0,1.0,0.0,256,1024,0,0.0,380.47851014995183,211.35060003143735,0.0,89.46959797529023,79.65831214322422,0,4134.2836754982945,0,3736.0462754940036,1.2063913691146037e-06,1.9639086680616785e-06,1.195611496464143e-06,3.639021671037563e-08,2.2287418493725762e-07,5.039288290817585e-07,5.129104764369817e-06,no_hotcold,nsga2
0,669,669,train,2.4727991223335266,0.265625,0.6640625,8,64,512,686.2125000043306,18.42952904956307,23.189173046582678,18.12541404959499,52.37410000700038,6.009194871182647,183.92626868199756,189.9354635531802,0.008600007276982069,0.0,11.375424932142678,178.55143861376052,0,11.658179269206322,746.1234732292046,2097152.0,2,0.0,0.0,1.0,0.0,0.0,52.12262006919741,0.006800008122809231,0.0,32.326755274621576,19.78906478645302,0,1,0,0.0,0.0,26.061310034598705,0,0,2097152,8,4,0.0,2,0.0,0,0,1.0,0.0,4,0,0,0.0,0.0,0.0,670.0,4,0.0,1.0,0.0,0.0,1.0,0.0,256,1024,0,0.0,238.97646458296296,45.879199999035336,0.0,89.67379937504356,103.42346520888407,0,4134.2836754982945,0,3448.071175493964,3.6859058099126136e-07,9.275669218633071e-06,7.250165619837996e-07,3.0045974355913234e-08,1.1035576120919851e-06,5.212262006919742e-07,1.2024106148748007e-05,no_hotcold,nsga2
0,670,670,train,2.4640186429023743,0.28515625,0.662109375,8,64,512,402.888399999938,69.82975635963989,2.252898950237417,17.188735332280906,37.22789998573717,6.375352538208893,12.85135878732391,19.226711325532804,0.008400005754083395,0.0,12.494523452929693,6.723787866849028,0,19.85656609481717,1270.8202300682988,2097152.0,2,0.0,0.0,1.0,0.0,0.0,51.30545295429084,0.00650000583846122,0.0,29.95648658181406,21.34246636663832,0,1,0,0.0,0.0,25.65272647714542,0,0,2097152,8,4,0.0,2,0.0,0,0,1.0,0.0,4,4,0,1.0,0.0,0.0,671.0,0,0.0,1.0,0.0,0.0,1.0,0.0,256,1024,0,0.0,357.0855625686328,251.8170999683207,0.0,88.9821215316226,16.286341068689545,0,4134.2836754982945,0,3731.3952754983566,1.3965951271927977e-06,9.011595800949669e-07,6.875494132912362e-07,3.187676269104447e-08,7.710815272394346e-08,5.130545295429084e-07,3.6073435655368975e-06,no_hotcold,nsga2
0,671,671,train,2.5167680382728577,0.2265625,0.666015625,8,64,512,357.3269999906188,62.99096311067143,2.350675611192698,18.008631339806684,36.1302999954205,7.323032020268899,14.919442114179184,22.24247413444808,0.007300011930055916,0.0,12.792429072076184,9.442745050441845,0,22.388393857212506,1432.8572068616004,2097152.0,2,0.0,0.0,1.0,0.0,0.0,48.9322070396909,0.006699992809444666,0.0,30.454907984859975,18.47059906202148,0,1,0,0.0,0.0,24.46610351984545,0,0,2097152,8,4,0.0,2,0.0,0,0,1.0,0.0,4,0,0,0.0,0.0,0.0,672.0,4,0.0,1.0,0.0,0.0,1.0,0.0,256,1024,0,0.0,333.40108024668325,222.37209994636942,0.0,92.3886872820272,18.640293018286624,0,4134.2836754982945,0,3776.9566755076758,1.2598192622134286e-06,9.402702444770793e-07,7.203452535922673e-07,3.66151601013445e-08,8.951665268507509e-08,4.893220703969091e-07,3.535888643466104e-06,no_hotcold,nsga2
0,672,672,train,2.514457643032074,0.248046875,0.669921875,8,64,512,324.5745999884093,59.04139491763959,2.174941798486239,16.718165046259823,41.310900007374585,5.705338801917566,13.291972210953766,18.997311012871332,0.007100010407157242,0.0,11.036865579116322,7.953345423347852,0,24.64757055146993,1577.4445152940755,2097152.0,2,0.0,0.0,1.0,0.0,0.0,48.8222367647341,0.007100010407157242,0.0,29.69644418001328,19.118692574313663,0,1,0,0.0,0.0,24.41111838236705,0,0,2097152,8,4,0.0,2,0.0,0,0,1.0,0.0,4,4,0,1.0,0.0,0.0,673.0,0,0.0,1.0,0.0,0.0,1.0,0.0,256,1024,0,0.0,311.7380070495426,210.42800004943274,0.0,88.19741387883136,13.112593121278522,0,4134.2836754982945,0,3809.709075509885,1.1808278983527917e-06,8.699767193944956e-07,6.68726601850393e-07,2.8526694009587834e-08,7.975183326572259e-08,4.88222367647341e-07,3.3160321145203314e-06,no_hotcold,nsga2
0,673,673,train,2.597309172153473,0.251953125,0.626953125,8,64,512,121.22100000851788,16.494918753847983,2.288906163246665,16.471763458333363,51.32969999976922,6.538101125663384,14.364790913502596,20.90289203916598,0.00689999433234334,0.0,12.670728948012037,8.2252630968216,0,65.99462143371555,4223.655771757795,2097152.0,2,0.0,0.0,1.0,0.0,0.0,48.32375677510964,0.006900008884258568,0.0,30.033685825634308,18.28317094059108,0,1,0,0.0,0.0,24.16187838755482,0,0,2097152,8,4,0.0,2,0.0,0,0,1.0,0.0,4,0,0,0.0,0.0,0.0,674.0,4,0.0,1.0,0.0,0.0,1.0,0.0,256,1024,0,0.0,141.02235350171205,39.63159996783361,0.0,86.95637484912824,14.434378684750193,0,4134.2836754982945,0,4013.0626754897767,3.2989837507695966e-07,9.155624652986659e-07,6.588705383333346e-07,3.269050562831692e-08,8.618874548101556e-08,4.832375677510965e-07,2.506448197569389e-06,no_hotcold,nsga2
0,674,674,train,2.514830708503723,0.259765625,0.666015625,8,64,512,86.07980000670068,16.26807705484777,2.380064508262863,17.00101453371788,59.34200000774581,5.749530454492866,14.657733891438202,20.40726434593107,0.006800008122809231,0.0,11.66735263397906,8.733111703829197,0,92.93593924983581,5947.900111989492,2097152.0,2,0.0,0.0,1.0,0.0,0.0,51.14510245621037,0.00650000583846122,0.0,32.05424363122903,19.08435881914288,0,1,0,0.0,0.0,25.572551228105183,0,0,2097152,8,4,0.0,2,0.0,0,0,1.0,0.0,4,4,0,1.0,0.0,0.0,675.0,0,0.0,1.0,0.0,0.0,1.0,0.0,256,1024,0,0.0,142.59662438731405,37.815999952727,0.0,89.22202252664431,15.558601907942741,0,3122.3172090002363,0,3036.2374089935356,3.253615410969554e-07,9.520258033051452e-07,6.800405813487152e-07,2.874765227246433e-08,8.79464033486292e-08,5.114510245621037e-07,2.5855730059340127e-06,no_hotcold,nsga2
0,675,675,train,2.5372747778892517,0.224609375,0.671875,8,64,512,355.48739999649115,62.04552823164994,2.1836608766570205,17.284755535724827,35.91950000554789,6.610221096827218,12.591076807467246,19.201297904294464,0.006900008884258568,0.0,12.829710334027858,6.364687561382347,0,22.504250490533487,1440.2720313941431,2097152.0,2,0.0,0.0,1.0,0.0,0.0,53.00390007028431,0.006199989002197981,0.0,32.93894302813827,20.058757053143847,0,1,0,0.0,0.0,26.501950035142155,0,0,2097152,8,4,0.0,2,0.0,0,0,1.0,0.0,4,0,0,0.0,0.0,0.0,676.0,4,0.0,1.0,0.0,0.0,1.0,0.0,256,1024,0,0.0,326.0557785761272,219.7930000256747,0.0,91.66211436532039,14.600664185132047,0,3122.3172090002363,0,2766.829809003745,1.2409105646329988e-06,8.734643506628083e-07,6.91390221428993e-07,3.3051105484136093e-08,7.554646084480346e-08,5.300390007028432e-07,3.444401703756583e-06,no_hotcold,nsga2
0,676,676,train,2.4878639578819275,0.25390625,0.66015625,8,64,512,308.0599999957485,51.88640545092447,2.502635105209902,17.36058502552313,37.80140000162646,6.167552090173779,15.948462089028453,22.11601417920223,0.007700000423938036,0.0,11.963319568725773,10.144994610052523,0,25.968882786559828,1662.008498339829,2097152.0,2,0.0,0.0,1.0,0.0,0.0,48.38697154221238,0.006000002031214535,0.0,27.755689007755805,20.625282532425363,0,1,0,0.0,0.0,24.19348577110619,0,0,2097152,8,4,0.0,2,0.0,0,0,1.0,0.0,4,4,0,1.0,0.0,0.0,677.0,0,0.0,1.0,0.0,0.0,1.0,0.0,256,1024,0,0.0,286.99850232663,178.78710002696607,0.0,92.39899084763438,15.812411452029561,0,3122.3172090002363,0,2814.257209004488,1.0377281090184895e-06,1.0010540420839606e-06,6.944234010209253e-07,3.08377604508689e-08,9.569077253417071e-08,4.838697154221238e-07,3.343603800530539e-06,no_hotcold,nsga2
0,677,677,train,2.3938156962394714,0.31640625,0.685546875,8,64,512,343.5971999861067,61.39766673426193,2.307198716891758,16.4649860471948,38.25170001073275,5.711270031366688,13.84805970351652,19.559329734883207,0.007199996616691351,0.0,11.243898919251777,8.308230819014739,0,23.283009050464987,1490.1125792297591,2097152.0,2,0.0,0.0,1.0,0.0,0.0,52.14200628254257,0.007600014214403927,0.0,30.77721362805064,21.357192640277518,0,1,0,0.0,0.0,26.071003141271284,0,0,2097152,8,4,0.0,2,0.0,0,0,1.0,0.0,4,0,0,0.0,0.0,0.0,678.0,4,0.0,1.0,0.0,0.0,1.0,0.0,256,1024,0,0.0,320.67940599339397,217.33190001395997,0.0,89.55253222456572,13.794973754868252,0,3122.3172090002363,0,2778.7200090141296,1.227953334685239e-06,9.228794867567033e-07,6.585994418877921e-07,2.855635015683344e-08,8.308835822109912e-08,5.214200628254257e-07,3.4424970345330926e-06,no_hotcold,nsga2
0,678,678,train,2.5302194356918335,0.224609375,0.66015625,8,64,512,183.38409998978022,32.964271863082224,2.306848214697423,16.85212188031655,74.11790000332985,6.742961698646287,14.101071795288682,20.84403349393497,0.009099996532313526,0.0,12.061456788864884,8.773476708537771,0,43.62404579459197,2791.938930853886,2097152.0,2,0.0,0.0,1.0,0.0,0.0,48.439941875887556,0.006800008122809231,0.0,29.40130341964781,19.031838448116936,0,1,0,0.0,0.0,24.219970937943778,0,0,2097152,8,4,0.0,2,0.0,0,0,1.0,0.0,4,4,0,1.0,0.0,0.0,679.0,0,0.0,1.0,0.0,0.0,1.0,0.0,256,1024,0,0.0,208.4929678323848,104.13900000276044,0.0,89.80734826376737,14.546619565856988,0,3122.3172090002363,0,2938.933109010456,6.592854372616445e-07,9.227392858789691e-07,6.74084875212662e-07,3.371480849323144e-08,8.460643077173208e-08,4.843994187588755e-07,2.858830256377115e-06,no_hotcold,nsga2
0,679,679,train,2.522696793079376,0.234375,0.650390625,8,64,512,193.84550000540912,30.419577911080268,3.0386337405486215,18.746974115396025,143.12900000368245,6.057943367687286,20.617634361953908,26.675577729641194,0.008600007276982069,0.0,11.141462197240902,15.525515525123309,0,41.269767572676145,2641.2651246512733,2097152.0,2,0.0,0.0,1.0,0.0,0.0,48.80206115658027,0.012199991033412516,0.0,29.375676507476758,19.414184658070102,0,1,0,0.0,0.0,24.401030578290136,0,0,2097152,8,4,0.0,2,0.0,0,0,1.0,0.0,4,0,0,0.0,0.0,0.0,680.0,4,0.0,1.0,0.0,0.0,1.0,0.0,256,1024,0,0.0,208.82074306809966,93.57599998475052,0.0,89.02932145814279,26.215421625206346,0,3122.3172090002363,0,2928.471708994827,6.083915582216055e-07,1.2154534962194488e-06,7.498789646158411e-07,3.0289716838436434e-08,1.2370580617172343e-07,4.880206115658028e-07,3.215740153632858e-06,no_hotcold,nsga2
0,680,680,train,2.485078811645508,0.23828125,0.64453125,8,64,512,2911.3152000063565,600.282193084732,2.40999424270062,30.821809549493018,37.64239999873098,6.807984961626574,15.178799159780134,21.986784121406707,0.00689999433234334,0.0,11.307857778928277,10.672026348146089,0,2.7478980125836325,175.86547280535248,2097152.0,2,0.0,0.0,1.0,0.0,0.0,50.2538855269886,0.006600021151825786,0.0,30.253100829175906,19.994184676660872,0,1,0,0.0,0.0,25.1269427634943,0,0,2097152,8,4,0.0,2,0.0,0,0,1.0,0.0,4,4,0,1.0,0.0,0.0,681.0,0,0.0,1.0,0.0,0.0,1.0,0.0,256,1024,0,0.0,2534.0559875077024,2371.203999995487,0.0,88.28813096600837,74.56385654620708,0,4223.743045501246,0,1312.4278454948899,1.200564386169464e-05,9.639976970802481e-07,1.2328723819797208e-06,3.4039924808132874e-08,9.107279495868079e-08,5.02538855269886e-07,1.483016551579131e-05,no_hotcold,nsga2
0,681,681,train,2.4966431856155396,0.2265625,0.650390625,8,64,512,359.23750000074506,65.08790381658545,2.30153823997514,16.98975728277895,38.12010001274757,5.8674428492425985,13.377637670210833,19.24508051945343,0.007199996616691351,0.0,11.42474891205319,7.8131316107835485,0,22.26932803689863,1425.2369943615124,2097152.0,2,0.0,0.0,1.0,0.0,0.0,50.706529343896904,0.00650000583846122,0.0,30.00691770031637,20.69311163774207,0,1,0,0.0,0.0,25.353264671948452,0,0,2097152,8,4,0.0,2,0.0,0,0,1.0,0.0,4,0,0,0.0,0.0,0.0,682.0,4,0.0,1.0,0.0,0.0,1.0,0.0,256,1024,0,0.0,337.5167973573582,232.2787000448443,0.0,90.64811464930152,14.589982663212428,0,4223.743045501246,0,3864.5055455005013,1.3017580763317093e-06,9.206152959900561e-07,6.79590291311158e-07,2.9337214246212995e-08,8.026582602126499e-08,5.070652934389691e-07,3.518631997339371e-06,no_hotcold,nsga2
0,682,682,train,2.52440869808197,0.234375,0.673828125,8,64,512,334.596300002886,60.095817295039765,2.223752555180625,16.779257474304938,36.81979999237228,6.286677380678563,13.917787351982827,20.204464732661393,0.00750001345295459,0.0,12.114858145622689,8.082106573585747,0,23.90933818034694,1530.197643542204,2097152.0,2,0.0,0.0,1.0,0.0,0.0,49.048499621335154,0.009800001862458885,0.0,30.05644697724832,18.982252642224374,0,1,0,0.0,0.0,24.524249810667577,0,0,2097152,8,4,0.0,2,0.0,0,0,1.0,0.0,4,4,0,1.0,0.0,0.0,683.0,0,0.0,1.0,0.0,0.0,1.0,0.0,256,1024,0,0.0,316.3953092981013,212.08009999827482,0.0,89.74731612352534,14.567893176301169,0,2101.0208835059825,0,1766.4245835030965,1.2019163459007956e-06,8.895010220722502e-07,6.711702989721976e-07,3.143338690339282e-08,8.350672411189696e-08,4.904849962133516e-07,3.3680127741738846e-06,no_hotcold,nsga2
0,683,683,train,2.532873809337616,0.244140625,0.62890625,8,64,512,343.15200000128243,61.51171131623235,2.3788299748092876,17.089182586482004,37.55540000565816,5.767854042659685,12.974664084739286,18.742518127398974,0.007399998139590025,0.0,11.057717324670612,7.677400804588769,0,23.313215970631475,1492.0458221204144,2097152.0,2,0.0,0.0,1.0,0.0,0.0,50.80696354400386,0.01030000566970557,0.0,32.440209592041626,18.356453946292525,0,1,0,0.0,0.0,25.40348177200193,0,0,2097152,8,4,0.0,2,0.0,0,0,1.0,0.0,4,0,0,0.0,0.0,0.0,684.0,4,0.0,1.0,0.0,0.0,1.0,0.0,256,1024,0,0.0,323.91889551009456,217.2392999927979,0.0,92.03492141084924,14.644674106447411,0,2101.0208835059825,0,1757.8688835047,1.230234226324647e-06,9.515319899237153e-07,6.835673034592802e-07,2.8839270213298428e-08,7.784798450843571e-08,5.080696354400386e-07,3.480090409869415e-06,no_hotcold,nsga2
0,684,684,train,2.5085277557373047,0.263671875,0.642578125,8,64,512,326.78210000449326,60.48900345785981,2.357987435133616,16.452699306846412,39.13730000203941,6.590085916614428,13.984140745708538,20.574226662322967,0.006999995093792677,0.0,12.835142120868625,7.732084546360548,0,24.481070165164603,1566.7884905705346,2097152.0,2,0.0,0.0,1.0,0.0,0.0,53.09550925952008,0.006200003554113209,0.0,32.50005649818671,20.589252757779256,0,1,0,0.0,0.0,26.54775462976004,0,0,2097152,8,4,0.0,2,0.0,0,0,1.0,0.0,4,4,0,1.0,0.0,0.0,685.0,0,0.0,1.0,0.0,0.0,1.0,0.0,256,1024,0,0.0,317.1987607993593,214.28179999929853,0.0,88.93710092679314,13.979859873267692,0,2101.0208835059825,0,1774.2387835014893,1.2097800691571962e-06,9.431949740534463e-07,6.581079722738565e-07,3.2950429583072144e-08,8.390484447425122e-08,5.309550925952008e-07,3.4588933821370228e-06,no_hotcold,nsga2
0,685,685,train,2.354170501232147,0.29296875,0.693359375,8,64,512,352.14109999651555,61.81323595308234,2.2131482576395576,17.24451019008413,38.93670000252314,5.403318500143015,13.029983841891312,18.433302342034327,0.007299997378140688,0.0,11.886040001283467,6.53996234337272,0,22.718101584783984,1453.958501426175,2097152.0,2,0.0,0.0,1.0,0.0,0.0,49.57640212737665,0.006700007361359894,0.0,30.688021357650808,18.88168076236449,0,1,0,0.0,0.0,24.788201063688327,0,0,2097152,8,4,0.0,2,0.0,0,0,1.0,0.0,4,0,0,0.0,0.0,0.0,686.0,4,0.0,1.0,0.0,0.0,1.0,0.0,256,1024,0,0.0,325.0835776032241,219.613000008394,0.0,91.43629686063439,14.034280734195734,0,2101.0208835059825,0,1748.879783509467,1.236264719061647e-06,8.852593030558231e-07,6.897804076033652e-07,2.7016592500715075e-08,7.817990305134786e-08,4.957640212737666e-07,3.412264946546665e-06,no_hotcold,nsga2
0,686,686,train,2.3771682381629944,0.283203125,0.669921875,8,64,512,83.05919999838807,17.705860228076464,2.5849252494149693,17.88120428081347,49.72300000372343,6.487783089784333,14.665831418484473,21.153614508268806,0.006599992047995329,0.0,11.57988150132925,9.567133014891558,0,96.31568428868765,6164.2037944760095,2097152.0,2,0.0,0.0,1.0,0.0,0.0,48.311630049403476,0.006700007361359894,0.0,29.895796479050894,18.409133562991222,0,1,0,0.0,0.0,24.155815024701738,0,0,2097152,8,4,0.0,2,0.0,0,0,1.0,0.0,4,4,0,1.0,0.0,0.0,687.0,0,0.0,1.0,0.0,0.0,1.0,0.0,256,1024,0,0.0,152.6879590332196,44.09920000762213,0.0,90.43224794189425,18.15651108370323,0,2101.0208835059825,0,2017.9616835075944,3.5411720456152934e-07,1.0339700997659878e-06,7.152481712325389e-07,3.243891544892167e-08,8.799498851090683e-08,4.831163004940347e-07,2.7068856800139193e-06,no_hotcold,nsga2
0,687,687,train,2.4946837425231934,0.25390625,0.677734375,8,64,512,282.10529999341816,47.652230551460704,2.4727941709753294,18.07010723525341,49.25339999317657,6.890579183498251,15.415989196556215,22.306568380054465,0.007000009645707905,0.0,12.660838968228191,9.638729402180566,0,28.358104729269247,1814.9187026732318,2097152.0,2,0.0,0.0,1.0,0.0,0.0,51.231831001586535,0.007100010407157242,0.0,31.282274741027358,19.94245625015202,0,1,0,0.0,0.0,25.615915500793268,0,0,2097152,8,4,0.0,2,0.0,0,0,1.0,0.0,4,0,0,0.0,0.0,0.0,688.0,4,0.0,1.0,0.0,0.0,1.0,0.0,256,1024,0,0.0,272.78052783075776,163.29110000515357,0.0,90.68552180529176,18.80390602031245,0,2101.0208835059825,0,1818.9155835125644,9.530446110292141e-07,9.891176683901319e-07,7.228042894101365e-07,3.445289591749126e-08,9.249593517933727e-08,5.123183100158654e-07,3.3042337099421766e-06,no_hotcold,nsga2
0,688,688,train,2.4115185141563416,0.302734375,0.67578125,8,64,512,287.8826999949524,47.653307790625064,2.0809694954504954,16.739352379641588,38.31079999508802,6.185414408694276,12.690549795823806,18.875964204518084,0.006800008122809231,0.0,12.246385226187403,6.622778970207871,0,27.788999516611284,1778.4959690631222,2097152.0,2,0.0,0.0,1.0,0.0,0.0,50.36240517386053,0.015199999324977398,0.0,31.657743720425692,18.689461454109857,0,1,0,0.0,0.0,25.181202586930265,0,0,2097152,8,4,0.0,2,0.0,0,0,1.0,0.0,4,4,0,1.0,0.0,0.0,689.0,0,0.0,1.0,0.0,0.0,1.0,0.0,256,1024,0,0.0,265.89451866286856,163.70510001434013,0.0,88.81229949633043,13.377119152198043,0,2101.0208835059825,0,1813.13818351103,9.530661558125014e-07,8.323877981801983e-07,6.695740951856634e-07,3.0927072043471385e-08,7.614329877494282e-08,5.036240517386054e-07,3.0657224717353826e-06,no_hotcold,nsga2
0,689,689,train,2.4704391956329346,0.26953125,0.68359375,8,64,512,731.0011000081431,146.0622301287599,7.326366232266734,23.471022523095883,53.5706999944523,6.427334547121635,52.650020270925644,59.07735481804728,0.007799986633472145,0.0,11.505482125541157,47.564072705872654,0,10.94388100924865,700.4083845919135,2097152.0,2,0.0,0.0,1.0,0.0,0.0,52.30681386617101,0.00890000956133008,0.0,31.79065748905322,20.50725636755646,0,1,0,0.0,0.0,26.153406933085506,0,0,2097152,8,4,0.0,2,0.0,0,0,1.0,0.0,4,0,0,0.0,0.0,0.0,690.0,4,0.0,1.0,0.0,0.0,1.0,0.0,256,1024,0,0.0,707.4384755364899,558.1991000071866,0.0,89.36945488238155,59.869920646921855,0,2123.1912405078697,0,1392.1901404997266,2.921244602575198e-06,2.930546492906694e-06,9.388409009238355e-07,3.213667273560818e-08,3.159001216255538e-07,5.230681386617101e-07,7.661736929428599e-06,no_hotcold,nsga2
0,690,690,train,2.5608327984809875,0.228515625,0.6484375,8,64,512,5931.337200003327,1310.3334537891983,9.148182224121339,119.03590266825015,35.75260000070557,123.07883123833321,71.98011960867576,195.058950847009,0.007100010407157242,0.0,12.598509949531927,182.45334088706988,0,1.3487681413943842,86.32116104924059,2097152.0,2,0.0,0.0,1.0,0.0,0.0,49.82642536007977,0.006300004315562546,0.0,30.846212701765328,18.973912653998873,0,1,0,0.0,0.0,24.913212680039884,0,0,2097152,8,4,0.0,2,0.0,0,0,1.0,0.0,4,4,0,1.0,0.0,0.0,691.0,0,0.0,1.0,0.0,0.0,1.0,0.0,256,1024,0,0.0,5754.07015472628,4970.083800028078,0.0,93.5286224709212,690.4577322272801,0,5029.560030005149,1,-901.7771699981777,2.620666907578397e-05,3.659272889648536e-06,4.761436106730005e-06,6.153941561916661e-07,4.318807176520545e-07,4.982642536007977e-07,3.6172917199607035e-05,no_hotcold,nsga2
0,691,691,train,2.598461866378784,0.224609375,0.66015625,8,64,512,327.06760001019575,60.7061021988016,2.1911525675269328,17.694404805001096,37.02960000373423,6.36281522272682,14.253151570687079,20.6159667934139,0.006900008884258568,0.0,12.751306800968857,7.857759983560784,0,24.459700502434707,1565.4208321558212,2097152.0,2,0.0,0.0,1.0,0.0,0.0,50.238513461677485,0.006600006599910557,0.0,30.48292766790939,19.748985787168184,0,1,0,0.0,0.0,25.119256730838742,0,0,2097152,8,4,0.0,2,0.0,0,0,1.0,0.0,4,0,0,0.0,0.0,0.0,692.0,4,0.0,1.0,0.0,0.0,1.0,0.0,256,1024,0,0.0,322.3666382853185,215.77739994972944,0.0,92.19402297173431,14.395215363854788,0,5029.560030005149,0,4702.492429994953,1.2141220439760322e-06,8.764610270107732e-07,7.077761922000439e-07,3.18140761136341e-08,8.551890942412247e-08,5.023851346167749e-07,3.4180773833413807e-06,no_hotcold,nsga2
0,692,692,train,2.417775511741638,0.265625,0.67578125,8,64,512,323.24979999975767,59.66321537916119,2.1891408300084447,16.808367464882412,37.860800002817996,5.520878789844408,12.340403535694982,17.861282325539392,0.007099995855242014,0.0,10.979385434279106,6.8747968954050425,0,24.74858530901083,1583.9094597766932,2097152.0,2,0.0,0.0,1.0,0.0,0.0,51.718828928602775,0.006700007361359894,0.0,32.844247824388965,18.867881096852454,0,1,0,0.0,0.0,25.859414464301388,0,0,2097152,8,4,0.0,2,0.0,0,0,1.0,0.0,4,4,0,1.0,0.0,0.0,693.0,0,0.0,1.0,0.0,0.0,1.0,0.0,256,1024,0,0.0,314.64289469620815,211.32610001950525,0.0,88.91589011500312,14.40090456169984,0,2123.1912405078697,0,1799.941440508112,1.193264307583224e-06,8.756563320033779e-07,6.723346985952965e-07,2.7604393949222046e-08,7.404242121416987e-08,5.171882892860279e-07,3.3600904426313183e-06,no_hotcold,nsga2
0,693,693,train,2.5599353313446045,0.24609375,0.623046875,8,64,512,342.5133000127971,61.87843821102248,2.286053658492114,17.159263442625118,36.852000004728325,6.188768177897621,15.353762904845077,21.5425310827427,0.007299997378140688,0.0,12.679741114265797,8.855489971098761,0,23.356689048314486,1494.828099092127,2097152.0,2,0.0,0.0,1.0,0.0,0.0,51.613246887257304,0.006399990525096655,0.0,31.867860294669484,19.738986602062727,0,1,0,0.0,0.0,25.806623443628652,0,0,2097152,8,4,0.0,2,0.0,0,0,1.0,0.0,4,0,0,0.0,0.0,0.0,694.0,4,0.0,1.0,0.0,0.0,1.0,0.0,256,1024,0,0.0,325.2950212485589,220.29529997962527,0.0,90.06180872553163,14.93791254340194,0,2123.1912405078697,0,1780.6779404950726,1.2375687642204496e-06,9.144214633968459e-07,6.863705377050048e-07,3.094384088948811e-08,9.212257742907045e-08,5.161324688725732e-07,3.477559652513432e-06,no_hotcold,nsga2
0,694,694,train,2.6174323558807373,0.23046875,0.623046875,8,64,512,327.8644000092754,60.402914481936364,2.345468013449382,16.79542193474537,37.566200000583194,5.645521615800716,12.75635093140707,18.401872547207788,0.007800001185387373,0.0,11.048711529430125,7.345361016592274,0,24.400256934015232,1561.6164437769748,2097152.0,2,0.0,0.0,1.0,0.0,0.0,48.60645932234715,0.008499991963617504,0.0,29.776916979909362,18.821042350474173,0,1,0,0.0,0.0,24.303229661173575,0,0,2097152,8,4,0.0,2,0.0,0,0,1.0,0.0,4,4,0,1.0,0.0,0.0,695.0,0,0.0,1.0,0.0,0.0,1.0,0.0,256,1024,0,0.0,318.1752177205245,213.37749999656808,0.0,91.33489488091857,13.462822843037845,0,2123.1912405078697,0,1795.3268404985943,1.2080582896387273e-06,9.381872053797529e-07,6.718168773898149e-07,2.822760807900358e-08,7.653810558844241e-08,4.860645932234715e-07,3.408892679299212e-06,no_hotcold,nsga2
0,695,695,train,2.410035729408264,0.287109375,0.6875,8,64,512,339.2535000020871,61.66519197962698,2.1792797643492774,17.012609882882124,38.049900002079085,6.182825925312525,13.112908361077888,19.295734286390413,0.00689999433234334,0.0,11.889608808204297,7.399225483853774,0,23.581116831024453,1509.191477185565,2097152.0,2,0.0,0.0,1.0,0.0,0.0,54.72736163049905,0.008399991202168167,0.0,33.10341347962839,21.615548159668492,0,1,0,0.0,0.0,27.363680815249523,0,0,2097152,8,4,0.0,2,0.0,0,0,1.0,0.0,4,0,0,0.0,0.0,0.0,696.0,4,0.0,1.0,0.0,0.0,1.0,0.0,256,1024,0,0.0,323.42832650743355,218.1632000283571,0.0,91.1819847016524,14.08314177742405,0,2123.1912405078697,0,1783.9377405057826,1.23330383959254e-06,8.717119057397108e-07,6.805043953152851e-07,3.0914129626562625e-08,7.867745016646732e-08,5.472736163049906e-07,3.4423853367455563e-06,no_hotcold,nsga2
0,696,696,train,2.6813297867774963,0.2421875,0.599609375,8,64,512,2582.147299995995,550.3009581603899,39.07615957476287,23.50357143810927,42.45860000082757,6.586491962967928,295.70437809890456,302.2908700618725,0.006599992047995329,0.0,12.122111061905848,290.1621590079186,0,3.0981954057450563,198.2845059676836,2097152.0,2,0.0,0.0,1.0,0.0,0.0,52.232556628420085,0.007299997378140688,0.0,32.164168812000234,20.06108781904171,0,1,0,0.0,0.0,26.116278314210042,0,0,2097152,8,4,0.0,2,0.0,0,0,1.0,0.0,4,4,0,1.0,0.0,0.0,697.0,0,0.0,1.0,0.0,0.0,1.0,0.0,256,1024,0,0.0,2451.522756693048,2173.8039999618195,0.0,89.27908977448678,188.4396669567418,0,3039.5086095018623,0,457.3613095058672,1.1006019163207799e-05,1.5630463829905146e-05,9.401428575243709e-07,3.2932459814839644e-08,1.7742262685934271e-06,5.22325566284201e-07,2.9906110145329785e-05,no_hotcold,nsga2
0,697,697,train,2.604026138782501,0.22265625,0.634765625,8,64,512,321.8185000005178,58.319702740739956,2.3949061017432807,16.531897681447802,38.274999998975545,6.726319892872612,15.138486892066942,21.864806784939553,0.007600014214403927,0.0,12.564269242655703,9.292937528069446,0,24.85865523993148,1590.9539353556147,2097152.0,2,0.0,0.0,1.0,0.0,0.0,49.52356793113847,0.006000002031214535,0.0,28.885726774881654,20.631841154225604,0,1,0,0.0,0.0,24.761783965569236,0,0,2097152,8,4,0.0,2,0.0,0,0,1.0,0.0,4,0,0,0.0,0.0,0.0,698.0,4,0.0,1.0,0.0,0.0,1.0,0.0,256,1024,0,0.0,308.9860260957241,204.90019998396747,0.0,88.3783604262642,15.707465685492513,0,3039.5086095018623,0,2717.6901095013445,1.1663940548147993e-06,9.579624406973123e-07,6.612759072579123e-07,3.3631599464363063e-08,9.083092135240163e-08,4.952356793113849e-07,3.405330602898173e-06,no_hotcold,nsga2
0,698,698,train,2.5051475167274475,0.28515625,0.654296875,8,64,512,284.9005999887595,50.73774251872976,2.1575114878478505,17.088985193910087,35.908000005292706,6.626584933254305,12.281002526350727,18.907587459605033,0.006599992047995329,0.0,12.240086970167809,6.660900497389229,0,28.079870384426176,1797.1117046032753,2097152.0,2,0.0,0.0,1.0,0.0,0.0,48.9676749642118,0.006799993570894003,0.0,28.480633379213025,20.480241591427884,0,1,0,0.0,0.0,24.4838374821059,0,0,2097152,8,4,0.0,2,0.0,0,0,1.0,0.0,4,4,0,1.0,0.0,0.0,699.0,0,0.0,1.0,0.0,0.0,1.0,0.0,256,1024,0,0.0,279.9369568019508,174.7425000212388,0.0,91.41870897947464,13.775747801237335,0,3039.5086095018623,0,2754.608009513103,1.0147548503745954e-06,8.630045951391403e-07,6.835594077564034e-07,3.313292466627153e-08,7.368601515810435e-08,4.896767496421181e-07,3.1578145427366333e-06,no_hotcold,nsga2
0,699,699,train,2.6156647205352783,0.22265625,0.62890625,8,64,512,73.08419999026228,16.361872203685387,2.112201626156287,17.495935091027537,48.44210000010207,5.651205737873391,13.15233372543748,18.80353946331087,0.006499991286545992,0.0,12.051219139941965,6.745820332082358,0,109.46128629415946,7005.522322826206,2097152.0,2,0.0,0.0,1.0,0.0,0.0,48.00580633218355,0.006699992809444666,0.0,28.73281203254187,19.266294306832243,0,1,0,0.0,0.0,24.002903166091777,0,0,2097152,8,4,0.0,2,0.0,0,0,1.0,0.0,4,0,0,0.0,0.0,0.0,700.0,4,0.0,1.0,0.0,0.0,1.0,0.0,256,1024,0,0.0,143.88003568347682,36.700200027553365,0.0,92.783791362962,14.396044292961474,0,3039.5086095018623,0,2966.4244095116,3.2723744407370775e-07,8.44880650462515e-07,6.998374036411015e-07,2.8256028689366956e-08,7.891400235262487e-08,4.800580633218356e-07,2.4591835925411514e-06,no_hotcold,nsga2
0,700,700,val,2.726688325405121,0.232421875,0.6171875,8,64,512,322.510300000431,49.65723277075843,2.272800611142282,80.48659460059184,0.0,0.0,0.0,0.0,0.0,0.0,0.0,0.0,0,24.805332402273375,1587.541273745496,0.0,0,0.0,0.0,0.0,0.0,0.0,0.0,0.0,0.0,0.0,0.0,0,0,0,0.0,0.0,0.0,0,0,0,8,4,0.0,2,0.0,0,0,1.0,0.0,0,0,0,0.0,0.0,0.0,0.0,0,0.0,1.0,0.0,0.0,1.0,0.0,256,1024,0,0.0,529.6665119299702,171.4320999744814,250.0,92.13114230994783,16.103269645540948,0,3039.5086095018623,0,2716.9983095014313,9.931446554151685e-07,9.091202444569126e-07,3.219463784023674e-06,0.0,0.0,0.0,5.1217286838957555e-06,no_hotcold,nsga2
0,700,700,train,2.584865689277649,0.2265625,0.65625,8,64,512,285.27009999379516,49.02124443822752,2.1475080501701314,18.60544147157335,35.257700001238845,5.618002433859887,12.288761916545761,17.90676435040565,0.007100010407157242,0.0,11.238601290933387,6.661063049065104,0,28.0434996751301,1794.7839792083264,2097152.0,2,0.0,0.0,1.0,0.0,0.0,51.30159938339689,0.007399998139590025,0.0,31.465002466055843,19.829196919201458,0,1,0,0.0,0.0,25.650799691698445,0,0,2097152,8,4,0.0,2,0.0,0,0,1.0,0.0,4,4,0,1.0,0.0,0.0,701.0,0,0.0,1.0,0.0,0.0,1.0,0.0,256,1024,0,0.0,279.096775839884,167.61040000710636,0.0,97.15432316616881,14.33205266660883,0,3039.5086095018623,0,2754.238509508067,9.804248887645506e-07,8.590032200680525e-07,7.44217658862934e-07,2.809001216929944e-08,7.373257149927457e-08,5.130159938339689e-07,3.19848434519808e-06,no_hotcold,nsga2
0,701,701,train,2.678414225578308,0.23828125,0.61328125,8,64,512,252.84210000245366,40.365615954758646,2.2850554739435536,17.854791778419674,49.26079999131616,6.7941864840871435,12.510530057416979,19.30471654150412,0.00650000583846122,0.0,12.137318801177479,7.160897734488184,0,31.64017527044387,2024.9712173084076,2097152.0,2,0.0,0.0,1.0,0.0,0.0,51.264168553883835,0.006999995093792677,0.0,29.969014722141853,21.288153836648185,0,1,0,0.0,0.0,25.632084276941917,0,0,2097152,8,4,0.0,2,0.0,0,0,1.0,0.0,4,0,0,0.0,0.0,0.0,702.0,4,0.0,1.0,0.0,0.0,1.0,0.0,256,1024,0,0.0,242.02185282848748,133.9562000357546,0.0,93.91826266626295,14.147390126469949,0,3039.5086095018623,0,2786.6665094994087,8.07312319095173e-07,9.140221895774214e-07,7.14191671136787e-07,3.397093242043572e-08,7.506318034450186e-08,5.126416855388384e-07,3.057201978113158e-06,no_hotcold,nsga2
0,702,702,train,2.673281669616699,0.234375,0.623046875,8,64,512,260.4529999953229,47.91364267204787,2.402106305891814,17.611111220226935,38.30060000473168,6.615626493321484,14.49831435843365,21.11394085175513,0.007200011168606579,0.0,12.618881907204818,8.487858933381709,0,30.715596612621272,1965.7981832077614,2097152.0,2,0.0,0.0,1.0,0.0,0.0,50.522341176393965,0.007299997378140688,0.0,30.3879714027671,20.127069776248725,0,1,0,0.0,0.0,25.261170588196983,0,0,2097152,8,4,0.0,2,0.0,0,0,1.0,0.0,4,4,0,1.0,0.0,0.0,703.0,0,0.0,1.0,0.0,0.0,1.0,0.0,256,1024,0,0.0,271.7074407926665,163.7343000184046,0.0,93.08783418440004,14.88530658986185,0,3039.5086095018623,0,2779.0556095065394,9.582728534409576e-07,9.608425223567254e-07,7.044444488090775e-07,3.3078132466607424e-08,8.698988615060189e-08,5.052234117639397e-07,3.2488512549879097e-06,no_hotcold,nsga2
0,703,703,train,2.571769952774048,0.244140625,0.638671875,8,64,512,374.0018999960739,65.04016886707531,2.178450742043237,17.82571244942874,37.06590000365395,5.819453157480923,13.23397413252953,19.053427290010454,0.006799993570894003,0.0,11.564776131786303,7.481851164653256,0,21.390208471870086,1368.9733421996855,2097152.0,2,0.0,0.0,1.0,0.0,0.0,53.40495219820754,0.007599985110573471,0.0,31.744816077433796,21.652536135663173,0,1,0,0.0,0.0,26.70247609910377,0,0,2097152,8,4,0.0,2,0.0,0,0,1.0,0.0,4,0,0,0.0,0.0,0.0,704.0,4,0.0,1.0,0.0,0.0,1.0,0.0,256,1024,0,0.0,340.1773282341892,231.4953999739373,0.0,93.8029991797744,14.878929080477441,0,3039.5086095018623,0,2665.5067095057884,1.3008033773415065e-06,8.713802968172947e-07,7.130284979771496e-07,2.9097265787404618e-08,7.940384479517717e-08,5.340495219820755e-07,3.5277628047006086e-06,no_hotcold,nsga2
0,704,704,train,2.601595401763916,0.21875,0.625,8,64,512,99.54529999231454,13.443841360307372,2.383551148763819,18.702547845587553,41.96460000821389,6.049646985092467,13.703362245029048,19.753009230121513,0.008399991202168167,0.0,11.292020054822324,8.452589184097022,0,80.3646142610789,5143.3353127090495,2097152.0,2,0.0,0.0,1.0,0.0,0.0,49.66798048305373,0.008300004992634058,0.0,31.419735582418035,18.239944895643067,0,1,0,0.0,0.0,24.833990241526866,0,0,2097152,8,4,0.0,2,0.0,0,0,1.0,0.0,4,4,0,1.0,0.0,0.0,705.0,0,0.0,1.0,0.0,0.0,1.0,0.0,256,1024,0,0.0,138.119761418635,28.00680001382716,0.0,94.488766100623,15.62419530418484,0,3039.5086095018623,0,2939.963309509548,2.688768272061475e-07,9.534204595055275e-07,7.481019138235023e-07,3.024823492546234e-08,8.222017347017427e-08,4.966798048305374e-07,2.5795474137613513e-06,no_hotcold,nsga2
0,705,705,train,2.635676920413971,0.208984375,0.6015625,8,64,512,102.86820000328589,14.33249407771423,2.267581298990404,18.636337132381065,49.87709999841172,6.663868768125474,14.169088482255873,20.832957250381348,0.007399983587674797,0.0,11.927305493095437,8.898251773698235,0,77.76866155996606,4977.194339837828,2097152.0,2,0.0,0.0,1.0,0.0,0.0,50.12357825425407,0.006800008122809231,0.0,30.53013644891496,19.586641797216302,0,1,0,0.0,0.0,25.061789127127035,0,0,2097152,8,4,0.0,2,0.0,0,0,1.0,0.0,4,0,0,0.0,0.0,0.0,706.0,4,0.0,1.0,0.0,0.0,1.0,0.0,256,1024,0,0.0,140.9456500363428,28.724399977363646,0.0,96.32514023476993,15.896109824209212,0,3039.5086095018623,0,2936.6404094985764,2.8664988155428463e-07,9.070325195961617e-07,7.454534852952427e-07,3.3319343840627375e-08,8.501453089353523e-08,5.012357825425408e-07,2.558705543722392e-06,no_hotcold,nsga2
0,706,706,train,2.4581849575042725,0.23828125,0.671875,8,64,512,336.54599999135826,58.07754754651679,2.7560881642749164,18.35296625142209,51.19050000212155,5.850088155359774,17.39323923400147,23.243327389361244,0.00790000194683671,0.0,11.265190778580358,11.970236608834048,0,23.770825472238414,1521.3328302232585,2097152.0,2,0.0,0.0,1.0,0.0,0.0,50.54851325769445,0.007000009645707905,0.0,30.217509328715884,20.32400391933286,0,1,0,0.0,0.0,25.274256628847226,0,0,2097152,8,4,0.0,2,0.0,0,0,1.0,0.0,4,4,0,1.0,0.0,0.0,707.0,0,0.0,1.0,0.0,0.0,1.0,0.0,256,1024,0,0.0,316.74640784885514,205.41070000035688,0.0,94.46384698966206,16.871860858836243,0,3039.5086095018623,0,2702.962609510504,1.1615509509303359e-06,1.1024352657099664e-06,7.341186500568838e-07,2.9250440776798873e-08,1.043594354040088e-07,5.054851325769446e-07,3.6371998754549386e-06,no_hotcold,nsga2
0,707,707,train,2.50695139169693,0.26171875,0.6484375,8,64,512,2889.330999998492,178.90145472504813,74.29565851645098,183.76420642713893,60.10200000309851,7.948115702225936,539.9931569111669,547.9412726133928,0.009199997293762863,0.0,11.668438654856192,536.2636339612429,0,2.7688060769770226,177.20358892652945,2097152.0,2,0.0,0.0,1.0,0.0,0.0,53.24762206973576,0.00689999433234334,0.0,32.412133939754405,20.828588135649014,0,1,0,0.0,0.0,26.62381103486788,0,0,2097152,8,4,0.0,2,0.0,0,0,1.0,0.0,4,0,0,0.0,0.0,0.0,708.0,4,0.0,1.0,0.0,0.0,1.0,0.0,256,1024,0,0.0,1747.845278674552,684.5359000144526,0.0,95.72765423467027,967.5817244254292,0,3191.5645410030997,0,302.23354100460756,3.578029094500963e-06,2.9718263406580394e-05,7.350568257085558e-06,3.974057851112968e-08,3.239958941467001e-06,5.324762206973577e-07,4.4459036498842396e-05,no_hotcold,nsga2
0,708,708,train,2.6732800006866455,0.228515625,0.6171875,8,64,512,259.601500001736,47.919977423078315,2.1614356107814974,18.351088381591847,66.02579999889713,5.6335118743670805,12.343544080939905,17.977055955306987,0.007599999662488699,0.0,10.947764695393275,7.021691260251221,0,30.816344218358854,1972.2460299749666,2097152.0,2,0.0,0.0,1.0,0.0,0.0,48.89541525924976,0.006900023436173797,0.0,29.021579332109198,19.866935903704388,0,1,0,0.0,0.0,24.44770762962488,0,0,2097152,8,4,0.0,2,0.0,0,0,1.0,0.0,4,4,0,1.0,0.0,0.0,709.0,0,0.0,1.0,0.0,0.0,1.0,0.0,256,1024,0,0.0,273.7300056618067,162.73940000974108,0.0,97.43554927190293,13.555056380162634,0,3191.5645410030997,0,2931.9630410013638,9.583995484615665e-07,8.645742443125988e-07,7.34043535263674e-07,2.8167559371835403e-08,7.406126448563943e-08,4.889541525924976e-07,3.1482003044878114e-06,no_hotcold,nsga2
0,709,709,train,2.5871033668518066,0.232421875,0.623046875,8,64,512,336.26369999547023,59.35491785293108,2.333018283976978,18.345215883052614,36.41199998673983,6.528354681421254,13.868027814082529,20.396382495503783,0.007599999662488699,0.0,12.271242403284344,8.11754009255695,0,23.790781488832362,1522.6100152852712,2097152.0,2,0.0,0.0,1.0,0.0,0.0,53.570423766140365,0.006399990525096655,0.0,33.05809338883972,20.505930386775542,0,1,0,0.0,0.0,26.785211883070183,0,0,2097152,8,4,0.0,2,0.0,0,0,1.0,0.0,4,0,0,0.0,0.0,0.0,710.0,4,0.0,1.0,0.0,0.0,1.0,0.0,256,1024,0,0.0,320.13260807984267,211.77489997353405,0.0,91.64025241072565,16.71745569558302,0,3026.2081684971045,0,2689.944468501634,1.1870983570586218e-06,9.332073135907913e-07,7.338086353221046e-07,3.264177340710627e-08,8.320816688449516e-08,5.357042376614036e-07,3.5056684839245224e-06,no_hotcold,nsga2
0,710,710,train,2.497282326221466,0.248046875,0.626953125,8,64,512,290.16769998997916,53.28307056371369,2.2548240665009542,18.786861937825662,36.29090001049917,6.808777803217664,13.399901749634928,20.208679552852594,0.007499998901039362,0.0,11.71195800618522,8.489221547766332,0,27.5701686649052,1764.4907945539328,2097152.0,2,0.0,0.0,1.0,0.0,0.0,50.45453301082553,0.00829999044071883,0.0,31.413220270024617,19.033012750360193,0,1,0,0.0,0.0,25.227266505412764,0,0,2097152,8,4,0.0,2,0.0,0,0,1.0,0.0,4,4,0,1.0,0.0,0.0,711.0,0,0.0,1.0,0.0,0.0,1.0,0.0,256,1024,0,0.0,297.29902627216126,187.1987999911653,0.0,95.53134442365894,14.568881857337033,0,3026.2081684971045,0,2736.0404685071253,1.065661411274274e-06,9.019296266003818e-07,7.514744775130267e-07,3.4043889016088323e-08,8.039941049780956e-08,5.045453301082554e-07,3.338054145009836e-06,no_hotcold,nsga2
0,711,711,train,2.4939507842063904,0.265625,0.654296875,8,64,512,291.88659999636,52.18918268102945,2.253204532653629,17.942744619571684,35.509799999999814,6.637770384739516,14.71507340566852,21.352843790408038,0.007199996616691351,0.0,12.975509050843009,8.370134742948336,0,27.407810404072542,1754.0998658606427,2097152.0,2,0.0,0.0,1.0,0.0,0.0,51.64877678845745,0.006299989763647318,0.0,32.11214217963281,19.530334619060987,0,1,0,0.0,0.0,25.824388394228723,0,0,2097152,8,4,0.0,2,0.0,0,0,1.0,0.0,4,0,0,0.0,0.0,0.0,712.0,4,0.0,1.0,0.0,0.0,1.0,0.0,256,1024,0,0.0,289.540527333019,181.45749998802785,0.0,94.60305892537005,13.479968419621125,0,3026.2081684971045,0,2734.3215685007444,1.043783653620589e-06,9.012818130614515e-07,7.177097847828673e-07,3.3188851923697584e-08,8.82904404340111e-08,5.164877678845745e-07,3.300742311707191e-06,no_hotcold,nsga2
0,712,712,train,2.515084683895111,0.263671875,0.640625,8,64,512,88.53530000487808,14.357026592155936,2.325775736484287,18.085991686644437,39.044799996190704,6.625622074017884,14.856668080107378,21.482290154125263,0.006299989763647318,0.0,11.841590457849144,9.634399706512472,0,90.35841795466068,5782.938749098284,2097152.0,2,0.0,0.0,1.0,0.0,0.0,51.144102277350875,0.00650000583846122,0.0,29.269332971067236,21.868269300445178,0,1,0,0.0,0.0,25.572051138675437,0,0,2097152,8,4,0.0,2,0.0,0,0,1.0,0.0,4,4,0,1.0,0.0,0.0,713.0,0,0.0,1.0,0.0,0.0,1.0,0.0,256,1024,0,0.0,139.07517606113862,30.219899985240772,0.0,92.14134577709338,16.713930298804478,0,3026.2081684971045,0,2937.6728684922264,2.8714053184311874e-07,9.303102945937148e-07,7.234396674657774e-07,3.3128110370089426e-08,8.914000848064426e-08,5.114410227735088e-07,2.574599635526853e-06,no_hotcold,nsga2
0,713,713,train,2.516101896762848,0.234375,0.630859375,8,64,512,261.01489999564365,48.80763269269205,2.3191018999376425,19.01717870289488,36.617999998270534,6.383313334315642,15.332016149270835,21.715329483586476,0.007099995855242014,0.0,12.56581537042573,9.142414117305504,0,30.64947384482524,1961.5663260688154,2097152.0,2,0.0,0.0,1.0,0.0,0.0,52.002998792629356,0.009499999578110874,0.0,31.659713847759097,20.333784945292145,0,1,0,0.0,0.0,26.001499396314678,0,0,2097152,8,4,0.0,2,0.0,0,0,1.0,0.0,4,0,0,0.0,0.0,0.0,714.0,4,0.0,1.0,0.0,0.0,1.0,0.0,256,1024,0,0.0,280.5756531820983,167.28529999090824,0.0,98.07740376595524,15.212949425234816,0,3026.2081684971045,0,2765.193268501461,9.761526538538411e-07,9.276407599750569e-07,7.606871481157953e-07,3.191656667157821e-08,9.1992096895625e-08,5.200299879262936e-07,3.30841921343819e-06,no_hotcold,nsga2
0,714,714,train,2.5384695529937744,0.271484375,0.650390625,8,64,512,258.94749999861233,47.108326309967026,2.160993248431433,17.587036637939132,38.42270000313874,6.190871006306429,13.017974979961004,19.208845986267434,0.008000002708286047,0.0,12.522354908408136,6.67849107515101,0,30.894173938226604,1977.2271320465027,2097152.0,2,0.0,0.0,1.0,0.0,0.0,53.499180975443736,0.007099995855242014,0.0,33.21104923605283,20.281031743535664,0,1,0,0.0,0.0,26.749590487721868,0,0,2097152,8,4,0.0,2,0.0,0,0,1.0,0.0,4,4,0,1.0,0.0,0.0,715.0,0,0.0,1.0,0.0,0.0,1.0,0.0,256,1024,0,0.0,267.42542478535034,160.73439999308903,0.0,93.53152751045805,13.159497281803286,0,3026.2081684971045,0,2767.260668498492,9.421665261993406e-07,8.643972993725731e-07,7.034814655175653e-07,3.095435503153215e-08,7.810784987976601e-08,5.349918097544374e-07,3.154099305755214e-06,no_hotcold,nsga2
0,715,715,train,2.577638864517212,0.255859375,0.634765625,8,64,512,87.83059999404941,14.359150403518463,2.1768397854592596,18.81672923259447,37.18739999749232,6.086856644578666,14.065543287873545,20.152399932452212,0.006799993570894003,0.0,12.535670085431054,7.609929853450263,0,91.08339140516625,5829.33704993064,2097152.0,2,0.0,0.0,1.0,0.0,0.0,53.325459221559086,0.006699992809444666,0.0,33.160478877652636,20.158280351096998,0,1,0,0.0,0.0,26.662729610779543,0,0,2097152,8,4,0.0,2,0.0,0,0,1.0,0.0,4,0,0,0.0,0.0,0.0,716.0,4,0.0,1.0,0.0,0.0,1.0,0.0,256,1024,0,0.0,141.41087768628876,29.412700023385696,0.0,96.58942379732565,15.408753865577417,0,3026.2081684971045,0,2938.377568503055,2.871830080703693e-07,8.707359141837039e-07,7.526691693037789e-07,3.043428322289333e-08,8.439325972724127e-08,5.332545922155909e-07,2.558670226723578e-06,no_hotcold,nsga2
0,716,716,train,2.5358935594558716,0.2734375,0.615234375,8,64,512,407.4168999941321,73.94927835589505,2.2968847201332045,17.92972856482256,38.32669999974314,6.4516128689740055,12.570373624888813,19.02198649386282,0.00689999433234334,0.0,11.400956158561605,7.614130340968871,0,19.63585792405101,1256.6949071392646,2097152.0,2,0.0,0.0,1.0,0.0,0.0,51.04634853810693,0.008099988917820156,0.0,30.67734166750199,20.36090688168712,0,1,0,0.0,0.0,25.523174269053467,0,0,2097152,8,4,0.0,2,0.0,0,0,1.0,0.0,4,4,0,1.0,0.0,0.0,717.0,0,0.0,1.0,0.0,0.0,1.0,0.0,256,1024,0,0.0,376.70356656340323,266.5052000520518,0.0,94.75707268339262,15.441293827958802,0,3026.2081684971045,0,2618.7912685029723,1.478985567117901e-06,9.187538880532819e-07,7.171891425929025e-07,3.225806434487003e-08,7.542224174933287e-08,5.104634853810693e-07,3.7330723892393575e-06,no_hotcold,nsga2
0,717,717,train,2.473548650741577,0.26171875,0.66796875,8,64,512,6815.7257999992,1104.9449072559937,2.9963034160386974,239.27260544385874,38.19709998788312,15.155460450234983,21.163304281573453,36.318764731808436,0.007300011930055916,0.0,12.39380782480471,23.91765689507367,0,1.173755966861955,75.12038187916512,2097152.0,2,0.0,0.0,1.0,0.0,0.0,53.71572633685517,0.007099995855242014,0.0,33.44928365075572,20.25934269024421,0,1,0,0.0,0.0,26.857863168427585,0,0,2097152,8,4,0.0,2,0.0,0,0,1.0,0.0,4,0,0,0.0,0.0,0.0,718.0,4,0.0,1.0,0.0,0.0,1.0,0.0,256,1024,0,0.0,5388.855264463565,4375.286100053927,0.0,93.79954938801727,919.7696150216206,0,5018.677851001256,1,-1797.0479489979434,2.209889814511988e-05,1.1985213664154792e-06,9.570904217754349e-06,7.577730225117493e-08,1.269798256894407e-07,5.371572633685517e-07,3.360823812059887e-05,no_hotcold,nsga2
0,718,718,train,2.5668904781341553,0.236328125,0.640625,8,64,512,254.2202000040561,49.19087916969462,2.3575703191904065,18.114255916470892,49.31949998717755,5.691860977042547,14.254940949211306,19.946801926253855,0.007099995855242014,0.0,11.487726763819143,8.451975166579468,0,31.46865800284304,2013.9941121819545,2097152.0,2,0.0,0.0,1.0,0.0,0.0,49.777264233552906,0.006800008122809231,0.0,31.68896215900754,18.08150206642256,0,1,0,0.0,0.0,24.888632116776453,0,0,2097152,8,4,0.0,2,0.0,0,0,1.0,0.0,4,4,0,1.0,0.0,0.0,719.0,0,0.0,1.0,0.0,0.0,1.0,0.0,256,1024,0,0.0,278.6508216214237,168.8154999865219,0.0,95.94026730482477,13.895054330076979,0,5018.677851001256,0,4764.4576509972,9.838175833938925e-07,9.430281276761626e-07,7.245702366588356e-07,2.8459304885212737e-08,8.552964569526783e-08,4.977726423355291e-07,3.2631775406448998e-06,no_hotcold,nsga2
0,719,719,train,2.5408347845077515,0.28125,0.666015625,8,64,512,323.0523000092944,59.67418520063826,2.1279626409799572,18.88891247853943,40.16009999031667,6.589299110730334,13.382517077147178,19.97181618787751,0.007700000423938036,0.0,12.198496350397065,7.765619837056509,0,24.76371546048233,1584.8777894708692,2097152.0,2,0.0,0.0,1.0,0.0,0.0,53.20750371336021,0.006300018867477775,0.0,32.67599430076075,20.52520939373198,0,1,0,0.0,0.0,26.603751856680105,0,0,2097152,8,4,0.0,2,0.0,0,0,1.0,0.0,4,0,0,0.0,0.0,0.0,720.0,4,0.0,1.0,0.0,0.0,1.0,0.0,256,1024,0,0.0,322.7642412806306,212.0069000084186,0.0,97.1662261453173,13.591115126894707,0,3026.2081684971045,0,2703.15586848781,1.1934837040127653e-06,8.511850563919829e-07,7.555564991415774e-07,3.294649555365167e-08,8.029510246288306e-08,5.320750371336021e-07,3.445541894696462e-06,no_hotcold,nsga2
0,720,720,train,2.596441328525543,0.240234375,0.609375,8,64,512,324.48359999398235,58.504304313324425,2.2673609049766332,18.148204436193602,35.43859999626875,5.913953773344595,13.535566763323438,19.449520536668032,0.007300011930055916,0.0,11.428297274120336,8.01392325061764,0,24.654482832616285,1577.8869012874422,2097152.0,2,0.0,0.0,1.0,0.0,0.0,55.07287666939809,0.007000009645707905,0.0,33.534884354510886,21.530992305241497,0,1,0,0.0,0.0,27.536438334699046,0,0,2097152,8,4,0.0,2,0.0,0,0,1.0,0.0,4,4,0,1.0,0.0,0.0,721.0,0,0.0,1.0,0.0,0.0,1.0,0.0,256,1024,0,0.0,315.67947861797865,205.59940004022792,0.0,94.48895079683045,15.591127780920267,0,3026.2081684971045,0,2701.724568503122,1.1700860862664886e-06,9.069443619906532e-07,7.259281774477442e-07,2.9569768866722974e-08,8.121340057994062e-08,5.50728766693981e-07,3.4644705618455306e-06,no_hotcold,nsga2
0,721,721,train,2.5181462168693542,0.298828125,0.662109375,8,64,512,101.14939999766648,13.854214936177186,2.4127923788363947,17.62685914440795,48.724899999797344,6.418632879357424,13.806831652830176,20.2254645321876,0.0065999774960801005,0.0,11.396718726755035,8.822145827936485,0,79.09014695131762,5061.769404884328,2097152.0,2,0.0,0.0,1.0,0.0,0.0,49.928729621964806,0.007300011930055916,0.0,31.171295134679283,18.750134475355466,0,1,0,0.0,0.0,24.964364810982403,0,0,2097152,8,4,0.0,2,0.0,0,0,1.0,0.0,4,0,0,0.0,0.0,0.0,722.0,4,0.0,1.0,0.0,0.0,1.0,0.0,256,1024,0,0.0,135.57546583768612,28.3260000142036,0.0,91.90661752557158,15.342848297910937,0,3026.2081684971045,0,2925.058768499438,2.7708429872354377e-07,9.651169515345579e-07,7.05074365776318e-07,3.2093164396787126e-08,8.284098991698104e-08,4.992872962196481e-07,2.5614970665678358e-06,no_hotcold,nsga2
0,722,722,train,2.588679790496826,0.25,0.638671875,8,64,512,317.7913000108674,57.50267775882565,2.2159133073610757,18.317310116215445,39.37220000079833,5.905445505027045,13.20717923715284,19.112624742179886,0.008200004231184721,0.0,12.20469235317664,6.8997323847720615,0,25.173674754631964,1611.1151842964457,2097152.0,2,0.0,0.0,1.0,0.0,0.0,51.95049249621596,0.008899995009414852,0.0,31.147541298921055,20.794051202285484,0,1,0,0.0,0.0,25.97524624810798,0,0,2097152,8,4,0.0,2,0.0,0,0,1.0,0.0,4,4,0,1.0,0.0,0.0,723.0,0,0.0,1.0,0.0,0.0,1.0,0.0,256,1024,0,0.0,312.1436047296087,202.42399998824112,0.0,95.48914061857192,14.230464122795613,0,3026.2081684971045,0,2708.416868486237,1.1500535551765132e-06,8.863653229444304e-07,7.326924046486178e-07,2.9527227525135228e-08,7.924307542291704e-08,5.195049249621596e-07,3.3973865106797726e-06,no_hotcold,nsga2
0,723,723,train,2.478087306022644,0.283203125,0.677734375,8,64,512,325.3182000044035,60.519204875974474,2.134839942708912,17.581330301542913,37.060799993923865,6.282102930362795,11.739427842012436,18.02153077237523,0.006599992047995329,0.0,11.46019207586695,6.554738704460287,0,24.591232241723556,1573.8388634703076,2097152.0,2,0.0,0.0,1.0,0.0,0.0,53.23351214711539,0.00790000194683671,0.0,32.3824268312171,20.843185313951444,0,1,0,0.0,0.0,26.616756073557696,0,0,2097152,8,4,0.0,2,0.0,0,0,1.0,0.0,4,0,0,0.0,0.0,0.0,724.0,4,0.0,1.0,0.0,0.0,1.0,0.0,256,1024,0,0.0,320.9415004809052,215.7398000417743,0.0,92.65585563159809,12.545844807532802,0,3026.2081684971045,0,2700.889968492701,1.2103840975194896e-06,8.539359770835648e-07,7.032532120617165e-07,3.1410514651813975e-08,7.043656705207461e-08,5.323351214711539e-07,3.4017554898398137e-06,no_hotcold,nsga2
0,724,724,train,2.680354654788971,0.236328125,0.57421875,8,64,512,185.16330000420567,17.65028204175897,2.782003171818854,18.901524483783234,261.26640000438783,6.0213312833499595,17.481819402920173,23.503150686270132,0.007800001185387373,0.0,11.620803080910774,11.874547604173973,0,43.20487264455564,2765.111849251561,2097152.0,2,0.0,0.0,1.0,0.0,0.0,53.21542445264144,0.008999995770864189,0.0,31.80506373398711,21.401360722883464,0,1,0,0.0,0.0,26.60771222632072,0,0,2097152,8,4,0.0,2,0.0,0,0,1.0,0.0,4,4,0,1.0,0.0,0.0,725.0,0,0.0,1.0,0.0,0.0,1.0,0.0,256,1024,0,0.0,157.33523878944425,42.23489998548757,0.0,94.78335096703583,20.31698783692084,0,3026.2081684971045,0,2841.044868492899,3.5300564083517943e-07,1.1128012687275417e-06,7.560609793513293e-07,3.01066564167498e-08,1.0489091641752102e-07,5.321542445264145e-07,2.889019706274736e-06,no_hotcold,nsga2
0,725,725,train,2.505698800086975,0.2734375,0.65625,8,64,512,8555.970600005821,1975.7276786415287,2.5753416865316474,21.610313435666953,44.36040000291541,404.4639427954511,17.06272387175831,421.5266666672094,0.009100011084228754,0.0,13.087990506184699,408.4295761499405,0,0.9350194664033898,59.84124584981695,2097152.0,2,0.0,0.0,1.0,0.0,0.0,51.69469871599225,0.007199996616691351,0.0,31.43606812091522,20.25143059846034,0,1,0,0.0,0.0,25.847349357996126,0,0,2097152,8,4,0.0,2,0.0,0,0,1.0,0.0,4,0,0,0.0,0.0,0.0,726.0,4,0.0,1.0,0.0,0.0,1.0,0.0,256,1024,0,0.0,7999.653335054909,7046.54800001299,0.0,93.72136092030725,859.3839741216112,0,5553.732953998758,1,-3002.2376460070636,3.9514553572830575e-05,1.0301366746126589e-06,8.644125374266782e-07,2.0223197139772557e-06,1.0237634323054985e-07,5.169469871599225e-07,4.4050745829237644e-05,no_hotcold,nsga2
0,726,726,train,2.5238897800445557,0.275390625,0.63671875,8,64,512,344.9699999910081,63.11343365513488,2.2362195085054255,18.565878401122397,46.8438999960199,6.350566223466395,13.580365541948023,19.930931765414417,0.007000009645707905,0.0,11.796924226796573,8.127007528972138,0,23.190355131905367,1484.1827284419435,2097152.0,2,0.0,0.0,1.0,0.0,0.0,51.56032701823107,0.007800001185387373,0.0,31.990987995277848,19.561539021767835,0,1,0,0.0,0.0,25.780163509115535,0,0,2097152,8,4,0.0,2,0.0,0,0,1.0,0.0,4,4,0,1.0,0.0,0.0,727.0,0,0.0,1.0,0.0,0.0,1.0,0.0,256,1024,0,0.0,335.66212625905075,225.32540006795898,0.0,95.87845883657418,14.45826735451762,0,5553.732953998758,0,5208.76295400775,1.2622686731026976e-06,8.944878034021702e-07,7.426351360448958e-07,3.175283111733198e-08,8.148219325168814e-08,5.156032701823107e-07,3.5282299071010944e-06,no_hotcold,nsga2
0,727,727,train,2.5011178851127625,0.263671875,0.638671875,8,64,512,387.91849999688566,65.30193275484724,2.410289561253075,18.499807936381593,42.139199998928234,5.879418835565663,14.897208196549112,20.776627032114774,0.008000002708286047,0.0,11.704613992864854,9.064013036541635,0,20.62283540802725,1319.861466113744,2097152.0,2,0.0,0.0,1.0,0.0,0.0,52.041377734510085,0.006599992047995329,0.0,31.69460036786269,20.3401773745994,0,1,0,0.0,0.0,26.020688867255043,0,0,2097152,8,4,0.0,2,0.0,0,0,1.0,0.0,4,0,0,0.0,0.0,0.0,728.0,4,0.0,1.0,0.0,0.0,1.0,0.0,256,1024,0,0.0,344.84812100992764,232.83630002697464,0.0,96.86381304459115,15.148007938361852,0,5553.732953998758,0,5165.814454001872,1.306038655096945e-06,9.641158245012299e-07,7.399923174552637e-07,2.939709417782832e-08,8.938324917929467e-08,5.204137773451009e-07,3.6493409177556627e-06,no_hotcold,nsga2
0,728,728,train,2.4319982528686523,0.28515625,0.669921875,8,64,512,405.34919999481644,63.774786048488764,2.701081402682956,19.2911800840578,73.07899999432266,5.665284251497444,18.221658413526555,23.886942665023998,0.008600007276982069,0.0,11.945358766340563,11.932983891406455,0,19.736020853332015,1263.105334613249,2097152.0,2,0.0,0.0,1.0,0.0,0.0,51.26202548051394,0.008699993486516178,0.0,31.556380503458897,19.696944983568528,0,1,0,0.0,0.0,25.63101274025697,0,0,2097152,8,4,0.0,2,0.0,0,0,1.0,0.0,4,4,0,1.0,0.0,0.0,729.0,0,0.0,1.0,0.0,0.0,1.0,0.0,256,1024,0,0.0,343.0681901409181,227.19150001648813,0.0,96.80151626321293,19.07517386121701,0,5553.732953998758,0,5148.383754003941,1.2754957209697753e-06,1.0804325610731825e-06,7.716472033623121e-07,2.8326421257487223e-08,1.0932995048115932e-07,5.126202548051395e-07,3.777852111949056e-06,no_hotcold,nsga2
0,729,729,train,2.441887676715851,0.2734375,0.673828125,8,64,512,3956.5120000042953,678.0895910906704,98.42391974656971,21.517304661342852,52.73889999079984,5.896034837526119,826.5256668731704,832.4217017106965,0.009499999578110874,0.0,11.50615695011129,820.9060447610071,0,2.021982488112971,129.40687923923014,2097152.0,2,0.0,0.0,1.0,0.0,0.0,47.91874601681617,0.006800008122809231,0.0,28.624194043924767,19.2877519647686,0,1,0,0.0,0.0,23.959373008408086,0,0,2097152,8,4,0.0,2,0.0,0,0,1.0,0.0,4,0,0,0.0,0.0,0.0,730.0,4,0.0,1.0,0.0,0.0,1.0,0.0,256,1024,0,0.0,3192.123261994332,2683.925899982569,0.0,95.33981874996121,412.8575432618016,0,6081.987549001634,0,2125.4755489973386,1.3561791821813407e-05,3.9369567898627885e-05,8.60692186453714e-07,2.94801741876306e-08,4.959154001239022e-06,4.791874601681618e-07,5.925987354248982e-05,no_hotcold,nsga2
0,730,730,train,2.490740418434143,0.265625,0.654296875,8,64,512,349.55250000348315,63.792181645295805,2.4045274920811233,19.211053669452216,62.50529999670107,5.742972964446603,15.286541728340168,21.029514692786773,0.007000009645707905,0.0,11.041577323055392,9.98093736008567,0,22.88633928689109,1464.7257143610298,2097152.0,2,0.0,0.0,1.0,0.0,0.0,51.40323703453722,0.006999995093792677,0.0,31.617918763539592,19.778318275903835,0,1,0,0.0,0.0,25.70161851726861,0,0,2097152,8,4,0.0,2,0.0,0,0,1.0,0.0,4,4,0,1.0,0.0,0.0,731.0,0,0.0,1.0,0.0,0.0,1.0,0.0,256,1024,0,0.0,341.63105122731656,227.33590001007542,0.0,99.43314672978288,14.86200448745829,0,6081.987549001634,0,5732.435048998151,1.2758436329059162e-06,9.618109968324495e-07,7.684421467780886e-07,2.871486482223302e-08,9.1719250370041e-08,5.140323703453722e-07,3.6405632620541003e-06,no_hotcold,nsga2
0,731,731,train,2.528577148914337,0.265625,0.6484375,8,64,512,296.6299999970943,48.79815447650973,2.352312394929381,18.05294481657735,40.28309999557678,6.420065940676923,14.769923521066323,21.189989461743245,0.006500020390376449,0.0,12.369606461533914,8.813882979818956,0,26.969534539809956,1726.0502105478372,2097152.0,2,0.0,0.0,1.0,0.0,0.0,52.99766084396889,0.007299997378140688,0.0,32.98475631512824,20.00560453146251,0,1,0,0.0,0.0,26.498830421984444,0,0,2097152,8,4,0.0,2,0.0,0,0,1.0,0.0,4,0,0,0.0,0.0,0.0,732.0,4,0.0,1.0,0.0,0.0,1.0,0.0,256,1024,0,0.0,276.81364675206584,167.47590000159107,0.0,92.13034414123615,17.20740260923863,0,6081.987549001634,0,5785.35754900454,9.759630895301947e-07,9.409249579717526e-07,7.221177926630942e-07,3.210032970338462e-08,8.861954112639792e-08,5.299766084396889e-07,3.289702319434513e-06,no_hotcold,nsga2
0,732,732,train,2.5628347396850586,0.2734375,0.634765625,8,64,512,385.2520999935223,62.98485896983075,2.323017321465991,18.432769776412055,66.1748999991687,6.6461763494115385,14.136203729711768,20.782380079123307,0.006699992809444666,0.0,12.908656672846293,7.867023413467569,0,20.76556944028358,1328.9964441781492,2097152.0,2,0.0,0.0,1.0,0.0,0.0,54.40180905398604,0.00650000583846122,0.0,34.249355252791034,20.145953795356554,0,1,0,0.0,0.0,27.20090452699302,0,0,2097152,8,4,0.0,2,0.0,0,0,1.0,0.0,4,4,0,1.0,0.0,0.0,733.0,0,0.0,1.0,0.0,0.0,1.0,0.0,256,1024,0,0.0,334.9625842708352,224.8315999895567,0.0,95.68628768940977,14.44469659186873,0,6081.987549001634,0,5696.735449008112,1.2596971793966152e-06,9.292069285863963e-07,7.373107910564823e-07,3.3230881747057695e-08,8.48172223782706e-08,5.440180905398604e-07,3.5882810937046822e-06,no_hotcold,nsga2
0,733,733,train,2.5763332843780518,0.267578125,0.65625,8,64,512,90.43820000078995,14.492522621128776,2.3190522994397935,17.545328196187217,58.61880000156816,5.868907275748297,13.518461081542533,19.387368357290832,0.007399998139590025,0.0,11.518584700729729,7.861383658421511,0,88.45721766590287,5661.261930617784,2097152.0,2,0.0,0.0,1.0,0.0,0.0,49.82663960996612,0.006499991286545992,0.0,30.34183265313282,19.478306965546757,0,1,0,0.0,0.0,24.91331980498306,0,0,2097152,8,4,0.0,2,0.0,0,0,1.0,0.0,4,0,0,0.0,0.0,0.0,734.0,4,0.0,1.0,0.0,0.0,1.0,0.0,256,1024,0,0.0,137.42761246702315,29.08480000041891,0.0,94.10431137340673,14.238501093197513,0,6081.987549001634,0,5991.549349000844,2.8985045242257554e-07,9.276209197759175e-07,7.018131278474888e-07,2.9344536378741488e-08,8.111076648925519e-08,4.982663960996613e-07,2.52800619901364e-06,no_hotcold,nsga2
0,734,734,train,2.525271236896515,0.2421875,0.654296875,8,64,512,103.95200000493787,14.094451778768429,2.4545299656752304,18.007352181745063,48.6529000045266,6.702287550721642,14.625306781400305,21.327594332121947,0.006300004315562546,0.0,11.740916180377484,9.5803781474289,0,76.95785595047754,4925.302780830562,2097152.0,2,0.0,0.0,1.0,0.0,0.0,48.46413388637394,0.006699992809444666,0.0,28.860391623139527,19.597042270424975,0,1,0,0.0,0.0,24.23206694318697,0,0,2097152,8,4,0.0,2,0.0,0,0,1.0,0.0,4,4,0,1.0,0.0,0.0,735.0,0,0.0,1.0,0.0,0.0,1.0,0.0,256,1024,0,0.0,138.22533570475488,28.571199989528395,0.0,94.12516841048948,15.528967304737009,0,6081.987549001634,0,5978.035548996696,2.818890355753686e-07,9.81811986270092e-07,7.202940872698024e-07,3.351143775360821e-08,8.775184068840181e-08,4.846413388637395e-07,2.589899726421013e-06,no_hotcold,nsga2
0,735,735,train,2.5657835602760315,0.220703125,0.60546875,8,64,512,328.3707000082359,60.79519851586764,2.395068866552468,18.27034586757286,58.6747000052128,5.598612126416473,14.529230432518442,20.127842558934915,0.008499991963617504,0.0,11.402795497856925,8.716547069114373,0,24.362635390928492,1559.2086650194235,2097152.0,2,0.0,0.0,1.0,0.0,0.0,50.695965307291004,0.007000009645707905,0.0,30.77156037348273,19.91740492416257,0,1,0,0.0,0.0,25.347982653645502,0,0,2097152,8,4,0.0,2,0.0,0,0,1.0,0.0,4,0,0,0.0,0.0,0.0,736.0,4,0.0,1.0,0.0,0.0,1.0,0.0,256,1024,0,0.0,325.8424529999719,217.5802999699954,0.0,93.12960410671539,15.132548923261133,0,6081.987549001634,0,5753.616848993398,1.215903970317353e-06,9.580275466209873e-07,7.308138347029145e-07,2.7993060632082366e-08,8.717538259511064e-08,5.069596530729101e-07,3.526873447941358e-06,no_hotcold,nsga2
0,736,736,train,2.4794065952301025,0.27734375,0.677734375,8,64,512,321.9470000040019,55.8274842785514,2.3009629591516787,18.15181422974434,50.456900004064664,6.1439556440280025,12.85054869479517,18.994504338823173,0.007399998139590025,0.0,11.01237900554598,7.974725335137602,0,24.848733335509333,1590.3189334725973,2097152.0,2,0.0,0.0,1.0,0.0,0.0,53.600961124797266,0.008100003469735384,0.0,34.0380849584882,19.554776162839325,0,1,0,0.0,0.0,26.800480562398633,0,0,2097152,8,4,0.0,2,0.0,0,0,1.0,0.0,4,4,0,1.0,0.0,0.0,737.0,0,0.0,1.0,0.0,0.0,1.0,0.0,256,1024,0,0.0,305.12104586978967,197.75930006289855,0.0,92.95892537512174,14.402820431769381,0,6081.987549001634,0,5760.040548997632,1.116549685571028e-06,9.203851836606716e-07,7.260725691897733e-07,3.0719778220140013e-08,7.710329216877102e-08,5.360096112479727e-07,3.4068401200583567e-06,no_hotcold,nsga2
0,737,737,train,2.4796223640441895,0.287109375,0.64453125,8,64,512,8815.25299999339,1651.4096389575686,188.2276392556426,18.804078326715274,43.41139999451116,5.787184029530553,1349.4084101153453,1355.195594144876,0.007700000423938036,0.0,11.718598590685648,1343.4692955537662,0,0.9075178094704928,58.08113980611154,2097152.0,2,0.0,0.0,1.0,0.0,0.0,50.59302381048572,0.006700007361359894,0.0,28.890492648717995,21.695831154406363,0,1,0,0.0,0.0,25.29651190524286,0,0,2097152,8,4,0.0,2,0.0,0,0,1.0,0.0,4,0,0,0.0,0.0,0.0,738.0,4,0.0,1.0,0.0,0.0,1.0,0.0,256,1024,0,0.0,7433.765426159706,6577.096299995901,0.0,94.48939913139925,762.1797270324054,0,8550.14648400312,1,-265.10651599027005,3.3028192779151376e-05,7.529105570225704e-05,7.521631330686111e-07,2.8935920147652768e-08,8.096450460692071e-06,5.059302381048573e-07,0.00011770272823342161,no_hotcold,nsga2
0,738,738,train,2.5332473516464233,0.267578125,0.65625,8,64,512,291.0243999940576,51.16596254135075,2.0789268998776076,18.399922763798525,48.7347000016598,5.4275886743449,13.314827011122969,18.74241568546787,0.006800008122809231,0.0,11.783814577379598,6.95180109996546,0,27.48900955093044,1759.2966112595482,2097152.0,2,0.0,0.0,1.0,0.0,0.0,50.013704119059526,0.007299997378140688,0.0,30.8041965745521,19.202207547129284,0,1,0,0.0,0.0,25.006852059529763,0,0,2097152,8,4,0.0,2,0.0,0,0,1.0,0.0,4,4,0,1.0,0.0,0.0,739.0,0,0.0,1.0,0.0,0.0,1.0,0.0,256,1024,0,0.0,286.5792488201075,177.79219994554296,0.0,95.24233107346454,13.544717801100035,0,8550.14648400312,0,8259.122084009063,1.0233192508270152e-06,8.315707599510431e-07,7.359969105519411e-07,2.71379433717245e-08,7.98889620667378e-08,5.001370411905954e-07,3.198050867959057e-06,no_hotcold,nsga2
0,739,739,train,2.485809862613678,0.287109375,0.630859375,8,64,512,277.3373999953037,49.53359964681822,2.4332797538049658,18.42776292445551,53.38379999739118,6.075841333262337,14.64517952911116,20.7210208623735,0.006600006599910557,0.0,11.208590008534937,9.50583084723865,0,28.84562685922854,1846.1201189906265,2097152.0,2,0.0,0.0,1.0,0.0,0.0,49.11171637379282,0.006999995093792677,0.0,30.434935267649266,18.66978111104976,0,1,0,0.0,0.0,24.55585818689641,0,0,2097152,8,4,0.0,2,0.0,0,0,1.0,0.0,4,0,0,0.0,0.0,0.0,740.0,4,0.0,1.0,0.0,0.0,1.0,0.0,256,1024,0,0.0,281.57856930031477,170.07269996975083,0.0,94.53886815237233,16.967001178191616,0,8550.14648400312,0,8272.809084007817,9.906719929363644e-07,9.733119015219863e-07,7.371105169782205e-07,3.037920666631169e-08,8.787107717466695e-08,4.911171637379283e-07,3.3104618590154784e-06,no_hotcold,nsga2
0,740,740,train,2.5339315533638,0.220703125,0.6484375,8,64,512,102.36499999882653,16.76106079199425,2.324937234008008,18.093910528144367,53.464600001461804,6.360648462254522,13.614639188471315,19.97528765072584,0.01510001311544329,0.0,11.166932696005142,8.793254941605252,0,78.15094855803399,5001.660707714175,2097152.0,2,0.0,0.0,1.0,0.0,0.0,51.83502858169172,0.006100002792663872,0.0,31.4408488322485,20.38807974665056,0,1,0,0.0,0.0,25.91751429084586,0,0,2097152,8,4,0.0,2,0.0,0,0,1.0,0.0,4,4,0,1.0,0.0,0.0,741.0,0,0.0,1.0,0.0,0.0,1.0,0.0,256,1024,0,0.0,148.71963421658648,39.58439994312357,0.0,93.2159853201394,15.919248953323512,0,8550.14648400312,0,8447.781484004294,3.35221215839885e-07,9.299748936032032e-07,7.237564211257748e-07,3.180324231127261e-08,8.168783513082789e-08,5.183502858169173e-07,2.620793893827881e-06,no_hotcold,nsga2
0,741,741,train,2.4769703149795532,0.29296875,0.669921875,8,64,512,88.15840000170283,13.989386217733413,2.2178536379021985,18.339108284221872,48.272100000758655,6.087328326938747,13.785888595814463,19.87321692275321,0.007099995855242014,0.0,12.294556449909642,7.571560476988326,0,90.74471922274286,5807.662030255543,2097152.0,2,0.0,0.0,1.0,0.0,0.0,49.29230735049488,0.007800001185387373,0.0,29.759929766304687,19.524577583004813,0,1,0,0.0,0.0,24.64615367524744,0,0,2097152,8,4,0.0,2,0.0,0,0,1.0,0.0,4,0,0,0.0,0.0,0.0,742.0,4,0.0,1.0,0.0,0.0,1.0,0.0,256,1024,0,0.0,138.18539255942994,28.077399940229952,0.0,96.61899697574253,13.488995643457443,0,8550.14648400312,0,8461.988084001418,2.797877243546683e-07,8.871414551608796e-07,7.33564331368875e-07,3.0436641634693736e-08,8.271533157488677e-08,4.929230735049489e-07,2.5065685575989523e-06,no_hotcold,nsga2
0,742,742,train,2.3870352506637573,0.296875,0.68359375,8,64,512,799.6170999977039,81.25284883891193,13.118874249809592,28.74994101496337,112.08110000006855,6.81909981183205,101.82036787142911,108.63946768326116,0.009300012607127428,0.0,12.264220637575601,96.36594703307843,0,10.00477602998603,640.3056659191059,2097152.0,2,0.0,0.0,1.0,0.0,0.0,48.7086539809734,0.011100011761300266,0.0,30.183492559329686,18.514061409882416,0,1,0,0.0,0.0,24.3543269904867,0,0,2097152,8,4,0.0,2,0.0,0,0,1.0,0.0,4,4,0,1.0,0.0,0.0,743.0,0,0.0,1.0,0.0,0.0,1.0,0.0,256,1024,0,0.0,492.4866564147395,298.2252000074368,0.0,94.67862201114981,99.58283439615292,0,8550.14648400312,0,7750.529384005416,1.6250569767782385e-06,5.247549699923836e-06,1.1499976405985348e-06,3.4095499059160254e-08,6.109222072285746e-07,4.87086539809734e-07,9.154708563398079e-06,no_hotcold,nsga2
0,743,743,train,2.567706346511841,0.21875,0.646484375,8,64,512,10472.536400004174,2270.605353088556,2.520989327420221,116.66000365713198,51.02319999423344,5.879512491698273,15.171967024181082,21.051479515879358,0.007199996616691351,0.0,11.267211667118865,9.7770678521438,0,0.7639027386043818,48.88977527068044,2097152.0,2,0.0,0.0,1.0,0.0,0.0,53.32773267433166,0.006999995093792677,0.0,31.93460006008204,21.386132619155823,0,1,0,0.0,0.0,26.66386633716583,0,0,2097152,8,4,0.0,2,0.0,0,0,1.0,0.0,4,0,0,0.0,0.0,0.0,744.0,4,0.0,1.0,0.0,0.0,1.0,0.0,256,1024,0,0.0,9559.145384292435,9053.500499969232,0.0,95.01559081353282,410.629293509668,0,9568.433511998883,1,-904.1028880052909,4.541210706177113e-05,1.0083957309680885e-06,4.66640014628528e-06,2.939756245849137e-08,9.103180214508649e-08,5.332773267433167e-07,5.1740609630371394e-05,no_hotcold,nsga2
0,744,744,train,2.597628593444824,0.2578125,0.623046875,8,64,512,348.00140000879765,66.6475901319391,2.367940179663763,19.05077969019026,59.02589998731855,5.523978064719322,14.027272431334808,19.55125049605413,0.007699985872022808,0.0,11.493971222685447,8.049579287496659,0,22.988347206219718,1471.254221198062,2097152.0,2,0.0,0.0,1.0,0.0,0.0,52.93258822801246,0.00689999433234334,0.0,33.3111356137131,19.61455261996702,0,1,0,0.0,0.0,26.46629411400623,0,0,2097152,8,4,0.0,2,0.0,0,0,1.0,0.0,4,4,0,1.0,0.0,0.0,745.0,0,0.0,1.0,0.0,0.0,1.0,0.0,256,1024,0,0.0,352.26524000717245,238.7542999931611,0.0,98.79558078284597,14.715359231165404,0,9568.433511998883,0,9220.432111990085,1.332951802638782e-06,9.471760718655052e-07,7.620311876076106e-07,2.761989032359661e-08,8.416363458800884e-08,5.293258822801246e-07,3.6832684693036277e-06,no_hotcold,nsga2
0,745,745,train,2.5690342783927917,0.26171875,0.630859375,8,64,512,444.47920001402963,62.87773381833641,3.2044304438198075,19.302573785972477,245.9517999959644,5.905011727323597,23.227672451665807,29.132684178989404,0.009600014891475439,0.0,12.188650627429965,16.934433536667964,0,17.998552015922165,1151.9073290190186,2097152.0,2,0.0,0.0,1.0,0.0,0.0,51.9139791597687,0.00890000956133008,0.0,31.64837020576637,20.256708944440998,0,1,0,0.0,0.0,25.95698957988435,0,0,2097152,8,4,0.0,2,0.0,0,0,1.0,0.0,4,0,0,0.0,0.0,0.0,746.0,4,0.0,1.0,0.0,0.0,1.0,0.0,256,1024,0,0.0,341.5389521925148,224.048899995978,0.0,94.59195414487303,22.898098051663748,0,9568.433511998883,0,9123.954311984853,1.2575546763667282e-06,1.281772177527923e-06,7.721029514388991e-07,2.952505863661799e-08,1.3936603470999482e-07,5.19139791597687e-07,3.9994606902778504e-06,no_hotcold,nsga2
0,746,746,train,2.603810429573059,0.240234375,0.654296875,8,64,512,432.8689999965718,75.30394424172783,3.0442707151646045,22.380720421499298,52.712599994265474,6.849799011343611,18.78349145989003,25.633290471233643,0.008100003469735384,0.0,12.45754134052141,13.167649127242498,0,18.481299235482613,1182.8031510708872,2097152.0,2,0.0,0.0,1.0,0.0,0.0,52.62323984538796,0.00689999433234334,0.0,32.52377580880551,20.092564042250107,0,1,0,0.0,0.0,26.31161992269398,0,0,2097152,8,4,0.0,2,0.0,0,0,1.0,0.0,4,4,0,1.0,0.0,0.0,747.0,0,0.0,1.0,0.0,0.0,1.0,0.0,256,1024,0,0.0,402.91574151356696,272.0318999781739,0.0,94.21410916735249,36.66973236804056,0,9568.433511998883,0,9135.564512002311,1.506078884834557e-06,1.217708286065842e-06,8.952288168599721e-07,3.424899505671806e-08,1.1270094875934015e-07,5.262323984538796e-07,4.292198330030309e-06,no_hotcold,nsga2
0,747,747,train,2.591109812259674,0.25390625,0.642578125,8,64,512,323.06080000125803,60.480694634483186,3.5072384077374577,18.855308095088645,40.55609999340959,6.7354962819408115,22.840771329186925,29.576267611127737,0.007199996616691351,0.0,12.022839848608266,17.54622776590278,0,24.763063909037985,1584.836090178431,2097152.0,2,0.0,0.0,1.0,0.0,0.0,50.651404699971096,0.006599992047995329,0.0,30.816741689901697,19.828063018021403,0,1,0,0.0,0.0,25.325702349985548,0,0,2097152,8,4,0.0,2,0.0,0,0,1.0,0.0,4,0,0,0.0,0.0,0.0,748.0,4,0.0,1.0,0.0,0.0,1.0,0.0,256,1024,0,0.0,331.37296454923717,212.76419993955642,0.0,98.38142044178744,20.227344167893328,0,9568.433511998883,0,9245.372711997625,1.209613892689664e-06,1.402895363094983e-06,7.542123238035458e-07,3.367748140970406e-08,1.3704462797512153e-07,5.06514046999711e-07,4.0439577359727295e-06,no_hotcold,nsga2
0,748,748,train,2.567853033542633,0.2578125,0.642578125,8,64,512,355.88810000626836,62.944092957801296,2.410950133840537,17.104587301224303,62.12689999665599,5.918054107937955,14.005118698973517,19.923172806911474,0.006200003554113209,0.0,11.431950533818846,8.485022269538515,0,22.478912672119193,1438.6504110156284,2097152.0,2,0.0,0.0,1.0,0.0,0.0,51.310575131957194,0.00689999433234334,0.0,30.425344335104377,20.878330802520473,0,1,0,0.0,0.0,25.655287565978597,0,0,2097152,8,4,0.0,2,0.0,0,0,1.0,0.0,4,4,0,1.0,0.0,0.0,749.0,0,0.0,1.0,0.0,0.0,1.0,0.0,256,1024,0,0.0,329.8385215714645,224.3952000135323,0.0,91.64921945746352,13.794102100468741,0,9568.433511998883,0,9212.545411992614,1.2588818591560259e-06,9.643800535362148e-07,6.841834920489722e-07,2.9590270539689778e-08,8.403071219384109e-08,5.13105751319572e-07,3.5341721387943152e-06,no_hotcold,nsga2
0,749,749,train,2.5804864168167114,0.26171875,0.646484375,8,64,512,325.81919999211095,60.87695915802857,2.2975853600508147,17.77462659021781,50.694399993517436,6.272860940626686,13.536567113852508,19.809428054479195,0.007099995855242014,0.0,12.167503498262873,7.634824560361079,0,24.553419340463556,1571.4188377896676,2097152.0,2,0.0,0.0,1.0,0.0,0.0,51.94932921302774,0.007700000423938036,0.0,30.799269882317688,21.142359330286112,0,1,0,0.0,0.0,25.97466460651387,0,0,2097152,8,4,0.0,2,0.0,0,0,1.0,0.0,4,0,0,0.0,0.0,0.0,750.0,4,0.0,1.0,0.0,0.0,1.0,0.0,256,1024,0,0.0,323.7966844331888,216.74750004603993,0.0,92.35097038752173,14.69821399962712,0,9568.433511998883,0,9242.614312006772,1.2175391831605713e-06,9.190341440203258e-07,7.109850636087125e-07,3.136430470313344e-08,8.121940268311504e-08,5.194932921302775e-07,3.4796353903061354e-06,no_hotcold,nsga2
0,750,750,train,2.604497015476227,0.255859375,0.625,8,64,512,316.16570000187494,56.217940264610846,2.2049432459006497,17.92939885490505,58.686499993200414,6.1119852031264505,13.855022007598468,19.96700721072492,0.006900008884258568,0.0,12.052942873981754,7.907164327858905,0,25.303107506111676,1619.3988803911473,2097152.0,2,0.0,0.0,1.0,0.0,0.0,51.91990032577662,0.006599992047995329,0.0,31.379692028799692,20.53360830492893,0,1,0,0.0,0.0,25.95995016288831,0,0,2097152,8,4,0.0,2,0.0,0,0,1.0,0.0,4,4,0,1.0,0.0,0.0,751.0,0,0.0,1.0,0.0,0.0,1.0,0.0,256,1024,0,0.0,305.4091294616661,198.11959996877704,0.0,93.53359157093035,13.75593792195878,0,9568.433511998883,0,9252.267811997008,1.124358805292217e-06,8.8197729836026e-07,7.171759541962021e-07,3.055992601563226e-08,8.313013204559079e-08,5.191990032577662e-07,3.3564011191676686e-06,no_hotcold,nsga2
0,751,751,train,2.539025127887726,0.283203125,0.654296875,8,64,512,260.2359000011347,47.70288726276834,2.325312005551025,17.69878945658221,58.57799999648705,6.147275344751131,14.406914487429813,20.554189832180946,0.007099995855242014,0.0,12.132501601966347,8.414588234359355,0,30.741220787540577,1967.438130402597,2097152.0,2,0.0,0.0,1.0,0.0,0.0,53.838922867801934,0.007499998901039362,0.0,32.621921857587225,21.20950101131367,0,1,0,0.0,0.0,26.919461433900967,0,0,2097152,8,4,0.0,2,0.0,0,0,1.0,0.0,4,0,0,0.0,0.0,0.0,752.0,4,0.0,1.0,0.0,0.0,1.0,0.0,256,1024,0,0.0,270.9079548996063,163.0406000185758,0.0,93.57996005644003,14.287394824590466,0,9568.433511998883,0,9308.197611997748,9.54057745255367e-07,9.301248022204098e-07,7.079515782632885e-07,3.073637672375566e-08,8.644148692457887e-08,5.383892286780195e-07,3.247701218065419e-06,no_hotcold,nsga2
0,752,752,train,2.392230272293091,0.30859375,0.681640625,8,64,512,124.39959999755956,15.773951425955941,2.2942866742633283,18.726528567382317,39.051500003552064,6.228018294975138,12.724980105893938,18.952998400869077,0.00650000583846122,0.0,11.241367708814995,7.70513068621562,0,64.30837150429291,4115.735776274746,2097152.0,2,0.0,0.0,1.0,0.0,0.0,50.782666194922825,0.006799993570894003,0.0,30.641952160438862,20.133914040913066,0,1,0,0.0,0.0,25.391333097461413,0,0,2097152,8,4,0.0,2,0.0,0,0,1.0,0.0,4,4,0,1.0,0.0,0.0,753.0,0,0.0,1.0,0.0,0.0,1.0,0.0,256,1024,0,0.0,147.17906667040634,35.889599996153265,0.0,95.2714592883346,16.018007385918477,0,9568.433511998883,0,9444.033912001323,3.1547902851911884e-07,9.177146697053316e-07,7.490611426952927e-07,3.114009147487569e-08,7.634988063536362e-08,5.078266619492282e-07,2.5975714749792107e-06,no_hotcold,nsga2
0,753,753,train,2.4802774786949158,0.216796875,0.666015625,8,64,512,278.78140000393614,48.72932576886828,2.504047534774212,17.60461369804286,55.19519999506883,6.188840818605418,16.11812598608101,22.30696680468643,0.006700007361359894,0.0,12.335084529905862,9.965182267419209,0,28.69621611653766,1836.5578314584102,2097152.0,2,0.0,0.0,1.0,0.0,0.0,52.42496488817401,0.006699992809444666,0.0,32.38239879026052,20.03586610510405,0,1,0,0.0,0.0,26.212482444087005,0,0,2097152,8,4,0.0,2,0.0,0,0,1.0,0.0,4,0,0,0.0,0.0,0.0,754.0,4,0.0,1.0,0.0,0.0,1.0,0.0,256,1024,0,0.0,275.3519480067414,169.0709000249626,0.0,90.88904275839433,15.392005223384476,0,9568.433511998883,0,9289.652111994947,9.745865153773657e-07,1.001619013909685e-06,7.041845479217146e-07,3.0944204093027095e-08,9.670875591648607e-08,5.242496488817401e-07,3.3322926861000187e-06,no_hotcold,nsga2
0,754,754,train,2.516263484954834,0.2421875,0.65625,8,64,512,86.76830001058988,13.678568862149337,2.247136169434536,17.984845711815268,50.127200011047535,6.167840817891192,14.048557973251542,20.216398791142733,0.007699985872022808,0.0,12.612746178123139,7.595952627147573,0,92.19850798639183,5900.704511129077,2097152.0,2,0.0,0.0,1.0,0.0,0.0,49.355179847227575,0.006700007361359894,0.0,30.857997255970197,18.49048258389602,0,1,0,0.0,0.0,24.677589923613787,0,0,2097152,8,4,0.0,2,0.0,0,0,1.0,0.0,4,4,0,1.0,0.0,0.0,755.0,0,0.0,1.0,0.0,0.0,1.0,0.0,256,1024,0,0.0,135.6422029735966,26.681100003770553,0.0,93.87936735231555,15.081735617510475,0,9568.433511998883,0,9481.665211988293,2.7357137724298675e-07,8.988544677738146e-07,7.193938284726108e-07,3.0839204089455965e-08,8.429134783950924e-08,4.935517984722758e-07,2.5005020238906537e-06,no_hotcold,nsga2
0,755,755,train,2.5275901556015015,0.28125,0.638671875,8,64,512,360.47490000783,65.85690563650971,2.1949672331820036,18.552896366557164,45.46890000347048,5.998146393423309,12.489048803798799,18.487195197222107,0.007199996616691351,0.0,11.580424716534292,6.899570484071124,0,22.192884461419556,1420.3446055308516,2097152.0,2,0.0,0.0,1.0,0.0,0.0,53.64745379256685,0.006999995093792677,0.0,32.3621936018338,21.278260195639252,0,1,0,0.0,0.0,26.823726896283425,0,0,2097152,8,4,0.0,2,0.0,0,0,1.0,0.0,4,0,0,0.0,0.0,0.0,756.0,4,0.0,1.0,0.0,0.0,1.0,0.0,256,1024,0,0.0,346.4190769449956,234.59050004021265,0.0,96.07586543306212,15.752711471720758,0,7291.701504998113,0,6931.226604990283,1.3171381127301943e-06,8.779868932728014e-07,7.421158546622866e-07,2.999073196711655e-08,7.493429282279278e-08,5.364745379256686e-07,3.5786404233808604e-06,no_hotcold,nsga2
0,756,756,train,2.4752613306045532,0.265625,0.673828125,8,64,512,327.14610001130495,60.834050096447044,2.3643844316234004,18.482732730976934,63.46259999554604,5.731103598588837,12.98884534765197,18.71994894624081,0.007199996616691351,0.0,10.627357056826067,8.08539189279805,0,24.45383131846057,1565.0452043814764,2097152.0,2,0.0,0.0,1.0,0.0,0.0,52.79562185691539,0.008199975127354264,0.0,31.81686499356254,20.970556888225495,0,1,0,0.0,0.0,26.397810928457695,0,0,2097152,8,4,0.0,2,0.0,0,0,1.0,0.0,4,4,0,1.0,0.0,0.0,757.0,0,0.0,1.0,0.0,0.0,1.0,0.0,256,1024,0,0.0,326.72466903618954,214.4755000335863,0.0,97.88662611703023,14.362542885572994,0,7291.701504998113,0,6964.555404986808,1.2166810019289408e-06,9.457537726493604e-07,7.393093092390776e-07,2.8655517992944186e-08,7.793307208591181e-08,5.279562185691539e-07,3.536288892465389e-06,no_hotcold,nsga2
0,757,757,train,2.4536847472190857,0.259765625,0.67578125,8,64,512,6724.794900001143,1408.8105938912295,2.582874497050263,19.008095750596002,51.03170000074897,323.89987036149154,14.653231361922447,338.553101723414,0.008899995009414852,0.0,11.28757664426453,327.25662508414007,0,1.1896271825883429,76.13613968565394,2097152.0,2,0.0,0.0,1.0,0.0,0.0,49.47665721380831,0.006399990525096655,0.0,29.666835128309692,19.803422094973524,0,1,0,0.0,0.0,24.738328606904155,0,0,2097152,8,4,0.0,2,0.0,0,0,1.0,0.0,4,0,0,0.0,0.0,0.0,758.0,4,0.0,1.0,0.0,0.0,1.0,0.0,256,1024,0,0.0,5721.606256555504,4921.678400030942,0.0,94.39018895348316,705.5376675710781,0,8662.001540496562,0,1937.2066404954185,2.8176211877824594e-05,1.0331497988201053e-06,7.603238300238402e-07,1.6194993518074579e-06,8.791938817153468e-08,4.947665721380831e-07,3.217187081878561e-05,no_hotcold,nsga2
0,758,758,train,2.5219300985336304,0.251953125,0.673828125,8,64,512,324.3693999975221,59.04768651879886,2.2948749639730144,18.105923175409124,45.50700000254437,6.411393604700661,12.567439417289554,18.978833021990216,0.008000002708286047,0.0,11.893243531134061,7.077589488147869,0,24.66316285351904,1578.4424226252186,2097152.0,2,0.0,0.0,1.0,0.0,0.0,52.43096876615697,0.00680002267472446,0.0,32.51902231649728,19.90514642698497,0,1,0,0.0,0.0,26.215484383078486,0,0,2097152,8,4,0.0,2,0.0,0,0,1.0,0.0,4,4,0,1.0,0.0,0.0,759.0,0,0.0,1.0,0.0,0.0,1.0,0.0,256,1024,0,0.0,317.793938632724,209.2827000451507,0.0,94.61795041060132,13.893288176971964,0,8662.001540496562,0,8337.63214049904,1.180953730375977e-06,9.179499855892057e-07,7.242369270163651e-07,3.205696802350331e-08,7.540463650373732e-08,5.243096876615698e-07,3.454911935170358e-06,no_hotcold,nsga2
0,759,759,train,2.4734805822372437,0.291015625,0.654296875,8,64,512,191.0795000003418,33.82680327873631,2.320929709900574,17.17821894580772,60.366600009729154,6.917940617878257,15.193652268997162,22.11159288687542,0.006499991286545992,0.0,12.753486033169533,9.35160686241934,0,41.867171166004326,2679.498954624277,2097152.0,2,0.0,0.0,1.0,0.0,0.0,51.868778215925516,0.006800008122809231,0.0,31.031893980405812,20.8300842273969,0,1,0,0.0,0.0,25.934389107962758,0,0,2097152,8,4,0.0,2,0.0,0,0,1.0,0.0,4,0,0,0.0,0.0,0.0,760.0,4,0.0,1.0,0.0,0.0,1.0,0.0,256,1024,0,0.0,213.30380773777844,106.43830000481103,0.0,92.22608612158045,14.63942161138694,0,8662.001540496562,0,8470.92204049622,6.765360655747263e-07,9.283718839602296e-07,6.87128757832309e-07,3.4589703089391287e-08,9.116191361398297e-08,5.186877821592553e-07,2.936476106229894e-06,no_hotcold,nsga2
0,760,760,train,2.638343632221222,0.24609375,0.609375,8,64,512,335.5448999936925,61.63755084780698,2.5324665588123456,18.113375341044964,58.68729999929201,5.949127929805845,14.830896048450484,20.780023978256327,0.006999995093792677,0.0,11.126297911321547,9.646726071840988,0,23.8417456453808,1525.8717213043712,2097152.0,2,0.0,0.0,1.0,0.0,0.0,50.857385669308044,0.007499998901039362,0.0,31.047432674389796,19.802452996017205,0,1,0,0.0,0.0,25.428692834654022,0,0,2097152,8,4,0.0,2,0.0,0,0,1.0,0.0,4,4,0,1.0,0.0,0.0,761.0,0,0.0,1.0,0.0,0.0,1.0,0.0,256,1024,0,0.0,329.1335709906571,219.60670001863036,0.0,93.99543169148326,15.531439280543509,0,8662.001540496562,0,8326.456640502869,1.2327510169561397e-06,1.0129866235249382e-06,7.245350136417986e-07,2.9745639649029226e-08,8.898537629070289e-08,5.085738566930804e-07,3.597577526755689e-06,no_hotcold,nsga2
0,761,761,train,2.5221108198165894,0.251953125,0.642578125,8,64,512,94.7052999981679,14.05728170956571,2.324698643285121,18.09667991217124,38.36000000592321,6.245534569203729,13.788951222302854,20.034485791506583,0.007199996616691351,0.0,12.201936844453837,7.825348950436055,0,84.47167717622546,5406.187339278429,2097152.0,2,0.0,0.0,1.0,0.0,0.0,50.82737632871945,0.007700000423938036,0.0,31.969235694969722,18.850440633325793,0,1,0,0.0,0.0,25.413688164359726,0,0,2097152,8,4,0.0,2,0.0,0,0,1.0,0.0,4,0,0,0.0,0.0,0.0,762.0,4,0.0,1.0,0.0,0.0,1.0,0.0,256,1024,0,0.0,137.9146410600883,28.284999963943847,0.0,95.55005609064239,14.079585005502052,0,8662.001540496562,0,8567.296240498394,2.8114563419131424e-07,9.298794573140484e-07,7.238671964868496e-07,3.1227672846018647e-08,8.273370733381711e-08,5.082737632871945e-07,2.5571274314592423e-06,no_hotcold,nsga2
0,762,762,train,2.5431065559387207,0.283203125,0.65234375,8,64,512,325.16779999423306,59.02468288787182,2.419135528918356,18.745632333374427,37.98079999978654,5.7673484200568526,14.346931404563932,20.114279824620784,0.006299989763647318,0.0,10.873693255937884,9.234286578919253,0,24.602606400558365,1574.5668096357354,2097152.0,2,0.0,0.0,1.0,0.0,0.0,52.05721775076229,0.007700000423938036,0.0,31.153643289714104,20.895874460624256,0,1,0,0.0,0.0,26.028608875381146,0,0,2097152,8,4,0.0,2,0.0,0,0,1.0,0.0,4,4,0,1.0,0.0,0.0,763.0,0,0.0,1.0,0.0,0.0,1.0,0.0,256,1024,0,0.0,320.75780300065844,208.01050002046395,0.0,96.46921590828765,16.278087071906818,0,8662.001540496562,0,8336.833740502329,1.1804936577574365e-06,9.676542115673426e-07,7.498252933349771e-07,2.8836742100284263e-08,8.608158842738359e-08,5.205721775076229e-07,3.533463670695047e-06,no_hotcold,nsga2
0,763,763,train,2.4809813499450684,0.267578125,0.654296875,8,64,512,190.9072999987984,16.898001202605286,2.5706558581889842,20.868072853948238,59.66820000321604,5.7323923054574495,16.845558668299876,22.577950973757325,0.007999988156370819,0.0,10.724498899726841,11.845452085874113,0,41.90493551118706,2681.915872715972,2097152.0,2,0.0,0.0,1.0,0.0,0.0,54.977224514318245,0.009600014891475439,0.0,33.587039663248916,21.380584836177853,0,1,0,0.0,0.0,27.488612257159122,0,0,2097152,8,4,0.0,2,0.0,0,0,1.0,0.0,4,0,0,0.0,0.0,0.0,764.0,4,0.0,1.0,0.0,0.0,1.0,0.0,256,1024,0,0.0,161.34691965897002,39.51010000309907,0.0,96.6594160857955,25.177403570075462,0,8662.001540496562,0,8471.094240497763,3.379600240521058e-07,1.0282623432755939e-06,8.347229141579296e-07,2.866196152728725e-08,1.0107335200979925e-07,5.497722451431825e-07,2.880452840165898e-06,no_hotcold,nsga2
0,764,764,train,2.4896841049194336,0.275390625,0.673828125,8,64,512,3340.6764999963343,17.905190376905324,9.738674428853557,252.77371778149796,38.329900009557605,6.724180366539385,70.50890611985491,77.2330864863943,0.007299997378140688,0.0,12.356208315269727,64.86957817374643,0,2.3947238247357845,153.2623247830902,2097152.0,2,0.0,0.0,1.0,0.0,0.0,51.18929966166236,0.007399998139590025,0.0,31.52355196108315,19.65834770243962,0,1,0,0.0,0.0,25.59464983083118,0,0,2097152,8,4,0.0,2,0.0,0,0,1.0,0.0,4,4,0,1.0,0.0,0.0,765.0,0,0.0,1.0,0.0,0.0,1.0,0.0,256,1024,0,0.0,1121.6703303490274,42.07920000771992,0.0,95.80831358204662,983.7828167592609,0,8662.001540496562,0,5321.325040500227,3.5810380753810653e-07,3.8954697715414226e-06,1.0110948711259922e-05,3.3620901832696927e-08,4.2305343671912943e-07,5.118929966166236e-07,1.53330896255079e-05,no_hotcold,nsga2
0,765,765,train,2.471749722957611,0.2890625,0.673828125,8,64,512,326.9359000114491,61.07267130606823,2.233011671351089,18.394821081225217,48.224099999060854,5.789867505711015,14.079929489345222,19.869796995056237,0.007499998901039362,0.0,11.259575219403715,8.602721776751485,0,24.46955360413537,1566.0514306646637,2097152.0,2,0.0,0.0,1.0,0.0,0.0,51.588292263302215,0.009399998816661537,0.0,31.579939337037754,19.998952927447796,0,1,0,0.0,0.0,25.794146131651107,0,0,2097152,8,4,0.0,2,0.0,0,0,1.0,0.0,4,0,0,0.0,0.0,0.0,766.0,4,0.0,1.0,0.0,0.0,1.0,0.0,256,1024,0,0.0,326.80201623457816,216.70390001963824,0.0,93.70337054199356,16.394745672946353,0,8662.001540496562,0,8335.065640485112,1.221453426121365e-06,8.932046685404356e-07,7.357928432490088e-07,2.894933752855508e-08,8.447957693607133e-08,5.158829226330221e-07,3.4797627750084575e-06,no_hotcold,nsga2
0,766,766,train,2.4874936938285828,0.275390625,0.654296875,8,64,512,321.1221999954432,58.2843069493961,2.2341529800712325,18.579417565188624,38.09269999328535,6.147839881703234,13.148034003701056,19.29587388540429,0.007199996616691351,0.0,11.70115891128135,7.58751497750625,0,24.912556925546088,1594.4036432349496,2097152.0,2,0.0,0.0,1.0,0.0,0.0,50.745683575915606,0.006300004315562546,0.0,30.530343773417464,20.20903979818258,0,1,0,0.0,0.0,25.372841787957803,0,0,2097152,8,4,0.0,2,0.0,0,0,1.0,0.0,4,4,0,1.0,0.0,0.0,767.0,0,0.0,1.0,0.0,0.0,1.0,0.0,256,1024,0,0.0,316.39150997862384,204.80349998979364,0.0,97.06650420690627,14.52150578192392,0,8662.001540496562,0,8340.879340501118,1.165686138987922e-06,8.93661192028493e-07,7.431767026075451e-07,3.073919940851617e-08,7.888820402220633e-08,5.074568357591561e-07,3.419608272813839e-06,no_hotcold,nsga2
0,767,767,train,2.430915951728821,0.2578125,0.69921875,8,64,512,276.014999995823,48.0696424681291,2.336342455841258,17.909464506256167,61.58929999219254,5.697115584666674,13.702713459542398,19.39982904420907,0.006400005077011883,0.0,12.10313029476718,7.290298744364879,0,28.983827024958938,1854.964929597372,2097152.0,2,0.0,0.0,1.0,0.0,0.0,50.8199905402527,0.007100010407157242,0.0,31.45630779413448,19.35658273571106,0,1,0,0.0,0.0,25.40999527012635,0,0,2097152,8,4,0.0,2,0.0,0,0,1.0,0.0,4,0,0,0.0,0.0,0.0,768.0,4,0.0,1.0,0.0,0.0,1.0,0.0,256,1024,0,0.0,273.26179772090615,164.2079999874113,0.0,95.11867214521632,13.93512558827848,0,5722.135781998868,0,5446.120782003045,9.61392849362582e-07,9.345369823365033e-07,7.163785802502468e-07,2.8485577923333376e-08,8.221628075725437e-08,5.08199905402527e-07,3.231210176032447e-06,no_hotcold,nsga2
0,768,768,train,2.434170961380005,0.25390625,0.681640625,8,64,512,271.16920000116806,46.2997617959504,2.462949680203871,17.857269811067425,37.561499993898906,5.845697143005496,15.918706254393832,21.764403397399327,0.007200011168606579,0.0,11.002550371467585,10.754653014763136,0,29.501766786931384,1888.1130743636086,2097152.0,2,0.0,0.0,1.0,0.0,0.0,51.69784503522699,0.006599992047995329,0.0,31.24625631964659,20.444988723532397,0,1,0,0.0,0.0,25.848922517613495,0,0,2097152,8,4,0.0,2,0.0,0,0,1.0,0.0,4,4,0,1.0,0.0,0.0,769.0,0,0.0,1.0,0.0,0.0,1.0,0.0,256,1024,0,0.0,266.4799251488869,159.44659999513533,0.0,89.50943411295896,17.523891040792535,0,5722.135781998868,0,5450.9665819977,9.259952359190083e-07,9.851798720815487e-07,7.14290792442697e-07,2.9228485715027483e-08,9.551223752636299e-08,5.169784503522698e-07,3.2671850740369142e-06,no_hotcold,nsga2
0,769,769,train,2.5289722084999084,0.25,0.65234375,8,64,512,101.05009999824688,13.9295869459072,2.5025810875511985,17.89515027005117,37.91009999986272,5.858561576131529,14.64261638736,20.50117796349153,0.007700000423938036,0.0,11.76637950331904,8.72709845974855,0,79.1678665560176,5066.743459585126,2097152.0,2,0.0,0.0,1.0,0.0,0.0,53.508728948889626,0.007199996616691351,0.0,34.70863394674511,18.792895005527825,0,1,0,0.0,0.0,26.754364474444813,0,0,2097152,8,4,0.0,2,0.0,0,0,1.0,0.0,4,0,0,0.0,0.0,0.0,770.0,4,0.0,1.0,0.0,0.0,1.0,0.0,256,1024,0,0.0,137.30927321403829,28.321100005996414,0.0,91.47514260443418,17.51303060360768,0,5722.135781998868,0,5621.085682000621,2.78591738918144e-07,1.0010324350204794e-06,7.158060108020468e-07,2.9292807880657645e-08,8.785569832415999e-08,5.350872894888963e-07,2.647665980434384e-06,no_hotcold,nsga2
0,770,770,train,2.5287294387817383,0.255859375,0.65625,8,64,512,345.72430000116583,63.53881286377259,2.4451249926130294,18.139318353122732,54.92729999241419,6.0530694245145185,16.406873678293458,22.459943102807976,0.006799993570894003,0.0,11.634996871801643,10.818146237435439,0,23.13975864645435,1480.9445533730784,2097152.0,2,0.0,0.0,1.0,0.0,0.0,54.98134589989027,0.006400005077011883,0.0,33.186614234236984,21.788331660576283,0,1,0,0.0,0.0,27.490672949945136,0,0,2097152,8,4,0.0,2,0.0,0,0,1.0,0.0,4,4,0,1.0,0.0,0.0,771.0,0,0.0,1.0,0.0,0.0,1.0,0.0,256,1024,0,0.0,336.4930248380334,226.1848999914946,0.0,93.3137814606638,16.994343385874988,0,5722.135781998868,0,5376.411481997702,1.2707762572754519e-06,9.780499970452116e-07,7.255727341249095e-07,3.02653471225726e-08,9.844124206976074e-08,5.498134589989027e-07,3.6529190366368093e-06,no_hotcold,nsga2
0,771,771,train,2.5425862073898315,0.26171875,0.626953125,8,64,512,307.64310000813566,52.40534739569085,2.361054724362252,18.316061639863364,37.49030000471976,5.622883299947871,14.277394453269185,19.900277753217054,0.007199996616691351,0.0,11.255928056613907,8.637149699986459,0,26.00407418763578,1664.26074800869,2097152.0,2,0.0,0.0,1.0,0.0,0.0,52.054877061130526,0.007499998901039362,0.0,31.26770489796968,20.779672164259814,0,1,0,0.0,0.0,26.027438530565263,0,0,2097152,8,4,0.0,2,0.0,0,0,1.0,0.0,4,0,0,0.0,0.0,0.0,772.0,4,0.0,1.0,0.0,0.0,1.0,0.0,256,1024,0,0.0,292.32985503966586,182.50589999661315,0.0,93.92073198866103,15.903223054391713,0,5722.135781998868,0,5414.492681990732,1.0481069479138171e-06,9.44421889744901e-07,7.326424655945347e-07,2.8114416499739357e-08,8.56643667196151e-08,5.205487706113054e-07,3.3594988570839128e-06,no_hotcold,nsga2
0,772,772,train,2.525424003601074,0.240234375,0.64453125,8,64,512,325.26620000135154,54.94560990956626,2.499035260928297,18.185312514398987,50.973299992620014,6.511847921111404,14.68431345736532,21.196161378476724,0.006999995093792677,0.0,12.254917908267721,8.93424347511521,0,24.595163606926118,1574.0904708432715,2097152.0,2,0.0,0.0,1.0,0.0,0.0,51.180749860369524,0.007499998901039362,0.0,31.076071691930785,20.097178169537695,0,1,0,0.0,0.0,25.590374930184762,0,0,2097152,8,4,0.0,2,0.0,0,0,1.0,0.0,4,4,0,1.0,0.0,0.0,773.0,0,0.0,1.0,0.0,0.0,1.0,0.0,256,1024,0,0.0,302.5198307395742,193.2121999998344,0.0,95.7229801484327,13.584650591307065,0,5722.135781998868,0,5396.869581997516,1.0989121981913252e-06,9.99614104371319e-07,7.274125005759597e-07,3.2559239605557023e-08,8.810588074419191e-08,5.118074986036953e-07,3.4584114220920483e-06,no_hotcold,nsga2
0,773,773,train,2.558758795261383,0.244140625,0.638671875,8,64,512,527.6920000032987,79.08210176224449,2.853950650688968,25.608182190912814,177.30850000225473,6.580451781553515,18.88969112220619,25.470142903759708,0.008000002708286047,0.0,11.616184873428494,13.845958027622924,0,15.160329964486907,970.2611177271621,2097152.0,2,0.0,0.0,1.0,0.0,0.0,53.06569795671485,0.009800001862458885,0.0,31.840446588594176,21.215451366258215,0,1,0,0.0,0.0,26.532848978357425,0,0,2097152,8,4,0.0,2,0.0,0,0,1.0,0.0,4,0,0,0.0,0.0,0.0,774.0,4,0.0,1.0,0.0,0.0,1.0,0.0,256,1024,0,0.0,430.17693841538505,288.1119999947259,0.0,93.71849680614909,48.34644161451004,0,2282.3168224994065,0,1754.6248224961078,1.5816420352448899e-06,1.141580260275587e-06,1.0243272876365125e-06,3.290225890776758e-08,1.1333814673323712e-07,5.306569795671486e-07,4.424446968365142e-06,no_hotcold,nsga2
0,774,774,train,2.502236783504486,0.28515625,0.646484375,8,64,512,5079.375600005733,944.5110855247638,2.388767962736535,371.5602695995408,63.59839999640826,6.907829243953195,15.757143911538039,22.664973155491232,0.006799993570894003,0.0,13.010864459344656,9.647308702575684,0,1.5749964277094497,100.79977137340478,2097152.0,2,0.0,0.0,1.0,0.0,0.0,52.1208059320919,0.006300018867477775,0.0,30.82475601656882,21.2897498966556,0,1,0,0.0,0.0,26.06040296604595,0,0,2097152,8,4,0.0,2,0.0,0,0,1.0,0.0,4,4,0,1.0,0.0,0.0,775.0,0,0.0,1.0,0.0,0.0,1.0,0.0,256,1024,0,0.0,5273.840492348165,3750.6868000200484,0.0,93.52262098616907,1429.6310713419468,0,4726.657105501649,1,-352.71849450408354,1.8890221710495273e-05,9.555071850946141e-07,1.4862410783981633e-05,3.4539146219765976e-08,9.454286346922822e-08,5.212080593209191e-07,3.5358429748581437e-05,no_hotcold,nsga2
0,775,775,train,2.3804931044578552,0.291015625,0.6875,8,64,512,70.25759998941794,13.87086403838704,2.2586317496946773,17.668796228340735,37.375100000645034,6.27739624348103,13.282627716485852,19.560023959966884,0.006399990525096655,0.0,11.210286791828539,8.343337177613247,0,113.86506422281296,7287.3641102600295,2097152.0,2,0.0,0.0,1.0,0.0,0.0,53.30572176214849,0.007200011168606579,0.0,31.877493180472932,21.42102857050695,0,1,0,0.0,0.0,26.652860881074243,0,0,2097152,8,4,0.0,2,0.0,0,0,1.0,0.0,4,0,0,0.0,0.0,0.0,776.0,4,0.0,1.0,0.0,0.0,1.0,0.0,256,1024,0,0.0,135.1931680656898,28.088000020943582,0.0,93.16101729886637,13.944150745879856,0,4726.657105501649,0,4656.399505512231,2.7741728076774085e-07,9.034526998778707e-07,7.067518491336295e-07,3.138698121740515e-08,7.96957662989151e-08,5.33057217621485e-07,2.5317617949170463e-06,no_hotcold,nsga2
0,776,776,train,2.50392484664917,0.2578125,0.640625,8,64,512,101.10730001179036,15.46717256191053,2.323062426090585,18.479051647905276,50.01059999631252,5.7644972813118,14.181146372119422,19.945643653431222,0.006300004315562546,0.0,11.952924221184407,7.986419427931251,0,79.12307890714324,5063.877050057167,2097152.0,2,0.0,0.0,1.0,0.0,0.0,51.55488171797894,0.006799993570894003,0.0,30.637314367113166,20.910767357294876,0,1,0,0.0,0.0,25.77744085898947,0,0,2097152,8,4,0.0,2,0.0,0,0,1.0,0.0,4,4,0,1.0,0.0,0.0,777.0,0,0.0,1.0,0.0,0.0,1.0,0.0,256,1024,0,0.0,145.0771465436256,35.23819999827538,0.0,93.44643671512691,16.392509830223283,0,4726.657105501649,0,4625.549805489859,3.093434512382106e-07,9.292249704362341e-07,7.391620659162112e-07,2.8822486406559e-08,8.508687823271651e-08,5.155488171797894e-07,2.607188669409721e-06,no_hotcold,nsga2
0,777,777,train,2.5934296250343323,0.234375,0.623046875,8,64,512,282.5870999949984,47.871900003748436,2.1535986784363352,17.61562969040373,65.743700004532,6.2834898835275395,12.361978654858975,18.645468538386513,0.006900008884258568,0.0,11.69724012193793,6.941328407564324,0,28.309755436062574,1811.8243479080047,2097152.0,2,0.0,0.0,1.0,0.0,0.0,52.52066889142432,0.006700007361359894,0.0,32.38247313796249,20.13149574610047,0,1,0,0.0,0.0,26.26033444571216,0,0,2097152,8,4,0.0,2,0.0,0,0,1.0,0.0,4,0,0,0.0,0.0,0.0,778.0,4,0.0,1.0,0.0,0.0,1.0,0.0,256,1024,0,0.0,270.56451349035405,165.4840999544831,0.0,91.30477765673757,13.775635879133322,0,4726.657105501649,0,4444.070005506651,9.57438000074969e-07,8.614394713745341e-07,7.046251876161491e-07,3.14174494176377e-08,7.417187192915384e-08,5.252066889142433e-07,3.154298669326687e-06,no_hotcold,nsga2
0,778,778,train,2.5472821593284607,0.228515625,0.61328125,8,64,512,291.326200007461,55.07528568961899,2.3241657915706315,17.792688384994612,38.28629999770783,6.484163618013719,14.046292001942744,20.530455619956463,0.006499991286545992,0.0,12.809314931995079,7.714640696674836,0,27.460532349176862,1757.4740703473192,2097152.0,2,0.0,0.0,1.0,0.0,0.0,51.267896590636795,0.009399998816661537,0.0,30.88338998685565,20.375106604964483,0,1,0,0.0,0.0,25.633948295318397,0,0,2097152,8,4,0.0,2,0.0,0,0,1.0,0.0,4,4,0,1.0,0.0,0.0,779.0,0,0.0,1.0,0.0,0.0,1.0,0.0,256,1024,0,0.0,300.7685594647369,191.64659999660216,0.0,93.62492212033433,15.497037347800424,0,4726.657105501649,0,4435.330905494188,1.1015057137923797e-06,9.296663166282526e-07,7.117075353997845e-07,3.24208180900686e-08,8.427775201165645e-08,5.12678965906368e-07,3.3722571018285096e-06,no_hotcold,nsga2
0,779,779,train,2.510671317577362,0.236328125,0.650390625,8,64,512,93.85420000762679,14.307177896887726,2.5583430000965404,18.646837834072194,40.03730000113137,6.306366078111484,14.798342319077456,21.10470839718894,0.006599992047995329,0.0,11.47976357979341,9.618344825347533,0,85.23768527849187,5455.2118578234795,2097152.0,2,0.0,0.0,1.0,0.0,0.0,48.91235751200249,0.006599992047995329,0.0,28.95725484455607,19.948502675398423,0,1,0,0.0,0.0,24.456178756001243,0,0,2097152,8,4,0.0,2,0.0,0,0,1.0,0.0,4,0,0,0.0,0.0,0.0,780.0,4,0.0,1.0,0.0,0.0,1.0,0.0,256,1024,0,0.0,142.04943492422584,29.33300004224293,0.0,96.1480241062488,16.568410775734108,0,4726.657105501649,0,4632.8029054940225,2.8614355793775455e-07,1.023337200038616e-06,7.458735133628877e-07,3.153183039055742e-08,8.879005391446472e-08,4.89123575120025e-07,2.664799730764305e-06,no_hotcold,nsga2
0,780,780,train,2.577304780483246,0.208984375,0.625,8,64,512,209.9951999989571,38.50280567021546,2.4224706048745404,18.000176417512215,41.22459999052808,6.122024799407463,13.811923570683302,19.933948370090764,0.007599999662488699,0.0,11.378289128155568,8.548059242272705,0,38.095927450304956,2438.139356819517,2097152.0,2,0.0,0.0,1.0,0.0,0.0,53.624259436796166,0.006500020390376449,0.0,33.1303892358959,20.487370180509885,0,1,0,0.0,0.0,26.812129718398083,0,0,2097152,8,4,0.0,2,0.0,0,0,1.0,0.0,4,4,0,1.0,0.0,0.0,781.0,0,0.0,1.0,0.0,0.0,1.0,0.0,256,1024,0,0.0,235.70181077040885,126.92039995454252,0.0,93.17691702897466,15.604493786891677,0,4726.657105501649,0,4516.661905502692,7.700561134043091e-07,9.689882419498161e-07,7.200070567004887e-07,3.061012399703731e-08,8.287154142409979e-08,5.362425943679617e-07,3.1087756718437127e-06,no_hotcold,nsga2
0,781,781,train,2.4741950631141663,0.2734375,0.64453125,8,64,512,344.20870000030845,63.41396834576374,2.4654765653024855,18.154502774159564,47.38099999667611,6.313476369663793,14.195062290074787,20.50853865973858,0.006600021151825786,0.0,11.105684282145758,9.396254356440998,0,23.241646008211948,1487.4653445255647,2097152.0,2,0.0,0.0,1.0,0.0,0.0,53.976595926379325,0.00790000194683671,0.0,33.95458172920515,20.014114195227336,0,1,0,0.0,0.0,26.988297963189662,0,0,2097152,8,4,0.0,2,0.0,0,0,1.0,0.0,4,0,0,0.0,0.0,0.0,782.0,4,0.0,1.0,0.0,0.0,1.0,0.0,256,1024,0,0.0,336.1357907409032,224.20880000572652,0.0,95.72693049371279,16.20006024146387,0,4726.657105501649,0,4382.448405501341,1.268279366915275e-06,9.861906261209945e-07,7.261801109663826e-07,3.156738184831897e-08,8.51703737404487e-08,5.397659592637934e-07,3.637153818855213e-06,no_hotcold,nsga2
0,782,782,train,2.5401857495307922,0.259765625,0.630859375,8,64,512,3457.4736999929883,222.77881549774955,3.297355226781867,398.4946745035725,49.508600000990555,6.423280023794231,22.911519313168434,29.334799336962664,0.006799993570894003,0.0,11.936212610211587,17.391786733180183,0,2.3138274880265137,148.08495923369688,2097152.0,2,0.0,0.0,1.0,0.0,0.0,51.27242344428788,0.006399990525096655,0.0,30.890793099505306,20.375230354257475,0,1,0,0.0,0.0,25.63621172214394,0,0,2097152,8,4,0.0,2,0.0,0,0,1.0,0.0,4,4,0,1.0,0.0,0.0,783.0,0,0.0,1.0,0.0,0.0,1.0,0.0,256,1024,0,0.0,2498.283380912416,862.661900013336,0.0,93.700391354255,1541.9210895448248,0,4784.471719499993,0,1326.9980195070048,4.455576309954991e-06,1.3189420907127469e-06,1.5939786980142902e-05,3.2116400118971154e-08,1.3746911587901058e-07,5.127242344428788e-07,2.2396615131251502e-05,no_hotcold,nsga2
0,783,783,train,2.489538311958313,0.271484375,0.640625,8,64,512,88.75329999136738,14.824987413224076,2.3239349285170245,16.838266625068123,50.20189999777358,6.432420748254502,14.228192272649327,20.66061302090383,0.00650000583846122,0.0,11.518330294714724,9.135782720350644,0,90.1364779033592,5768.734585814988,2097152.0,2,0.0,0.0,1.0,0.0,0.0,53.52940482593392,0.007100010407157242,0.0,32.941941478299924,20.580363337226842,0,1,0,0.0,0.0,26.76470241296696,0,0,2097152,8,4,0.0,2,0.0,0,0,1.0,0.0,4,0,0,0.0,0.0,0.0,784.0,4,0.0,1.0,0.0,0.0,1.0,0.0,256,1024,0,0.0,135.94875586723688,30.49459998146631,0.0,90.9863059223731,14.467849963397454,0,4784.471719499993,0,4695.718419508626,2.964997482644815e-07,9.295739714068099e-07,6.735306650027249e-07,3.2162103741272516e-08,8.536915363589596e-08,5.352940482593392e-07,2.552429690310524e-06,no_hotcold,nsga2
0,784,784,train,2.4670203924179077,0.255859375,0.65625,8,64,512,314.79180000314955,54.55632189743708,2.4618225252568675,20.52205264810588,61.73280000803061,6.293917590813129,15.243712295503848,21.537629886316978,0.008200004231184721,0.0,12.783349533648316,8.746080348437477,0,25.413541859661212,1626.4666790183176,2097152.0,2,0.0,0.0,1.0,0.0,0.0,51.958227599733476,0.007599999662488699,0.0,31.464432919218968,20.486194680852023,0,1,0,0.0,0.0,25.979113799866738,0,0,2097152,8,4,0.0,2,0.0,0,0,1.0,0.0,4,4,0,1.0,0.0,0.0,785.0,0,0.0,1.0,0.0,0.0,1.0,0.0,256,1024,0,0.0,310.1607882831993,192.24070003838278,0.0,93.96483614394317,23.955252100873363,0,4784.471719499993,0,4469.6799194968435,1.0911264379487418e-06,9.847290101027469e-07,8.208821059242352e-07,3.1469587954065646e-08,9.146227377302309e-08,5.195822759973349e-07,3.5392516917001476e-06,no_hotcold,nsga2
0,785,785,train,2.5286394357681274,0.25390625,0.658203125,8,64,512,356.1629999894649,64.39395447826954,2.600880402548181,18.012142133071308,39.0317999990657,6.244131711048575,16.09192532123503,22.336057032283605,0.008200004231184721,0.0,11.357968528346909,10.969888499705513,0,22.461562651578024,1437.5400097009936,2097152.0,2,0.0,0.0,1.0,0.0,0.0,52.38217772707334,0.007599999662488699,0.0,30.901867010333206,21.47271071707765,0,1,0,0.0,0.0,26.19108886353667,0,0,2097152,8,4,0.0,2,0.0,0,0,1.0,0.0,4,0,0,0.0,0.0,0.0,786.0,4,0.0,1.0,0.0,0.0,1.0,0.0,256,1024,0,0.0,340.02790805555605,228.23199997947086,0.0,95.41703766267541,16.37887041340978,0,4784.471719499993,0,4428.308719510528,1.2878790895653905e-06,1.0403521610192726e-06,7.204856853228523e-07,3.122065855524288e-08,9.655155192741018e-08,5.238217772707334e-07,3.700310923660902e-06,no_hotcold,nsga2
0,786,786,train,2.5329827070236206,0.27734375,0.650390625,8,64,512,84.37709999270737,13.935563690806873,2.337791564634089,18.132997340466268,49.905699997907504,6.675745778398596,14.233444894930628,20.909190673329224,0.005999987479299307,0.0,12.715797022081912,8.187393663768015,0,94.81133138446378,6067.925208605682,2097152.0,2,0.0,0.0,1.0,0.0,0.0,50.972003622563705,0.006799993570894003,0.0,30.496113909620078,20.469089719372732,0,1,0,0.0,0.0,25.486001811281852,0,0,2097152,8,4,0.0,2,0.0,0,0,1.0,0.0,4,4,0,1.0,0.0,0.0,787.0,0,0.0,1.0,0.0,0.0,1.0,0.0,256,1024,0,0.0,137.62541038362892,28.75129999301862,0.0,93.68503705611738,15.189073334492925,0,4784.471719499993,0,4700.094619507286,2.7871127381613747e-07,9.351166258536356e-07,7.25319893618651e-07,3.337872889199298e-08,8.540066936958376e-08,5.097200362256371e-07,2.5676472277756375e-06,no_hotcold,nsga2
0,787,787,train,2.354997754096985,0.3046875,0.70703125,8,64,512,371.1081000074046,63.81476845113248,2.2059148299099176,18.313433529417807,37.35959999903571,6.13222300840072,13.466169973903632,19.598392982304354,0.006800008122809231,0.0,12.095827268045038,7.495765706136505,0,21.55700304799958,1379.648195071973,2097152.0,2,0.0,0.0,1.0,0.0,0.0,53.21468644804423,0.006799993570894003,0.0,31.388798349693253,21.819088104780086,0,1,0,0.0,0.0,26.607343224022117,0,0,2097152,8,4,0.0,2,0.0,0,0,1.0,0.0,4,0,0,0.0,0.0,0.0,788.0,4,0.0,1.0,0.0,0.0,1.0,0.0,256,1024,0,0.0,337.3364672418408,227.09310000936966,0.0,95.03255353320083,15.210813699270329,0,3745.4064559939434,0,3374.298355986539,1.2762953690226497e-06,8.82365931963967e-07,7.325373411767124e-07,3.06611150420036e-08,8.079701984342178e-08,5.321468644804424e-07,3.5348036415291965e-06,no_hotcold,nsga2
0,788,788,train,2.440895915031433,0.3046875,0.69140625,8,64,512,340.55189999344293,60.224726159755676,2.2851368212119634,18.94365922869042,38.18669999600388,6.221256693081753,13.463231081083922,19.684487774165675,0.007000009645707905,0.0,12.087373136619702,7.590114627900267,0,23.4912109107103,1503.4374982854592,2097152.0,2,0.0,0.0,1.0,0.0,0.0,49.26458726060082,0.007200011168606579,0.0,29.880204909702343,19.37718233972987,0,1,0,0.0,0.0,24.63229363030041,0,0,2097152,8,4,0.0,2,0.0,0,0,1.0,0.0,4,4,0,1.0,0.0,0.0,789.0,0,0.0,1.0,0.0,0.0,1.0,0.0,256,1024,0,0.0,325.8140888386322,211.95340002304874,0.0,98.0995507399142,15.761138075669287,0,3745.4064559939434,0,3404.8545560005005,1.2044945231951136e-06,9.140547284847854e-07,7.577463691476168e-07,3.1106283465408766e-08,8.077938648650352e-08,4.926458726060083e-07,3.4808271633854366e-06,no_hotcold,nsga2
0,789,789,train,2.4956172108650208,0.2890625,0.720703125,8,64,512,91.34699999412987,14.643730038066987,2.542589333702451,18.84138560414889,49.47179999726359,6.676195498099048,15.51264678336931,22.188842281468357,0.006299989763647318,0.0,11.362634946598948,10.819907345105761,0,87.5771773932006,5604.939353164838,2097152.0,2,0.0,0.0,1.0,0.0,0.0,51.676179451054765,0.006799993570894003,0.0,31.42853624306991,20.240843214413964,0,1,0,0.0,0.0,25.838089725527382,0,0,2097152,8,4,0.0,2,0.0,0,0,1.0,0.0,4,0,0,0.0,0.0,0.0,790.0,4,0.0,1.0,0.0,0.0,1.0,0.0,256,1024,0,0.0,144.1108199036733,29.99739996448625,0.0,97.16784006617547,16.94557987301159,0,3745.4064559939434,0,3654.0594559998135,2.9287460076133975e-07,1.0170357334809806e-06,7.536554241659556e-07,3.338097749049524e-08,9.307588070021583e-08,5.167617945105476e-07,2.7067844111095344e-06,no_hotcold,nsga2
0,790,790,train,2.455560863018036,0.29296875,0.697265625,8,64,512,299.1972000017995,50.37263343695008,2.191375957176743,18.69355392554793,37.05150001042057,6.169283100768887,14.441411557366518,20.610694658135404,0.007299997378140688,0.0,12.073390468011413,8.530004192745853,0,26.738128772004263,1711.2402414082728,2097152.0,2,0.0,0.0,1.0,0.0,0.0,53.64365069497039,0.007199996616691351,0.0,32.81617766184002,20.820273036513672,0,1,0,0.0,0.0,26.821825347485195,0,0,2097152,8,4,0.0,2,0.0,0,0,1.0,0.0,4,4,0,1.0,0.0,0.0,791.0,0,0.0,1.0,0.0,0.0,1.0,0.0,256,1024,0,0.0,285.03025327869904,173.282299991115,0.0,96.44296838095319,15.304984906630818,0,3745.4064559939434,0,3446.209255992144,1.0074526687390017e-06,8.765503828706973e-07,7.477421570219173e-07,3.084641550384443e-08,8.66484693441991e-08,5.364365069497039e-07,3.285676600429364e-06,no_hotcold,nsga2
0,791,791,train,2.6778653860092163,0.26953125,0.662109375,8,64,512,381.4582000049995,64.78909171807875,2.10619158533982,18.16529344013483,38.050000002840534,6.072572854431272,12.864543813926595,18.937116668357866,0.007599999662488699,0.0,11.94533484923963,6.984181819455747,0,20.972098719588228,1342.2143180536466,2097152.0,2,0.0,0.0,1.0,0.0,0.0,53.65399937862696,0.00990001717582345,0.0,34.21884516746332,19.425254193987822,0,1,0,0.0,0.0,26.82699968931348,0,0,2097152,8,4,0.0,2,0.0,0,0,1.0,0.0,4,0,0,0.0,0.0,0.0,792.0,4,0.0,1.0,0.0,0.0,1.0,0.0,256,1024,0,0.0,340.24230697421365,230.8253999945009,0.0,95.0763581313504,14.340548848362303,0,3745.4064559939434,0,3363.948255988944,1.295781834361575e-06,8.424766341359282e-07,7.266117376053932e-07,3.036286427215636e-08,7.718726288355956e-08,5.365399937862698e-07,3.508960327044882e-06,no_hotcold,nsga2
0,792,792,train,2.477945864200592,0.28515625,0.669921875,8,64,512,362.75169999862555,57.95718966890505,3.593864772888592,18.845158684648947,67.97119999828283,6.057080181129176,28.225028676621434,34.28210885775061,0.009900002623908222,0.0,12.276931228951163,21.995277626175536,0,22.053591882376924,1411.4298804721232,2097152.0,2,0.0,0.0,1.0,0.0,0.0,50.755827800712915,0.0092999980552122,0.0,30.96795440167605,19.778573400981653,0,1,0,0.0,0.0,25.377913900356457,0,0,2097152,8,4,0.0,2,0.0,0,0,1.0,0.0,4,4,0,1.0,0.0,0.0,793.0,0,0.0,1.0,0.0,0.0,1.0,0.0,256,1024,0,0.0,321.5848525057704,203.57610000064597,0.0,93.72404243646633,24.28471006865806,0,3745.4064559939434,0,3382.654755995318,1.159143793378101e-06,1.437545909155437e-06,7.53806347385958e-07,3.028540090564588e-08,1.693501720597286e-07,5.075582780071291e-07,4.057689900892e-06,no_hotcold,nsga2
0,793,793,train,2.5497413277626038,0.2421875,0.6953125,8,64,512,4224.720499987598,856.9202767520369,3.362171060143373,211.08544130879235,45.13520000909921,6.8413463061056445,23.910548995881445,30.75189530198709,0.0070999813033267856,0.0,12.302407803214374,18.44238751746939,0,1.8936159460507598,121.19142054724863,2097152.0,2,0.0,0.0,1.0,0.0,0.0,52.11569357022586,0.006799993570894003,0.0,31.120542492855034,20.988351083799927,0,1,0,0.0,0.0,26.05784678511293,0,0,2097152,8,4,0.0,2,0.0,0,0,1.0,0.0,4,0,0,0.0,0.0,0.0,794.0,4,0.0,1.0,0.0,0.0,1.0,0.0,256,1024,0,0.0,4285.47155648389,3400.032100005774,0.0,92.77793847131178,792.6615180068048,0,4267.405383989024,0,42.684884001426326,1.713840553504074e-05,1.344868424057349e-06,8.443417652351695e-06,3.420673153052822e-08,1.4346329397528863e-07,5.211569357022586e-07,2.762551857265786e-05,no_hotcold,nsga2
0,794,794,train,2.6468397974967957,0.232421875,0.630859375,8,64,512,341.65000000211876,59.986788333444295,2.2863043973458517,18.09043818279428,37.592900000163354,5.964716537737894,13.07938562100903,19.044102158746924,0.007599999662488699,0.0,11.034516757064768,8.001985402019669,0,23.41570784206804,1498.6053018923546,2097152.0,2,0.0,0.0,1.0,0.0,0.0,52.04507947448098,0.006800008122809231,0.0,31.95545150842389,20.08282795793427,0,1,0,0.0,0.0,26.02253973724049,0,0,2097152,8,4,0.0,2,0.0,0,0,1.0,0.0,4,4,0,1.0,0.0,0.0,795.0,0,0.0,1.0,0.0,0.0,1.0,0.0,256,1024,0,0.0,321.45412365433776,213.56040000682697,0.0,92.52218232946541,15.371541318045344,0,4267.405383989024,0,3925.755383986905,1.1997357666688863e-06,9.145217589383408e-07,7.236175273117713e-07,2.982358268868948e-08,7.847631372605417e-08,5.204507947448098e-07,3.4666257440785523e-06,no_hotcold,nsga2
0,795,795,train,2.6572823524475098,0.236328125,0.625,8,64,512,321.9126000039978,60.311926300404565,2.2087640398409336,17.223934965572926,42.71840000001248,6.098354912312383,14.179174881380531,20.277529793692914,0.007200011168606579,0.0,12.381131453717405,7.889198328806902,0,24.851388695291686,1590.4888764986679,2097152.0,2,0.0,0.0,1.0,0.0,0.0,52.589255651648344,0.006699992809444666,0.0,32.40807366901179,20.174481989827107,0,1,0,0.0,0.0,26.294627825824172,0,0,2097152,8,4,0.0,2,0.0,0,0,1.0,0.0,4,0,0,0.0,0.0,0.0,796.0,4,0.0,1.0,0.0,0.0,1.0,0.0,256,1024,0,0.0,318.9785012232737,214.17659999860916,0.0,90.12298400663516,14.678917218029397,0,4267.405383989024,0,3945.492783985026,1.2062385260080915e-06,8.835056159363736e-07,6.889573986229172e-07,3.049177456156191e-08,8.507504928828317e-08,5.258925565164834e-07,3.420160920933711e-06,no_hotcold,nsga2
0,796,796,train,2.541814148426056,0.263671875,0.6640625,8,64,512,370.1857999985805,62.908827641586285,2.203142659008611,18.791715957954082,35.54329999315087,5.735581910461505,14.569430351451912,20.30501226191342,0.007400012691505253,0.0,12.225057185353503,8.072555063868409,0,21.610711132948765,1383.085512508721,2097152.0,2,0.0,0.0,1.0,0.0,0.0,51.6230307491502,0.006999995093792677,0.0,31.90624096694062,19.709789787115795,0,1,0,0.0,0.0,25.8115153745751,0,0,2097152,8,4,0.0,2,0.0,0,0,1.0,0.0,4,4,0,1.0,0.0,0.0,797.0,0,0.0,1.0,0.0,0.0,1.0,0.0,256,1024,0,0.0,335.61474503419595,225.56929997517727,0.0,96.41367048397493,13.63177457504375,0,4267.405383989024,0,3897.2195839904434,1.258176552831726e-06,8.812570636034444e-07,7.516686383181632e-07,2.8677909552307527e-08,8.741658210871146e-08,5.16230307491502e-07,3.5234270539058545e-06,no_hotcold,nsga2
0,797,797,train,2.6460623741149902,0.21484375,0.61328125,8,64,512,322.47389999974985,59.412430760164185,2.422830059970278,18.807785159952076,37.09080000407994,6.6265411676786545,14.246869889997292,20.873411057675945,0.006999995093792677,0.0,11.89304522438038,8.973365838201774,0,24.80813235388617,1587.7204706487148,2097152.0,2,0.0,0.0,1.0,0.0,0.0,52.481468397106255,0.006799993570894003,0.0,33.263213849607446,19.21145455392792,0,1,0,0.0,0.0,26.240734198553127,0,0,2097152,8,4,0.0,2,0.0,0,0,1.0,0.0,4,0,0,0.0,0.0,0.0,798.0,4,0.0,1.0,0.0,0.0,1.0,0.0,256,1024,0,0.0,322.5721839203461,208.59440001368057,0.0,97.89233183038442,16.085452076281165,0,4267.405383989024,0,3944.931483989274,1.1882486152032839e-06,9.691320239881111e-07,7.523114063980831e-07,3.3132705838393276e-08,8.548121933998374e-08,5.248146839710625e-07,3.553120654738918e-06,no_hotcold,nsga2
0,798,798,train,2.4634501338005066,0.27734375,0.677734375,8,64,512,318.3534999989206,58.43066857000639,2.150751041546158,17.991065008131578,40.84519999742042,5.636266582548629,13.29169563453755,18.92796221708618,0.007599999662488699,0.0,11.874460269163588,7.0459019482601,0,25.1292191567172,1608.2700260299007,2097152.0,2,0.0,0.0,1.0,0.0,0.0,51.88649081157234,0.008100003469735384,0.0,31.7026156133632,20.17577519473941,0,1,0,0.0,0.0,25.94324540578617,0,0,2097152,8,4,0.0,2,0.0,0,0,1.0,0.0,4,4,0,1.0,0.0,0.0,799.0,0,0.0,1.0,0.0,0.0,1.0,0.0,256,1024,0,0.0,314.28993847873653,205.5432000051951,0.0,95.34358812503488,13.403150348506497,0,4267.405383989024,0,3949.0518839901033,1.1686133714001278e-06,8.603004166184632e-07,7.196426003252631e-07,2.818133291274315e-08,7.975017380722529e-08,5.188649081157234e-07,3.375352803179546e-06,no_hotcold,nsga2
0,799,799,train,2.473302721977234,0.23828125,0.671875,8,64,512,263.4322000085376,48.75968258741669,2.0928429497250867,17.88543003044266,37.234799994621426,6.706049078628824,13.249286020927377,19.9553350995562,0.007299997378140688,0.0,12.609297222770866,7.3387378794071925,0,30.368229971547734,1943.566718179055,2097152.0,2,0.0,0.0,1.0,0.0,0.0,54.254433633912186,0.015999990864656866,0.0,33.08706581816931,21.15136782487823,0,1,0,0.0,0.0,27.127216816956093,0,0,2097152,8,4,0.0,2,0.0,0,0,1.0,0.0,4,0,0,0.0,0.0,0.0,800.0,4,0.0,1.0,0.0,0.0,1.0,0.0,256,1024,0,0.0,274.95182227033774,167.06580003665294,0.0,93.70924514263122,14.176777091053543,0,4267.405383989024,0,4003.9731839804863,9.751936517483339e-07,8.371371798900348e-07,7.154172012177065e-07,3.353024539314412e-08,7.949571612556426e-08,5.425443363391219e-07,3.1833183307139055e-06,no_hotcold,nsga2
0,800,800,val,2.617945671081543,0.20703125,0.6484375,8,64,512,422.51540000142995,71.37976884258552,2.2300976634376886,58.188295468553946,0.0,0.0,0.0,0.0,0.0,0.0,0.0,0.0,0,18.934176282797367,1211.7872820990315,0.0,0,0.0,0.0,0.0,0.0,0.0,0.0,0.0,0.0,0.0,0.0,0,0,0,0.0,0.0,0.0,0,0,0,8,4,0.0,2,0.0,0,0,1.0,0.0,0,0,0,0.0,0.0,0.0,0.0,0,0.0,1.0,0.0,0.0,1.0,0.0,256,1024,0,0.0,527.1926478983086,257.2128000028897,150.0,104.60085522553749,15.378992669881416,0,4267.405383989024,0,3844.889983987594,1.4275953768517105e-06,8.920390653750753e-07,2.6974996292462937e-06,0.0,0.0,0.0,5.01713407147308e-06,no_hotcold,nsga2
